-- Generated by Ora2Pg, the Oracle database Schema converter, version 23.1
-- Copyright 2000-2022 Gilles DAROLD. All rights reserved.
-- DATASOURCE: dbi:Oracle:host=srv-dbora-03.whebdc.com.br;service_name=DEV_1815;port=1521

SET client_encoding TO 'UTF8';





CREATE OR REPLACE PROCEDURE fis_gerar_xml_reinf_1_4_00 () AS $body$
BEGIN

--	INICIO XML 102445
INSERT INTO XML_PROJETO( NR_SEQUENCIA, DS_PROJETO, DT_ATUALIZACAO, NM_USUARIO, DT_ATUALIZACAO_NREC, NM_USUARIO_NREC, DS_CABECALHO, DS_OBSERVACAO, IE_TIPO_COMPLEXO, NR_SEQ_PROJ_COMPLEXO, IE_HOSP_PLS, DS_VERSAO, IE_TISS, IE_SITUACAO, IE_GERAR_QUEBRA ) VALUES (
102445, 'SPED - REINF R1000 INCLUSÃO V.1.4.00',  TO_Date( '10/17/2018 01:25:53 ', 'MM/DD/YYYY HH:MI:SS ')
, 'apapandini',  TO_Date( '10/16/2018 08:39:22 ', 'MM/DD/YYYY HH:MI:SS '), 'apapandini'
, NULL, NULL, 'N', NULL, 'H', NULL, 'N', 'I', NULL);

INSERT INTO XML_ELEMENTO( NR_SEQUENCIA, NR_SEQ_APRESENTACAO, NR_SEQ_PROJETO, NM_ELEMENTO, DS_ELEMENTO, DS_CABECALHO, DS_SQL, DS_GRUPO, NM_USUARIO, DT_ATUALIZACAO, IE_CRIAR_NULO, NM_USUARIO_NREC, DT_ATUALIZACAO_NREC, IE_TIPO_ELEMENTO, IE_CRIAR_ELEMENTO, IE_TIPO_COMPLEXO, DS_SQL_2, DS_NAMESPACE, QT_MIN_OCOR, QT_MAX_OCOR, NR_SEQ_ITEM_XSD ) VALUES (
74891, 6, 102445, 'ideEvento', 'ideEvento', NULL, NULL, NULL, 'apapandini',  TO_Date( '10/16/2018 08:39:22 ', 'MM/DD/YYYY HH:MI:SS ')
, 'S', 'apapandini',  TO_Date( '10/16/2018 08:39:22 ', 'MM/DD/YYYY HH:MI:SS ')
, 'E', 'S', 'S', NULL, NULL, NULL, NULL, NULL);
INSERT INTO XML_ELEMENTO( NR_SEQUENCIA, NR_SEQ_APRESENTACAO, NR_SEQ_PROJETO, NM_ELEMENTO, DS_ELEMENTO, DS_CABECALHO, DS_SQL, DS_GRUPO, NM_USUARIO, DT_ATUALIZACAO, IE_CRIAR_NULO, NM_USUARIO_NREC, DT_ATUALIZACAO_NREC, IE_TIPO_ELEMENTO, IE_CRIAR_ELEMENTO, IE_TIPO_COMPLEXO, DS_SQL_2, DS_NAMESPACE, QT_MIN_OCOR, QT_MAX_OCOR, NR_SEQ_ITEM_XSD ) VALUES (
74892, 1, 102445, 'Reinf', 'Reinf', 'xmlns="http://www.reinf.esocial.gov.br/schemas/envioLoteEventos/v1_04_00"'
, 'SELECT     (''ID'' || ''1'' || rpad(substr(e.cd_cgc,1,8), 14, ''0'') || TO_CHAR(SYSDATE,''YYYYMMDD'') || TO_CHAR(SYSDATE,''HHMMSS'')  ||''00001'') nr_id,
	   f.IE_IDENT_AMBIENTE  tpAmb,
	   ''1''                  procEmi,
	   (SELECT MAX(CD_VERSAO) cd FROM APLICACAO_TASY_VERSAO) verProc,
	   ''1''                  tpInsc,
	   substr(e.cd_cgc,1,8)  nrInsc,
	   TO_CHAR(f.dt_validade_inf,''YYYY-MM'')  iniValid,
	   ''''                   fimValid,
	   f.CD_CLASSIF_TRIB    classTrib,
	   DECODE((SELECT COUNT(dt_geracao) FROM CTB_SPED_CONTROLE c WHERE dt_geracao IS NOT NULL),0,0, 1) indEscrituracao,
 	   decode(obter_se_base_corp,''S'',''1'',''0'') indDesoneracao,
	   ''0''                  indAcordoIsenMulta,
	   f.IE_SITUACAO_PJ     indSitPJ,
           ELIMINA_CARACTERE_ESPECIAL(RPAD( SUBSTR((SELECT nm_pessoa_fisica FROM pessoa_fisica WHERE cd_pessoa_fisica = (SELECT em.cd_contabilista cd_contabilista FROM estabelecimento es, empresa em WHERE es.cd_empresa = em.cd_empresa AND cd_estabelecimento = e.cd_estabelecimento)),1,70),70,'' '')) nmCtt,
          (SELECT nr_cpf FROM pessoa_fisica WHERE cd_pessoa_fisica = (SELECT em.cd_contabilista cd_contabilista FROM estabelecimento es, empresa em WHERE es.cd_empresa = em.cd_empresa AND cd_estabelecimento = e.cd_estabelecimento)) cpfCtt,
	   SUBSTR(somente_numero_char(obter_dados_pf_pj(NULL,e.cd_cgc,''DDT'')||obter_dados_pf_pj(NULL,e.cd_cgc,''T'')),1,13) foneFixo,
	   SUBSTR(somente_numero_char(obter_dados_pf_pj(NULL,e.cd_cgc,''DDT'')||obter_dados_pf_pj(NULL,e.cd_cgc,''T'')),1,13) foneCel,
	   RPAD(SUBSTR(obter_dados_pf_pj_estab(e.cd_estabelecimento, NULL, e.cd_cgc, ''M''),1,60),60,'' '') email,
	   ''01950338000177''      cnpjSoftHouse,
	   RPAD(''PHILIPS CLINICAL INFORMATICS - SISTEMAS DE INFORMACAO LTDA'',115,'' '') nmRazao_Soft,
           RPAD(''PHILIPS'',70,'' '') nmCont_Soft,
           ''0004731444000''          telefone_Soft,
           RPAD(''philips@philips.com'',60,'' '')   email_Soft
FROM 	   estabelecimento e,
           FIS_REINF_R1000 f
WHERE      e.cd_estabelecimento = f.cd_estabelecimento
AND 	   f.nr_sequencia  = :nr_sequencia'
, NULL, 'apapandini',  TO_Date( '10/16/2018 08:39:22 ', 'MM/DD/YYYY HH:MI:SS ')
, 'S', 'apapandini',  TO_Date( '10/16/2018 08:39:22 ', 'MM/DD/YYYY HH:MI:SS ')
, 'E', 'S', 'S', NULL, NULL, NULL, NULL, NULL);
INSERT INTO XML_ELEMENTO( NR_SEQUENCIA, NR_SEQ_APRESENTACAO, NR_SEQ_PROJETO, NM_ELEMENTO, DS_ELEMENTO, DS_CABECALHO, DS_SQL, DS_GRUPO, NM_USUARIO, DT_ATUALIZACAO, IE_CRIAR_NULO, NM_USUARIO_NREC, DT_ATUALIZACAO_NREC, IE_TIPO_ELEMENTO, IE_CRIAR_ELEMENTO, IE_TIPO_COMPLEXO, DS_SQL_2, DS_NAMESPACE, QT_MIN_OCOR, QT_MAX_OCOR, NR_SEQ_ITEM_XSD ) VALUES (
74893, 3, 102445, 'loteEventos', 'loteEventos', NULL, NULL, NULL, 'apapandini',  TO_Date( '10/16/2018 08:39:22 ', 'MM/DD/YYYY HH:MI:SS ')
, 'S', 'apapandini',  TO_Date( '10/16/2018 08:39:22 ', 'MM/DD/YYYY HH:MI:SS ')
, 'E', 'S', 'S', NULL, NULL, NULL, NULL, NULL);
INSERT INTO XML_ELEMENTO( NR_SEQUENCIA, NR_SEQ_APRESENTACAO, NR_SEQ_PROJETO, NM_ELEMENTO, DS_ELEMENTO, DS_CABECALHO, DS_SQL, DS_GRUPO, NM_USUARIO, DT_ATUALIZACAO, IE_CRIAR_NULO, NM_USUARIO_NREC, DT_ATUALIZACAO_NREC, IE_TIPO_ELEMENTO, IE_CRIAR_ELEMENTO, IE_TIPO_COMPLEXO, DS_SQL_2, DS_NAMESPACE, QT_MIN_OCOR, QT_MAX_OCOR, NR_SEQ_ITEM_XSD ) VALUES (
74894, 11, 102445, 'ideContri', 'ideContri', NULL, NULL, NULL, 'apapandini',  TO_Date( '10/16/2018 08:39:22 ', 'MM/DD/YYYY HH:MI:SS ')
, 'S', 'apapandini',  TO_Date( '10/16/2018 08:39:22 ', 'MM/DD/YYYY HH:MI:SS ')
, 'E', 'S', 'S', NULL, NULL, NULL, NULL, NULL);
INSERT INTO XML_ELEMENTO( NR_SEQUENCIA, NR_SEQ_APRESENTACAO, NR_SEQ_PROJETO, NM_ELEMENTO, DS_ELEMENTO, DS_CABECALHO, DS_SQL, DS_GRUPO, NM_USUARIO, DT_ATUALIZACAO, IE_CRIAR_NULO, NM_USUARIO_NREC, DT_ATUALIZACAO_NREC, IE_TIPO_ELEMENTO, IE_CRIAR_ELEMENTO, IE_TIPO_COMPLEXO, DS_SQL_2, DS_NAMESPACE, QT_MIN_OCOR, QT_MAX_OCOR, NR_SEQ_ITEM_XSD ) VALUES (
74895, 15, 102445, 'infoContri', 'infoContri', NULL, NULL, NULL, 'apapandini',  TO_Date( '10/16/2018 08:39:22 ', 'MM/DD/YYYY HH:MI:SS ')
, 'S', 'apapandini',  TO_Date( '10/16/2018 08:39:22 ', 'MM/DD/YYYY HH:MI:SS ')
, 'E', 'S', 'S', NULL, NULL, NULL, NULL, NULL);
INSERT INTO XML_ELEMENTO( NR_SEQUENCIA, NR_SEQ_APRESENTACAO, NR_SEQ_PROJETO, NM_ELEMENTO, DS_ELEMENTO, DS_CABECALHO, DS_SQL, DS_GRUPO, NM_USUARIO, DT_ATUALIZACAO, IE_CRIAR_NULO, NM_USUARIO_NREC, DT_ATUALIZACAO_NREC, IE_TIPO_ELEMENTO, IE_CRIAR_ELEMENTO, IE_TIPO_COMPLEXO, DS_SQL_2, DS_NAMESPACE, QT_MIN_OCOR, QT_MAX_OCOR, NR_SEQ_ITEM_XSD ) VALUES (
74896, 17, 102445, 'inclusao', 'inclusao', NULL, NULL, NULL, 'apapandini',  TO_Date( '10/16/2018 08:39:22 ', 'MM/DD/YYYY HH:MI:SS ')
, 'S', 'apapandini',  TO_Date( '10/16/2018 08:39:22 ', 'MM/DD/YYYY HH:MI:SS ')
, 'E', 'S', 'S', NULL, NULL, NULL, NULL, NULL);
INSERT INTO XML_ELEMENTO( NR_SEQUENCIA, NR_SEQ_APRESENTACAO, NR_SEQ_PROJETO, NM_ELEMENTO, DS_ELEMENTO, DS_CABECALHO, DS_SQL, DS_GRUPO, NM_USUARIO, DT_ATUALIZACAO, IE_CRIAR_NULO, NM_USUARIO_NREC, DT_ATUALIZACAO_NREC, IE_TIPO_ELEMENTO, IE_CRIAR_ELEMENTO, IE_TIPO_COMPLEXO, DS_SQL_2, DS_NAMESPACE, QT_MIN_OCOR, QT_MAX_OCOR, NR_SEQ_ITEM_XSD ) VALUES (
74897, 19, 102445, 'idePeriodo', 'idePeriodo', NULL, NULL, NULL, 'apapandini',  TO_Date( '10/16/2018 08:39:22 ', 'MM/DD/YYYY HH:MI:SS ')
, 'S', 'apapandini',  TO_Date( '10/16/2018 08:39:22 ', 'MM/DD/YYYY HH:MI:SS ')
, 'E', 'S', 'S', NULL, NULL, NULL, NULL, NULL);
INSERT INTO XML_ELEMENTO( NR_SEQUENCIA, NR_SEQ_APRESENTACAO, NR_SEQ_PROJETO, NM_ELEMENTO, DS_ELEMENTO, DS_CABECALHO, DS_SQL, DS_GRUPO, NM_USUARIO, DT_ATUALIZACAO, IE_CRIAR_NULO, NM_USUARIO_NREC, DT_ATUALIZACAO_NREC, IE_TIPO_ELEMENTO, IE_CRIAR_ELEMENTO, IE_TIPO_COMPLEXO, DS_SQL_2, DS_NAMESPACE, QT_MIN_OCOR, QT_MAX_OCOR, NR_SEQ_ITEM_XSD ) VALUES (
74898, 22, 102445, 'infoCadastro', 'infoCadastro', NULL, NULL, NULL, 'apapandini'
,  TO_Date( '10/16/2018 08:39:22 ', 'MM/DD/YYYY HH:MI:SS '), 'S', 'apapandini'
,  TO_Date( '10/16/2018 08:39:22 ', 'MM/DD/YYYY HH:MI:SS '), 'E', 'S', 'S'
, NULL, NULL, NULL, NULL, NULL);
INSERT INTO XML_ELEMENTO( NR_SEQUENCIA, NR_SEQ_APRESENTACAO, NR_SEQ_PROJETO, NM_ELEMENTO, DS_ELEMENTO, DS_CABECALHO, DS_SQL, DS_GRUPO, NM_USUARIO, DT_ATUALIZACAO, IE_CRIAR_NULO, NM_USUARIO_NREC, DT_ATUALIZACAO_NREC, IE_TIPO_ELEMENTO, IE_CRIAR_ELEMENTO, IE_TIPO_COMPLEXO, DS_SQL_2, DS_NAMESPACE, QT_MIN_OCOR, QT_MAX_OCOR, NR_SEQ_ITEM_XSD ) VALUES (
74899, 31, 102445, 'contato', 'contato', NULL, NULL, NULL, 'apapandini',  TO_Date( '10/16/2018 08:39:22 ', 'MM/DD/YYYY HH:MI:SS ')
, 'S', 'apapandini',  TO_Date( '10/16/2018 08:39:22 ', 'MM/DD/YYYY HH:MI:SS ')
, 'E', 'S', 'S', NULL, NULL, NULL, NULL, NULL);
INSERT INTO XML_ELEMENTO( NR_SEQUENCIA, NR_SEQ_APRESENTACAO, NR_SEQ_PROJETO, NM_ELEMENTO, DS_ELEMENTO, DS_CABECALHO, DS_SQL, DS_GRUPO, NM_USUARIO, DT_ATUALIZACAO, IE_CRIAR_NULO, NM_USUARIO_NREC, DT_ATUALIZACAO_NREC, IE_TIPO_ELEMENTO, IE_CRIAR_ELEMENTO, IE_TIPO_COMPLEXO, DS_SQL_2, DS_NAMESPACE, QT_MIN_OCOR, QT_MAX_OCOR, NR_SEQ_ITEM_XSD ) VALUES (
74900, 38, 102445, 'softHouse', 'softHouse', NULL, NULL, NULL, 'apapandini',  TO_Date( '10/16/2018 08:39:22 ', 'MM/DD/YYYY HH:MI:SS ')
, 'S', 'apapandini',  TO_Date( '10/16/2018 08:39:22 ', 'MM/DD/YYYY HH:MI:SS ')
, 'E', 'S', 'S', NULL, NULL, NULL, NULL, NULL);
INSERT INTO XML_ELEMENTO( NR_SEQUENCIA, NR_SEQ_APRESENTACAO, NR_SEQ_PROJETO, NM_ELEMENTO, DS_ELEMENTO, DS_CABECALHO, DS_SQL, DS_GRUPO, NM_USUARIO, DT_ATUALIZACAO, IE_CRIAR_NULO, NM_USUARIO_NREC, DT_ATUALIZACAO_NREC, IE_TIPO_ELEMENTO, IE_CRIAR_ELEMENTO, IE_TIPO_COMPLEXO, DS_SQL_2, DS_NAMESPACE, QT_MIN_OCOR, QT_MAX_OCOR, NR_SEQ_ITEM_XSD ) VALUES (
74901, 61, 102445, 'infoEFR', 'infoEFR', NULL, 'select     f.IE_UNIDADE_ADM     ideEFR,
           DECODE(f.IE_UNIDADE_ADM,''N'', f.CD_CNPJ_EFR) cnpjEFR
FROM       estabelecimento e,
           FIS_REINF_R1000 f
WHERE      e.cd_estabelecimento = f.cd_estabelecimento
AND        f.nr_sequencia  = :nr_sequencia
and        f.IE_UNIDADE_ADM is not null'
, NULL, 'apapandini',  TO_Date( '10/16/2018 08:39:22 ', 'MM/DD/YYYY HH:MI:SS ')
, 'N', 'apapandini',  TO_Date( '10/16/2018 08:39:22 ', 'MM/DD/YYYY HH:MI:SS ')
, 'E', 'S', 'S', NULL, NULL, NULL, NULL, NULL);
INSERT INTO XML_ELEMENTO( NR_SEQUENCIA, NR_SEQ_APRESENTACAO, NR_SEQ_PROJETO, NM_ELEMENTO, DS_ELEMENTO, DS_CABECALHO, DS_SQL, DS_GRUPO, NM_USUARIO, DT_ATUALIZACAO, IE_CRIAR_NULO, NM_USUARIO_NREC, DT_ATUALIZACAO_NREC, IE_TIPO_ELEMENTO, IE_CRIAR_ELEMENTO, IE_TIPO_COMPLEXO, DS_SQL_2, DS_NAMESPACE, QT_MIN_OCOR, QT_MAX_OCOR, NR_SEQ_ITEM_XSD ) VALUES (
74902, 10, 102445, 'Evento', 'Evento', NULL, NULL, NULL, 'apapandini',  TO_Date( '10/16/2018 08:39:22 ', 'MM/DD/YYYY HH:MI:SS ')
, 'S', 'apapandini',  TO_Date( '10/16/2018 08:39:22 ', 'MM/DD/YYYY HH:MI:SS ')
, 'E', 'S', 'S', NULL, NULL, NULL, NULL, NULL);
INSERT INTO XML_ELEMENTO( NR_SEQUENCIA, NR_SEQ_APRESENTACAO, NR_SEQ_PROJETO, NM_ELEMENTO, DS_ELEMENTO, DS_CABECALHO, DS_SQL, DS_GRUPO, NM_USUARIO, DT_ATUALIZACAO, IE_CRIAR_NULO, NM_USUARIO_NREC, DT_ATUALIZACAO_NREC, IE_TIPO_ELEMENTO, IE_CRIAR_ELEMENTO, IE_TIPO_COMPLEXO, DS_SQL_2, DS_NAMESPACE, QT_MIN_OCOR, QT_MAX_OCOR, NR_SEQ_ITEM_XSD ) VALUES (
74903, 34, 102445, 'Reinf', 'Reinf', NULL, NULL, NULL, 'apapandini',  TO_Date( '10/16/2018 08:39:22 ', 'MM/DD/YYYY HH:MI:SS ')
, 'S', 'apapandini',  TO_Date( '10/16/2018 08:39:22 ', 'MM/DD/YYYY HH:MI:SS ')
, 'E', 'S', 'S', NULL, NULL, NULL, NULL, NULL);
INSERT INTO XML_ELEMENTO( NR_SEQUENCIA, NR_SEQ_APRESENTACAO, NR_SEQ_PROJETO, NM_ELEMENTO, DS_ELEMENTO, DS_CABECALHO, DS_SQL, DS_GRUPO, NM_USUARIO, DT_ATUALIZACAO, IE_CRIAR_NULO, NM_USUARIO_NREC, DT_ATUALIZACAO_NREC, IE_TIPO_ELEMENTO, IE_CRIAR_ELEMENTO, IE_TIPO_COMPLEXO, DS_SQL_2, DS_NAMESPACE, QT_MIN_OCOR, QT_MAX_OCOR, NR_SEQ_ITEM_XSD ) VALUES (
74904, 39, 102445, 'evtInfoContri', 'evtInfoContri', NULL, NULL, NULL, 'apapandini'
,  TO_Date( '10/16/2018 08:39:22 ', 'MM/DD/YYYY HH:MI:SS '), 'S', 'apapandini'
,  TO_Date( '10/16/2018 08:39:22 ', 'MM/DD/YYYY HH:MI:SS '), 'E', 'S', 'S'
, NULL, NULL, NULL, NULL, NULL);

INSERT INTO XML_ATRIBUTO( NR_SEQUENCIA, NR_SEQ_ELEMENTO, NR_SEQ_APRESENTACAO, NM_ATRIBUTO_XML, NM_ATRIBUTO, IE_CRIAR_NULO, IE_OBRIGATORIO, IE_TIPO_ATRIBUTO, DS_MASCARA, NM_USUARIO_NREC, DT_ATUALIZACAO_NREC, NM_USUARIO, DT_ATUALIZACAO, NR_SEQ_ATRIB_ELEM, IE_CRIAR_ATRIBUTO, DS_CABECALHO, IE_CONTROLE_PB, IE_REMOVER_ESPACO_BRANCO, DS_NAMESPACE, NM_TABELA_DEF_BANCO, NM_ATRIBUTO_XML_PESQUISA, CD_EXP_OBSERVACAO, NM_TABELA_BASE, NM_ATRIBUTO_BASE, QT_TAMANHO, QT_DECIMAIS, CD_DOMINIO, NR_SEQ_ITEM_XSD ) VALUES (
343825, 74891, 7, 'tpAmb', 'tpAmb', 'S', 'S', 'VARCHAR2', NULL, 'apapandini',  TO_Date( '10/16/2018 08:39:22 ', 'MM/DD/YYYY HH:MI:SS ')
, 'apapandini',  TO_Date( '10/16/2018 08:39:22 ', 'MM/DD/YYYY HH:MI:SS '), NULL
, 'S', NULL, 'N', NULL, NULL, NULL, 'TPAMB', NULL, NULL, NULL, NULL, NULL, NULL, NULL);
INSERT INTO XML_ATRIBUTO( NR_SEQUENCIA, NR_SEQ_ELEMENTO, NR_SEQ_APRESENTACAO, NM_ATRIBUTO_XML, NM_ATRIBUTO, IE_CRIAR_NULO, IE_OBRIGATORIO, IE_TIPO_ATRIBUTO, DS_MASCARA, NM_USUARIO_NREC, DT_ATUALIZACAO_NREC, NM_USUARIO, DT_ATUALIZACAO, NR_SEQ_ATRIB_ELEM, IE_CRIAR_ATRIBUTO, DS_CABECALHO, IE_CONTROLE_PB, IE_REMOVER_ESPACO_BRANCO, DS_NAMESPACE, NM_TABELA_DEF_BANCO, NM_ATRIBUTO_XML_PESQUISA, CD_EXP_OBSERVACAO, NM_TABELA_BASE, NM_ATRIBUTO_BASE, QT_TAMANHO, QT_DECIMAIS, CD_DOMINIO, NR_SEQ_ITEM_XSD ) VALUES (
343826, 74891, 8, 'procEmi', 'procEmi', 'S', 'S', 'VARCHAR2', NULL, 'apapandini',  TO_Date( '10/16/2018 08:39:22 ', 'MM/DD/YYYY HH:MI:SS ')
, 'apapandini',  TO_Date( '10/16/2018 08:39:22 ', 'MM/DD/YYYY HH:MI:SS '), NULL
, 'S', NULL, 'N', NULL, NULL, NULL, 'PROCEMI', NULL, NULL, NULL, NULL, NULL, NULL
, NULL);
INSERT INTO XML_ATRIBUTO( NR_SEQUENCIA, NR_SEQ_ELEMENTO, NR_SEQ_APRESENTACAO, NM_ATRIBUTO_XML, NM_ATRIBUTO, IE_CRIAR_NULO, IE_OBRIGATORIO, IE_TIPO_ATRIBUTO, DS_MASCARA, NM_USUARIO_NREC, DT_ATUALIZACAO_NREC, NM_USUARIO, DT_ATUALIZACAO, NR_SEQ_ATRIB_ELEM, IE_CRIAR_ATRIBUTO, DS_CABECALHO, IE_CONTROLE_PB, IE_REMOVER_ESPACO_BRANCO, DS_NAMESPACE, NM_TABELA_DEF_BANCO, NM_ATRIBUTO_XML_PESQUISA, CD_EXP_OBSERVACAO, NM_TABELA_BASE, NM_ATRIBUTO_BASE, QT_TAMANHO, QT_DECIMAIS, CD_DOMINIO, NR_SEQ_ITEM_XSD ) VALUES (
343827, 74891, 9, 'verProc', 'verProc', 'S', 'S', 'VARCHAR2', NULL, 'apapandini',  TO_Date( '10/16/2018 08:39:22 ', 'MM/DD/YYYY HH:MI:SS ')
, 'apapandini',  TO_Date( '10/16/2018 08:39:22 ', 'MM/DD/YYYY HH:MI:SS '), NULL
, 'S', NULL, 'N', NULL, NULL, NULL, 'VERPROC', NULL, NULL, NULL, NULL, NULL, NULL
, NULL);
INSERT INTO XML_ATRIBUTO( NR_SEQUENCIA, NR_SEQ_ELEMENTO, NR_SEQ_APRESENTACAO, NM_ATRIBUTO_XML, NM_ATRIBUTO, IE_CRIAR_NULO, IE_OBRIGATORIO, IE_TIPO_ATRIBUTO, DS_MASCARA, NM_USUARIO_NREC, DT_ATUALIZACAO_NREC, NM_USUARIO, DT_ATUALIZACAO, NR_SEQ_ATRIB_ELEM, IE_CRIAR_ATRIBUTO, DS_CABECALHO, IE_CONTROLE_PB, IE_REMOVER_ESPACO_BRANCO, DS_NAMESPACE, NM_TABELA_DEF_BANCO, NM_ATRIBUTO_XML_PESQUISA, CD_EXP_OBSERVACAO, NM_TABELA_BASE, NM_ATRIBUTO_BASE, QT_TAMANHO, QT_DECIMAIS, CD_DOMINIO, NR_SEQ_ITEM_XSD ) VALUES (
343828, 74892, 2, 'loteEventos', NULL, 'S', 'S', NULL, NULL, 'apapandini',  TO_Date( '10/16/2018 08:39:22 ', 'MM/DD/YYYY HH:MI:SS ')
, 'apapandini',  TO_Date( '10/16/2018 08:39:22 ', 'MM/DD/YYYY HH:MI:SS '), 74893
, 'S', NULL, 'N', NULL, NULL, NULL, 'LOTEEVENTOS', NULL, NULL, NULL, NULL, NULL, NULL
, NULL);
INSERT INTO XML_ATRIBUTO( NR_SEQUENCIA, NR_SEQ_ELEMENTO, NR_SEQ_APRESENTACAO, NM_ATRIBUTO_XML, NM_ATRIBUTO, IE_CRIAR_NULO, IE_OBRIGATORIO, IE_TIPO_ATRIBUTO, DS_MASCARA, NM_USUARIO_NREC, DT_ATUALIZACAO_NREC, NM_USUARIO, DT_ATUALIZACAO, NR_SEQ_ATRIB_ELEM, IE_CRIAR_ATRIBUTO, DS_CABECALHO, IE_CONTROLE_PB, IE_REMOVER_ESPACO_BRANCO, DS_NAMESPACE, NM_TABELA_DEF_BANCO, NM_ATRIBUTO_XML_PESQUISA, CD_EXP_OBSERVACAO, NM_TABELA_BASE, NM_ATRIBUTO_BASE, QT_TAMANHO, QT_DECIMAIS, CD_DOMINIO, NR_SEQ_ITEM_XSD ) VALUES (
343829, 74893, 4, 'evento', NULL, 'S', 'S', 'VARCHAR2', NULL, 'apapandini',  TO_Date( '10/16/2018 08:39:22 ', 'MM/DD/YYYY HH:MI:SS ')
, 'apapandini',  TO_Date( '10/16/2018 08:39:22 ', 'MM/DD/YYYY HH:MI:SS '), 74902
, 'S', 'id=":nr_id"', 'N', NULL, NULL, NULL, 'EVENTO', NULL, NULL, NULL, NULL, NULL
, NULL, NULL);
INSERT INTO XML_ATRIBUTO( NR_SEQUENCIA, NR_SEQ_ELEMENTO, NR_SEQ_APRESENTACAO, NM_ATRIBUTO_XML, NM_ATRIBUTO, IE_CRIAR_NULO, IE_OBRIGATORIO, IE_TIPO_ATRIBUTO, DS_MASCARA, NM_USUARIO_NREC, DT_ATUALIZACAO_NREC, NM_USUARIO, DT_ATUALIZACAO, NR_SEQ_ATRIB_ELEM, IE_CRIAR_ATRIBUTO, DS_CABECALHO, IE_CONTROLE_PB, IE_REMOVER_ESPACO_BRANCO, DS_NAMESPACE, NM_TABELA_DEF_BANCO, NM_ATRIBUTO_XML_PESQUISA, CD_EXP_OBSERVACAO, NM_TABELA_BASE, NM_ATRIBUTO_BASE, QT_TAMANHO, QT_DECIMAIS, CD_DOMINIO, NR_SEQ_ITEM_XSD ) VALUES (
343830, 74894, 12, 'tpInsc', 'tpInsc', 'S', 'S', 'VARCHAR2', NULL, 'apapandini',  TO_Date( '10/16/2018 08:39:22 ', 'MM/DD/YYYY HH:MI:SS ')
, 'apapandini',  TO_Date( '10/16/2018 08:39:22 ', 'MM/DD/YYYY HH:MI:SS '), NULL
, 'S', NULL, 'N', NULL, NULL, NULL, 'TPINSC', NULL, NULL, NULL, NULL, NULL, NULL, NULL);
INSERT INTO XML_ATRIBUTO( NR_SEQUENCIA, NR_SEQ_ELEMENTO, NR_SEQ_APRESENTACAO, NM_ATRIBUTO_XML, NM_ATRIBUTO, IE_CRIAR_NULO, IE_OBRIGATORIO, IE_TIPO_ATRIBUTO, DS_MASCARA, NM_USUARIO_NREC, DT_ATUALIZACAO_NREC, NM_USUARIO, DT_ATUALIZACAO, NR_SEQ_ATRIB_ELEM, IE_CRIAR_ATRIBUTO, DS_CABECALHO, IE_CONTROLE_PB, IE_REMOVER_ESPACO_BRANCO, DS_NAMESPACE, NM_TABELA_DEF_BANCO, NM_ATRIBUTO_XML_PESQUISA, CD_EXP_OBSERVACAO, NM_TABELA_BASE, NM_ATRIBUTO_BASE, QT_TAMANHO, QT_DECIMAIS, CD_DOMINIO, NR_SEQ_ITEM_XSD ) VALUES (
343831, 74894, 13, 'nrInsc', 'nrInsc', 'S', 'S', 'VARCHAR2', NULL, 'apapandini',  TO_Date( '10/16/2018 08:39:22 ', 'MM/DD/YYYY HH:MI:SS ')
, 'apapandini',  TO_Date( '10/16/2018 08:39:22 ', 'MM/DD/YYYY HH:MI:SS '), NULL
, 'S', NULL, 'N', NULL, NULL, NULL, 'NRINSC', NULL, NULL, NULL, NULL, NULL, NULL, NULL);
INSERT INTO XML_ATRIBUTO( NR_SEQUENCIA, NR_SEQ_ELEMENTO, NR_SEQ_APRESENTACAO, NM_ATRIBUTO_XML, NM_ATRIBUTO, IE_CRIAR_NULO, IE_OBRIGATORIO, IE_TIPO_ATRIBUTO, DS_MASCARA, NM_USUARIO_NREC, DT_ATUALIZACAO_NREC, NM_USUARIO, DT_ATUALIZACAO, NR_SEQ_ATRIB_ELEM, IE_CRIAR_ATRIBUTO, DS_CABECALHO, IE_CONTROLE_PB, IE_REMOVER_ESPACO_BRANCO, DS_NAMESPACE, NM_TABELA_DEF_BANCO, NM_ATRIBUTO_XML_PESQUISA, CD_EXP_OBSERVACAO, NM_TABELA_BASE, NM_ATRIBUTO_BASE, QT_TAMANHO, QT_DECIMAIS, CD_DOMINIO, NR_SEQ_ITEM_XSD ) VALUES (
343832, 74895, 16, 'inclusao', NULL, 'S', 'S', NULL, NULL, 'apapandini',  TO_Date( '10/16/2018 08:39:22 ', 'MM/DD/YYYY HH:MI:SS ')
, 'apapandini',  TO_Date( '10/16/2018 08:39:22 ', 'MM/DD/YYYY HH:MI:SS '), 74896
, 'S', NULL, 'N', NULL, NULL, NULL, 'INCLUSAO', NULL, NULL, NULL, NULL, NULL, NULL
, NULL);
INSERT INTO XML_ATRIBUTO( NR_SEQUENCIA, NR_SEQ_ELEMENTO, NR_SEQ_APRESENTACAO, NM_ATRIBUTO_XML, NM_ATRIBUTO, IE_CRIAR_NULO, IE_OBRIGATORIO, IE_TIPO_ATRIBUTO, DS_MASCARA, NM_USUARIO_NREC, DT_ATUALIZACAO_NREC, NM_USUARIO, DT_ATUALIZACAO, NR_SEQ_ATRIB_ELEM, IE_CRIAR_ATRIBUTO, DS_CABECALHO, IE_CONTROLE_PB, IE_REMOVER_ESPACO_BRANCO, DS_NAMESPACE, NM_TABELA_DEF_BANCO, NM_ATRIBUTO_XML_PESQUISA, CD_EXP_OBSERVACAO, NM_TABELA_BASE, NM_ATRIBUTO_BASE, QT_TAMANHO, QT_DECIMAIS, CD_DOMINIO, NR_SEQ_ITEM_XSD ) VALUES (
343833, 74896, 18, 'idePeriodo', NULL, 'S', 'S', NULL, NULL, 'apapandini',  TO_Date( '10/16/2018 08:39:22 ', 'MM/DD/YYYY HH:MI:SS ')
, 'apapandini',  TO_Date( '10/16/2018 08:39:22 ', 'MM/DD/YYYY HH:MI:SS '), 74897
, 'S', NULL, 'N', NULL, NULL, NULL, 'IDEPERIODO', NULL, NULL, NULL, NULL, NULL, NULL
, NULL);
INSERT INTO XML_ATRIBUTO( NR_SEQUENCIA, NR_SEQ_ELEMENTO, NR_SEQ_APRESENTACAO, NM_ATRIBUTO_XML, NM_ATRIBUTO, IE_CRIAR_NULO, IE_OBRIGATORIO, IE_TIPO_ATRIBUTO, DS_MASCARA, NM_USUARIO_NREC, DT_ATUALIZACAO_NREC, NM_USUARIO, DT_ATUALIZACAO, NR_SEQ_ATRIB_ELEM, IE_CRIAR_ATRIBUTO, DS_CABECALHO, IE_CONTROLE_PB, IE_REMOVER_ESPACO_BRANCO, DS_NAMESPACE, NM_TABELA_DEF_BANCO, NM_ATRIBUTO_XML_PESQUISA, CD_EXP_OBSERVACAO, NM_TABELA_BASE, NM_ATRIBUTO_BASE, QT_TAMANHO, QT_DECIMAIS, CD_DOMINIO, NR_SEQ_ITEM_XSD ) VALUES (
343834, 74896, 22, 'infoCadastro', NULL, 'S', 'S', NULL, NULL, 'apapandini',  TO_Date( '10/16/2018 08:39:22 ', 'MM/DD/YYYY HH:MI:SS ')
, 'apapandini',  TO_Date( '10/16/2018 08:39:22 ', 'MM/DD/YYYY HH:MI:SS '), 74898
, 'S', NULL, 'N', NULL, NULL, NULL, 'INFOCADASTRO', NULL, NULL, NULL, NULL, NULL, NULL
, NULL);
INSERT INTO XML_ATRIBUTO( NR_SEQUENCIA, NR_SEQ_ELEMENTO, NR_SEQ_APRESENTACAO, NM_ATRIBUTO_XML, NM_ATRIBUTO, IE_CRIAR_NULO, IE_OBRIGATORIO, IE_TIPO_ATRIBUTO, DS_MASCARA, NM_USUARIO_NREC, DT_ATUALIZACAO_NREC, NM_USUARIO, DT_ATUALIZACAO, NR_SEQ_ATRIB_ELEM, IE_CRIAR_ATRIBUTO, DS_CABECALHO, IE_CONTROLE_PB, IE_REMOVER_ESPACO_BRANCO, DS_NAMESPACE, NM_TABELA_DEF_BANCO, NM_ATRIBUTO_XML_PESQUISA, CD_EXP_OBSERVACAO, NM_TABELA_BASE, NM_ATRIBUTO_BASE, QT_TAMANHO, QT_DECIMAIS, CD_DOMINIO, NR_SEQ_ITEM_XSD ) VALUES (
343835, 74897, 20, 'iniValid', 'iniValid', 'S', 'S', 'VARCHAR2', NULL, 'apapandini'
,  TO_Date( '10/16/2018 08:39:22 ', 'MM/DD/YYYY HH:MI:SS '), 'apapandini',  TO_Date( '10/16/2018 08:39:22 ', 'MM/DD/YYYY HH:MI:SS ')
, NULL, 'S', NULL, 'N', NULL, NULL, NULL, 'INIVALID', NULL, NULL, NULL, NULL, NULL
, NULL, NULL);
INSERT INTO XML_ATRIBUTO( NR_SEQUENCIA, NR_SEQ_ELEMENTO, NR_SEQ_APRESENTACAO, NM_ATRIBUTO_XML, NM_ATRIBUTO, IE_CRIAR_NULO, IE_OBRIGATORIO, IE_TIPO_ATRIBUTO, DS_MASCARA, NM_USUARIO_NREC, DT_ATUALIZACAO_NREC, NM_USUARIO, DT_ATUALIZACAO, NR_SEQ_ATRIB_ELEM, IE_CRIAR_ATRIBUTO, DS_CABECALHO, IE_CONTROLE_PB, IE_REMOVER_ESPACO_BRANCO, DS_NAMESPACE, NM_TABELA_DEF_BANCO, NM_ATRIBUTO_XML_PESQUISA, CD_EXP_OBSERVACAO, NM_TABELA_BASE, NM_ATRIBUTO_BASE, QT_TAMANHO, QT_DECIMAIS, CD_DOMINIO, NR_SEQ_ITEM_XSD ) VALUES (
343836, 74897, 21, 'fimValid', 'fimValid', 'N', 'N', 'VARCHAR2', NULL, 'apapandini'
,  TO_Date( '10/16/2018 08:39:22 ', 'MM/DD/YYYY HH:MI:SS '), 'apapandini',  TO_Date( '10/16/2018 08:39:22 ', 'MM/DD/YYYY HH:MI:SS ')
, NULL, 'S', NULL, 'N', NULL, NULL, NULL, 'FIMVALID', NULL, NULL, NULL, NULL, NULL
, NULL, NULL);
INSERT INTO XML_ATRIBUTO( NR_SEQUENCIA, NR_SEQ_ELEMENTO, NR_SEQ_APRESENTACAO, NM_ATRIBUTO_XML, NM_ATRIBUTO, IE_CRIAR_NULO, IE_OBRIGATORIO, IE_TIPO_ATRIBUTO, DS_MASCARA, NM_USUARIO_NREC, DT_ATUALIZACAO_NREC, NM_USUARIO, DT_ATUALIZACAO, NR_SEQ_ATRIB_ELEM, IE_CRIAR_ATRIBUTO, DS_CABECALHO, IE_CONTROLE_PB, IE_REMOVER_ESPACO_BRANCO, DS_NAMESPACE, NM_TABELA_DEF_BANCO, NM_ATRIBUTO_XML_PESQUISA, CD_EXP_OBSERVACAO, NM_TABELA_BASE, NM_ATRIBUTO_BASE, QT_TAMANHO, QT_DECIMAIS, CD_DOMINIO, NR_SEQ_ITEM_XSD ) VALUES (
343837, 74898, 25, 'classTrib', 'classTrib', 'S', 'S', 'VARCHAR2', NULL, 'apapandini'
,  TO_Date( '10/16/2018 08:39:22 ', 'MM/DD/YYYY HH:MI:SS '), 'apapandini',  TO_Date( '10/16/2018 08:39:22 ', 'MM/DD/YYYY HH:MI:SS ')
, NULL, 'S', NULL, 'N', NULL, NULL, NULL, 'CLASSTRIB', NULL, NULL, NULL, NULL, NULL
, NULL, NULL);
INSERT INTO XML_ATRIBUTO( NR_SEQUENCIA, NR_SEQ_ELEMENTO, NR_SEQ_APRESENTACAO, NM_ATRIBUTO_XML, NM_ATRIBUTO, IE_CRIAR_NULO, IE_OBRIGATORIO, IE_TIPO_ATRIBUTO, DS_MASCARA, NM_USUARIO_NREC, DT_ATUALIZACAO_NREC, NM_USUARIO, DT_ATUALIZACAO, NR_SEQ_ATRIB_ELEM, IE_CRIAR_ATRIBUTO, DS_CABECALHO, IE_CONTROLE_PB, IE_REMOVER_ESPACO_BRANCO, DS_NAMESPACE, NM_TABELA_DEF_BANCO, NM_ATRIBUTO_XML_PESQUISA, CD_EXP_OBSERVACAO, NM_TABELA_BASE, NM_ATRIBUTO_BASE, QT_TAMANHO, QT_DECIMAIS, CD_DOMINIO, NR_SEQ_ITEM_XSD ) VALUES (
343838, 74898, 26, 'indEscrituracao', 'indEscrituracao', 'S', 'S', 'VARCHAR2', NULL
, 'apapandini',  TO_Date( '10/16/2018 08:39:22 ', 'MM/DD/YYYY HH:MI:SS '), 'apapandini'
,  TO_Date( '10/16/2018 08:39:22 ', 'MM/DD/YYYY HH:MI:SS '), NULL, 'S', NULL
, 'N', NULL, NULL, NULL, 'INDESCRITURACAO', NULL, NULL, NULL, NULL, NULL, NULL, NULL);
INSERT INTO XML_ATRIBUTO( NR_SEQUENCIA, NR_SEQ_ELEMENTO, NR_SEQ_APRESENTACAO, NM_ATRIBUTO_XML, NM_ATRIBUTO, IE_CRIAR_NULO, IE_OBRIGATORIO, IE_TIPO_ATRIBUTO, DS_MASCARA, NM_USUARIO_NREC, DT_ATUALIZACAO_NREC, NM_USUARIO, DT_ATUALIZACAO, NR_SEQ_ATRIB_ELEM, IE_CRIAR_ATRIBUTO, DS_CABECALHO, IE_CONTROLE_PB, IE_REMOVER_ESPACO_BRANCO, DS_NAMESPACE, NM_TABELA_DEF_BANCO, NM_ATRIBUTO_XML_PESQUISA, CD_EXP_OBSERVACAO, NM_TABELA_BASE, NM_ATRIBUTO_BASE, QT_TAMANHO, QT_DECIMAIS, CD_DOMINIO, NR_SEQ_ITEM_XSD ) VALUES (
343839, 74898, 27, 'indDesoneracao', 'indDesoneracao', 'S', 'S', 'VARCHAR2', NULL
, 'apapandini',  TO_Date( '10/16/2018 08:39:22 ', 'MM/DD/YYYY HH:MI:SS '), 'apapandini'
,  TO_Date( '10/16/2018 08:39:22 ', 'MM/DD/YYYY HH:MI:SS '), NULL, 'S', NULL
, 'N', NULL, NULL, NULL, 'INDDESONERACAO', NULL, NULL, NULL, NULL, NULL, NULL, NULL);
INSERT INTO XML_ATRIBUTO( NR_SEQUENCIA, NR_SEQ_ELEMENTO, NR_SEQ_APRESENTACAO, NM_ATRIBUTO_XML, NM_ATRIBUTO, IE_CRIAR_NULO, IE_OBRIGATORIO, IE_TIPO_ATRIBUTO, DS_MASCARA, NM_USUARIO_NREC, DT_ATUALIZACAO_NREC, NM_USUARIO, DT_ATUALIZACAO, NR_SEQ_ATRIB_ELEM, IE_CRIAR_ATRIBUTO, DS_CABECALHO, IE_CONTROLE_PB, IE_REMOVER_ESPACO_BRANCO, DS_NAMESPACE, NM_TABELA_DEF_BANCO, NM_ATRIBUTO_XML_PESQUISA, CD_EXP_OBSERVACAO, NM_TABELA_BASE, NM_ATRIBUTO_BASE, QT_TAMANHO, QT_DECIMAIS, CD_DOMINIO, NR_SEQ_ITEM_XSD ) VALUES (
343840, 74898, 28, 'indAcordoIsenMulta', 'indAcordoIsenMulta', 'S', 'S', 'VARCHAR2'
, NULL, 'apapandini',  TO_Date( '10/16/2018 08:39:22 ', 'MM/DD/YYYY HH:MI:SS ')
, 'apapandini',  TO_Date( '10/16/2018 08:39:22 ', 'MM/DD/YYYY HH:MI:SS '), NULL
, 'S', NULL, 'N', NULL, NULL, NULL, 'INDACORDOISENMULTA', NULL, NULL, NULL, NULL, NULL
, NULL, NULL);
INSERT INTO XML_ATRIBUTO( NR_SEQUENCIA, NR_SEQ_ELEMENTO, NR_SEQ_APRESENTACAO, NM_ATRIBUTO_XML, NM_ATRIBUTO, IE_CRIAR_NULO, IE_OBRIGATORIO, IE_TIPO_ATRIBUTO, DS_MASCARA, NM_USUARIO_NREC, DT_ATUALIZACAO_NREC, NM_USUARIO, DT_ATUALIZACAO, NR_SEQ_ATRIB_ELEM, IE_CRIAR_ATRIBUTO, DS_CABECALHO, IE_CONTROLE_PB, IE_REMOVER_ESPACO_BRANCO, DS_NAMESPACE, NM_TABELA_DEF_BANCO, NM_ATRIBUTO_XML_PESQUISA, CD_EXP_OBSERVACAO, NM_TABELA_BASE, NM_ATRIBUTO_BASE, QT_TAMANHO, QT_DECIMAIS, CD_DOMINIO, NR_SEQ_ITEM_XSD ) VALUES (
343841, 74898, 29, 'indSitPJ', 'indSitPJ', 'S', 'S', 'VARCHAR2', NULL, 'apapandini'
,  TO_Date( '10/16/2018 08:39:22 ', 'MM/DD/YYYY HH:MI:SS '), 'apapandini',  TO_Date( '10/16/2018 08:39:22 ', 'MM/DD/YYYY HH:MI:SS ')
, NULL, 'S', NULL, 'N', NULL, NULL, NULL, 'INDSITPJ', NULL, NULL, NULL, NULL, NULL
, NULL, NULL);
INSERT INTO XML_ATRIBUTO( NR_SEQUENCIA, NR_SEQ_ELEMENTO, NR_SEQ_APRESENTACAO, NM_ATRIBUTO_XML, NM_ATRIBUTO, IE_CRIAR_NULO, IE_OBRIGATORIO, IE_TIPO_ATRIBUTO, DS_MASCARA, NM_USUARIO_NREC, DT_ATUALIZACAO_NREC, NM_USUARIO, DT_ATUALIZACAO, NR_SEQ_ATRIB_ELEM, IE_CRIAR_ATRIBUTO, DS_CABECALHO, IE_CONTROLE_PB, IE_REMOVER_ESPACO_BRANCO, DS_NAMESPACE, NM_TABELA_DEF_BANCO, NM_ATRIBUTO_XML_PESQUISA, CD_EXP_OBSERVACAO, NM_TABELA_BASE, NM_ATRIBUTO_BASE, QT_TAMANHO, QT_DECIMAIS, CD_DOMINIO, NR_SEQ_ITEM_XSD ) VALUES (
343842, 74898, 30, 'contato', NULL, 'S', 'S', NULL, NULL, 'apapandini',  TO_Date( '10/16/2018 08:39:22 ', 'MM/DD/YYYY HH:MI:SS ')
, 'apapandini',  TO_Date( '10/16/2018 08:39:22 ', 'MM/DD/YYYY HH:MI:SS '), 74899
, 'S', NULL, 'N', NULL, NULL, NULL, 'CONTATO', NULL, NULL, NULL, NULL, NULL, NULL
, NULL);
INSERT INTO XML_ATRIBUTO( NR_SEQUENCIA, NR_SEQ_ELEMENTO, NR_SEQ_APRESENTACAO, NM_ATRIBUTO_XML, NM_ATRIBUTO, IE_CRIAR_NULO, IE_OBRIGATORIO, IE_TIPO_ATRIBUTO, DS_MASCARA, NM_USUARIO_NREC, DT_ATUALIZACAO_NREC, NM_USUARIO, DT_ATUALIZACAO, NR_SEQ_ATRIB_ELEM, IE_CRIAR_ATRIBUTO, DS_CABECALHO, IE_CONTROLE_PB, IE_REMOVER_ESPACO_BRANCO, DS_NAMESPACE, NM_TABELA_DEF_BANCO, NM_ATRIBUTO_XML_PESQUISA, CD_EXP_OBSERVACAO, NM_TABELA_BASE, NM_ATRIBUTO_BASE, QT_TAMANHO, QT_DECIMAIS, CD_DOMINIO, NR_SEQ_ITEM_XSD ) VALUES (
343843, 74898, 37, 'softHouse', NULL, 'S', 'S', NULL, NULL, 'apapandini',  TO_Date( '10/16/2018 08:39:22 ', 'MM/DD/YYYY HH:MI:SS ')
, 'apapandini',  TO_Date( '10/16/2018 08:39:22 ', 'MM/DD/YYYY HH:MI:SS '), 74900
, 'S', NULL, 'N', NULL, NULL, NULL, 'SOFTHOUSE', NULL, NULL, NULL, NULL, NULL, NULL
, NULL);
INSERT INTO XML_ATRIBUTO( NR_SEQUENCIA, NR_SEQ_ELEMENTO, NR_SEQ_APRESENTACAO, NM_ATRIBUTO_XML, NM_ATRIBUTO, IE_CRIAR_NULO, IE_OBRIGATORIO, IE_TIPO_ATRIBUTO, DS_MASCARA, NM_USUARIO_NREC, DT_ATUALIZACAO_NREC, NM_USUARIO, DT_ATUALIZACAO, NR_SEQ_ATRIB_ELEM, IE_CRIAR_ATRIBUTO, DS_CABECALHO, IE_CONTROLE_PB, IE_REMOVER_ESPACO_BRANCO, DS_NAMESPACE, NM_TABELA_DEF_BANCO, NM_ATRIBUTO_XML_PESQUISA, CD_EXP_OBSERVACAO, NM_TABELA_BASE, NM_ATRIBUTO_BASE, QT_TAMANHO, QT_DECIMAIS, CD_DOMINIO, NR_SEQ_ITEM_XSD ) VALUES (
343844, 74898, 60, 'infoEFR', NULL, 'N', 'N', NULL, NULL, 'apapandini',  TO_Date( '10/16/2018 08:39:22 ', 'MM/DD/YYYY HH:MI:SS ')
, 'apapandini',  TO_Date( '10/16/2018 08:39:22 ', 'MM/DD/YYYY HH:MI:SS '), 74901
, 'S', NULL, 'N', NULL, NULL, NULL, 'INFOEFR', NULL, NULL, NULL, NULL, NULL, NULL
, NULL);
INSERT INTO XML_ATRIBUTO( NR_SEQUENCIA, NR_SEQ_ELEMENTO, NR_SEQ_APRESENTACAO, NM_ATRIBUTO_XML, NM_ATRIBUTO, IE_CRIAR_NULO, IE_OBRIGATORIO, IE_TIPO_ATRIBUTO, DS_MASCARA, NM_USUARIO_NREC, DT_ATUALIZACAO_NREC, NM_USUARIO, DT_ATUALIZACAO, NR_SEQ_ATRIB_ELEM, IE_CRIAR_ATRIBUTO, DS_CABECALHO, IE_CONTROLE_PB, IE_REMOVER_ESPACO_BRANCO, DS_NAMESPACE, NM_TABELA_DEF_BANCO, NM_ATRIBUTO_XML_PESQUISA, CD_EXP_OBSERVACAO, NM_TABELA_BASE, NM_ATRIBUTO_BASE, QT_TAMANHO, QT_DECIMAIS, CD_DOMINIO, NR_SEQ_ITEM_XSD ) VALUES (
343845, 74899, 32, 'nmCtt', 'nmCtt', 'S', 'N', 'VARCHAR2', NULL, 'apapandini',  TO_Date( '10/16/2018 08:39:22 ', 'MM/DD/YYYY HH:MI:SS ')
, 'apapandini',  TO_Date( '10/16/2018 08:39:22 ', 'MM/DD/YYYY HH:MI:SS '), NULL
, 'S', NULL, 'N', NULL, NULL, NULL, 'NMCTT', NULL, NULL, NULL, NULL, NULL, NULL, NULL);
INSERT INTO XML_ATRIBUTO( NR_SEQUENCIA, NR_SEQ_ELEMENTO, NR_SEQ_APRESENTACAO, NM_ATRIBUTO_XML, NM_ATRIBUTO, IE_CRIAR_NULO, IE_OBRIGATORIO, IE_TIPO_ATRIBUTO, DS_MASCARA, NM_USUARIO_NREC, DT_ATUALIZACAO_NREC, NM_USUARIO, DT_ATUALIZACAO, NR_SEQ_ATRIB_ELEM, IE_CRIAR_ATRIBUTO, DS_CABECALHO, IE_CONTROLE_PB, IE_REMOVER_ESPACO_BRANCO, DS_NAMESPACE, NM_TABELA_DEF_BANCO, NM_ATRIBUTO_XML_PESQUISA, CD_EXP_OBSERVACAO, NM_TABELA_BASE, NM_ATRIBUTO_BASE, QT_TAMANHO, QT_DECIMAIS, CD_DOMINIO, NR_SEQ_ITEM_XSD ) VALUES (
343846, 74899, 33, 'cpfCtt', 'cpfCtt', 'S', 'N', 'VARCHAR2', NULL, 'apapandini',  TO_Date( '10/16/2018 08:39:22 ', 'MM/DD/YYYY HH:MI:SS ')
, 'apapandini',  TO_Date( '10/16/2018 08:39:22 ', 'MM/DD/YYYY HH:MI:SS '), NULL
, 'S', NULL, 'N', NULL, NULL, NULL, 'CPFCTT', NULL, NULL, NULL, NULL, NULL, NULL, NULL);
INSERT INTO XML_ATRIBUTO( NR_SEQUENCIA, NR_SEQ_ELEMENTO, NR_SEQ_APRESENTACAO, NM_ATRIBUTO_XML, NM_ATRIBUTO, IE_CRIAR_NULO, IE_OBRIGATORIO, IE_TIPO_ATRIBUTO, DS_MASCARA, NM_USUARIO_NREC, DT_ATUALIZACAO_NREC, NM_USUARIO, DT_ATUALIZACAO, NR_SEQ_ATRIB_ELEM, IE_CRIAR_ATRIBUTO, DS_CABECALHO, IE_CONTROLE_PB, IE_REMOVER_ESPACO_BRANCO, DS_NAMESPACE, NM_TABELA_DEF_BANCO, NM_ATRIBUTO_XML_PESQUISA, CD_EXP_OBSERVACAO, NM_TABELA_BASE, NM_ATRIBUTO_BASE, QT_TAMANHO, QT_DECIMAIS, CD_DOMINIO, NR_SEQ_ITEM_XSD ) VALUES (
343847, 74899, 34, 'foneFixo', 'foneFixo', 'S', 'N', 'VARCHAR2', NULL, 'apapandini'
,  TO_Date( '10/16/2018 08:39:22 ', 'MM/DD/YYYY HH:MI:SS '), 'apapandini',  TO_Date( '10/16/2018 08:39:22 ', 'MM/DD/YYYY HH:MI:SS ')
, NULL, 'S', NULL, 'N', NULL, NULL, NULL, 'FONEFIXO', NULL, NULL, NULL, NULL, NULL
, NULL, NULL);
INSERT INTO XML_ATRIBUTO( NR_SEQUENCIA, NR_SEQ_ELEMENTO, NR_SEQ_APRESENTACAO, NM_ATRIBUTO_XML, NM_ATRIBUTO, IE_CRIAR_NULO, IE_OBRIGATORIO, IE_TIPO_ATRIBUTO, DS_MASCARA, NM_USUARIO_NREC, DT_ATUALIZACAO_NREC, NM_USUARIO, DT_ATUALIZACAO, NR_SEQ_ATRIB_ELEM, IE_CRIAR_ATRIBUTO, DS_CABECALHO, IE_CONTROLE_PB, IE_REMOVER_ESPACO_BRANCO, DS_NAMESPACE, NM_TABELA_DEF_BANCO, NM_ATRIBUTO_XML_PESQUISA, CD_EXP_OBSERVACAO, NM_TABELA_BASE, NM_ATRIBUTO_BASE, QT_TAMANHO, QT_DECIMAIS, CD_DOMINIO, NR_SEQ_ITEM_XSD ) VALUES (
343848, 74899, 35, 'foneCel', 'foneCel', 'S', 'N', 'VARCHAR2', NULL, 'apapandini'
,  TO_Date( '10/16/2018 08:39:22 ', 'MM/DD/YYYY HH:MI:SS '), 'apapandini',  TO_Date( '10/16/2018 08:39:22 ', 'MM/DD/YYYY HH:MI:SS ')
, NULL, 'S', NULL, 'N', NULL, NULL, NULL, 'FONECEL', NULL, NULL, NULL, NULL, NULL
, NULL, NULL);
INSERT INTO XML_ATRIBUTO( NR_SEQUENCIA, NR_SEQ_ELEMENTO, NR_SEQ_APRESENTACAO, NM_ATRIBUTO_XML, NM_ATRIBUTO, IE_CRIAR_NULO, IE_OBRIGATORIO, IE_TIPO_ATRIBUTO, DS_MASCARA, NM_USUARIO_NREC, DT_ATUALIZACAO_NREC, NM_USUARIO, DT_ATUALIZACAO, NR_SEQ_ATRIB_ELEM, IE_CRIAR_ATRIBUTO, DS_CABECALHO, IE_CONTROLE_PB, IE_REMOVER_ESPACO_BRANCO, DS_NAMESPACE, NM_TABELA_DEF_BANCO, NM_ATRIBUTO_XML_PESQUISA, CD_EXP_OBSERVACAO, NM_TABELA_BASE, NM_ATRIBUTO_BASE, QT_TAMANHO, QT_DECIMAIS, CD_DOMINIO, NR_SEQ_ITEM_XSD ) VALUES (
343849, 74899, 36, 'email', 'email', 'S', 'N', 'VARCHAR2', NULL, 'apapandini',  TO_Date( '10/16/2018 08:39:22 ', 'MM/DD/YYYY HH:MI:SS ')
, 'apapandini',  TO_Date( '10/16/2018 08:39:22 ', 'MM/DD/YYYY HH:MI:SS '), NULL
, 'S', NULL, 'N', NULL, NULL, NULL, 'EMAIL', NULL, NULL, NULL, NULL, NULL, NULL, NULL);
INSERT INTO XML_ATRIBUTO( NR_SEQUENCIA, NR_SEQ_ELEMENTO, NR_SEQ_APRESENTACAO, NM_ATRIBUTO_XML, NM_ATRIBUTO, IE_CRIAR_NULO, IE_OBRIGATORIO, IE_TIPO_ATRIBUTO, DS_MASCARA, NM_USUARIO_NREC, DT_ATUALIZACAO_NREC, NM_USUARIO, DT_ATUALIZACAO, NR_SEQ_ATRIB_ELEM, IE_CRIAR_ATRIBUTO, DS_CABECALHO, IE_CONTROLE_PB, IE_REMOVER_ESPACO_BRANCO, DS_NAMESPACE, NM_TABELA_DEF_BANCO, NM_ATRIBUTO_XML_PESQUISA, CD_EXP_OBSERVACAO, NM_TABELA_BASE, NM_ATRIBUTO_BASE, QT_TAMANHO, QT_DECIMAIS, CD_DOMINIO, NR_SEQ_ITEM_XSD ) VALUES (
343850, 74900, 38, 'cnpjSoftHouse', 'cnpjSoftHouse', 'S', 'S', 'VARCHAR2', NULL, 'apapandini'
,  TO_Date( '10/16/2018 08:39:22 ', 'MM/DD/YYYY HH:MI:SS '), 'apapandini',  TO_Date( '10/16/2018 08:39:22 ', 'MM/DD/YYYY HH:MI:SS ')
, NULL, 'S', NULL, 'N', NULL, NULL, NULL, 'CNPJSOFTHOUSE', NULL, NULL, NULL, NULL
, NULL, NULL, NULL);
INSERT INTO XML_ATRIBUTO( NR_SEQUENCIA, NR_SEQ_ELEMENTO, NR_SEQ_APRESENTACAO, NM_ATRIBUTO_XML, NM_ATRIBUTO, IE_CRIAR_NULO, IE_OBRIGATORIO, IE_TIPO_ATRIBUTO, DS_MASCARA, NM_USUARIO_NREC, DT_ATUALIZACAO_NREC, NM_USUARIO, DT_ATUALIZACAO, NR_SEQ_ATRIB_ELEM, IE_CRIAR_ATRIBUTO, DS_CABECALHO, IE_CONTROLE_PB, IE_REMOVER_ESPACO_BRANCO, DS_NAMESPACE, NM_TABELA_DEF_BANCO, NM_ATRIBUTO_XML_PESQUISA, CD_EXP_OBSERVACAO, NM_TABELA_BASE, NM_ATRIBUTO_BASE, QT_TAMANHO, QT_DECIMAIS, CD_DOMINIO, NR_SEQ_ITEM_XSD ) VALUES (
343851, 74900, 39, 'nmRazao', 'nmRazao_Soft', 'S', 'S', 'VARCHAR2', NULL, 'apapandini'
,  TO_Date( '10/16/2018 08:39:22 ', 'MM/DD/YYYY HH:MI:SS '), 'apapandini',  TO_Date( '10/16/2018 08:39:22 ', 'MM/DD/YYYY HH:MI:SS ')
, NULL, 'S', NULL, 'N', NULL, NULL, NULL, 'NMRAZAO', NULL, NULL, NULL, NULL, NULL
, NULL, NULL);
INSERT INTO XML_ATRIBUTO( NR_SEQUENCIA, NR_SEQ_ELEMENTO, NR_SEQ_APRESENTACAO, NM_ATRIBUTO_XML, NM_ATRIBUTO, IE_CRIAR_NULO, IE_OBRIGATORIO, IE_TIPO_ATRIBUTO, DS_MASCARA, NM_USUARIO_NREC, DT_ATUALIZACAO_NREC, NM_USUARIO, DT_ATUALIZACAO, NR_SEQ_ATRIB_ELEM, IE_CRIAR_ATRIBUTO, DS_CABECALHO, IE_CONTROLE_PB, IE_REMOVER_ESPACO_BRANCO, DS_NAMESPACE, NM_TABELA_DEF_BANCO, NM_ATRIBUTO_XML_PESQUISA, CD_EXP_OBSERVACAO, NM_TABELA_BASE, NM_ATRIBUTO_BASE, QT_TAMANHO, QT_DECIMAIS, CD_DOMINIO, NR_SEQ_ITEM_XSD ) VALUES (
343852, 74900, 40, 'nmCont', 'nmCont_Soft', 'S', 'S', 'VARCHAR2', NULL, 'apapandini'
,  TO_Date( '10/16/2018 08:39:22 ', 'MM/DD/YYYY HH:MI:SS '), 'apapandini',  TO_Date( '10/16/2018 08:39:22 ', 'MM/DD/YYYY HH:MI:SS ')
, NULL, 'S', NULL, 'N', NULL, NULL, NULL, 'NMCONT', NULL, NULL, NULL, NULL, NULL, NULL
, NULL);
INSERT INTO XML_ATRIBUTO( NR_SEQUENCIA, NR_SEQ_ELEMENTO, NR_SEQ_APRESENTACAO, NM_ATRIBUTO_XML, NM_ATRIBUTO, IE_CRIAR_NULO, IE_OBRIGATORIO, IE_TIPO_ATRIBUTO, DS_MASCARA, NM_USUARIO_NREC, DT_ATUALIZACAO_NREC, NM_USUARIO, DT_ATUALIZACAO, NR_SEQ_ATRIB_ELEM, IE_CRIAR_ATRIBUTO, DS_CABECALHO, IE_CONTROLE_PB, IE_REMOVER_ESPACO_BRANCO, DS_NAMESPACE, NM_TABELA_DEF_BANCO, NM_ATRIBUTO_XML_PESQUISA, CD_EXP_OBSERVACAO, NM_TABELA_BASE, NM_ATRIBUTO_BASE, QT_TAMANHO, QT_DECIMAIS, CD_DOMINIO, NR_SEQ_ITEM_XSD ) VALUES (
343853, 74900, 41, 'telefone', 'telefone_Soft', 'S', 'S', 'VARCHAR2', NULL, 'apapandini'
,  TO_Date( '10/16/2018 08:39:22 ', 'MM/DD/YYYY HH:MI:SS '), 'apapandini',  TO_Date( '10/16/2018 08:39:22 ', 'MM/DD/YYYY HH:MI:SS ')
, NULL, 'S', NULL, 'N', NULL, NULL, NULL, 'TELEFONE', NULL, NULL, NULL, NULL, NULL
, NULL, NULL);
INSERT INTO XML_ATRIBUTO( NR_SEQUENCIA, NR_SEQ_ELEMENTO, NR_SEQ_APRESENTACAO, NM_ATRIBUTO_XML, NM_ATRIBUTO, IE_CRIAR_NULO, IE_OBRIGATORIO, IE_TIPO_ATRIBUTO, DS_MASCARA, NM_USUARIO_NREC, DT_ATUALIZACAO_NREC, NM_USUARIO, DT_ATUALIZACAO, NR_SEQ_ATRIB_ELEM, IE_CRIAR_ATRIBUTO, DS_CABECALHO, IE_CONTROLE_PB, IE_REMOVER_ESPACO_BRANCO, DS_NAMESPACE, NM_TABELA_DEF_BANCO, NM_ATRIBUTO_XML_PESQUISA, CD_EXP_OBSERVACAO, NM_TABELA_BASE, NM_ATRIBUTO_BASE, QT_TAMANHO, QT_DECIMAIS, CD_DOMINIO, NR_SEQ_ITEM_XSD ) VALUES (
343854, 74900, 42, 'email', 'email_Soft', 'S', 'S', 'VARCHAR2', NULL, 'apapandini'
,  TO_Date( '10/16/2018 08:39:22 ', 'MM/DD/YYYY HH:MI:SS '), 'apapandini',  TO_Date( '10/16/2018 08:39:22 ', 'MM/DD/YYYY HH:MI:SS ')
, NULL, 'S', NULL, 'N', NULL, NULL, NULL, 'EMAIL', NULL, NULL, NULL, NULL, NULL, NULL
, NULL);
INSERT INTO XML_ATRIBUTO( NR_SEQUENCIA, NR_SEQ_ELEMENTO, NR_SEQ_APRESENTACAO, NM_ATRIBUTO_XML, NM_ATRIBUTO, IE_CRIAR_NULO, IE_OBRIGATORIO, IE_TIPO_ATRIBUTO, DS_MASCARA, NM_USUARIO_NREC, DT_ATUALIZACAO_NREC, NM_USUARIO, DT_ATUALIZACAO, NR_SEQ_ATRIB_ELEM, IE_CRIAR_ATRIBUTO, DS_CABECALHO, IE_CONTROLE_PB, IE_REMOVER_ESPACO_BRANCO, DS_NAMESPACE, NM_TABELA_DEF_BANCO, NM_ATRIBUTO_XML_PESQUISA, CD_EXP_OBSERVACAO, NM_TABELA_BASE, NM_ATRIBUTO_BASE, QT_TAMANHO, QT_DECIMAIS, CD_DOMINIO, NR_SEQ_ITEM_XSD ) VALUES (
343855, 74901, 62, 'ideEFR', 'ideEFR', 'N', 'N', 'VARCHAR2', NULL, 'apapandini',  TO_Date( '10/16/2018 08:39:22 ', 'MM/DD/YYYY HH:MI:SS ')
, 'apapandini',  TO_Date( '10/16/2018 08:39:22 ', 'MM/DD/YYYY HH:MI:SS '), NULL
, 'S', NULL, 'N', NULL, NULL, NULL, 'IDEEFR', NULL, NULL, NULL, NULL, NULL, NULL, NULL);
INSERT INTO XML_ATRIBUTO( NR_SEQUENCIA, NR_SEQ_ELEMENTO, NR_SEQ_APRESENTACAO, NM_ATRIBUTO_XML, NM_ATRIBUTO, IE_CRIAR_NULO, IE_OBRIGATORIO, IE_TIPO_ATRIBUTO, DS_MASCARA, NM_USUARIO_NREC, DT_ATUALIZACAO_NREC, NM_USUARIO, DT_ATUALIZACAO, NR_SEQ_ATRIB_ELEM, IE_CRIAR_ATRIBUTO, DS_CABECALHO, IE_CONTROLE_PB, IE_REMOVER_ESPACO_BRANCO, DS_NAMESPACE, NM_TABELA_DEF_BANCO, NM_ATRIBUTO_XML_PESQUISA, CD_EXP_OBSERVACAO, NM_TABELA_BASE, NM_ATRIBUTO_BASE, QT_TAMANHO, QT_DECIMAIS, CD_DOMINIO, NR_SEQ_ITEM_XSD ) VALUES (
343856, 74901, 63, 'cnpjEFR', 'cnpjEFR', 'N', 'N', 'VARCHAR2', NULL, 'apapandini'
,  TO_Date( '10/16/2018 08:39:22 ', 'MM/DD/YYYY HH:MI:SS '), 'apapandini',  TO_Date( '10/16/2018 08:39:22 ', 'MM/DD/YYYY HH:MI:SS ')
, NULL, 'S', NULL, 'N', NULL, NULL, NULL, 'CNPJEFR', NULL, NULL, NULL, NULL, NULL
, NULL, NULL);
INSERT INTO XML_ATRIBUTO( NR_SEQUENCIA, NR_SEQ_ELEMENTO, NR_SEQ_APRESENTACAO, NM_ATRIBUTO_XML, NM_ATRIBUTO, IE_CRIAR_NULO, IE_OBRIGATORIO, IE_TIPO_ATRIBUTO, DS_MASCARA, NM_USUARIO_NREC, DT_ATUALIZACAO_NREC, NM_USUARIO, DT_ATUALIZACAO, NR_SEQ_ATRIB_ELEM, IE_CRIAR_ATRIBUTO, DS_CABECALHO, IE_CONTROLE_PB, IE_REMOVER_ESPACO_BRANCO, DS_NAMESPACE, NM_TABELA_DEF_BANCO, NM_ATRIBUTO_XML_PESQUISA, CD_EXP_OBSERVACAO, NM_TABELA_BASE, NM_ATRIBUTO_BASE, QT_TAMANHO, QT_DECIMAIS, CD_DOMINIO, NR_SEQ_ITEM_XSD ) VALUES (
343857, 74902, 33, 'Reinf', NULL, 'S', 'S', NULL, NULL, 'apapandini',  TO_Date( '10/16/2018 08:39:22 ', 'MM/DD/YYYY HH:MI:SS ')
, 'apapandini',  TO_Date( '10/16/2018 08:39:22 ', 'MM/DD/YYYY HH:MI:SS '), 74903
, 'S', 'xmlns="http://www.reinf.esocial.gov.br/schemas/evtInfoContribuinte/v1_04_00"'
, 'N', NULL, NULL, NULL, 'REINF', NULL, NULL, NULL, NULL, NULL, NULL, NULL);
INSERT INTO XML_ATRIBUTO( NR_SEQUENCIA, NR_SEQ_ELEMENTO, NR_SEQ_APRESENTACAO, NM_ATRIBUTO_XML, NM_ATRIBUTO, IE_CRIAR_NULO, IE_OBRIGATORIO, IE_TIPO_ATRIBUTO, DS_MASCARA, NM_USUARIO_NREC, DT_ATUALIZACAO_NREC, NM_USUARIO, DT_ATUALIZACAO, NR_SEQ_ATRIB_ELEM, IE_CRIAR_ATRIBUTO, DS_CABECALHO, IE_CONTROLE_PB, IE_REMOVER_ESPACO_BRANCO, DS_NAMESPACE, NM_TABELA_DEF_BANCO, NM_ATRIBUTO_XML_PESQUISA, CD_EXP_OBSERVACAO, NM_TABELA_BASE, NM_ATRIBUTO_BASE, QT_TAMANHO, QT_DECIMAIS, CD_DOMINIO, NR_SEQ_ITEM_XSD ) VALUES (
343858, 74903, 36, 'evtInfoContri', NULL, 'S', 'S', NULL, NULL, 'apapandini',  TO_Date( '10/16/2018 08:39:23 ', 'MM/DD/YYYY HH:MI:SS ')
, 'apapandini',  TO_Date( '10/16/2018 08:39:23 ', 'MM/DD/YYYY HH:MI:SS '), 74904
, 'S', 'id=":nr_id"', 'N', NULL, NULL, NULL, 'EVTINFOCONTRI', NULL, NULL, NULL, NULL
, NULL, NULL, NULL);
INSERT INTO XML_ATRIBUTO( NR_SEQUENCIA, NR_SEQ_ELEMENTO, NR_SEQ_APRESENTACAO, NM_ATRIBUTO_XML, NM_ATRIBUTO, IE_CRIAR_NULO, IE_OBRIGATORIO, IE_TIPO_ATRIBUTO, DS_MASCARA, NM_USUARIO_NREC, DT_ATUALIZACAO_NREC, NM_USUARIO, DT_ATUALIZACAO, NR_SEQ_ATRIB_ELEM, IE_CRIAR_ATRIBUTO, DS_CABECALHO, IE_CONTROLE_PB, IE_REMOVER_ESPACO_BRANCO, DS_NAMESPACE, NM_TABELA_DEF_BANCO, NM_ATRIBUTO_XML_PESQUISA, CD_EXP_OBSERVACAO, NM_TABELA_BASE, NM_ATRIBUTO_BASE, QT_TAMANHO, QT_DECIMAIS, CD_DOMINIO, NR_SEQ_ITEM_XSD ) VALUES (
343859, 74904, 5, 'ideEvento', NULL, 'S', 'S', NULL, NULL, 'apapandini',  TO_Date( '10/16/2018 08:39:23 ', 'MM/DD/YYYY HH:MI:SS ')
, 'apapandini',  TO_Date( '10/16/2018 08:39:23 ', 'MM/DD/YYYY HH:MI:SS '), 74891
, 'S', NULL, 'N', NULL, NULL, NULL, 'IDEEVENTO', NULL, NULL, NULL, NULL, NULL, NULL
, NULL);
INSERT INTO XML_ATRIBUTO( NR_SEQUENCIA, NR_SEQ_ELEMENTO, NR_SEQ_APRESENTACAO, NM_ATRIBUTO_XML, NM_ATRIBUTO, IE_CRIAR_NULO, IE_OBRIGATORIO, IE_TIPO_ATRIBUTO, DS_MASCARA, NM_USUARIO_NREC, DT_ATUALIZACAO_NREC, NM_USUARIO, DT_ATUALIZACAO, NR_SEQ_ATRIB_ELEM, IE_CRIAR_ATRIBUTO, DS_CABECALHO, IE_CONTROLE_PB, IE_REMOVER_ESPACO_BRANCO, DS_NAMESPACE, NM_TABELA_DEF_BANCO, NM_ATRIBUTO_XML_PESQUISA, CD_EXP_OBSERVACAO, NM_TABELA_BASE, NM_ATRIBUTO_BASE, QT_TAMANHO, QT_DECIMAIS, CD_DOMINIO, NR_SEQ_ITEM_XSD ) VALUES (
343860, 74904, 10, 'ideContri', NULL, 'S', 'S', NULL, NULL, 'apapandini',  TO_Date( '10/16/2018 08:39:23 ', 'MM/DD/YYYY HH:MI:SS ')
, 'apapandini',  TO_Date( '10/16/2018 08:39:23 ', 'MM/DD/YYYY HH:MI:SS '), 74894
, 'S', NULL, 'N', NULL, NULL, NULL, 'IDECONTRI', NULL, NULL, NULL, NULL, NULL, NULL
, NULL);
INSERT INTO XML_ATRIBUTO( NR_SEQUENCIA, NR_SEQ_ELEMENTO, NR_SEQ_APRESENTACAO, NM_ATRIBUTO_XML, NM_ATRIBUTO, IE_CRIAR_NULO, IE_OBRIGATORIO, IE_TIPO_ATRIBUTO, DS_MASCARA, NM_USUARIO_NREC, DT_ATUALIZACAO_NREC, NM_USUARIO, DT_ATUALIZACAO, NR_SEQ_ATRIB_ELEM, IE_CRIAR_ATRIBUTO, DS_CABECALHO, IE_CONTROLE_PB, IE_REMOVER_ESPACO_BRANCO, DS_NAMESPACE, NM_TABELA_DEF_BANCO, NM_ATRIBUTO_XML_PESQUISA, CD_EXP_OBSERVACAO, NM_TABELA_BASE, NM_ATRIBUTO_BASE, QT_TAMANHO, QT_DECIMAIS, CD_DOMINIO, NR_SEQ_ITEM_XSD ) VALUES (
343861, 74904, 14, 'infoContri', NULL, 'S', 'S', NULL, NULL, 'apapandini',  TO_Date( '10/16/2018 08:39:23 ', 'MM/DD/YYYY HH:MI:SS ')
, 'apapandini',  TO_Date( '10/16/2018 08:39:23 ', 'MM/DD/YYYY HH:MI:SS '), 74895
, 'S', NULL, 'N', NULL, NULL, NULL, 'INFOCONTRI', NULL, NULL, NULL, NULL, NULL, NULL
, NULL);

--	FIM XML 102445
--	INICIO XML 102446
INSERT INTO XML_PROJETO( NR_SEQUENCIA, DS_PROJETO, DT_ATUALIZACAO, NM_USUARIO, DT_ATUALIZACAO_NREC, NM_USUARIO_NREC, DS_CABECALHO, DS_OBSERVACAO, IE_TIPO_COMPLEXO, NR_SEQ_PROJ_COMPLEXO, IE_HOSP_PLS, DS_VERSAO, IE_TISS, IE_SITUACAO, IE_GERAR_QUEBRA ) VALUES (
102446, 'SPED - REINF R1000 ALTERAÇÃO V.1.4.00',  TO_Date( '10/17/2018 01:26:01 ', 'MM/DD/YYYY HH:MI:SS ')
, 'apapandini',  TO_Date( '10/16/2018 08:39:52 ', 'MM/DD/YYYY HH:MI:SS '), 'apapandini'
, NULL, NULL, 'N', NULL, 'H', NULL, 'N', 'I', NULL);

INSERT INTO XML_ELEMENTO( NR_SEQUENCIA, NR_SEQ_APRESENTACAO, NR_SEQ_PROJETO, NM_ELEMENTO, DS_ELEMENTO, DS_CABECALHO, DS_SQL, DS_GRUPO, NM_USUARIO, DT_ATUALIZACAO, IE_CRIAR_NULO, NM_USUARIO_NREC, DT_ATUALIZACAO_NREC, IE_TIPO_ELEMENTO, IE_CRIAR_ELEMENTO, IE_TIPO_COMPLEXO, DS_SQL_2, DS_NAMESPACE, QT_MIN_OCOR, QT_MAX_OCOR, NR_SEQ_ITEM_XSD ) VALUES (
74905, 6, 102446, 'ideEvento', 'ideEvento', NULL, NULL, NULL, 'apapandini',  TO_Date( '10/16/2018 08:39:52 ', 'MM/DD/YYYY HH:MI:SS ')
, 'S', 'apapandini',  TO_Date( '10/16/2018 08:39:52 ', 'MM/DD/YYYY HH:MI:SS ')
, 'E', 'S', 'S', NULL, NULL, NULL, NULL, NULL);
INSERT INTO XML_ELEMENTO( NR_SEQUENCIA, NR_SEQ_APRESENTACAO, NR_SEQ_PROJETO, NM_ELEMENTO, DS_ELEMENTO, DS_CABECALHO, DS_SQL, DS_GRUPO, NM_USUARIO, DT_ATUALIZACAO, IE_CRIAR_NULO, NM_USUARIO_NREC, DT_ATUALIZACAO_NREC, IE_TIPO_ELEMENTO, IE_CRIAR_ELEMENTO, IE_TIPO_COMPLEXO, DS_SQL_2, DS_NAMESPACE, QT_MIN_OCOR, QT_MAX_OCOR, NR_SEQ_ITEM_XSD ) VALUES (
74906, 1, 102446, 'Reinf', 'Reinf', 'xmlns="http://www.reinf.esocial.gov.br/schemas/envioLoteEventos/v1_04_00"'
, 'SELECT     (''ID'' || ''1'' || rpad(substr(e.cd_cgc,1,8), 14, ''0'') || TO_CHAR(SYSDATE,''YYYYMMDD'') || TO_CHAR(SYSDATE,''HHMMSS'')  ||''00001'') nr_id,
	   f.IE_IDENT_AMBIENTE  tpAmb,
	   ''1''                  procEmi,
	   (SELECT MAX(CD_VERSAO) cd FROM APLICACAO_TASY_VERSAO) verProc,
	   ''1''                  tpInsc,
	   substr(e.cd_cgc,1,8)  nrInsc,
	   TO_CHAR(f.dt_validade_inf,''YYYY-MM'')  iniValid,
	   ''''                   fimValid,
	   f.CD_CLASSIF_TRIB    classTrib,
	   DECODE((SELECT COUNT(dt_geracao) FROM CTB_SPED_CONTROLE c WHERE dt_geracao IS NOT NULL),0,0, 1) indEscrituracao,
 	   decode(obter_se_base_corp,''S'',''1'',''0'') indDesoneracao,
	   ''0''                  indAcordoIsenMulta,
	   f.IE_SITUACAO_PJ     indSitPJ,
           ELIMINA_CARACTERE_ESPECIAL(RPAD( SUBSTR((SELECT nm_pessoa_fisica FROM pessoa_fisica WHERE cd_pessoa_fisica = (SELECT em.cd_contabilista cd_contabilista FROM estabelecimento es, empresa em WHERE es.cd_empresa = em.cd_empresa AND cd_estabelecimento = e.cd_estabelecimento)),1,70),70,'' '')) nmCtt,
          (SELECT nr_cpf FROM pessoa_fisica WHERE cd_pessoa_fisica = (SELECT em.cd_contabilista cd_contabilista FROM estabelecimento es, empresa em WHERE es.cd_empresa = em.cd_empresa AND cd_estabelecimento = e.cd_estabelecimento)) cpfCtt,
	   SUBSTR(obter_dados_pf_pj(NULL,e.cd_cgc,''DDT'')||obter_dados_pf_pj(NULL,e.cd_cgc,''T''),1,13) foneFixo,
	   SUBSTR(obter_dados_pf_pj(NULL,e.cd_cgc,''DDT'')||obter_dados_pf_pj(NULL,e.cd_cgc,''T''),1,13) foneCel,
	   RPAD(SUBSTR(obter_dados_pf_pj_estab(e.cd_estabelecimento, NULL, e.cd_cgc, ''M''),1,60),60,'' '') email,
	   ''01950338000177''      cnpjSoftHouse,
	   RPAD(''PHILIPS CLINICAL INFORMATICS - SISTEMAS DE INFORMACAO LTDA'',115,'' '') nmRazao_Soft,
           RPAD(''PHILIPS'',70,'' '') nmCont_Soft,
           ''4731444000''  telefone_Soft,
           RPAD(''philips@philips.com'',60,'' '')   email_Soft
FROM estabelecimento e,
     FIS_REINF_R1000 f
WHERE e.cd_estabelecimento = f.cd_estabelecimento
AND f.nr_sequencia  = :nr_sequencia'
, NULL, 'apapandini',  TO_Date( '10/16/2018 08:39:52 ', 'MM/DD/YYYY HH:MI:SS ')
, 'S', 'apapandini',  TO_Date( '10/16/2018 08:39:52 ', 'MM/DD/YYYY HH:MI:SS ')
, 'E', 'S', 'S', NULL, NULL, NULL, NULL, NULL);
INSERT INTO XML_ELEMENTO( NR_SEQUENCIA, NR_SEQ_APRESENTACAO, NR_SEQ_PROJETO, NM_ELEMENTO, DS_ELEMENTO, DS_CABECALHO, DS_SQL, DS_GRUPO, NM_USUARIO, DT_ATUALIZACAO, IE_CRIAR_NULO, NM_USUARIO_NREC, DT_ATUALIZACAO_NREC, IE_TIPO_ELEMENTO, IE_CRIAR_ELEMENTO, IE_TIPO_COMPLEXO, DS_SQL_2, DS_NAMESPACE, QT_MIN_OCOR, QT_MAX_OCOR, NR_SEQ_ITEM_XSD ) VALUES (
74907, 3, 102446, 'loteEventos', 'loteEventos', NULL, NULL, NULL, 'apapandini',  TO_Date( '10/16/2018 08:39:52 ', 'MM/DD/YYYY HH:MI:SS ')
, 'S', 'apapandini',  TO_Date( '10/16/2018 08:39:52 ', 'MM/DD/YYYY HH:MI:SS ')
, 'E', 'S', 'S', NULL, NULL, NULL, NULL, NULL);
INSERT INTO XML_ELEMENTO( NR_SEQUENCIA, NR_SEQ_APRESENTACAO, NR_SEQ_PROJETO, NM_ELEMENTO, DS_ELEMENTO, DS_CABECALHO, DS_SQL, DS_GRUPO, NM_USUARIO, DT_ATUALIZACAO, IE_CRIAR_NULO, NM_USUARIO_NREC, DT_ATUALIZACAO_NREC, IE_TIPO_ELEMENTO, IE_CRIAR_ELEMENTO, IE_TIPO_COMPLEXO, DS_SQL_2, DS_NAMESPACE, QT_MIN_OCOR, QT_MAX_OCOR, NR_SEQ_ITEM_XSD ) VALUES (
74908, 11, 102446, 'ideContri', 'ideContri', NULL, NULL, NULL, 'apapandini',  TO_Date( '10/16/2018 08:39:52 ', 'MM/DD/YYYY HH:MI:SS ')
, 'S', 'apapandini',  TO_Date( '10/16/2018 08:39:52 ', 'MM/DD/YYYY HH:MI:SS ')
, 'E', 'S', 'S', NULL, NULL, NULL, NULL, NULL);
INSERT INTO XML_ELEMENTO( NR_SEQUENCIA, NR_SEQ_APRESENTACAO, NR_SEQ_PROJETO, NM_ELEMENTO, DS_ELEMENTO, DS_CABECALHO, DS_SQL, DS_GRUPO, NM_USUARIO, DT_ATUALIZACAO, IE_CRIAR_NULO, NM_USUARIO_NREC, DT_ATUALIZACAO_NREC, IE_TIPO_ELEMENTO, IE_CRIAR_ELEMENTO, IE_TIPO_COMPLEXO, DS_SQL_2, DS_NAMESPACE, QT_MIN_OCOR, QT_MAX_OCOR, NR_SEQ_ITEM_XSD ) VALUES (
74909, 15, 102446, 'infoContri', 'infoContri', NULL, NULL, NULL, 'apapandini',  TO_Date( '10/16/2018 08:39:52 ', 'MM/DD/YYYY HH:MI:SS ')
, 'S', 'apapandini',  TO_Date( '10/16/2018 08:39:52 ', 'MM/DD/YYYY HH:MI:SS ')
, 'E', 'S', 'S', NULL, NULL, NULL, NULL, NULL);
INSERT INTO XML_ELEMENTO( NR_SEQUENCIA, NR_SEQ_APRESENTACAO, NR_SEQ_PROJETO, NM_ELEMENTO, DS_ELEMENTO, DS_CABECALHO, DS_SQL, DS_GRUPO, NM_USUARIO, DT_ATUALIZACAO, IE_CRIAR_NULO, NM_USUARIO_NREC, DT_ATUALIZACAO_NREC, IE_TIPO_ELEMENTO, IE_CRIAR_ELEMENTO, IE_TIPO_COMPLEXO, DS_SQL_2, DS_NAMESPACE, QT_MIN_OCOR, QT_MAX_OCOR, NR_SEQ_ITEM_XSD ) VALUES (
74910, 17, 102446, 'alteracao', 'alteracao', NULL, NULL, NULL, 'apapandini',  TO_Date( '10/16/2018 08:39:52 ', 'MM/DD/YYYY HH:MI:SS ')
, 'S', 'apapandini',  TO_Date( '10/16/2018 08:39:52 ', 'MM/DD/YYYY HH:MI:SS ')
, 'E', 'S', 'S', NULL, NULL, NULL, NULL, NULL);
INSERT INTO XML_ELEMENTO( NR_SEQUENCIA, NR_SEQ_APRESENTACAO, NR_SEQ_PROJETO, NM_ELEMENTO, DS_ELEMENTO, DS_CABECALHO, DS_SQL, DS_GRUPO, NM_USUARIO, DT_ATUALIZACAO, IE_CRIAR_NULO, NM_USUARIO_NREC, DT_ATUALIZACAO_NREC, IE_TIPO_ELEMENTO, IE_CRIAR_ELEMENTO, IE_TIPO_COMPLEXO, DS_SQL_2, DS_NAMESPACE, QT_MIN_OCOR, QT_MAX_OCOR, NR_SEQ_ITEM_XSD ) VALUES (
74911, 19, 102446, 'idePeriodo', 'idePeriodo', NULL, NULL, NULL, 'apapandini',  TO_Date( '10/16/2018 08:39:52 ', 'MM/DD/YYYY HH:MI:SS ')
, 'S', 'apapandini',  TO_Date( '10/16/2018 08:39:52 ', 'MM/DD/YYYY HH:MI:SS ')
, 'E', 'S', 'S', NULL, NULL, NULL, NULL, NULL);
INSERT INTO XML_ELEMENTO( NR_SEQUENCIA, NR_SEQ_APRESENTACAO, NR_SEQ_PROJETO, NM_ELEMENTO, DS_ELEMENTO, DS_CABECALHO, DS_SQL, DS_GRUPO, NM_USUARIO, DT_ATUALIZACAO, IE_CRIAR_NULO, NM_USUARIO_NREC, DT_ATUALIZACAO_NREC, IE_TIPO_ELEMENTO, IE_CRIAR_ELEMENTO, IE_TIPO_COMPLEXO, DS_SQL_2, DS_NAMESPACE, QT_MIN_OCOR, QT_MAX_OCOR, NR_SEQ_ITEM_XSD ) VALUES (
74912, 22, 102446, 'infoCadastro', 'infoCadastro', NULL, NULL, NULL, 'apapandini'
,  TO_Date( '10/16/2018 08:39:52 ', 'MM/DD/YYYY HH:MI:SS '), 'S', 'apapandini'
,  TO_Date( '10/16/2018 08:39:52 ', 'MM/DD/YYYY HH:MI:SS '), 'E', 'S', 'S'
, NULL, NULL, NULL, NULL, NULL);
INSERT INTO XML_ELEMENTO( NR_SEQUENCIA, NR_SEQ_APRESENTACAO, NR_SEQ_PROJETO, NM_ELEMENTO, DS_ELEMENTO, DS_CABECALHO, DS_SQL, DS_GRUPO, NM_USUARIO, DT_ATUALIZACAO, IE_CRIAR_NULO, NM_USUARIO_NREC, DT_ATUALIZACAO_NREC, IE_TIPO_ELEMENTO, IE_CRIAR_ELEMENTO, IE_TIPO_COMPLEXO, DS_SQL_2, DS_NAMESPACE, QT_MIN_OCOR, QT_MAX_OCOR, NR_SEQ_ITEM_XSD ) VALUES (
74913, 31, 102446, 'contato', 'contato', NULL, NULL, NULL, 'apapandini',  TO_Date( '10/16/2018 08:39:52 ', 'MM/DD/YYYY HH:MI:SS ')
, 'S', 'apapandini',  TO_Date( '10/16/2018 08:39:52 ', 'MM/DD/YYYY HH:MI:SS ')
, 'E', 'S', 'S', NULL, NULL, NULL, NULL, NULL);
INSERT INTO XML_ELEMENTO( NR_SEQUENCIA, NR_SEQ_APRESENTACAO, NR_SEQ_PROJETO, NM_ELEMENTO, DS_ELEMENTO, DS_CABECALHO, DS_SQL, DS_GRUPO, NM_USUARIO, DT_ATUALIZACAO, IE_CRIAR_NULO, NM_USUARIO_NREC, DT_ATUALIZACAO_NREC, IE_TIPO_ELEMENTO, IE_CRIAR_ELEMENTO, IE_TIPO_COMPLEXO, DS_SQL_2, DS_NAMESPACE, QT_MIN_OCOR, QT_MAX_OCOR, NR_SEQ_ITEM_XSD ) VALUES (
74914, 38, 102446, 'softHouse', 'softHouse', NULL, NULL, NULL, 'apapandini',  TO_Date( '10/16/2018 08:39:52 ', 'MM/DD/YYYY HH:MI:SS ')
, 'S', 'apapandini',  TO_Date( '10/16/2018 08:39:52 ', 'MM/DD/YYYY HH:MI:SS ')
, 'E', 'S', 'S', NULL, NULL, NULL, NULL, NULL);
INSERT INTO XML_ELEMENTO( NR_SEQUENCIA, NR_SEQ_APRESENTACAO, NR_SEQ_PROJETO, NM_ELEMENTO, DS_ELEMENTO, DS_CABECALHO, DS_SQL, DS_GRUPO, NM_USUARIO, DT_ATUALIZACAO, IE_CRIAR_NULO, NM_USUARIO_NREC, DT_ATUALIZACAO_NREC, IE_TIPO_ELEMENTO, IE_CRIAR_ELEMENTO, IE_TIPO_COMPLEXO, DS_SQL_2, DS_NAMESPACE, QT_MIN_OCOR, QT_MAX_OCOR, NR_SEQ_ITEM_XSD ) VALUES (
74915, 61, 102446, 'infoEFR', 'infoEFR', NULL, 'select     f.IE_UNIDADE_ADM     ideEFR,
           DECODE(f.IE_UNIDADE_ADM,''N'', f.CD_CNPJ_EFR) cnpjEFR
FROM       estabelecimento e,
           FIS_REINF_R1000 f
WHERE      e.cd_estabelecimento = f.cd_estabelecimento
AND        f.nr_sequencia  = :nr_sequencia
and        f.IE_UNIDADE_ADM is not null'
, NULL, 'apapandini',  TO_Date( '10/16/2018 08:39:52 ', 'MM/DD/YYYY HH:MI:SS ')
, 'N', 'apapandini',  TO_Date( '10/16/2018 08:39:52 ', 'MM/DD/YYYY HH:MI:SS ')
, 'E', 'S', 'S', NULL, NULL, NULL, NULL, NULL);
INSERT INTO XML_ELEMENTO( NR_SEQUENCIA, NR_SEQ_APRESENTACAO, NR_SEQ_PROJETO, NM_ELEMENTO, DS_ELEMENTO, DS_CABECALHO, DS_SQL, DS_GRUPO, NM_USUARIO, DT_ATUALIZACAO, IE_CRIAR_NULO, NM_USUARIO_NREC, DT_ATUALIZACAO_NREC, IE_TIPO_ELEMENTO, IE_CRIAR_ELEMENTO, IE_TIPO_COMPLEXO, DS_SQL_2, DS_NAMESPACE, QT_MIN_OCOR, QT_MAX_OCOR, NR_SEQ_ITEM_XSD ) VALUES (
74916, 10, 102446, 'Evento', 'Evento', NULL, NULL, NULL, 'apapandini',  TO_Date( '10/16/2018 08:39:52 ', 'MM/DD/YYYY HH:MI:SS ')
, 'S', 'apapandini',  TO_Date( '10/16/2018 08:39:52 ', 'MM/DD/YYYY HH:MI:SS ')
, 'E', 'S', 'S', NULL, NULL, NULL, NULL, NULL);
INSERT INTO XML_ELEMENTO( NR_SEQUENCIA, NR_SEQ_APRESENTACAO, NR_SEQ_PROJETO, NM_ELEMENTO, DS_ELEMENTO, DS_CABECALHO, DS_SQL, DS_GRUPO, NM_USUARIO, DT_ATUALIZACAO, IE_CRIAR_NULO, NM_USUARIO_NREC, DT_ATUALIZACAO_NREC, IE_TIPO_ELEMENTO, IE_CRIAR_ELEMENTO, IE_TIPO_COMPLEXO, DS_SQL_2, DS_NAMESPACE, QT_MIN_OCOR, QT_MAX_OCOR, NR_SEQ_ITEM_XSD ) VALUES (
74917, 34, 102446, 'Reinf', 'Reinf', NULL, NULL, NULL, 'apapandini',  TO_Date( '10/16/2018 08:39:52 ', 'MM/DD/YYYY HH:MI:SS ')
, 'S', 'apapandini',  TO_Date( '10/16/2018 08:39:52 ', 'MM/DD/YYYY HH:MI:SS ')
, 'E', 'S', 'S', NULL, NULL, NULL, NULL, NULL);
INSERT INTO XML_ELEMENTO( NR_SEQUENCIA, NR_SEQ_APRESENTACAO, NR_SEQ_PROJETO, NM_ELEMENTO, DS_ELEMENTO, DS_CABECALHO, DS_SQL, DS_GRUPO, NM_USUARIO, DT_ATUALIZACAO, IE_CRIAR_NULO, NM_USUARIO_NREC, DT_ATUALIZACAO_NREC, IE_TIPO_ELEMENTO, IE_CRIAR_ELEMENTO, IE_TIPO_COMPLEXO, DS_SQL_2, DS_NAMESPACE, QT_MIN_OCOR, QT_MAX_OCOR, NR_SEQ_ITEM_XSD ) VALUES (
74918, 39, 102446, 'evtInfoContri', 'evtInfoContri', NULL, NULL, NULL, 'apapandini'
,  TO_Date( '10/16/2018 08:39:52 ', 'MM/DD/YYYY HH:MI:SS '), 'S', 'apapandini'
,  TO_Date( '10/16/2018 08:39:52 ', 'MM/DD/YYYY HH:MI:SS '), 'E', 'S', 'S'
, NULL, NULL, NULL, NULL, NULL);
INSERT INTO XML_ELEMENTO( NR_SEQUENCIA, NR_SEQ_APRESENTACAO, NR_SEQ_PROJETO, NM_ELEMENTO, DS_ELEMENTO, DS_CABECALHO, DS_SQL, DS_GRUPO, NM_USUARIO, DT_ATUALIZACAO, IE_CRIAR_NULO, NM_USUARIO_NREC, DT_ATUALIZACAO_NREC, IE_TIPO_ELEMENTO, IE_CRIAR_ELEMENTO, IE_TIPO_COMPLEXO, DS_SQL_2, DS_NAMESPACE, QT_MIN_OCOR, QT_MAX_OCOR, NR_SEQ_ITEM_XSD ) VALUES (
74919, 69, 102446, 'novaValidade', 'novaValidade', NULL, NULL, NULL, 'apapandini'
,  TO_Date( '10/16/2018 08:39:52 ', 'MM/DD/YYYY HH:MI:SS '), 'N', 'apapandini'
,  TO_Date( '10/16/2018 08:39:52 ', 'MM/DD/YYYY HH:MI:SS '), 'E', 'N', 'S'
, NULL, NULL, NULL, NULL, NULL);

INSERT INTO XML_ATRIBUTO( NR_SEQUENCIA, NR_SEQ_ELEMENTO, NR_SEQ_APRESENTACAO, NM_ATRIBUTO_XML, NM_ATRIBUTO, IE_CRIAR_NULO, IE_OBRIGATORIO, IE_TIPO_ATRIBUTO, DS_MASCARA, NM_USUARIO_NREC, DT_ATUALIZACAO_NREC, NM_USUARIO, DT_ATUALIZACAO, NR_SEQ_ATRIB_ELEM, IE_CRIAR_ATRIBUTO, DS_CABECALHO, IE_CONTROLE_PB, IE_REMOVER_ESPACO_BRANCO, DS_NAMESPACE, NM_TABELA_DEF_BANCO, NM_ATRIBUTO_XML_PESQUISA, CD_EXP_OBSERVACAO, NM_TABELA_BASE, NM_ATRIBUTO_BASE, QT_TAMANHO, QT_DECIMAIS, CD_DOMINIO, NR_SEQ_ITEM_XSD ) VALUES (
343862, 74905, 7, 'tpAmb', 'tpAmb', 'S', 'S', 'VARCHAR2', NULL, 'apapandini',  TO_Date( '10/16/2018 08:39:52 ', 'MM/DD/YYYY HH:MI:SS ')
, 'apapandini',  TO_Date( '10/16/2018 08:39:52 ', 'MM/DD/YYYY HH:MI:SS '), NULL
, 'S', NULL, 'N', NULL, NULL, NULL, 'TPAMB', NULL, NULL, NULL, NULL, NULL, NULL, NULL);
INSERT INTO XML_ATRIBUTO( NR_SEQUENCIA, NR_SEQ_ELEMENTO, NR_SEQ_APRESENTACAO, NM_ATRIBUTO_XML, NM_ATRIBUTO, IE_CRIAR_NULO, IE_OBRIGATORIO, IE_TIPO_ATRIBUTO, DS_MASCARA, NM_USUARIO_NREC, DT_ATUALIZACAO_NREC, NM_USUARIO, DT_ATUALIZACAO, NR_SEQ_ATRIB_ELEM, IE_CRIAR_ATRIBUTO, DS_CABECALHO, IE_CONTROLE_PB, IE_REMOVER_ESPACO_BRANCO, DS_NAMESPACE, NM_TABELA_DEF_BANCO, NM_ATRIBUTO_XML_PESQUISA, CD_EXP_OBSERVACAO, NM_TABELA_BASE, NM_ATRIBUTO_BASE, QT_TAMANHO, QT_DECIMAIS, CD_DOMINIO, NR_SEQ_ITEM_XSD ) VALUES (
343863, 74905, 8, 'procEmi', 'procEmi', 'S', 'S', 'VARCHAR2', NULL, 'apapandini',  TO_Date( '10/16/2018 08:39:52 ', 'MM/DD/YYYY HH:MI:SS ')
, 'apapandini',  TO_Date( '10/16/2018 08:39:52 ', 'MM/DD/YYYY HH:MI:SS '), NULL
, 'S', NULL, 'N', NULL, NULL, NULL, 'PROCEMI', NULL, NULL, NULL, NULL, NULL, NULL
, NULL);
INSERT INTO XML_ATRIBUTO( NR_SEQUENCIA, NR_SEQ_ELEMENTO, NR_SEQ_APRESENTACAO, NM_ATRIBUTO_XML, NM_ATRIBUTO, IE_CRIAR_NULO, IE_OBRIGATORIO, IE_TIPO_ATRIBUTO, DS_MASCARA, NM_USUARIO_NREC, DT_ATUALIZACAO_NREC, NM_USUARIO, DT_ATUALIZACAO, NR_SEQ_ATRIB_ELEM, IE_CRIAR_ATRIBUTO, DS_CABECALHO, IE_CONTROLE_PB, IE_REMOVER_ESPACO_BRANCO, DS_NAMESPACE, NM_TABELA_DEF_BANCO, NM_ATRIBUTO_XML_PESQUISA, CD_EXP_OBSERVACAO, NM_TABELA_BASE, NM_ATRIBUTO_BASE, QT_TAMANHO, QT_DECIMAIS, CD_DOMINIO, NR_SEQ_ITEM_XSD ) VALUES (
343864, 74905, 9, 'verProc', 'verProc', 'S', 'S', 'VARCHAR2', NULL, 'apapandini',  TO_Date( '10/16/2018 08:39:52 ', 'MM/DD/YYYY HH:MI:SS ')
, 'apapandini',  TO_Date( '10/16/2018 08:39:52 ', 'MM/DD/YYYY HH:MI:SS '), NULL
, 'S', NULL, 'N', NULL, NULL, NULL, 'VERPROC', NULL, NULL, NULL, NULL, NULL, NULL
, NULL);
INSERT INTO XML_ATRIBUTO( NR_SEQUENCIA, NR_SEQ_ELEMENTO, NR_SEQ_APRESENTACAO, NM_ATRIBUTO_XML, NM_ATRIBUTO, IE_CRIAR_NULO, IE_OBRIGATORIO, IE_TIPO_ATRIBUTO, DS_MASCARA, NM_USUARIO_NREC, DT_ATUALIZACAO_NREC, NM_USUARIO, DT_ATUALIZACAO, NR_SEQ_ATRIB_ELEM, IE_CRIAR_ATRIBUTO, DS_CABECALHO, IE_CONTROLE_PB, IE_REMOVER_ESPACO_BRANCO, DS_NAMESPACE, NM_TABELA_DEF_BANCO, NM_ATRIBUTO_XML_PESQUISA, CD_EXP_OBSERVACAO, NM_TABELA_BASE, NM_ATRIBUTO_BASE, QT_TAMANHO, QT_DECIMAIS, CD_DOMINIO, NR_SEQ_ITEM_XSD ) VALUES (
343865, 74906, 2, 'loteEventos', NULL, 'S', 'S', NULL, NULL, 'apapandini',  TO_Date( '10/16/2018 08:39:52 ', 'MM/DD/YYYY HH:MI:SS ')
, 'apapandini',  TO_Date( '10/16/2018 08:39:52 ', 'MM/DD/YYYY HH:MI:SS '), 74907
, 'S', NULL, 'N', NULL, NULL, NULL, 'LOTEEVENTOS', NULL, NULL, NULL, NULL, NULL, NULL
, NULL);
INSERT INTO XML_ATRIBUTO( NR_SEQUENCIA, NR_SEQ_ELEMENTO, NR_SEQ_APRESENTACAO, NM_ATRIBUTO_XML, NM_ATRIBUTO, IE_CRIAR_NULO, IE_OBRIGATORIO, IE_TIPO_ATRIBUTO, DS_MASCARA, NM_USUARIO_NREC, DT_ATUALIZACAO_NREC, NM_USUARIO, DT_ATUALIZACAO, NR_SEQ_ATRIB_ELEM, IE_CRIAR_ATRIBUTO, DS_CABECALHO, IE_CONTROLE_PB, IE_REMOVER_ESPACO_BRANCO, DS_NAMESPACE, NM_TABELA_DEF_BANCO, NM_ATRIBUTO_XML_PESQUISA, CD_EXP_OBSERVACAO, NM_TABELA_BASE, NM_ATRIBUTO_BASE, QT_TAMANHO, QT_DECIMAIS, CD_DOMINIO, NR_SEQ_ITEM_XSD ) VALUES (
343866, 74907, 4, 'evento', NULL, 'S', 'S', 'VARCHAR2', NULL, 'apapandini',  TO_Date( '10/16/2018 08:39:52 ', 'MM/DD/YYYY HH:MI:SS ')
, 'apapandini',  TO_Date( '10/16/2018 08:39:52 ', 'MM/DD/YYYY HH:MI:SS '), 74916
, 'S', 'id=":nr_id"', 'N', NULL, NULL, NULL, 'EVENTO', NULL, NULL, NULL, NULL, NULL
, NULL, NULL);
INSERT INTO XML_ATRIBUTO( NR_SEQUENCIA, NR_SEQ_ELEMENTO, NR_SEQ_APRESENTACAO, NM_ATRIBUTO_XML, NM_ATRIBUTO, IE_CRIAR_NULO, IE_OBRIGATORIO, IE_TIPO_ATRIBUTO, DS_MASCARA, NM_USUARIO_NREC, DT_ATUALIZACAO_NREC, NM_USUARIO, DT_ATUALIZACAO, NR_SEQ_ATRIB_ELEM, IE_CRIAR_ATRIBUTO, DS_CABECALHO, IE_CONTROLE_PB, IE_REMOVER_ESPACO_BRANCO, DS_NAMESPACE, NM_TABELA_DEF_BANCO, NM_ATRIBUTO_XML_PESQUISA, CD_EXP_OBSERVACAO, NM_TABELA_BASE, NM_ATRIBUTO_BASE, QT_TAMANHO, QT_DECIMAIS, CD_DOMINIO, NR_SEQ_ITEM_XSD ) VALUES (
343867, 74908, 12, 'tpInsc', 'tpInsc', 'S', 'S', 'VARCHAR2', NULL, 'apapandini',  TO_Date( '10/16/2018 08:39:52 ', 'MM/DD/YYYY HH:MI:SS ')
, 'apapandini',  TO_Date( '10/16/2018 08:39:52 ', 'MM/DD/YYYY HH:MI:SS '), NULL
, 'S', NULL, 'N', NULL, NULL, NULL, 'TPINSC', NULL, NULL, NULL, NULL, NULL, NULL, NULL);
INSERT INTO XML_ATRIBUTO( NR_SEQUENCIA, NR_SEQ_ELEMENTO, NR_SEQ_APRESENTACAO, NM_ATRIBUTO_XML, NM_ATRIBUTO, IE_CRIAR_NULO, IE_OBRIGATORIO, IE_TIPO_ATRIBUTO, DS_MASCARA, NM_USUARIO_NREC, DT_ATUALIZACAO_NREC, NM_USUARIO, DT_ATUALIZACAO, NR_SEQ_ATRIB_ELEM, IE_CRIAR_ATRIBUTO, DS_CABECALHO, IE_CONTROLE_PB, IE_REMOVER_ESPACO_BRANCO, DS_NAMESPACE, NM_TABELA_DEF_BANCO, NM_ATRIBUTO_XML_PESQUISA, CD_EXP_OBSERVACAO, NM_TABELA_BASE, NM_ATRIBUTO_BASE, QT_TAMANHO, QT_DECIMAIS, CD_DOMINIO, NR_SEQ_ITEM_XSD ) VALUES (
343868, 74908, 13, 'nrInsc', 'nrInsc', 'S', 'S', 'VARCHAR2', NULL, 'apapandini',  TO_Date( '10/16/2018 08:39:52 ', 'MM/DD/YYYY HH:MI:SS ')
, 'apapandini',  TO_Date( '10/16/2018 08:39:52 ', 'MM/DD/YYYY HH:MI:SS '), NULL
, 'S', NULL, 'N', NULL, NULL, NULL, 'NRINSC', NULL, NULL, NULL, NULL, NULL, NULL, NULL);
INSERT INTO XML_ATRIBUTO( NR_SEQUENCIA, NR_SEQ_ELEMENTO, NR_SEQ_APRESENTACAO, NM_ATRIBUTO_XML, NM_ATRIBUTO, IE_CRIAR_NULO, IE_OBRIGATORIO, IE_TIPO_ATRIBUTO, DS_MASCARA, NM_USUARIO_NREC, DT_ATUALIZACAO_NREC, NM_USUARIO, DT_ATUALIZACAO, NR_SEQ_ATRIB_ELEM, IE_CRIAR_ATRIBUTO, DS_CABECALHO, IE_CONTROLE_PB, IE_REMOVER_ESPACO_BRANCO, DS_NAMESPACE, NM_TABELA_DEF_BANCO, NM_ATRIBUTO_XML_PESQUISA, CD_EXP_OBSERVACAO, NM_TABELA_BASE, NM_ATRIBUTO_BASE, QT_TAMANHO, QT_DECIMAIS, CD_DOMINIO, NR_SEQ_ITEM_XSD ) VALUES (
343869, 74909, 16, 'alteracao', NULL, 'S', 'S', NULL, NULL, 'apapandini',  TO_Date( '10/16/2018 08:39:52 ', 'MM/DD/YYYY HH:MI:SS ')
, 'apapandini',  TO_Date( '10/16/2018 08:39:52 ', 'MM/DD/YYYY HH:MI:SS '), 74910
, 'S', NULL, 'N', NULL, NULL, NULL, 'ALTERACAO', NULL, NULL, NULL, NULL, NULL, NULL
, NULL);
INSERT INTO XML_ATRIBUTO( NR_SEQUENCIA, NR_SEQ_ELEMENTO, NR_SEQ_APRESENTACAO, NM_ATRIBUTO_XML, NM_ATRIBUTO, IE_CRIAR_NULO, IE_OBRIGATORIO, IE_TIPO_ATRIBUTO, DS_MASCARA, NM_USUARIO_NREC, DT_ATUALIZACAO_NREC, NM_USUARIO, DT_ATUALIZACAO, NR_SEQ_ATRIB_ELEM, IE_CRIAR_ATRIBUTO, DS_CABECALHO, IE_CONTROLE_PB, IE_REMOVER_ESPACO_BRANCO, DS_NAMESPACE, NM_TABELA_DEF_BANCO, NM_ATRIBUTO_XML_PESQUISA, CD_EXP_OBSERVACAO, NM_TABELA_BASE, NM_ATRIBUTO_BASE, QT_TAMANHO, QT_DECIMAIS, CD_DOMINIO, NR_SEQ_ITEM_XSD ) VALUES (
343870, 74910, 18, 'idePeriodo', NULL, 'S', 'S', NULL, NULL, 'apapandini',  TO_Date( '10/16/2018 08:39:52 ', 'MM/DD/YYYY HH:MI:SS ')
, 'apapandini',  TO_Date( '10/16/2018 08:39:52 ', 'MM/DD/YYYY HH:MI:SS '), 74911
, 'S', NULL, 'N', NULL, NULL, NULL, 'IDEPERIODO', NULL, NULL, NULL, NULL, NULL, NULL
, NULL);
INSERT INTO XML_ATRIBUTO( NR_SEQUENCIA, NR_SEQ_ELEMENTO, NR_SEQ_APRESENTACAO, NM_ATRIBUTO_XML, NM_ATRIBUTO, IE_CRIAR_NULO, IE_OBRIGATORIO, IE_TIPO_ATRIBUTO, DS_MASCARA, NM_USUARIO_NREC, DT_ATUALIZACAO_NREC, NM_USUARIO, DT_ATUALIZACAO, NR_SEQ_ATRIB_ELEM, IE_CRIAR_ATRIBUTO, DS_CABECALHO, IE_CONTROLE_PB, IE_REMOVER_ESPACO_BRANCO, DS_NAMESPACE, NM_TABELA_DEF_BANCO, NM_ATRIBUTO_XML_PESQUISA, CD_EXP_OBSERVACAO, NM_TABELA_BASE, NM_ATRIBUTO_BASE, QT_TAMANHO, QT_DECIMAIS, CD_DOMINIO, NR_SEQ_ITEM_XSD ) VALUES (
343871, 74910, 22, 'infoCadastro', NULL, 'S', 'S', NULL, NULL, 'apapandini',  TO_Date( '10/16/2018 08:39:52 ', 'MM/DD/YYYY HH:MI:SS ')
, 'apapandini',  TO_Date( '10/16/2018 08:39:52 ', 'MM/DD/YYYY HH:MI:SS '), 74912
, 'S', NULL, 'N', NULL, NULL, NULL, 'INFOCADASTRO', NULL, NULL, NULL, NULL, NULL, NULL
, NULL);
INSERT INTO XML_ATRIBUTO( NR_SEQUENCIA, NR_SEQ_ELEMENTO, NR_SEQ_APRESENTACAO, NM_ATRIBUTO_XML, NM_ATRIBUTO, IE_CRIAR_NULO, IE_OBRIGATORIO, IE_TIPO_ATRIBUTO, DS_MASCARA, NM_USUARIO_NREC, DT_ATUALIZACAO_NREC, NM_USUARIO, DT_ATUALIZACAO, NR_SEQ_ATRIB_ELEM, IE_CRIAR_ATRIBUTO, DS_CABECALHO, IE_CONTROLE_PB, IE_REMOVER_ESPACO_BRANCO, DS_NAMESPACE, NM_TABELA_DEF_BANCO, NM_ATRIBUTO_XML_PESQUISA, CD_EXP_OBSERVACAO, NM_TABELA_BASE, NM_ATRIBUTO_BASE, QT_TAMANHO, QT_DECIMAIS, CD_DOMINIO, NR_SEQ_ITEM_XSD ) VALUES (
343872, 74910, 68, 'novaValidade', NULL, 'N', 'N', NULL, NULL, 'apapandini',  TO_Date( '10/16/2018 08:39:52 ', 'MM/DD/YYYY HH:MI:SS ')
, 'apapandini',  TO_Date( '10/16/2018 08:39:52 ', 'MM/DD/YYYY HH:MI:SS '), 74919
, 'N', NULL, 'N', NULL, NULL, NULL, 'NOVAVALIDADE', NULL, NULL, NULL, NULL, NULL, NULL
, NULL);
INSERT INTO XML_ATRIBUTO( NR_SEQUENCIA, NR_SEQ_ELEMENTO, NR_SEQ_APRESENTACAO, NM_ATRIBUTO_XML, NM_ATRIBUTO, IE_CRIAR_NULO, IE_OBRIGATORIO, IE_TIPO_ATRIBUTO, DS_MASCARA, NM_USUARIO_NREC, DT_ATUALIZACAO_NREC, NM_USUARIO, DT_ATUALIZACAO, NR_SEQ_ATRIB_ELEM, IE_CRIAR_ATRIBUTO, DS_CABECALHO, IE_CONTROLE_PB, IE_REMOVER_ESPACO_BRANCO, DS_NAMESPACE, NM_TABELA_DEF_BANCO, NM_ATRIBUTO_XML_PESQUISA, CD_EXP_OBSERVACAO, NM_TABELA_BASE, NM_ATRIBUTO_BASE, QT_TAMANHO, QT_DECIMAIS, CD_DOMINIO, NR_SEQ_ITEM_XSD ) VALUES (
343873, 74911, 20, 'iniValid', 'iniValid', 'S', 'S', 'VARCHAR2', NULL, 'apapandini'
,  TO_Date( '10/16/2018 08:39:52 ', 'MM/DD/YYYY HH:MI:SS '), 'apapandini',  TO_Date( '10/16/2018 08:39:52 ', 'MM/DD/YYYY HH:MI:SS ')
, NULL, 'S', NULL, 'N', NULL, NULL, NULL, 'INIVALID', NULL, NULL, NULL, NULL, NULL
, NULL, NULL);
INSERT INTO XML_ATRIBUTO( NR_SEQUENCIA, NR_SEQ_ELEMENTO, NR_SEQ_APRESENTACAO, NM_ATRIBUTO_XML, NM_ATRIBUTO, IE_CRIAR_NULO, IE_OBRIGATORIO, IE_TIPO_ATRIBUTO, DS_MASCARA, NM_USUARIO_NREC, DT_ATUALIZACAO_NREC, NM_USUARIO, DT_ATUALIZACAO, NR_SEQ_ATRIB_ELEM, IE_CRIAR_ATRIBUTO, DS_CABECALHO, IE_CONTROLE_PB, IE_REMOVER_ESPACO_BRANCO, DS_NAMESPACE, NM_TABELA_DEF_BANCO, NM_ATRIBUTO_XML_PESQUISA, CD_EXP_OBSERVACAO, NM_TABELA_BASE, NM_ATRIBUTO_BASE, QT_TAMANHO, QT_DECIMAIS, CD_DOMINIO, NR_SEQ_ITEM_XSD ) VALUES (
343874, 74911, 21, 'fimValid', 'fimValid', 'N', 'N', 'VARCHAR2', NULL, 'apapandini'
,  TO_Date( '10/16/2018 08:39:52 ', 'MM/DD/YYYY HH:MI:SS '), 'apapandini',  TO_Date( '10/16/2018 08:39:52 ', 'MM/DD/YYYY HH:MI:SS ')
, NULL, 'N', NULL, 'N', NULL, NULL, NULL, 'FIMVALID', NULL, NULL, NULL, NULL, NULL
, NULL, NULL);
INSERT INTO XML_ATRIBUTO( NR_SEQUENCIA, NR_SEQ_ELEMENTO, NR_SEQ_APRESENTACAO, NM_ATRIBUTO_XML, NM_ATRIBUTO, IE_CRIAR_NULO, IE_OBRIGATORIO, IE_TIPO_ATRIBUTO, DS_MASCARA, NM_USUARIO_NREC, DT_ATUALIZACAO_NREC, NM_USUARIO, DT_ATUALIZACAO, NR_SEQ_ATRIB_ELEM, IE_CRIAR_ATRIBUTO, DS_CABECALHO, IE_CONTROLE_PB, IE_REMOVER_ESPACO_BRANCO, DS_NAMESPACE, NM_TABELA_DEF_BANCO, NM_ATRIBUTO_XML_PESQUISA, CD_EXP_OBSERVACAO, NM_TABELA_BASE, NM_ATRIBUTO_BASE, QT_TAMANHO, QT_DECIMAIS, CD_DOMINIO, NR_SEQ_ITEM_XSD ) VALUES (
343875, 74912, 25, 'classTrib', 'classTrib', 'S', 'S', 'VARCHAR2', NULL, 'apapandini'
,  TO_Date( '10/16/2018 08:39:52 ', 'MM/DD/YYYY HH:MI:SS '), 'apapandini',  TO_Date( '10/16/2018 08:39:52 ', 'MM/DD/YYYY HH:MI:SS ')
, NULL, 'S', NULL, 'N', NULL, NULL, NULL, 'CLASSTRIB', NULL, NULL, NULL, NULL, NULL
, NULL, NULL);
INSERT INTO XML_ATRIBUTO( NR_SEQUENCIA, NR_SEQ_ELEMENTO, NR_SEQ_APRESENTACAO, NM_ATRIBUTO_XML, NM_ATRIBUTO, IE_CRIAR_NULO, IE_OBRIGATORIO, IE_TIPO_ATRIBUTO, DS_MASCARA, NM_USUARIO_NREC, DT_ATUALIZACAO_NREC, NM_USUARIO, DT_ATUALIZACAO, NR_SEQ_ATRIB_ELEM, IE_CRIAR_ATRIBUTO, DS_CABECALHO, IE_CONTROLE_PB, IE_REMOVER_ESPACO_BRANCO, DS_NAMESPACE, NM_TABELA_DEF_BANCO, NM_ATRIBUTO_XML_PESQUISA, CD_EXP_OBSERVACAO, NM_TABELA_BASE, NM_ATRIBUTO_BASE, QT_TAMANHO, QT_DECIMAIS, CD_DOMINIO, NR_SEQ_ITEM_XSD ) VALUES (
343876, 74912, 26, 'indEscrituracao', 'indEscrituracao', 'S', 'S', 'VARCHAR2', NULL
, 'apapandini',  TO_Date( '10/16/2018 08:39:52 ', 'MM/DD/YYYY HH:MI:SS '), 'apapandini'
,  TO_Date( '10/16/2018 08:39:52 ', 'MM/DD/YYYY HH:MI:SS '), NULL, 'S', NULL
, 'N', NULL, NULL, NULL, 'INDESCRITURACAO', NULL, NULL, NULL, NULL, NULL, NULL, NULL);
INSERT INTO XML_ATRIBUTO( NR_SEQUENCIA, NR_SEQ_ELEMENTO, NR_SEQ_APRESENTACAO, NM_ATRIBUTO_XML, NM_ATRIBUTO, IE_CRIAR_NULO, IE_OBRIGATORIO, IE_TIPO_ATRIBUTO, DS_MASCARA, NM_USUARIO_NREC, DT_ATUALIZACAO_NREC, NM_USUARIO, DT_ATUALIZACAO, NR_SEQ_ATRIB_ELEM, IE_CRIAR_ATRIBUTO, DS_CABECALHO, IE_CONTROLE_PB, IE_REMOVER_ESPACO_BRANCO, DS_NAMESPACE, NM_TABELA_DEF_BANCO, NM_ATRIBUTO_XML_PESQUISA, CD_EXP_OBSERVACAO, NM_TABELA_BASE, NM_ATRIBUTO_BASE, QT_TAMANHO, QT_DECIMAIS, CD_DOMINIO, NR_SEQ_ITEM_XSD ) VALUES (
343877, 74912, 27, 'indDesoneracao', 'indDesoneracao', 'S', 'S', 'VARCHAR2', NULL
, 'apapandini',  TO_Date( '10/16/2018 08:39:52 ', 'MM/DD/YYYY HH:MI:SS '), 'apapandini'
,  TO_Date( '10/16/2018 08:39:52 ', 'MM/DD/YYYY HH:MI:SS '), NULL, 'S', NULL
, 'N', NULL, NULL, NULL, 'INDDESONERACAO', NULL, NULL, NULL, NULL, NULL, NULL, NULL);
INSERT INTO XML_ATRIBUTO( NR_SEQUENCIA, NR_SEQ_ELEMENTO, NR_SEQ_APRESENTACAO, NM_ATRIBUTO_XML, NM_ATRIBUTO, IE_CRIAR_NULO, IE_OBRIGATORIO, IE_TIPO_ATRIBUTO, DS_MASCARA, NM_USUARIO_NREC, DT_ATUALIZACAO_NREC, NM_USUARIO, DT_ATUALIZACAO, NR_SEQ_ATRIB_ELEM, IE_CRIAR_ATRIBUTO, DS_CABECALHO, IE_CONTROLE_PB, IE_REMOVER_ESPACO_BRANCO, DS_NAMESPACE, NM_TABELA_DEF_BANCO, NM_ATRIBUTO_XML_PESQUISA, CD_EXP_OBSERVACAO, NM_TABELA_BASE, NM_ATRIBUTO_BASE, QT_TAMANHO, QT_DECIMAIS, CD_DOMINIO, NR_SEQ_ITEM_XSD ) VALUES (
343878, 74912, 28, 'indAcordoIsenMulta', 'indAcordoIsenMulta', 'S', 'S', 'VARCHAR2'
, NULL, 'apapandini',  TO_Date( '10/16/2018 08:39:52 ', 'MM/DD/YYYY HH:MI:SS ')
, 'apapandini',  TO_Date( '10/16/2018 08:39:52 ', 'MM/DD/YYYY HH:MI:SS '), NULL
, 'S', NULL, 'N', NULL, NULL, NULL, 'INDACORDOISENMULTA', NULL, NULL, NULL, NULL, NULL
, NULL, NULL);
INSERT INTO XML_ATRIBUTO( NR_SEQUENCIA, NR_SEQ_ELEMENTO, NR_SEQ_APRESENTACAO, NM_ATRIBUTO_XML, NM_ATRIBUTO, IE_CRIAR_NULO, IE_OBRIGATORIO, IE_TIPO_ATRIBUTO, DS_MASCARA, NM_USUARIO_NREC, DT_ATUALIZACAO_NREC, NM_USUARIO, DT_ATUALIZACAO, NR_SEQ_ATRIB_ELEM, IE_CRIAR_ATRIBUTO, DS_CABECALHO, IE_CONTROLE_PB, IE_REMOVER_ESPACO_BRANCO, DS_NAMESPACE, NM_TABELA_DEF_BANCO, NM_ATRIBUTO_XML_PESQUISA, CD_EXP_OBSERVACAO, NM_TABELA_BASE, NM_ATRIBUTO_BASE, QT_TAMANHO, QT_DECIMAIS, CD_DOMINIO, NR_SEQ_ITEM_XSD ) VALUES (
343879, 74912, 29, 'indSitPJ', 'indSitPJ', 'S', 'S', 'VARCHAR2', NULL, 'apapandini'
,  TO_Date( '10/16/2018 08:39:52 ', 'MM/DD/YYYY HH:MI:SS '), 'apapandini',  TO_Date( '10/16/2018 08:39:52 ', 'MM/DD/YYYY HH:MI:SS ')
, NULL, 'S', NULL, 'N', NULL, NULL, NULL, 'INDSITPJ', NULL, NULL, NULL, NULL, NULL
, NULL, NULL);
INSERT INTO XML_ATRIBUTO( NR_SEQUENCIA, NR_SEQ_ELEMENTO, NR_SEQ_APRESENTACAO, NM_ATRIBUTO_XML, NM_ATRIBUTO, IE_CRIAR_NULO, IE_OBRIGATORIO, IE_TIPO_ATRIBUTO, DS_MASCARA, NM_USUARIO_NREC, DT_ATUALIZACAO_NREC, NM_USUARIO, DT_ATUALIZACAO, NR_SEQ_ATRIB_ELEM, IE_CRIAR_ATRIBUTO, DS_CABECALHO, IE_CONTROLE_PB, IE_REMOVER_ESPACO_BRANCO, DS_NAMESPACE, NM_TABELA_DEF_BANCO, NM_ATRIBUTO_XML_PESQUISA, CD_EXP_OBSERVACAO, NM_TABELA_BASE, NM_ATRIBUTO_BASE, QT_TAMANHO, QT_DECIMAIS, CD_DOMINIO, NR_SEQ_ITEM_XSD ) VALUES (
343880, 74912, 30, 'contato', NULL, 'S', 'S', NULL, NULL, 'apapandini',  TO_Date( '10/16/2018 08:39:52 ', 'MM/DD/YYYY HH:MI:SS ')
, 'apapandini',  TO_Date( '10/16/2018 08:39:52 ', 'MM/DD/YYYY HH:MI:SS '), 74913
, 'S', NULL, 'N', NULL, NULL, NULL, 'CONTATO', NULL, NULL, NULL, NULL, NULL, NULL
, NULL);
INSERT INTO XML_ATRIBUTO( NR_SEQUENCIA, NR_SEQ_ELEMENTO, NR_SEQ_APRESENTACAO, NM_ATRIBUTO_XML, NM_ATRIBUTO, IE_CRIAR_NULO, IE_OBRIGATORIO, IE_TIPO_ATRIBUTO, DS_MASCARA, NM_USUARIO_NREC, DT_ATUALIZACAO_NREC, NM_USUARIO, DT_ATUALIZACAO, NR_SEQ_ATRIB_ELEM, IE_CRIAR_ATRIBUTO, DS_CABECALHO, IE_CONTROLE_PB, IE_REMOVER_ESPACO_BRANCO, DS_NAMESPACE, NM_TABELA_DEF_BANCO, NM_ATRIBUTO_XML_PESQUISA, CD_EXP_OBSERVACAO, NM_TABELA_BASE, NM_ATRIBUTO_BASE, QT_TAMANHO, QT_DECIMAIS, CD_DOMINIO, NR_SEQ_ITEM_XSD ) VALUES (
343881, 74912, 37, 'softHouse', NULL, 'S', 'S', NULL, NULL, 'apapandini',  TO_Date( '10/16/2018 08:39:52 ', 'MM/DD/YYYY HH:MI:SS ')
, 'apapandini',  TO_Date( '10/16/2018 08:39:52 ', 'MM/DD/YYYY HH:MI:SS '), 74914
, 'S', NULL, 'N', NULL, NULL, NULL, 'SOFTHOUSE', NULL, NULL, NULL, NULL, NULL, NULL
, NULL);
INSERT INTO XML_ATRIBUTO( NR_SEQUENCIA, NR_SEQ_ELEMENTO, NR_SEQ_APRESENTACAO, NM_ATRIBUTO_XML, NM_ATRIBUTO, IE_CRIAR_NULO, IE_OBRIGATORIO, IE_TIPO_ATRIBUTO, DS_MASCARA, NM_USUARIO_NREC, DT_ATUALIZACAO_NREC, NM_USUARIO, DT_ATUALIZACAO, NR_SEQ_ATRIB_ELEM, IE_CRIAR_ATRIBUTO, DS_CABECALHO, IE_CONTROLE_PB, IE_REMOVER_ESPACO_BRANCO, DS_NAMESPACE, NM_TABELA_DEF_BANCO, NM_ATRIBUTO_XML_PESQUISA, CD_EXP_OBSERVACAO, NM_TABELA_BASE, NM_ATRIBUTO_BASE, QT_TAMANHO, QT_DECIMAIS, CD_DOMINIO, NR_SEQ_ITEM_XSD ) VALUES (
343882, 74912, 60, 'infoEFR', NULL, 'N', 'N', NULL, NULL, 'apapandini',  TO_Date( '10/16/2018 08:39:52 ', 'MM/DD/YYYY HH:MI:SS ')
, 'apapandini',  TO_Date( '10/16/2018 08:39:52 ', 'MM/DD/YYYY HH:MI:SS '), 74915
, 'S', NULL, 'N', NULL, NULL, NULL, 'INFOEFR', NULL, NULL, NULL, NULL, NULL, NULL
, NULL);
INSERT INTO XML_ATRIBUTO( NR_SEQUENCIA, NR_SEQ_ELEMENTO, NR_SEQ_APRESENTACAO, NM_ATRIBUTO_XML, NM_ATRIBUTO, IE_CRIAR_NULO, IE_OBRIGATORIO, IE_TIPO_ATRIBUTO, DS_MASCARA, NM_USUARIO_NREC, DT_ATUALIZACAO_NREC, NM_USUARIO, DT_ATUALIZACAO, NR_SEQ_ATRIB_ELEM, IE_CRIAR_ATRIBUTO, DS_CABECALHO, IE_CONTROLE_PB, IE_REMOVER_ESPACO_BRANCO, DS_NAMESPACE, NM_TABELA_DEF_BANCO, NM_ATRIBUTO_XML_PESQUISA, CD_EXP_OBSERVACAO, NM_TABELA_BASE, NM_ATRIBUTO_BASE, QT_TAMANHO, QT_DECIMAIS, CD_DOMINIO, NR_SEQ_ITEM_XSD ) VALUES (
343883, 74913, 32, 'nmCtt', 'nmCtt', 'S', 'N', 'VARCHAR2', NULL, 'apapandini',  TO_Date( '10/16/2018 08:39:52 ', 'MM/DD/YYYY HH:MI:SS ')
, 'apapandini',  TO_Date( '10/16/2018 08:39:52 ', 'MM/DD/YYYY HH:MI:SS '), NULL
, 'S', NULL, 'N', NULL, NULL, NULL, 'NMCTT', NULL, NULL, NULL, NULL, NULL, NULL, NULL);
INSERT INTO XML_ATRIBUTO( NR_SEQUENCIA, NR_SEQ_ELEMENTO, NR_SEQ_APRESENTACAO, NM_ATRIBUTO_XML, NM_ATRIBUTO, IE_CRIAR_NULO, IE_OBRIGATORIO, IE_TIPO_ATRIBUTO, DS_MASCARA, NM_USUARIO_NREC, DT_ATUALIZACAO_NREC, NM_USUARIO, DT_ATUALIZACAO, NR_SEQ_ATRIB_ELEM, IE_CRIAR_ATRIBUTO, DS_CABECALHO, IE_CONTROLE_PB, IE_REMOVER_ESPACO_BRANCO, DS_NAMESPACE, NM_TABELA_DEF_BANCO, NM_ATRIBUTO_XML_PESQUISA, CD_EXP_OBSERVACAO, NM_TABELA_BASE, NM_ATRIBUTO_BASE, QT_TAMANHO, QT_DECIMAIS, CD_DOMINIO, NR_SEQ_ITEM_XSD ) VALUES (
343884, 74913, 33, 'cpfCtt', 'cpfCtt', 'S', 'N', 'VARCHAR2', NULL, 'apapandini',  TO_Date( '10/16/2018 08:39:52 ', 'MM/DD/YYYY HH:MI:SS ')
, 'apapandini',  TO_Date( '10/16/2018 08:39:52 ', 'MM/DD/YYYY HH:MI:SS '), NULL
, 'S', NULL, 'N', NULL, NULL, NULL, 'CPFCTT', NULL, NULL, NULL, NULL, NULL, NULL, NULL);
INSERT INTO XML_ATRIBUTO( NR_SEQUENCIA, NR_SEQ_ELEMENTO, NR_SEQ_APRESENTACAO, NM_ATRIBUTO_XML, NM_ATRIBUTO, IE_CRIAR_NULO, IE_OBRIGATORIO, IE_TIPO_ATRIBUTO, DS_MASCARA, NM_USUARIO_NREC, DT_ATUALIZACAO_NREC, NM_USUARIO, DT_ATUALIZACAO, NR_SEQ_ATRIB_ELEM, IE_CRIAR_ATRIBUTO, DS_CABECALHO, IE_CONTROLE_PB, IE_REMOVER_ESPACO_BRANCO, DS_NAMESPACE, NM_TABELA_DEF_BANCO, NM_ATRIBUTO_XML_PESQUISA, CD_EXP_OBSERVACAO, NM_TABELA_BASE, NM_ATRIBUTO_BASE, QT_TAMANHO, QT_DECIMAIS, CD_DOMINIO, NR_SEQ_ITEM_XSD ) VALUES (
343885, 74913, 34, 'foneFixo', 'foneFixo', 'S', 'N', 'VARCHAR2', NULL, 'apapandini'
,  TO_Date( '10/16/2018 08:39:52 ', 'MM/DD/YYYY HH:MI:SS '), 'apapandini',  TO_Date( '10/16/2018 08:39:52 ', 'MM/DD/YYYY HH:MI:SS ')
, NULL, 'S', NULL, 'N', NULL, NULL, NULL, 'FONEFIXO', NULL, NULL, NULL, NULL, NULL
, NULL, NULL);
INSERT INTO XML_ATRIBUTO( NR_SEQUENCIA, NR_SEQ_ELEMENTO, NR_SEQ_APRESENTACAO, NM_ATRIBUTO_XML, NM_ATRIBUTO, IE_CRIAR_NULO, IE_OBRIGATORIO, IE_TIPO_ATRIBUTO, DS_MASCARA, NM_USUARIO_NREC, DT_ATUALIZACAO_NREC, NM_USUARIO, DT_ATUALIZACAO, NR_SEQ_ATRIB_ELEM, IE_CRIAR_ATRIBUTO, DS_CABECALHO, IE_CONTROLE_PB, IE_REMOVER_ESPACO_BRANCO, DS_NAMESPACE, NM_TABELA_DEF_BANCO, NM_ATRIBUTO_XML_PESQUISA, CD_EXP_OBSERVACAO, NM_TABELA_BASE, NM_ATRIBUTO_BASE, QT_TAMANHO, QT_DECIMAIS, CD_DOMINIO, NR_SEQ_ITEM_XSD ) VALUES (
343886, 74913, 35, 'foneCel', 'foneCel', 'S', 'N', 'VARCHAR2', NULL, 'apapandini'
,  TO_Date( '10/16/2018 08:39:52 ', 'MM/DD/YYYY HH:MI:SS '), 'apapandini',  TO_Date( '10/16/2018 08:39:52 ', 'MM/DD/YYYY HH:MI:SS ')
, NULL, 'S', NULL, 'N', NULL, NULL, NULL, 'FONECEL', NULL, NULL, NULL, NULL, NULL
, NULL, NULL);
INSERT INTO XML_ATRIBUTO( NR_SEQUENCIA, NR_SEQ_ELEMENTO, NR_SEQ_APRESENTACAO, NM_ATRIBUTO_XML, NM_ATRIBUTO, IE_CRIAR_NULO, IE_OBRIGATORIO, IE_TIPO_ATRIBUTO, DS_MASCARA, NM_USUARIO_NREC, DT_ATUALIZACAO_NREC, NM_USUARIO, DT_ATUALIZACAO, NR_SEQ_ATRIB_ELEM, IE_CRIAR_ATRIBUTO, DS_CABECALHO, IE_CONTROLE_PB, IE_REMOVER_ESPACO_BRANCO, DS_NAMESPACE, NM_TABELA_DEF_BANCO, NM_ATRIBUTO_XML_PESQUISA, CD_EXP_OBSERVACAO, NM_TABELA_BASE, NM_ATRIBUTO_BASE, QT_TAMANHO, QT_DECIMAIS, CD_DOMINIO, NR_SEQ_ITEM_XSD ) VALUES (
343887, 74913, 36, 'email', 'email', 'S', 'N', 'VARCHAR2', NULL, 'apapandini',  TO_Date( '10/16/2018 08:39:52 ', 'MM/DD/YYYY HH:MI:SS ')
, 'apapandini',  TO_Date( '10/16/2018 08:39:52 ', 'MM/DD/YYYY HH:MI:SS '), NULL
, 'S', NULL, 'N', NULL, NULL, NULL, 'EMAIL', NULL, NULL, NULL, NULL, NULL, NULL, NULL);
INSERT INTO XML_ATRIBUTO( NR_SEQUENCIA, NR_SEQ_ELEMENTO, NR_SEQ_APRESENTACAO, NM_ATRIBUTO_XML, NM_ATRIBUTO, IE_CRIAR_NULO, IE_OBRIGATORIO, IE_TIPO_ATRIBUTO, DS_MASCARA, NM_USUARIO_NREC, DT_ATUALIZACAO_NREC, NM_USUARIO, DT_ATUALIZACAO, NR_SEQ_ATRIB_ELEM, IE_CRIAR_ATRIBUTO, DS_CABECALHO, IE_CONTROLE_PB, IE_REMOVER_ESPACO_BRANCO, DS_NAMESPACE, NM_TABELA_DEF_BANCO, NM_ATRIBUTO_XML_PESQUISA, CD_EXP_OBSERVACAO, NM_TABELA_BASE, NM_ATRIBUTO_BASE, QT_TAMANHO, QT_DECIMAIS, CD_DOMINIO, NR_SEQ_ITEM_XSD ) VALUES (
343888, 74914, 38, 'cnpjSoftHouse', 'cnpjSoftHouse', 'S', 'S', 'VARCHAR2', NULL, 'apapandini'
,  TO_Date( '10/16/2018 08:39:52 ', 'MM/DD/YYYY HH:MI:SS '), 'apapandini',  TO_Date( '10/16/2018 08:39:52 ', 'MM/DD/YYYY HH:MI:SS ')
, NULL, 'S', NULL, 'N', NULL, NULL, NULL, 'CNPJSOFTHOUSE', NULL, NULL, NULL, NULL
, NULL, NULL, NULL);
INSERT INTO XML_ATRIBUTO( NR_SEQUENCIA, NR_SEQ_ELEMENTO, NR_SEQ_APRESENTACAO, NM_ATRIBUTO_XML, NM_ATRIBUTO, IE_CRIAR_NULO, IE_OBRIGATORIO, IE_TIPO_ATRIBUTO, DS_MASCARA, NM_USUARIO_NREC, DT_ATUALIZACAO_NREC, NM_USUARIO, DT_ATUALIZACAO, NR_SEQ_ATRIB_ELEM, IE_CRIAR_ATRIBUTO, DS_CABECALHO, IE_CONTROLE_PB, IE_REMOVER_ESPACO_BRANCO, DS_NAMESPACE, NM_TABELA_DEF_BANCO, NM_ATRIBUTO_XML_PESQUISA, CD_EXP_OBSERVACAO, NM_TABELA_BASE, NM_ATRIBUTO_BASE, QT_TAMANHO, QT_DECIMAIS, CD_DOMINIO, NR_SEQ_ITEM_XSD ) VALUES (
343889, 74914, 39, 'nmRazao', 'nmRazao_Soft', 'S', 'S', 'VARCHAR2', NULL, 'apapandini'
,  TO_Date( '10/16/2018 08:39:52 ', 'MM/DD/YYYY HH:MI:SS '), 'apapandini',  TO_Date( '10/16/2018 08:39:52 ', 'MM/DD/YYYY HH:MI:SS ')
, NULL, 'S', NULL, 'N', NULL, NULL, NULL, 'NMRAZAO', NULL, NULL, NULL, NULL, NULL
, NULL, NULL);
INSERT INTO XML_ATRIBUTO( NR_SEQUENCIA, NR_SEQ_ELEMENTO, NR_SEQ_APRESENTACAO, NM_ATRIBUTO_XML, NM_ATRIBUTO, IE_CRIAR_NULO, IE_OBRIGATORIO, IE_TIPO_ATRIBUTO, DS_MASCARA, NM_USUARIO_NREC, DT_ATUALIZACAO_NREC, NM_USUARIO, DT_ATUALIZACAO, NR_SEQ_ATRIB_ELEM, IE_CRIAR_ATRIBUTO, DS_CABECALHO, IE_CONTROLE_PB, IE_REMOVER_ESPACO_BRANCO, DS_NAMESPACE, NM_TABELA_DEF_BANCO, NM_ATRIBUTO_XML_PESQUISA, CD_EXP_OBSERVACAO, NM_TABELA_BASE, NM_ATRIBUTO_BASE, QT_TAMANHO, QT_DECIMAIS, CD_DOMINIO, NR_SEQ_ITEM_XSD ) VALUES (
343890, 74914, 40, 'nmCont', 'nmCont_Soft', 'S', 'S', 'VARCHAR2', NULL, 'apapandini'
,  TO_Date( '10/16/2018 08:39:52 ', 'MM/DD/YYYY HH:MI:SS '), 'apapandini',  TO_Date( '10/16/2018 08:39:52 ', 'MM/DD/YYYY HH:MI:SS ')
, NULL, 'S', NULL, 'N', NULL, NULL, NULL, 'NMCONT', NULL, NULL, NULL, NULL, NULL, NULL
, NULL);
INSERT INTO XML_ATRIBUTO( NR_SEQUENCIA, NR_SEQ_ELEMENTO, NR_SEQ_APRESENTACAO, NM_ATRIBUTO_XML, NM_ATRIBUTO, IE_CRIAR_NULO, IE_OBRIGATORIO, IE_TIPO_ATRIBUTO, DS_MASCARA, NM_USUARIO_NREC, DT_ATUALIZACAO_NREC, NM_USUARIO, DT_ATUALIZACAO, NR_SEQ_ATRIB_ELEM, IE_CRIAR_ATRIBUTO, DS_CABECALHO, IE_CONTROLE_PB, IE_REMOVER_ESPACO_BRANCO, DS_NAMESPACE, NM_TABELA_DEF_BANCO, NM_ATRIBUTO_XML_PESQUISA, CD_EXP_OBSERVACAO, NM_TABELA_BASE, NM_ATRIBUTO_BASE, QT_TAMANHO, QT_DECIMAIS, CD_DOMINIO, NR_SEQ_ITEM_XSD ) VALUES (
343891, 74914, 41, 'telefone', 'telefone_Soft', 'S', 'S', 'VARCHAR2', NULL, 'apapandini'
,  TO_Date( '10/16/2018 08:39:52 ', 'MM/DD/YYYY HH:MI:SS '), 'apapandini',  TO_Date( '10/16/2018 08:39:52 ', 'MM/DD/YYYY HH:MI:SS ')
, NULL, 'S', NULL, 'N', NULL, NULL, NULL, 'TELEFONE', NULL, NULL, NULL, NULL, NULL
, NULL, NULL);
INSERT INTO XML_ATRIBUTO( NR_SEQUENCIA, NR_SEQ_ELEMENTO, NR_SEQ_APRESENTACAO, NM_ATRIBUTO_XML, NM_ATRIBUTO, IE_CRIAR_NULO, IE_OBRIGATORIO, IE_TIPO_ATRIBUTO, DS_MASCARA, NM_USUARIO_NREC, DT_ATUALIZACAO_NREC, NM_USUARIO, DT_ATUALIZACAO, NR_SEQ_ATRIB_ELEM, IE_CRIAR_ATRIBUTO, DS_CABECALHO, IE_CONTROLE_PB, IE_REMOVER_ESPACO_BRANCO, DS_NAMESPACE, NM_TABELA_DEF_BANCO, NM_ATRIBUTO_XML_PESQUISA, CD_EXP_OBSERVACAO, NM_TABELA_BASE, NM_ATRIBUTO_BASE, QT_TAMANHO, QT_DECIMAIS, CD_DOMINIO, NR_SEQ_ITEM_XSD ) VALUES (
343892, 74914, 42, 'email', 'email_Soft', 'S', 'S', 'VARCHAR2', NULL, 'apapandini'
,  TO_Date( '10/16/2018 08:39:52 ', 'MM/DD/YYYY HH:MI:SS '), 'apapandini',  TO_Date( '10/16/2018 08:39:52 ', 'MM/DD/YYYY HH:MI:SS ')
, NULL, 'S', NULL, 'N', NULL, NULL, NULL, 'EMAIL', NULL, NULL, NULL, NULL, NULL, NULL
, NULL);
INSERT INTO XML_ATRIBUTO( NR_SEQUENCIA, NR_SEQ_ELEMENTO, NR_SEQ_APRESENTACAO, NM_ATRIBUTO_XML, NM_ATRIBUTO, IE_CRIAR_NULO, IE_OBRIGATORIO, IE_TIPO_ATRIBUTO, DS_MASCARA, NM_USUARIO_NREC, DT_ATUALIZACAO_NREC, NM_USUARIO, DT_ATUALIZACAO, NR_SEQ_ATRIB_ELEM, IE_CRIAR_ATRIBUTO, DS_CABECALHO, IE_CONTROLE_PB, IE_REMOVER_ESPACO_BRANCO, DS_NAMESPACE, NM_TABELA_DEF_BANCO, NM_ATRIBUTO_XML_PESQUISA, CD_EXP_OBSERVACAO, NM_TABELA_BASE, NM_ATRIBUTO_BASE, QT_TAMANHO, QT_DECIMAIS, CD_DOMINIO, NR_SEQ_ITEM_XSD ) VALUES (
343893, 74915, 62, 'ideEFR', 'ideEFR', 'N', 'N', 'VARCHAR2', NULL, 'apapandini',  TO_Date( '10/16/2018 08:39:52 ', 'MM/DD/YYYY HH:MI:SS ')
, 'apapandini',  TO_Date( '10/16/2018 08:39:52 ', 'MM/DD/YYYY HH:MI:SS '), NULL
, 'S', NULL, 'N', NULL, NULL, NULL, 'IDEEFR', NULL, NULL, NULL, NULL, NULL, NULL, NULL);
INSERT INTO XML_ATRIBUTO( NR_SEQUENCIA, NR_SEQ_ELEMENTO, NR_SEQ_APRESENTACAO, NM_ATRIBUTO_XML, NM_ATRIBUTO, IE_CRIAR_NULO, IE_OBRIGATORIO, IE_TIPO_ATRIBUTO, DS_MASCARA, NM_USUARIO_NREC, DT_ATUALIZACAO_NREC, NM_USUARIO, DT_ATUALIZACAO, NR_SEQ_ATRIB_ELEM, IE_CRIAR_ATRIBUTO, DS_CABECALHO, IE_CONTROLE_PB, IE_REMOVER_ESPACO_BRANCO, DS_NAMESPACE, NM_TABELA_DEF_BANCO, NM_ATRIBUTO_XML_PESQUISA, CD_EXP_OBSERVACAO, NM_TABELA_BASE, NM_ATRIBUTO_BASE, QT_TAMANHO, QT_DECIMAIS, CD_DOMINIO, NR_SEQ_ITEM_XSD ) VALUES (
343894, 74915, 63, 'cnpjEFR', 'cnpjEFR', 'N', 'N', 'VARCHAR2', NULL, 'apapandini'
,  TO_Date( '10/16/2018 08:39:52 ', 'MM/DD/YYYY HH:MI:SS '), 'apapandini',  TO_Date( '10/16/2018 08:39:52 ', 'MM/DD/YYYY HH:MI:SS ')
, NULL, 'S', NULL, 'N', NULL, NULL, NULL, 'CNPJEFR', NULL, NULL, NULL, NULL, NULL
, NULL, NULL);
INSERT INTO XML_ATRIBUTO( NR_SEQUENCIA, NR_SEQ_ELEMENTO, NR_SEQ_APRESENTACAO, NM_ATRIBUTO_XML, NM_ATRIBUTO, IE_CRIAR_NULO, IE_OBRIGATORIO, IE_TIPO_ATRIBUTO, DS_MASCARA, NM_USUARIO_NREC, DT_ATUALIZACAO_NREC, NM_USUARIO, DT_ATUALIZACAO, NR_SEQ_ATRIB_ELEM, IE_CRIAR_ATRIBUTO, DS_CABECALHO, IE_CONTROLE_PB, IE_REMOVER_ESPACO_BRANCO, DS_NAMESPACE, NM_TABELA_DEF_BANCO, NM_ATRIBUTO_XML_PESQUISA, CD_EXP_OBSERVACAO, NM_TABELA_BASE, NM_ATRIBUTO_BASE, QT_TAMANHO, QT_DECIMAIS, CD_DOMINIO, NR_SEQ_ITEM_XSD ) VALUES (
343895, 74916, 33, 'Reinf', NULL, 'S', 'S', NULL, NULL, 'apapandini',  TO_Date( '10/16/2018 08:39:52 ', 'MM/DD/YYYY HH:MI:SS ')
, 'apapandini',  TO_Date( '10/16/2018 08:39:52 ', 'MM/DD/YYYY HH:MI:SS '), 74917
, 'S', 'xmlns="http://www.reinf.esocial.gov.br/schemas/evtInfoContribuinte/v1_04_00"'
, 'N', NULL, NULL, NULL, 'REINF', NULL, NULL, NULL, NULL, NULL, NULL, NULL);
INSERT INTO XML_ATRIBUTO( NR_SEQUENCIA, NR_SEQ_ELEMENTO, NR_SEQ_APRESENTACAO, NM_ATRIBUTO_XML, NM_ATRIBUTO, IE_CRIAR_NULO, IE_OBRIGATORIO, IE_TIPO_ATRIBUTO, DS_MASCARA, NM_USUARIO_NREC, DT_ATUALIZACAO_NREC, NM_USUARIO, DT_ATUALIZACAO, NR_SEQ_ATRIB_ELEM, IE_CRIAR_ATRIBUTO, DS_CABECALHO, IE_CONTROLE_PB, IE_REMOVER_ESPACO_BRANCO, DS_NAMESPACE, NM_TABELA_DEF_BANCO, NM_ATRIBUTO_XML_PESQUISA, CD_EXP_OBSERVACAO, NM_TABELA_BASE, NM_ATRIBUTO_BASE, QT_TAMANHO, QT_DECIMAIS, CD_DOMINIO, NR_SEQ_ITEM_XSD ) VALUES (
343896, 74917, 36, 'evtInfoContri', NULL, 'S', 'S', NULL, NULL, 'apapandini',  TO_Date( '10/16/2018 08:39:52 ', 'MM/DD/YYYY HH:MI:SS ')
, 'apapandini',  TO_Date( '10/16/2018 08:39:52 ', 'MM/DD/YYYY HH:MI:SS '), 74918
, 'S', 'id=":nr_id"', 'N', NULL, NULL, NULL, 'EVTINFOCONTRI', NULL, NULL, NULL, NULL
, NULL, NULL, NULL);
INSERT INTO XML_ATRIBUTO( NR_SEQUENCIA, NR_SEQ_ELEMENTO, NR_SEQ_APRESENTACAO, NM_ATRIBUTO_XML, NM_ATRIBUTO, IE_CRIAR_NULO, IE_OBRIGATORIO, IE_TIPO_ATRIBUTO, DS_MASCARA, NM_USUARIO_NREC, DT_ATUALIZACAO_NREC, NM_USUARIO, DT_ATUALIZACAO, NR_SEQ_ATRIB_ELEM, IE_CRIAR_ATRIBUTO, DS_CABECALHO, IE_CONTROLE_PB, IE_REMOVER_ESPACO_BRANCO, DS_NAMESPACE, NM_TABELA_DEF_BANCO, NM_ATRIBUTO_XML_PESQUISA, CD_EXP_OBSERVACAO, NM_TABELA_BASE, NM_ATRIBUTO_BASE, QT_TAMANHO, QT_DECIMAIS, CD_DOMINIO, NR_SEQ_ITEM_XSD ) VALUES (
343897, 74918, 5, 'ideEvento', NULL, 'S', 'S', NULL, NULL, 'apapandini',  TO_Date( '10/16/2018 08:39:52 ', 'MM/DD/YYYY HH:MI:SS ')
, 'apapandini',  TO_Date( '10/16/2018 08:39:52 ', 'MM/DD/YYYY HH:MI:SS '), 74905
, 'S', NULL, 'N', NULL, NULL, NULL, 'IDEEVENTO', NULL, NULL, NULL, NULL, NULL, NULL
, NULL);
INSERT INTO XML_ATRIBUTO( NR_SEQUENCIA, NR_SEQ_ELEMENTO, NR_SEQ_APRESENTACAO, NM_ATRIBUTO_XML, NM_ATRIBUTO, IE_CRIAR_NULO, IE_OBRIGATORIO, IE_TIPO_ATRIBUTO, DS_MASCARA, NM_USUARIO_NREC, DT_ATUALIZACAO_NREC, NM_USUARIO, DT_ATUALIZACAO, NR_SEQ_ATRIB_ELEM, IE_CRIAR_ATRIBUTO, DS_CABECALHO, IE_CONTROLE_PB, IE_REMOVER_ESPACO_BRANCO, DS_NAMESPACE, NM_TABELA_DEF_BANCO, NM_ATRIBUTO_XML_PESQUISA, CD_EXP_OBSERVACAO, NM_TABELA_BASE, NM_ATRIBUTO_BASE, QT_TAMANHO, QT_DECIMAIS, CD_DOMINIO, NR_SEQ_ITEM_XSD ) VALUES (
343898, 74918, 10, 'ideContri', NULL, 'S', 'S', NULL, NULL, 'apapandini',  TO_Date( '10/16/2018 08:39:52 ', 'MM/DD/YYYY HH:MI:SS ')
, 'apapandini',  TO_Date( '10/16/2018 08:39:52 ', 'MM/DD/YYYY HH:MI:SS '), 74908
, 'S', NULL, 'N', NULL, NULL, NULL, 'IDECONTRI', NULL, NULL, NULL, NULL, NULL, NULL
, NULL);
INSERT INTO XML_ATRIBUTO( NR_SEQUENCIA, NR_SEQ_ELEMENTO, NR_SEQ_APRESENTACAO, NM_ATRIBUTO_XML, NM_ATRIBUTO, IE_CRIAR_NULO, IE_OBRIGATORIO, IE_TIPO_ATRIBUTO, DS_MASCARA, NM_USUARIO_NREC, DT_ATUALIZACAO_NREC, NM_USUARIO, DT_ATUALIZACAO, NR_SEQ_ATRIB_ELEM, IE_CRIAR_ATRIBUTO, DS_CABECALHO, IE_CONTROLE_PB, IE_REMOVER_ESPACO_BRANCO, DS_NAMESPACE, NM_TABELA_DEF_BANCO, NM_ATRIBUTO_XML_PESQUISA, CD_EXP_OBSERVACAO, NM_TABELA_BASE, NM_ATRIBUTO_BASE, QT_TAMANHO, QT_DECIMAIS, CD_DOMINIO, NR_SEQ_ITEM_XSD ) VALUES (
343899, 74918, 14, 'infoContri', NULL, 'S', 'S', NULL, NULL, 'apapandini',  TO_Date( '10/16/2018 08:39:52 ', 'MM/DD/YYYY HH:MI:SS ')
, 'apapandini',  TO_Date( '10/16/2018 08:39:52 ', 'MM/DD/YYYY HH:MI:SS '), 74909
, 'S', NULL, 'N', NULL, NULL, NULL, 'INFOCONTRI', NULL, NULL, NULL, NULL, NULL, NULL
, NULL);
INSERT INTO XML_ATRIBUTO( NR_SEQUENCIA, NR_SEQ_ELEMENTO, NR_SEQ_APRESENTACAO, NM_ATRIBUTO_XML, NM_ATRIBUTO, IE_CRIAR_NULO, IE_OBRIGATORIO, IE_TIPO_ATRIBUTO, DS_MASCARA, NM_USUARIO_NREC, DT_ATUALIZACAO_NREC, NM_USUARIO, DT_ATUALIZACAO, NR_SEQ_ATRIB_ELEM, IE_CRIAR_ATRIBUTO, DS_CABECALHO, IE_CONTROLE_PB, IE_REMOVER_ESPACO_BRANCO, DS_NAMESPACE, NM_TABELA_DEF_BANCO, NM_ATRIBUTO_XML_PESQUISA, CD_EXP_OBSERVACAO, NM_TABELA_BASE, NM_ATRIBUTO_BASE, QT_TAMANHO, QT_DECIMAIS, CD_DOMINIO, NR_SEQ_ITEM_XSD ) VALUES (
343900, 74919, 70, 'iniValid', 'iniValid', 'N', 'N', 'DATE', NULL, 'apapandini',  TO_Date( '10/16/2018 08:39:52 ', 'MM/DD/YYYY HH:MI:SS ')
, 'apapandini',  TO_Date( '10/16/2018 08:39:52 ', 'MM/DD/YYYY HH:MI:SS '), NULL
, 'N', NULL, 'N', NULL, NULL, NULL, 'INIVALID', NULL, NULL, NULL, NULL, NULL, NULL
, NULL);
INSERT INTO XML_ATRIBUTO( NR_SEQUENCIA, NR_SEQ_ELEMENTO, NR_SEQ_APRESENTACAO, NM_ATRIBUTO_XML, NM_ATRIBUTO, IE_CRIAR_NULO, IE_OBRIGATORIO, IE_TIPO_ATRIBUTO, DS_MASCARA, NM_USUARIO_NREC, DT_ATUALIZACAO_NREC, NM_USUARIO, DT_ATUALIZACAO, NR_SEQ_ATRIB_ELEM, IE_CRIAR_ATRIBUTO, DS_CABECALHO, IE_CONTROLE_PB, IE_REMOVER_ESPACO_BRANCO, DS_NAMESPACE, NM_TABELA_DEF_BANCO, NM_ATRIBUTO_XML_PESQUISA, CD_EXP_OBSERVACAO, NM_TABELA_BASE, NM_ATRIBUTO_BASE, QT_TAMANHO, QT_DECIMAIS, CD_DOMINIO, NR_SEQ_ITEM_XSD ) VALUES (
343901, 74919, 75, 'fimValid', NULL, 'N', 'N', 'DATE', NULL, 'apapandini',  TO_Date( '10/16/2018 08:39:52 ', 'MM/DD/YYYY HH:MI:SS ')
, 'apapandini',  TO_Date( '10/16/2018 08:39:52 ', 'MM/DD/YYYY HH:MI:SS '), NULL
, 'N', NULL, 'N', NULL, NULL, NULL, 'FIMVALID', NULL, NULL, NULL, NULL, NULL, NULL
, NULL);

--	FIM XML 102446
--	INICIO XML 102447
INSERT INTO XML_PROJETO( NR_SEQUENCIA, DS_PROJETO, DT_ATUALIZACAO, NM_USUARIO, DT_ATUALIZACAO_NREC, NM_USUARIO_NREC, DS_CABECALHO, DS_OBSERVACAO, IE_TIPO_COMPLEXO, NR_SEQ_PROJ_COMPLEXO, IE_HOSP_PLS, DS_VERSAO, IE_TISS, IE_SITUACAO, IE_GERAR_QUEBRA ) VALUES (
102447, 'SPED - REINF R1000 EXCLUSÃO V.1.4.00',  TO_Date( '10/17/2018 01:26:05 ', 'MM/DD/YYYY HH:MI:SS ')
, 'apapandini',  TO_Date( '10/16/2018 08:41:01 ', 'MM/DD/YYYY HH:MI:SS '), 'apapandini'
, NULL, NULL, 'N', NULL, 'H', NULL, 'N', 'I', NULL);

INSERT INTO XML_ELEMENTO( NR_SEQUENCIA, NR_SEQ_APRESENTACAO, NR_SEQ_PROJETO, NM_ELEMENTO, DS_ELEMENTO, DS_CABECALHO, DS_SQL, DS_GRUPO, NM_USUARIO, DT_ATUALIZACAO, IE_CRIAR_NULO, NM_USUARIO_NREC, DT_ATUALIZACAO_NREC, IE_TIPO_ELEMENTO, IE_CRIAR_ELEMENTO, IE_TIPO_COMPLEXO, DS_SQL_2, DS_NAMESPACE, QT_MIN_OCOR, QT_MAX_OCOR, NR_SEQ_ITEM_XSD ) VALUES (
74920, 6, 102447, 'ideEvento', 'ideEvento', NULL, NULL, NULL, 'apapandini',  TO_Date( '10/16/2018 08:41:02 ', 'MM/DD/YYYY HH:MI:SS ')
, 'S', 'apapandini',  TO_Date( '10/16/2018 08:41:02 ', 'MM/DD/YYYY HH:MI:SS ')
, 'E', 'S', 'S', NULL, NULL, NULL, NULL, NULL);
INSERT INTO XML_ELEMENTO( NR_SEQUENCIA, NR_SEQ_APRESENTACAO, NR_SEQ_PROJETO, NM_ELEMENTO, DS_ELEMENTO, DS_CABECALHO, DS_SQL, DS_GRUPO, NM_USUARIO, DT_ATUALIZACAO, IE_CRIAR_NULO, NM_USUARIO_NREC, DT_ATUALIZACAO_NREC, IE_TIPO_ELEMENTO, IE_CRIAR_ELEMENTO, IE_TIPO_COMPLEXO, DS_SQL_2, DS_NAMESPACE, QT_MIN_OCOR, QT_MAX_OCOR, NR_SEQ_ITEM_XSD ) VALUES (
74921, 1, 102447, 'Reinf', 'Reinf', 'xmlns="http://www.reinf.esocial.gov.br/schemas/envioLoteEventos/v1_04_00"'
, '	  SELECT     (''ID'' || ''1'' || rpad(substr(e.cd_cgc,1,8), 14, ''0'') || TO_CHAR(SYSDATE,''YYYYMMDD'') || TO_CHAR(SYSDATE,''HHMMSS'')  ||''00001'') nr_id,
	   f.IE_IDENT_AMBIENTE  tpAmb,
	   ''1''                  procEmi,
	   (SELECT MAX(CD_VERSAO) cd FROM APLICACAO_TASY_VERSAO) verProc,
	   ''1''                  tpInsc,
	   substr(e.cd_cgc,1,8) nrInsc,
	   TO_CHAR(f.dt_validade_inf,''YYYY-MM'')  iniValid,
	   ''''                   fimValid,
	   f.CD_CLASSIF_TRIB    classTrib,
	   DECODE((SELECT COUNT(dt_geracao) FROM CTB_SPED_CONTROLE c WHERE dt_geracao IS NOT NULL),0,0, 1) indEscrituracao,
 	   ''0'' indDesoneracao,
	   ''0''                  indAcordoIsenMulta,
	   f.IE_SITUACAO_PJ     indSitPJ,
           ELIMINA_CARACTERE_ESPECIAL(RPAD( SUBSTR((SELECT nm_pessoa_fisica FROM pessoa_fisica WHERE cd_pessoa_fisica = (SELECT em.cd_contabilista cd_contabilista FROM estabelecimento es, empresa em WHERE es.cd_empresa = em.cd_empresa AND cd_estabelecimento = e.cd_estabelecimento)),1,70),70,'' '')) nmCtt,
          (SELECT nr_cpf FROM pessoa_fisica WHERE cd_pessoa_fisica = (SELECT em.cd_contabilista cd_contabilista FROM estabelecimento es, empresa em WHERE es.cd_empresa = em.cd_empresa AND cd_estabelecimento = e.cd_estabelecimento)) cpfCtt,
           SUBSTR(obter_dados_pf_pj(NULL,e.cd_cgc,''DDT'')||obter_dados_pf_pj(NULL,e.cd_cgc,''T''),1,13) foneFixo,
	   SUBSTR(obter_dados_pf_pj(NULL,e.cd_cgc,''DDT'')||obter_dados_pf_pj(NULL,e.cd_cgc,''T''),1,13) foneCel,
	   RPAD(SUBSTR(obter_dados_pf_pj_estab(e.cd_estabelecimento, NULL, e.cd_cgc, ''M''),1,60),60,'' '') email,
	   ''01950338000177''      cnpjSoftHouse,
	   RPAD(''PHILIPS CLINICAL INFORMATICS - SISTEMAS DE INFORMACAO LTDA'',115,'' '') nmRazao_Soft,
           RPAD(''PHILIPS'',70,'' '') nmCont_Soft,
           ''4731444000''  telefone_Soft,
           RPAD(''philips@philips.com'',60,'' '')   email_Soft,
           f.IE_UNIDADE_ADM     ideEFR,
           DECODE(f.IE_UNIDADE_ADM,''N'', f.CD_CNPJ_EFR) cnpjEFR
FROM estabelecimento e,
     FIS_REINF_R1000 f
WHERE e.cd_estabelecimento = f.cd_estabelecimento
AND f.nr_sequencia  = :nr_sequencia'
, NULL, 'apapandini',  TO_Date( '10/16/2018 08:41:02 ', 'MM/DD/YYYY HH:MI:SS ')
, 'S', 'apapandini',  TO_Date( '10/16/2018 08:41:02 ', 'MM/DD/YYYY HH:MI:SS ')
, 'E', 'S', 'S', NULL, NULL, NULL, NULL, NULL);
INSERT INTO XML_ELEMENTO( NR_SEQUENCIA, NR_SEQ_APRESENTACAO, NR_SEQ_PROJETO, NM_ELEMENTO, DS_ELEMENTO, DS_CABECALHO, DS_SQL, DS_GRUPO, NM_USUARIO, DT_ATUALIZACAO, IE_CRIAR_NULO, NM_USUARIO_NREC, DT_ATUALIZACAO_NREC, IE_TIPO_ELEMENTO, IE_CRIAR_ELEMENTO, IE_TIPO_COMPLEXO, DS_SQL_2, DS_NAMESPACE, QT_MIN_OCOR, QT_MAX_OCOR, NR_SEQ_ITEM_XSD ) VALUES (
74922, 3, 102447, 'loteEventos', 'loteEventos', NULL, NULL, NULL, 'apapandini',  TO_Date( '10/16/2018 08:41:02 ', 'MM/DD/YYYY HH:MI:SS ')
, 'S', 'apapandini',  TO_Date( '10/16/2018 08:41:02 ', 'MM/DD/YYYY HH:MI:SS ')
, 'E', 'S', 'S', NULL, NULL, NULL, NULL, NULL);
INSERT INTO XML_ELEMENTO( NR_SEQUENCIA, NR_SEQ_APRESENTACAO, NR_SEQ_PROJETO, NM_ELEMENTO, DS_ELEMENTO, DS_CABECALHO, DS_SQL, DS_GRUPO, NM_USUARIO, DT_ATUALIZACAO, IE_CRIAR_NULO, NM_USUARIO_NREC, DT_ATUALIZACAO_NREC, IE_TIPO_ELEMENTO, IE_CRIAR_ELEMENTO, IE_TIPO_COMPLEXO, DS_SQL_2, DS_NAMESPACE, QT_MIN_OCOR, QT_MAX_OCOR, NR_SEQ_ITEM_XSD ) VALUES (
74923, 11, 102447, 'ideContri', 'ideContri', NULL, NULL, NULL, 'apapandini',  TO_Date( '10/16/2018 08:41:02 ', 'MM/DD/YYYY HH:MI:SS ')
, 'S', 'apapandini',  TO_Date( '10/16/2018 08:41:02 ', 'MM/DD/YYYY HH:MI:SS ')
, 'E', 'S', 'S', NULL, NULL, NULL, NULL, NULL);
INSERT INTO XML_ELEMENTO( NR_SEQUENCIA, NR_SEQ_APRESENTACAO, NR_SEQ_PROJETO, NM_ELEMENTO, DS_ELEMENTO, DS_CABECALHO, DS_SQL, DS_GRUPO, NM_USUARIO, DT_ATUALIZACAO, IE_CRIAR_NULO, NM_USUARIO_NREC, DT_ATUALIZACAO_NREC, IE_TIPO_ELEMENTO, IE_CRIAR_ELEMENTO, IE_TIPO_COMPLEXO, DS_SQL_2, DS_NAMESPACE, QT_MIN_OCOR, QT_MAX_OCOR, NR_SEQ_ITEM_XSD ) VALUES (
74924, 15, 102447, 'infoContri', 'infoContri', NULL, NULL, NULL, 'apapandini',  TO_Date( '10/16/2018 08:41:02 ', 'MM/DD/YYYY HH:MI:SS ')
, 'S', 'apapandini',  TO_Date( '10/16/2018 08:41:02 ', 'MM/DD/YYYY HH:MI:SS ')
, 'E', 'S', 'S', NULL, NULL, NULL, NULL, NULL);
INSERT INTO XML_ELEMENTO( NR_SEQUENCIA, NR_SEQ_APRESENTACAO, NR_SEQ_PROJETO, NM_ELEMENTO, DS_ELEMENTO, DS_CABECALHO, DS_SQL, DS_GRUPO, NM_USUARIO, DT_ATUALIZACAO, IE_CRIAR_NULO, NM_USUARIO_NREC, DT_ATUALIZACAO_NREC, IE_TIPO_ELEMENTO, IE_CRIAR_ELEMENTO, IE_TIPO_COMPLEXO, DS_SQL_2, DS_NAMESPACE, QT_MIN_OCOR, QT_MAX_OCOR, NR_SEQ_ITEM_XSD ) VALUES (
74925, 17, 102447, 'exclusao', 'exclusao', NULL, NULL, NULL, 'apapandini',  TO_Date( '10/16/2018 08:41:02 ', 'MM/DD/YYYY HH:MI:SS ')
, 'S', 'apapandini',  TO_Date( '10/16/2018 08:41:02 ', 'MM/DD/YYYY HH:MI:SS ')
, 'E', 'S', 'S', NULL, NULL, NULL, NULL, NULL);
INSERT INTO XML_ELEMENTO( NR_SEQUENCIA, NR_SEQ_APRESENTACAO, NR_SEQ_PROJETO, NM_ELEMENTO, DS_ELEMENTO, DS_CABECALHO, DS_SQL, DS_GRUPO, NM_USUARIO, DT_ATUALIZACAO, IE_CRIAR_NULO, NM_USUARIO_NREC, DT_ATUALIZACAO_NREC, IE_TIPO_ELEMENTO, IE_CRIAR_ELEMENTO, IE_TIPO_COMPLEXO, DS_SQL_2, DS_NAMESPACE, QT_MIN_OCOR, QT_MAX_OCOR, NR_SEQ_ITEM_XSD ) VALUES (
74926, 19, 102447, 'idePeriodo', 'idePeriodo', NULL, NULL, NULL, 'apapandini',  TO_Date( '10/16/2018 08:41:02 ', 'MM/DD/YYYY HH:MI:SS ')
, 'S', 'apapandini',  TO_Date( '10/16/2018 08:41:02 ', 'MM/DD/YYYY HH:MI:SS ')
, 'E', 'S', 'S', NULL, NULL, NULL, NULL, NULL);
INSERT INTO XML_ELEMENTO( NR_SEQUENCIA, NR_SEQ_APRESENTACAO, NR_SEQ_PROJETO, NM_ELEMENTO, DS_ELEMENTO, DS_CABECALHO, DS_SQL, DS_GRUPO, NM_USUARIO, DT_ATUALIZACAO, IE_CRIAR_NULO, NM_USUARIO_NREC, DT_ATUALIZACAO_NREC, IE_TIPO_ELEMENTO, IE_CRIAR_ELEMENTO, IE_TIPO_COMPLEXO, DS_SQL_2, DS_NAMESPACE, QT_MIN_OCOR, QT_MAX_OCOR, NR_SEQ_ITEM_XSD ) VALUES (
74927, 10, 102447, 'Evento', 'Evento', NULL, NULL, NULL, 'apapandini',  TO_Date( '10/16/2018 08:41:02 ', 'MM/DD/YYYY HH:MI:SS ')
, 'S', 'apapandini',  TO_Date( '10/16/2018 08:41:02 ', 'MM/DD/YYYY HH:MI:SS ')
, 'E', 'S', 'S', NULL, NULL, NULL, NULL, NULL);
INSERT INTO XML_ELEMENTO( NR_SEQUENCIA, NR_SEQ_APRESENTACAO, NR_SEQ_PROJETO, NM_ELEMENTO, DS_ELEMENTO, DS_CABECALHO, DS_SQL, DS_GRUPO, NM_USUARIO, DT_ATUALIZACAO, IE_CRIAR_NULO, NM_USUARIO_NREC, DT_ATUALIZACAO_NREC, IE_TIPO_ELEMENTO, IE_CRIAR_ELEMENTO, IE_TIPO_COMPLEXO, DS_SQL_2, DS_NAMESPACE, QT_MIN_OCOR, QT_MAX_OCOR, NR_SEQ_ITEM_XSD ) VALUES (
74928, 34, 102447, 'Reinf', 'Reinf', NULL, NULL, NULL, 'apapandini',  TO_Date( '10/16/2018 08:41:02 ', 'MM/DD/YYYY HH:MI:SS ')
, 'S', 'apapandini',  TO_Date( '10/16/2018 08:41:02 ', 'MM/DD/YYYY HH:MI:SS ')
, 'E', 'S', 'S', NULL, NULL, NULL, NULL, NULL);
INSERT INTO XML_ELEMENTO( NR_SEQUENCIA, NR_SEQ_APRESENTACAO, NR_SEQ_PROJETO, NM_ELEMENTO, DS_ELEMENTO, DS_CABECALHO, DS_SQL, DS_GRUPO, NM_USUARIO, DT_ATUALIZACAO, IE_CRIAR_NULO, NM_USUARIO_NREC, DT_ATUALIZACAO_NREC, IE_TIPO_ELEMENTO, IE_CRIAR_ELEMENTO, IE_TIPO_COMPLEXO, DS_SQL_2, DS_NAMESPACE, QT_MIN_OCOR, QT_MAX_OCOR, NR_SEQ_ITEM_XSD ) VALUES (
74929, 39, 102447, 'evtInfoContri', 'evtInfoContri', NULL, NULL, NULL, 'apapandini'
,  TO_Date( '10/16/2018 08:41:02 ', 'MM/DD/YYYY HH:MI:SS '), 'S', 'apapandini'
,  TO_Date( '10/16/2018 08:41:02 ', 'MM/DD/YYYY HH:MI:SS '), 'E', 'S', 'S'
, NULL, NULL, NULL, NULL, NULL);

INSERT INTO XML_ATRIBUTO( NR_SEQUENCIA, NR_SEQ_ELEMENTO, NR_SEQ_APRESENTACAO, NM_ATRIBUTO_XML, NM_ATRIBUTO, IE_CRIAR_NULO, IE_OBRIGATORIO, IE_TIPO_ATRIBUTO, DS_MASCARA, NM_USUARIO_NREC, DT_ATUALIZACAO_NREC, NM_USUARIO, DT_ATUALIZACAO, NR_SEQ_ATRIB_ELEM, IE_CRIAR_ATRIBUTO, DS_CABECALHO, IE_CONTROLE_PB, IE_REMOVER_ESPACO_BRANCO, DS_NAMESPACE, NM_TABELA_DEF_BANCO, NM_ATRIBUTO_XML_PESQUISA, CD_EXP_OBSERVACAO, NM_TABELA_BASE, NM_ATRIBUTO_BASE, QT_TAMANHO, QT_DECIMAIS, CD_DOMINIO, NR_SEQ_ITEM_XSD ) VALUES (
343902, 74920, 7, 'tpAmb', 'tpAmb', 'S', 'S', 'VARCHAR2', NULL, 'apapandini',  TO_Date( '10/16/2018 08:41:02 ', 'MM/DD/YYYY HH:MI:SS ')
, 'apapandini',  TO_Date( '10/16/2018 08:41:02 ', 'MM/DD/YYYY HH:MI:SS '), NULL
, 'S', NULL, 'N', NULL, NULL, NULL, 'TPAMB', NULL, NULL, NULL, NULL, NULL, NULL, NULL);
INSERT INTO XML_ATRIBUTO( NR_SEQUENCIA, NR_SEQ_ELEMENTO, NR_SEQ_APRESENTACAO, NM_ATRIBUTO_XML, NM_ATRIBUTO, IE_CRIAR_NULO, IE_OBRIGATORIO, IE_TIPO_ATRIBUTO, DS_MASCARA, NM_USUARIO_NREC, DT_ATUALIZACAO_NREC, NM_USUARIO, DT_ATUALIZACAO, NR_SEQ_ATRIB_ELEM, IE_CRIAR_ATRIBUTO, DS_CABECALHO, IE_CONTROLE_PB, IE_REMOVER_ESPACO_BRANCO, DS_NAMESPACE, NM_TABELA_DEF_BANCO, NM_ATRIBUTO_XML_PESQUISA, CD_EXP_OBSERVACAO, NM_TABELA_BASE, NM_ATRIBUTO_BASE, QT_TAMANHO, QT_DECIMAIS, CD_DOMINIO, NR_SEQ_ITEM_XSD ) VALUES (
343903, 74920, 8, 'procEmi', 'procEmi', 'S', 'S', 'VARCHAR2', NULL, 'apapandini',  TO_Date( '10/16/2018 08:41:02 ', 'MM/DD/YYYY HH:MI:SS ')
, 'apapandini',  TO_Date( '10/16/2018 08:41:02 ', 'MM/DD/YYYY HH:MI:SS '), NULL
, 'S', NULL, 'N', NULL, NULL, NULL, 'PROCEMI', NULL, NULL, NULL, NULL, NULL, NULL
, NULL);
INSERT INTO XML_ATRIBUTO( NR_SEQUENCIA, NR_SEQ_ELEMENTO, NR_SEQ_APRESENTACAO, NM_ATRIBUTO_XML, NM_ATRIBUTO, IE_CRIAR_NULO, IE_OBRIGATORIO, IE_TIPO_ATRIBUTO, DS_MASCARA, NM_USUARIO_NREC, DT_ATUALIZACAO_NREC, NM_USUARIO, DT_ATUALIZACAO, NR_SEQ_ATRIB_ELEM, IE_CRIAR_ATRIBUTO, DS_CABECALHO, IE_CONTROLE_PB, IE_REMOVER_ESPACO_BRANCO, DS_NAMESPACE, NM_TABELA_DEF_BANCO, NM_ATRIBUTO_XML_PESQUISA, CD_EXP_OBSERVACAO, NM_TABELA_BASE, NM_ATRIBUTO_BASE, QT_TAMANHO, QT_DECIMAIS, CD_DOMINIO, NR_SEQ_ITEM_XSD ) VALUES (
343904, 74920, 9, 'verProc', 'verProc', 'S', 'S', 'VARCHAR2', NULL, 'apapandini',  TO_Date( '10/16/2018 08:41:02 ', 'MM/DD/YYYY HH:MI:SS ')
, 'apapandini',  TO_Date( '10/16/2018 08:41:02 ', 'MM/DD/YYYY HH:MI:SS '), NULL
, 'S', NULL, 'N', NULL, NULL, NULL, 'VERPROC', NULL, NULL, NULL, NULL, NULL, NULL
, NULL);
INSERT INTO XML_ATRIBUTO( NR_SEQUENCIA, NR_SEQ_ELEMENTO, NR_SEQ_APRESENTACAO, NM_ATRIBUTO_XML, NM_ATRIBUTO, IE_CRIAR_NULO, IE_OBRIGATORIO, IE_TIPO_ATRIBUTO, DS_MASCARA, NM_USUARIO_NREC, DT_ATUALIZACAO_NREC, NM_USUARIO, DT_ATUALIZACAO, NR_SEQ_ATRIB_ELEM, IE_CRIAR_ATRIBUTO, DS_CABECALHO, IE_CONTROLE_PB, IE_REMOVER_ESPACO_BRANCO, DS_NAMESPACE, NM_TABELA_DEF_BANCO, NM_ATRIBUTO_XML_PESQUISA, CD_EXP_OBSERVACAO, NM_TABELA_BASE, NM_ATRIBUTO_BASE, QT_TAMANHO, QT_DECIMAIS, CD_DOMINIO, NR_SEQ_ITEM_XSD ) VALUES (
343905, 74921, 2, 'loteEventos', NULL, 'S', 'S', NULL, NULL, 'apapandini',  TO_Date( '10/16/2018 08:41:02 ', 'MM/DD/YYYY HH:MI:SS ')
, 'apapandini',  TO_Date( '10/16/2018 08:41:02 ', 'MM/DD/YYYY HH:MI:SS '), 74922
, 'S', NULL, 'N', NULL, NULL, NULL, 'LOTEEVENTOS', NULL, NULL, NULL, NULL, NULL, NULL
, NULL);
INSERT INTO XML_ATRIBUTO( NR_SEQUENCIA, NR_SEQ_ELEMENTO, NR_SEQ_APRESENTACAO, NM_ATRIBUTO_XML, NM_ATRIBUTO, IE_CRIAR_NULO, IE_OBRIGATORIO, IE_TIPO_ATRIBUTO, DS_MASCARA, NM_USUARIO_NREC, DT_ATUALIZACAO_NREC, NM_USUARIO, DT_ATUALIZACAO, NR_SEQ_ATRIB_ELEM, IE_CRIAR_ATRIBUTO, DS_CABECALHO, IE_CONTROLE_PB, IE_REMOVER_ESPACO_BRANCO, DS_NAMESPACE, NM_TABELA_DEF_BANCO, NM_ATRIBUTO_XML_PESQUISA, CD_EXP_OBSERVACAO, NM_TABELA_BASE, NM_ATRIBUTO_BASE, QT_TAMANHO, QT_DECIMAIS, CD_DOMINIO, NR_SEQ_ITEM_XSD ) VALUES (
343906, 74922, 4, 'evento', NULL, 'S', 'S', 'VARCHAR2', NULL, 'apapandini',  TO_Date( '10/16/2018 08:41:02 ', 'MM/DD/YYYY HH:MI:SS ')
, 'apapandini',  TO_Date( '10/16/2018 08:41:02 ', 'MM/DD/YYYY HH:MI:SS '), 74927
, 'S', 'id=":nr_id"', 'N', NULL, NULL, NULL, 'EVENTO', NULL, NULL, NULL, NULL, NULL
, NULL, NULL);
INSERT INTO XML_ATRIBUTO( NR_SEQUENCIA, NR_SEQ_ELEMENTO, NR_SEQ_APRESENTACAO, NM_ATRIBUTO_XML, NM_ATRIBUTO, IE_CRIAR_NULO, IE_OBRIGATORIO, IE_TIPO_ATRIBUTO, DS_MASCARA, NM_USUARIO_NREC, DT_ATUALIZACAO_NREC, NM_USUARIO, DT_ATUALIZACAO, NR_SEQ_ATRIB_ELEM, IE_CRIAR_ATRIBUTO, DS_CABECALHO, IE_CONTROLE_PB, IE_REMOVER_ESPACO_BRANCO, DS_NAMESPACE, NM_TABELA_DEF_BANCO, NM_ATRIBUTO_XML_PESQUISA, CD_EXP_OBSERVACAO, NM_TABELA_BASE, NM_ATRIBUTO_BASE, QT_TAMANHO, QT_DECIMAIS, CD_DOMINIO, NR_SEQ_ITEM_XSD ) VALUES (
343907, 74923, 12, 'tpInsc', 'tpInsc', 'S', 'S', 'VARCHAR2', NULL, 'apapandini',  TO_Date( '10/16/2018 08:41:02 ', 'MM/DD/YYYY HH:MI:SS ')
, 'apapandini',  TO_Date( '10/16/2018 08:41:02 ', 'MM/DD/YYYY HH:MI:SS '), NULL
, 'S', NULL, 'N', NULL, NULL, NULL, 'TPINSC', NULL, NULL, NULL, NULL, NULL, NULL, NULL);
INSERT INTO XML_ATRIBUTO( NR_SEQUENCIA, NR_SEQ_ELEMENTO, NR_SEQ_APRESENTACAO, NM_ATRIBUTO_XML, NM_ATRIBUTO, IE_CRIAR_NULO, IE_OBRIGATORIO, IE_TIPO_ATRIBUTO, DS_MASCARA, NM_USUARIO_NREC, DT_ATUALIZACAO_NREC, NM_USUARIO, DT_ATUALIZACAO, NR_SEQ_ATRIB_ELEM, IE_CRIAR_ATRIBUTO, DS_CABECALHO, IE_CONTROLE_PB, IE_REMOVER_ESPACO_BRANCO, DS_NAMESPACE, NM_TABELA_DEF_BANCO, NM_ATRIBUTO_XML_PESQUISA, CD_EXP_OBSERVACAO, NM_TABELA_BASE, NM_ATRIBUTO_BASE, QT_TAMANHO, QT_DECIMAIS, CD_DOMINIO, NR_SEQ_ITEM_XSD ) VALUES (
343908, 74923, 13, 'nrInsc', 'nrInsc', 'S', 'S', 'VARCHAR2', NULL, 'apapandini',  TO_Date( '10/16/2018 08:41:02 ', 'MM/DD/YYYY HH:MI:SS ')
, 'apapandini',  TO_Date( '10/16/2018 08:41:02 ', 'MM/DD/YYYY HH:MI:SS '), NULL
, 'S', NULL, 'N', NULL, NULL, NULL, 'NRINSC', NULL, NULL, NULL, NULL, NULL, NULL, NULL);
INSERT INTO XML_ATRIBUTO( NR_SEQUENCIA, NR_SEQ_ELEMENTO, NR_SEQ_APRESENTACAO, NM_ATRIBUTO_XML, NM_ATRIBUTO, IE_CRIAR_NULO, IE_OBRIGATORIO, IE_TIPO_ATRIBUTO, DS_MASCARA, NM_USUARIO_NREC, DT_ATUALIZACAO_NREC, NM_USUARIO, DT_ATUALIZACAO, NR_SEQ_ATRIB_ELEM, IE_CRIAR_ATRIBUTO, DS_CABECALHO, IE_CONTROLE_PB, IE_REMOVER_ESPACO_BRANCO, DS_NAMESPACE, NM_TABELA_DEF_BANCO, NM_ATRIBUTO_XML_PESQUISA, CD_EXP_OBSERVACAO, NM_TABELA_BASE, NM_ATRIBUTO_BASE, QT_TAMANHO, QT_DECIMAIS, CD_DOMINIO, NR_SEQ_ITEM_XSD ) VALUES (
343909, 74924, 16, 'exclusao', NULL, 'S', 'S', NULL, NULL, 'apapandini',  TO_Date( '10/16/2018 08:41:02 ', 'MM/DD/YYYY HH:MI:SS ')
, 'apapandini',  TO_Date( '10/16/2018 08:41:02 ', 'MM/DD/YYYY HH:MI:SS '), 74925
, 'S', NULL, 'N', NULL, NULL, NULL, 'EXCLUSAO', NULL, NULL, NULL, NULL, NULL, NULL
, NULL);
INSERT INTO XML_ATRIBUTO( NR_SEQUENCIA, NR_SEQ_ELEMENTO, NR_SEQ_APRESENTACAO, NM_ATRIBUTO_XML, NM_ATRIBUTO, IE_CRIAR_NULO, IE_OBRIGATORIO, IE_TIPO_ATRIBUTO, DS_MASCARA, NM_USUARIO_NREC, DT_ATUALIZACAO_NREC, NM_USUARIO, DT_ATUALIZACAO, NR_SEQ_ATRIB_ELEM, IE_CRIAR_ATRIBUTO, DS_CABECALHO, IE_CONTROLE_PB, IE_REMOVER_ESPACO_BRANCO, DS_NAMESPACE, NM_TABELA_DEF_BANCO, NM_ATRIBUTO_XML_PESQUISA, CD_EXP_OBSERVACAO, NM_TABELA_BASE, NM_ATRIBUTO_BASE, QT_TAMANHO, QT_DECIMAIS, CD_DOMINIO, NR_SEQ_ITEM_XSD ) VALUES (
343910, 74925, 18, 'idePeriodo', NULL, 'S', 'S', NULL, NULL, 'apapandini',  TO_Date( '10/16/2018 08:41:02 ', 'MM/DD/YYYY HH:MI:SS ')
, 'apapandini',  TO_Date( '10/16/2018 08:41:02 ', 'MM/DD/YYYY HH:MI:SS '), 74926
, 'S', NULL, 'N', NULL, NULL, NULL, 'IDEPERIODO', NULL, NULL, NULL, NULL, NULL, NULL
, NULL);
INSERT INTO XML_ATRIBUTO( NR_SEQUENCIA, NR_SEQ_ELEMENTO, NR_SEQ_APRESENTACAO, NM_ATRIBUTO_XML, NM_ATRIBUTO, IE_CRIAR_NULO, IE_OBRIGATORIO, IE_TIPO_ATRIBUTO, DS_MASCARA, NM_USUARIO_NREC, DT_ATUALIZACAO_NREC, NM_USUARIO, DT_ATUALIZACAO, NR_SEQ_ATRIB_ELEM, IE_CRIAR_ATRIBUTO, DS_CABECALHO, IE_CONTROLE_PB, IE_REMOVER_ESPACO_BRANCO, DS_NAMESPACE, NM_TABELA_DEF_BANCO, NM_ATRIBUTO_XML_PESQUISA, CD_EXP_OBSERVACAO, NM_TABELA_BASE, NM_ATRIBUTO_BASE, QT_TAMANHO, QT_DECIMAIS, CD_DOMINIO, NR_SEQ_ITEM_XSD ) VALUES (
343911, 74926, 20, 'iniValid', 'iniValid', 'S', 'S', 'VARCHAR2', NULL, 'apapandini'
,  TO_Date( '10/16/2018 08:41:02 ', 'MM/DD/YYYY HH:MI:SS '), 'apapandini',  TO_Date( '10/16/2018 08:41:02 ', 'MM/DD/YYYY HH:MI:SS ')
, NULL, 'S', NULL, 'N', NULL, NULL, NULL, 'INIVALID', NULL, NULL, NULL, NULL, NULL
, NULL, NULL);
INSERT INTO XML_ATRIBUTO( NR_SEQUENCIA, NR_SEQ_ELEMENTO, NR_SEQ_APRESENTACAO, NM_ATRIBUTO_XML, NM_ATRIBUTO, IE_CRIAR_NULO, IE_OBRIGATORIO, IE_TIPO_ATRIBUTO, DS_MASCARA, NM_USUARIO_NREC, DT_ATUALIZACAO_NREC, NM_USUARIO, DT_ATUALIZACAO, NR_SEQ_ATRIB_ELEM, IE_CRIAR_ATRIBUTO, DS_CABECALHO, IE_CONTROLE_PB, IE_REMOVER_ESPACO_BRANCO, DS_NAMESPACE, NM_TABELA_DEF_BANCO, NM_ATRIBUTO_XML_PESQUISA, CD_EXP_OBSERVACAO, NM_TABELA_BASE, NM_ATRIBUTO_BASE, QT_TAMANHO, QT_DECIMAIS, CD_DOMINIO, NR_SEQ_ITEM_XSD ) VALUES (
343912, 74926, 21, 'fimValid', 'fimValid', 'N', 'N', 'VARCHAR2', NULL, 'apapandini'
,  TO_Date( '10/16/2018 08:41:02 ', 'MM/DD/YYYY HH:MI:SS '), 'apapandini',  TO_Date( '10/16/2018 08:41:02 ', 'MM/DD/YYYY HH:MI:SS ')
, NULL, 'N', NULL, 'N', NULL, NULL, NULL, 'FIMVALID', NULL, NULL, NULL, NULL, NULL
, NULL, NULL);
INSERT INTO XML_ATRIBUTO( NR_SEQUENCIA, NR_SEQ_ELEMENTO, NR_SEQ_APRESENTACAO, NM_ATRIBUTO_XML, NM_ATRIBUTO, IE_CRIAR_NULO, IE_OBRIGATORIO, IE_TIPO_ATRIBUTO, DS_MASCARA, NM_USUARIO_NREC, DT_ATUALIZACAO_NREC, NM_USUARIO, DT_ATUALIZACAO, NR_SEQ_ATRIB_ELEM, IE_CRIAR_ATRIBUTO, DS_CABECALHO, IE_CONTROLE_PB, IE_REMOVER_ESPACO_BRANCO, DS_NAMESPACE, NM_TABELA_DEF_BANCO, NM_ATRIBUTO_XML_PESQUISA, CD_EXP_OBSERVACAO, NM_TABELA_BASE, NM_ATRIBUTO_BASE, QT_TAMANHO, QT_DECIMAIS, CD_DOMINIO, NR_SEQ_ITEM_XSD ) VALUES (
343913, 74927, 33, 'Reinf', NULL, 'S', 'S', NULL, NULL, 'apapandini',  TO_Date( '10/16/2018 08:41:02 ', 'MM/DD/YYYY HH:MI:SS ')
, 'apapandini',  TO_Date( '10/16/2018 08:41:02 ', 'MM/DD/YYYY HH:MI:SS '), 74928
, 'S', 'xmlns="http://www.reinf.esocial.gov.br/schemas/evtInfoContribuinte/v1_04_00"'
, 'N', NULL, NULL, NULL, 'REINF', NULL, NULL, NULL, NULL, NULL, NULL, NULL);
INSERT INTO XML_ATRIBUTO( NR_SEQUENCIA, NR_SEQ_ELEMENTO, NR_SEQ_APRESENTACAO, NM_ATRIBUTO_XML, NM_ATRIBUTO, IE_CRIAR_NULO, IE_OBRIGATORIO, IE_TIPO_ATRIBUTO, DS_MASCARA, NM_USUARIO_NREC, DT_ATUALIZACAO_NREC, NM_USUARIO, DT_ATUALIZACAO, NR_SEQ_ATRIB_ELEM, IE_CRIAR_ATRIBUTO, DS_CABECALHO, IE_CONTROLE_PB, IE_REMOVER_ESPACO_BRANCO, DS_NAMESPACE, NM_TABELA_DEF_BANCO, NM_ATRIBUTO_XML_PESQUISA, CD_EXP_OBSERVACAO, NM_TABELA_BASE, NM_ATRIBUTO_BASE, QT_TAMANHO, QT_DECIMAIS, CD_DOMINIO, NR_SEQ_ITEM_XSD ) VALUES (
343914, 74928, 36, 'evtInfoContri', NULL, 'S', 'S', NULL, NULL, 'apapandini',  TO_Date( '10/16/2018 08:41:02 ', 'MM/DD/YYYY HH:MI:SS ')
, 'apapandini',  TO_Date( '10/16/2018 08:41:02 ', 'MM/DD/YYYY HH:MI:SS '), 74929
, 'S', 'id=":nr_id"', 'N', NULL, NULL, NULL, 'EVTINFOCONTRI', NULL, NULL, NULL, NULL
, NULL, NULL, NULL);
INSERT INTO XML_ATRIBUTO( NR_SEQUENCIA, NR_SEQ_ELEMENTO, NR_SEQ_APRESENTACAO, NM_ATRIBUTO_XML, NM_ATRIBUTO, IE_CRIAR_NULO, IE_OBRIGATORIO, IE_TIPO_ATRIBUTO, DS_MASCARA, NM_USUARIO_NREC, DT_ATUALIZACAO_NREC, NM_USUARIO, DT_ATUALIZACAO, NR_SEQ_ATRIB_ELEM, IE_CRIAR_ATRIBUTO, DS_CABECALHO, IE_CONTROLE_PB, IE_REMOVER_ESPACO_BRANCO, DS_NAMESPACE, NM_TABELA_DEF_BANCO, NM_ATRIBUTO_XML_PESQUISA, CD_EXP_OBSERVACAO, NM_TABELA_BASE, NM_ATRIBUTO_BASE, QT_TAMANHO, QT_DECIMAIS, CD_DOMINIO, NR_SEQ_ITEM_XSD ) VALUES (
343915, 74929, 5, 'ideEvento', NULL, 'S', 'S', NULL, NULL, 'apapandini',  TO_Date( '10/16/2018 08:41:02 ', 'MM/DD/YYYY HH:MI:SS ')
, 'apapandini',  TO_Date( '10/16/2018 08:41:02 ', 'MM/DD/YYYY HH:MI:SS '), 74920
, 'S', NULL, 'N', NULL, NULL, NULL, 'IDEEVENTO', NULL, NULL, NULL, NULL, NULL, NULL
, NULL);
INSERT INTO XML_ATRIBUTO( NR_SEQUENCIA, NR_SEQ_ELEMENTO, NR_SEQ_APRESENTACAO, NM_ATRIBUTO_XML, NM_ATRIBUTO, IE_CRIAR_NULO, IE_OBRIGATORIO, IE_TIPO_ATRIBUTO, DS_MASCARA, NM_USUARIO_NREC, DT_ATUALIZACAO_NREC, NM_USUARIO, DT_ATUALIZACAO, NR_SEQ_ATRIB_ELEM, IE_CRIAR_ATRIBUTO, DS_CABECALHO, IE_CONTROLE_PB, IE_REMOVER_ESPACO_BRANCO, DS_NAMESPACE, NM_TABELA_DEF_BANCO, NM_ATRIBUTO_XML_PESQUISA, CD_EXP_OBSERVACAO, NM_TABELA_BASE, NM_ATRIBUTO_BASE, QT_TAMANHO, QT_DECIMAIS, CD_DOMINIO, NR_SEQ_ITEM_XSD ) VALUES (
343916, 74929, 10, 'ideContri', NULL, 'S', 'S', NULL, NULL, 'apapandini',  TO_Date( '10/16/2018 08:41:02 ', 'MM/DD/YYYY HH:MI:SS ')
, 'apapandini',  TO_Date( '10/16/2018 08:41:02 ', 'MM/DD/YYYY HH:MI:SS '), 74923
, 'S', NULL, 'N', NULL, NULL, NULL, 'IDECONTRI', NULL, NULL, NULL, NULL, NULL, NULL
, NULL);
INSERT INTO XML_ATRIBUTO( NR_SEQUENCIA, NR_SEQ_ELEMENTO, NR_SEQ_APRESENTACAO, NM_ATRIBUTO_XML, NM_ATRIBUTO, IE_CRIAR_NULO, IE_OBRIGATORIO, IE_TIPO_ATRIBUTO, DS_MASCARA, NM_USUARIO_NREC, DT_ATUALIZACAO_NREC, NM_USUARIO, DT_ATUALIZACAO, NR_SEQ_ATRIB_ELEM, IE_CRIAR_ATRIBUTO, DS_CABECALHO, IE_CONTROLE_PB, IE_REMOVER_ESPACO_BRANCO, DS_NAMESPACE, NM_TABELA_DEF_BANCO, NM_ATRIBUTO_XML_PESQUISA, CD_EXP_OBSERVACAO, NM_TABELA_BASE, NM_ATRIBUTO_BASE, QT_TAMANHO, QT_DECIMAIS, CD_DOMINIO, NR_SEQ_ITEM_XSD ) VALUES (
343917, 74929, 14, 'infoContri', NULL, 'S', 'S', NULL, NULL, 'apapandini',  TO_Date( '10/16/2018 08:41:02 ', 'MM/DD/YYYY HH:MI:SS ')
, 'apapandini',  TO_Date( '10/16/2018 08:41:02 ', 'MM/DD/YYYY HH:MI:SS '), 74924
, 'S', NULL, 'N', NULL, NULL, NULL, 'INFOCONTRI', NULL, NULL, NULL, NULL, NULL, NULL
, NULL);

--	FIM XML 102447
--	INICIO XML 102448
INSERT INTO XML_PROJETO( NR_SEQUENCIA, DS_PROJETO, DT_ATUALIZACAO, NM_USUARIO, DT_ATUALIZACAO_NREC, NM_USUARIO_NREC, DS_CABECALHO, DS_OBSERVACAO, IE_TIPO_COMPLEXO, NR_SEQ_PROJ_COMPLEXO, IE_HOSP_PLS, DS_VERSAO, IE_TISS, IE_SITUACAO, IE_GERAR_QUEBRA ) VALUES (
102448, 'SPED - REINF R1070 INCLUSÃO - V.1.4.00',  TO_Date( '10/17/2018 01:26:09 ', 'MM/DD/YYYY HH:MI:SS ')
, 'apapandini',  TO_Date( '10/16/2018 04:21:00 ', 'MM/DD/YYYY HH:MI:SS '), 'apapandini'
, NULL, NULL, 'N', NULL, 'H', NULL, 'N', 'I', NULL);

INSERT INTO XML_ELEMENTO( NR_SEQUENCIA, NR_SEQ_APRESENTACAO, NR_SEQ_PROJETO, NM_ELEMENTO, DS_ELEMENTO, DS_CABECALHO, DS_SQL, DS_GRUPO, NM_USUARIO, DT_ATUALIZACAO, IE_CRIAR_NULO, NM_USUARIO_NREC, DT_ATUALIZACAO_NREC, IE_TIPO_ELEMENTO, IE_CRIAR_ELEMENTO, IE_TIPO_COMPLEXO, DS_SQL_2, DS_NAMESPACE, QT_MIN_OCOR, QT_MAX_OCOR, NR_SEQ_ITEM_XSD ) VALUES (
74931, 4, 102448, 'infoSusp', 'infoSusp', NULL, 'select	substr(b.cd_ind_suspensao,1,14) codSusp, /*Cd de suspensão atribuído pelo contribuinte*/
	nvl(substr(b.cd_ind_exigibilidade,1,2),01) indSusp, /*Dom 8517*/
	to_char(b.dt_decisao, ''yyyy-mm-dd'') dtDecisao,
	nvl(b.ie_ind_deposito,''S'') indDeposito /*Dep do Montante Integral*/
from 	fis_reinf_r1070 a,
	fis_reinf_exib_trib b
where 	a.nr_sequencia = b.nr_seq_superior
and	a.nr_sequencia = :nr_sequencia'
, NULL, 'apapandini',  TO_Date( '10/16/2018 04:21:00 ', 'MM/DD/YYYY HH:MI:SS ')
, 'S', 'apapandini',  TO_Date( '10/16/2018 04:21:00 ', 'MM/DD/YYYY HH:MI:SS ')
, 'E', 'S', 'S', NULL, NULL, NULL, NULL, NULL);
INSERT INTO XML_ELEMENTO( NR_SEQUENCIA, NR_SEQ_APRESENTACAO, NR_SEQ_PROJETO, NM_ELEMENTO, DS_ELEMENTO, DS_CABECALHO, DS_SQL, DS_GRUPO, NM_USUARIO, DT_ATUALIZACAO, IE_CRIAR_NULO, NM_USUARIO_NREC, DT_ATUALIZACAO_NREC, IE_TIPO_ELEMENTO, IE_CRIAR_ELEMENTO, IE_TIPO_COMPLEXO, DS_SQL_2, DS_NAMESPACE, QT_MIN_OCOR, QT_MAX_OCOR, NR_SEQ_ITEM_XSD ) VALUES (
74932, 3, 102448, 'dadosProcJud', 'dadosProcJud', NULL, 'SELECT  SUBSTR(obter_uf_ibge(a.cd_municipio),1,2) ufVara,
	LPAD(SUBSTR(a.cd_municipio,1,7)||substr(calcula_digito(''MODULO10'',a.cd_municipio),1,1),7, 0) codMunic,
	SUBSTR(a.cd_ident_vara,1,2) idVara
FROM 	fis_reinf_r1070 a,
	estabelecimento e
WHERE 	e.cd_estabelecimento = a.cd_estabelecimento
AND	a.nr_sequencia = :nr_sequencia
AND     NVL(a.cd_tipo_processo,1) = 2'
, NULL, 'apapandini',  TO_Date( '10/16/2018 04:21:00 ', 'MM/DD/YYYY HH:MI:SS ')
, 'S', 'apapandini',  TO_Date( '10/16/2018 04:21:00 ', 'MM/DD/YYYY HH:MI:SS ')
, 'E', 'S', 'S', NULL, NULL, NULL, NULL, NULL);
INSERT INTO XML_ELEMENTO( NR_SEQUENCIA, NR_SEQ_APRESENTACAO, NR_SEQ_PROJETO, NM_ELEMENTO, DS_ELEMENTO, DS_CABECALHO, DS_SQL, DS_GRUPO, NM_USUARIO, DT_ATUALIZACAO, IE_CRIAR_NULO, NM_USUARIO_NREC, DT_ATUALIZACAO_NREC, IE_TIPO_ELEMENTO, IE_CRIAR_ELEMENTO, IE_TIPO_COMPLEXO, DS_SQL_2, DS_NAMESPACE, QT_MIN_OCOR, QT_MAX_OCOR, NR_SEQ_ITEM_XSD ) VALUES (
74933, 10, 102448, 'Reinf', 'Reinf', 'xmlns="http://www.reinf.esocial.gov.br/schemas/envioLoteEventos/v1_04_00"'
, 'SELECT	(''ID'' || ''1'' || rpad(substr(e.cd_cgc,1,8), 14, ''0'') || TO_CHAR(SYSDATE,''YYYYMMDD'') || TO_CHAR(SYSDATE,''HHMMSS'')  ||''00001'') nr_id,
	NVL(a.ie_ambiente,3) tpAmb,
	''1'' procEmi,
	(SELECT MAX(CD_VERSAO) cd FROM APLICACAO_TASY_VERSAO) verProc,
	''1'' tpInsc,
	substr(e.cd_cgc,1,8) nrInsc,
	TO_CHAR(a.dt_inicio_validade, ''YYYY-MM'') iniValid,
	TO_CHAR(a.dt_fim_validade, ''YYYY-MM'') fimValid,
	NVL(a.cd_tipo_processo,1) tpProc,
	SUBSTR(a.nr_processo,1,21) nrProc,
	SUBSTR(a.cd_ind_auditoria,1,1) indAutoria
FROM 	fis_reinf_r1070 a,
	estabelecimento e
WHERE 	e.cd_estabelecimento = a.cd_estabelecimento
AND	a.nr_sequencia = :nr_sequencia'
, NULL, 'apapandini',  TO_Date( '10/16/2018 04:21:00 ', 'MM/DD/YYYY HH:MI:SS ')
, 'S', 'apapandini',  TO_Date( '10/16/2018 04:21:00 ', 'MM/DD/YYYY HH:MI:SS ')
, 'E', 'S', 'S', NULL, NULL, NULL, NULL, NULL);
INSERT INTO XML_ELEMENTO( NR_SEQUENCIA, NR_SEQ_APRESENTACAO, NR_SEQ_PROJETO, NM_ELEMENTO, DS_ELEMENTO, DS_CABECALHO, DS_SQL, DS_GRUPO, NM_USUARIO, DT_ATUALIZACAO, IE_CRIAR_NULO, NM_USUARIO_NREC, DT_ATUALIZACAO_NREC, IE_TIPO_ELEMENTO, IE_CRIAR_ELEMENTO, IE_TIPO_COMPLEXO, DS_SQL_2, DS_NAMESPACE, QT_MIN_OCOR, QT_MAX_OCOR, NR_SEQ_ITEM_XSD ) VALUES (
74934, 30, 102448, 'loteEventos', 'loteEventos', NULL, NULL, NULL, 'apapandini',  TO_Date( '10/16/2018 04:21:00 ', 'MM/DD/YYYY HH:MI:SS ')
, 'S', 'apapandini',  TO_Date( '10/16/2018 04:21:00 ', 'MM/DD/YYYY HH:MI:SS ')
, 'E', 'S', 'S', NULL, NULL, NULL, NULL, NULL);
INSERT INTO XML_ELEMENTO( NR_SEQUENCIA, NR_SEQ_APRESENTACAO, NR_SEQ_PROJETO, NM_ELEMENTO, DS_ELEMENTO, DS_CABECALHO, DS_SQL, DS_GRUPO, NM_USUARIO, DT_ATUALIZACAO, IE_CRIAR_NULO, NM_USUARIO_NREC, DT_ATUALIZACAO_NREC, IE_TIPO_ELEMENTO, IE_CRIAR_ELEMENTO, IE_TIPO_COMPLEXO, DS_SQL_2, DS_NAMESPACE, QT_MIN_OCOR, QT_MAX_OCOR, NR_SEQ_ITEM_XSD ) VALUES (
74935, 55, 102448, 'ideEvento', 'ideEvento', NULL, NULL, NULL, 'apapandini',  TO_Date( '10/16/2018 04:21:00 ', 'MM/DD/YYYY HH:MI:SS ')
, 'S', 'apapandini',  TO_Date( '10/16/2018 04:21:00 ', 'MM/DD/YYYY HH:MI:SS ')
, 'E', 'S', 'S', NULL, NULL, NULL, NULL, NULL);
INSERT INTO XML_ELEMENTO( NR_SEQUENCIA, NR_SEQ_APRESENTACAO, NR_SEQ_PROJETO, NM_ELEMENTO, DS_ELEMENTO, DS_CABECALHO, DS_SQL, DS_GRUPO, NM_USUARIO, DT_ATUALIZACAO, IE_CRIAR_NULO, NM_USUARIO_NREC, DT_ATUALIZACAO_NREC, IE_TIPO_ELEMENTO, IE_CRIAR_ELEMENTO, IE_TIPO_COMPLEXO, DS_SQL_2, DS_NAMESPACE, QT_MIN_OCOR, QT_MAX_OCOR, NR_SEQ_ITEM_XSD ) VALUES (
74936, 65, 102448, 'ideContri', 'ideContri', NULL, NULL, NULL, 'apapandini',  TO_Date( '10/16/2018 04:21:00 ', 'MM/DD/YYYY HH:MI:SS ')
, 'S', 'apapandini',  TO_Date( '10/16/2018 04:21:00 ', 'MM/DD/YYYY HH:MI:SS ')
, 'E', 'S', 'S', NULL, NULL, NULL, NULL, NULL);
INSERT INTO XML_ELEMENTO( NR_SEQUENCIA, NR_SEQ_APRESENTACAO, NR_SEQ_PROJETO, NM_ELEMENTO, DS_ELEMENTO, DS_CABECALHO, DS_SQL, DS_GRUPO, NM_USUARIO, DT_ATUALIZACAO, IE_CRIAR_NULO, NM_USUARIO_NREC, DT_ATUALIZACAO_NREC, IE_TIPO_ELEMENTO, IE_CRIAR_ELEMENTO, IE_TIPO_COMPLEXO, DS_SQL_2, DS_NAMESPACE, QT_MIN_OCOR, QT_MAX_OCOR, NR_SEQ_ITEM_XSD ) VALUES (
74937, 71, 102448, 'infoProcesso', 'infoProcesso', NULL, NULL, NULL, 'apapandini'
,  TO_Date( '10/16/2018 04:21:00 ', 'MM/DD/YYYY HH:MI:SS '), 'S', 'apapandini'
,  TO_Date( '10/16/2018 04:21:00 ', 'MM/DD/YYYY HH:MI:SS '), 'E', 'S', 'S'
, NULL, NULL, NULL, NULL, NULL);
INSERT INTO XML_ELEMENTO( NR_SEQUENCIA, NR_SEQ_APRESENTACAO, NR_SEQ_PROJETO, NM_ELEMENTO, DS_ELEMENTO, DS_CABECALHO, DS_SQL, DS_GRUPO, NM_USUARIO, DT_ATUALIZACAO, IE_CRIAR_NULO, NM_USUARIO_NREC, DT_ATUALIZACAO_NREC, IE_TIPO_ELEMENTO, IE_CRIAR_ELEMENTO, IE_TIPO_COMPLEXO, DS_SQL_2, DS_NAMESPACE, QT_MIN_OCOR, QT_MAX_OCOR, NR_SEQ_ITEM_XSD ) VALUES (
74938, 73, 102448, 'inclusao', 'inclusao', NULL, NULL, NULL, 'apapandini',  TO_Date( '10/16/2018 04:21:00 ', 'MM/DD/YYYY HH:MI:SS ')
, 'S', 'apapandini',  TO_Date( '10/16/2018 04:21:00 ', 'MM/DD/YYYY HH:MI:SS ')
, 'E', 'S', 'S', NULL, NULL, NULL, NULL, NULL);
INSERT INTO XML_ELEMENTO( NR_SEQUENCIA, NR_SEQ_APRESENTACAO, NR_SEQ_PROJETO, NM_ELEMENTO, DS_ELEMENTO, DS_CABECALHO, DS_SQL, DS_GRUPO, NM_USUARIO, DT_ATUALIZACAO, IE_CRIAR_NULO, NM_USUARIO_NREC, DT_ATUALIZACAO_NREC, IE_TIPO_ELEMENTO, IE_CRIAR_ELEMENTO, IE_TIPO_COMPLEXO, DS_SQL_2, DS_NAMESPACE, QT_MIN_OCOR, QT_MAX_OCOR, NR_SEQ_ITEM_XSD ) VALUES (
74939, 77, 102448, 'ideProcesso', 'ideProcesso', NULL, NULL, NULL, 'apapandini',  TO_Date( '10/16/2018 04:21:00 ', 'MM/DD/YYYY HH:MI:SS ')
, 'S', 'apapandini',  TO_Date( '10/16/2018 04:21:00 ', 'MM/DD/YYYY HH:MI:SS ')
, 'E', 'S', 'S', NULL, NULL, NULL, NULL, NULL);
INSERT INTO XML_ELEMENTO( NR_SEQUENCIA, NR_SEQ_APRESENTACAO, NR_SEQ_PROJETO, NM_ELEMENTO, DS_ELEMENTO, DS_CABECALHO, DS_SQL, DS_GRUPO, NM_USUARIO, DT_ATUALIZACAO, IE_CRIAR_NULO, NM_USUARIO_NREC, DT_ATUALIZACAO_NREC, IE_TIPO_ELEMENTO, IE_CRIAR_ELEMENTO, IE_TIPO_COMPLEXO, DS_SQL_2, DS_NAMESPACE, QT_MIN_OCOR, QT_MAX_OCOR, NR_SEQ_ITEM_XSD ) VALUES (
74940, 1, 102448, 'Evento', 'Evento', NULL, NULL, NULL, 'apapandini',  TO_Date( '10/16/2018 04:21:00 ', 'MM/DD/YYYY HH:MI:SS ')
, 'S', 'apapandini',  TO_Date( '10/16/2018 04:21:00 ', 'MM/DD/YYYY HH:MI:SS ')
, 'E', 'S', 'S', NULL, NULL, NULL, NULL, NULL);
INSERT INTO XML_ELEMENTO( NR_SEQUENCIA, NR_SEQ_APRESENTACAO, NR_SEQ_PROJETO, NM_ELEMENTO, DS_ELEMENTO, DS_CABECALHO, DS_SQL, DS_GRUPO, NM_USUARIO, DT_ATUALIZACAO, IE_CRIAR_NULO, NM_USUARIO_NREC, DT_ATUALIZACAO_NREC, IE_TIPO_ELEMENTO, IE_CRIAR_ELEMENTO, IE_TIPO_COMPLEXO, DS_SQL_2, DS_NAMESPACE, QT_MIN_OCOR, QT_MAX_OCOR, NR_SEQ_ITEM_XSD ) VALUES (
74941, 2, 102448, 'Reinf', 'Reinf', NULL, NULL, NULL, 'apapandini',  TO_Date( '10/16/2018 04:21:00 ', 'MM/DD/YYYY HH:MI:SS ')
, 'S', 'apapandini',  TO_Date( '10/16/2018 04:21:00 ', 'MM/DD/YYYY HH:MI:SS ')
, 'E', 'S', 'S', NULL, NULL, NULL, NULL, NULL);
INSERT INTO XML_ELEMENTO( NR_SEQUENCIA, NR_SEQ_APRESENTACAO, NR_SEQ_PROJETO, NM_ELEMENTO, DS_ELEMENTO, DS_CABECALHO, DS_SQL, DS_GRUPO, NM_USUARIO, DT_ATUALIZACAO, IE_CRIAR_NULO, NM_USUARIO_NREC, DT_ATUALIZACAO_NREC, IE_TIPO_ELEMENTO, IE_CRIAR_ELEMENTO, IE_TIPO_COMPLEXO, DS_SQL_2, DS_NAMESPACE, QT_MIN_OCOR, QT_MAX_OCOR, NR_SEQ_ITEM_XSD ) VALUES (
74942, 2, 102448, 'evtTabProcesso', 'evtTabProcesso', NULL, NULL, NULL, 'apapandini'
,  TO_Date( '10/16/2018 04:21:00 ', 'MM/DD/YYYY HH:MI:SS '), 'S', 'apapandini'
,  TO_Date( '10/16/2018 04:21:00 ', 'MM/DD/YYYY HH:MI:SS '), 'E', 'S', 'S'
, NULL, NULL, NULL, NULL, NULL);


INSERT INTO XML_ATRIBUTO( NR_SEQUENCIA, NR_SEQ_ELEMENTO, NR_SEQ_APRESENTACAO, NM_ATRIBUTO_XML, NM_ATRIBUTO, IE_CRIAR_NULO, IE_OBRIGATORIO, IE_TIPO_ATRIBUTO, DS_MASCARA, NM_USUARIO_NREC, DT_ATUALIZACAO_NREC, NM_USUARIO, DT_ATUALIZACAO, NR_SEQ_ATRIB_ELEM, IE_CRIAR_ATRIBUTO, DS_CABECALHO, IE_CONTROLE_PB, IE_REMOVER_ESPACO_BRANCO, DS_NAMESPACE, NM_TABELA_DEF_BANCO, NM_ATRIBUTO_XML_PESQUISA, CD_EXP_OBSERVACAO, NM_TABELA_BASE, NM_ATRIBUTO_BASE, QT_TAMANHO, QT_DECIMAIS, CD_DOMINIO, NR_SEQ_ITEM_XSD ) VALUES (
343926, 74931, 5, 'codSusp', 'codSusp', 'N', 'N', 'VARCHAR2', NULL, 'apapandini',  TO_Date( '10/16/2018 04:21:00 ', 'MM/DD/YYYY HH:MI:SS ')
, 'apapandini',  TO_Date( '10/16/2018 04:21:00 ', 'MM/DD/YYYY HH:MI:SS '), NULL
, 'S', NULL, 'N', NULL, NULL, NULL, 'CODSUSP', NULL, NULL, NULL, NULL, NULL, NULL
, NULL);
INSERT INTO XML_ATRIBUTO( NR_SEQUENCIA, NR_SEQ_ELEMENTO, NR_SEQ_APRESENTACAO, NM_ATRIBUTO_XML, NM_ATRIBUTO, IE_CRIAR_NULO, IE_OBRIGATORIO, IE_TIPO_ATRIBUTO, DS_MASCARA, NM_USUARIO_NREC, DT_ATUALIZACAO_NREC, NM_USUARIO, DT_ATUALIZACAO, NR_SEQ_ATRIB_ELEM, IE_CRIAR_ATRIBUTO, DS_CABECALHO, IE_CONTROLE_PB, IE_REMOVER_ESPACO_BRANCO, DS_NAMESPACE, NM_TABELA_DEF_BANCO, NM_ATRIBUTO_XML_PESQUISA, CD_EXP_OBSERVACAO, NM_TABELA_BASE, NM_ATRIBUTO_BASE, QT_TAMANHO, QT_DECIMAIS, CD_DOMINIO, NR_SEQ_ITEM_XSD ) VALUES (
343927, 74931, 10, 'indSusp', 'indSusp', 'S', 'S', 'VARCHAR2', NULL, 'apapandini'
,  TO_Date( '10/16/2018 04:21:00 ', 'MM/DD/YYYY HH:MI:SS '), 'apapandini',  TO_Date( '10/16/2018 04:21:00 ', 'MM/DD/YYYY HH:MI:SS ')
, NULL, 'S', NULL, 'N', NULL, NULL, NULL, 'INDSUSP', NULL, NULL, NULL, NULL, NULL
, NULL, NULL);
INSERT INTO XML_ATRIBUTO( NR_SEQUENCIA, NR_SEQ_ELEMENTO, NR_SEQ_APRESENTACAO, NM_ATRIBUTO_XML, NM_ATRIBUTO, IE_CRIAR_NULO, IE_OBRIGATORIO, IE_TIPO_ATRIBUTO, DS_MASCARA, NM_USUARIO_NREC, DT_ATUALIZACAO_NREC, NM_USUARIO, DT_ATUALIZACAO, NR_SEQ_ATRIB_ELEM, IE_CRIAR_ATRIBUTO, DS_CABECALHO, IE_CONTROLE_PB, IE_REMOVER_ESPACO_BRANCO, DS_NAMESPACE, NM_TABELA_DEF_BANCO, NM_ATRIBUTO_XML_PESQUISA, CD_EXP_OBSERVACAO, NM_TABELA_BASE, NM_ATRIBUTO_BASE, QT_TAMANHO, QT_DECIMAIS, CD_DOMINIO, NR_SEQ_ITEM_XSD ) VALUES (
343928, 74931, 15, 'dtDecisao', 'dtDecisao', 'S', 'S', 'VARCHAR2', NULL, 'apapandini'
,  TO_Date( '10/16/2018 04:21:00 ', 'MM/DD/YYYY HH:MI:SS '), 'apapandini',  TO_Date( '10/16/2018 04:21:00 ', 'MM/DD/YYYY HH:MI:SS ')
, NULL, 'S', NULL, 'N', NULL, NULL, NULL, 'DTDECISAO', NULL, NULL, NULL, NULL, NULL
, NULL, NULL);
INSERT INTO XML_ATRIBUTO( NR_SEQUENCIA, NR_SEQ_ELEMENTO, NR_SEQ_APRESENTACAO, NM_ATRIBUTO_XML, NM_ATRIBUTO, IE_CRIAR_NULO, IE_OBRIGATORIO, IE_TIPO_ATRIBUTO, DS_MASCARA, NM_USUARIO_NREC, DT_ATUALIZACAO_NREC, NM_USUARIO, DT_ATUALIZACAO, NR_SEQ_ATRIB_ELEM, IE_CRIAR_ATRIBUTO, DS_CABECALHO, IE_CONTROLE_PB, IE_REMOVER_ESPACO_BRANCO, DS_NAMESPACE, NM_TABELA_DEF_BANCO, NM_ATRIBUTO_XML_PESQUISA, CD_EXP_OBSERVACAO, NM_TABELA_BASE, NM_ATRIBUTO_BASE, QT_TAMANHO, QT_DECIMAIS, CD_DOMINIO, NR_SEQ_ITEM_XSD ) VALUES (
343929, 74931, 20, 'indDeposito', 'indDeposito', 'S', 'S', 'VARCHAR2', NULL, 'apapandini'
,  TO_Date( '10/16/2018 04:21:00 ', 'MM/DD/YYYY HH:MI:SS '), 'apapandini',  TO_Date( '10/16/2018 04:21:00 ', 'MM/DD/YYYY HH:MI:SS ')
, NULL, 'S', NULL, 'N', NULL, NULL, NULL, 'INDDEPOSITO', NULL, NULL, NULL, NULL, NULL
, NULL, NULL);
INSERT INTO XML_ATRIBUTO( NR_SEQUENCIA, NR_SEQ_ELEMENTO, NR_SEQ_APRESENTACAO, NM_ATRIBUTO_XML, NM_ATRIBUTO, IE_CRIAR_NULO, IE_OBRIGATORIO, IE_TIPO_ATRIBUTO, DS_MASCARA, NM_USUARIO_NREC, DT_ATUALIZACAO_NREC, NM_USUARIO, DT_ATUALIZACAO, NR_SEQ_ATRIB_ELEM, IE_CRIAR_ATRIBUTO, DS_CABECALHO, IE_CONTROLE_PB, IE_REMOVER_ESPACO_BRANCO, DS_NAMESPACE, NM_TABELA_DEF_BANCO, NM_ATRIBUTO_XML_PESQUISA, CD_EXP_OBSERVACAO, NM_TABELA_BASE, NM_ATRIBUTO_BASE, QT_TAMANHO, QT_DECIMAIS, CD_DOMINIO, NR_SEQ_ITEM_XSD ) VALUES (
343930, 74932, 10, 'codMunic', 'codMunic', 'S', 'S', 'VARCHAR2', NULL, 'apapandini'
,  TO_Date( '10/16/2018 04:21:00 ', 'MM/DD/YYYY HH:MI:SS '), 'apapandini',  TO_Date( '10/16/2018 04:21:00 ', 'MM/DD/YYYY HH:MI:SS ')
, NULL, 'S', NULL, 'N', NULL, NULL, NULL, 'CODMUNIC', NULL, NULL, NULL, NULL, NULL
, NULL, NULL);
INSERT INTO XML_ATRIBUTO( NR_SEQUENCIA, NR_SEQ_ELEMENTO, NR_SEQ_APRESENTACAO, NM_ATRIBUTO_XML, NM_ATRIBUTO, IE_CRIAR_NULO, IE_OBRIGATORIO, IE_TIPO_ATRIBUTO, DS_MASCARA, NM_USUARIO_NREC, DT_ATUALIZACAO_NREC, NM_USUARIO, DT_ATUALIZACAO, NR_SEQ_ATRIB_ELEM, IE_CRIAR_ATRIBUTO, DS_CABECALHO, IE_CONTROLE_PB, IE_REMOVER_ESPACO_BRANCO, DS_NAMESPACE, NM_TABELA_DEF_BANCO, NM_ATRIBUTO_XML_PESQUISA, CD_EXP_OBSERVACAO, NM_TABELA_BASE, NM_ATRIBUTO_BASE, QT_TAMANHO, QT_DECIMAIS, CD_DOMINIO, NR_SEQ_ITEM_XSD ) VALUES (
343931, 74932, 3, 'ufVara', 'ufVara', 'S', 'S', 'VARCHAR2', NULL, 'apapandini',  TO_Date( '10/16/2018 04:21:00 ', 'MM/DD/YYYY HH:MI:SS ')
, 'apapandini',  TO_Date( '10/16/2018 04:21:00 ', 'MM/DD/YYYY HH:MI:SS '), NULL
, 'S', NULL, 'N', NULL, NULL, NULL, 'UFVARA', NULL, NULL, NULL, NULL, NULL, NULL, NULL);
INSERT INTO XML_ATRIBUTO( NR_SEQUENCIA, NR_SEQ_ELEMENTO, NR_SEQ_APRESENTACAO, NM_ATRIBUTO_XML, NM_ATRIBUTO, IE_CRIAR_NULO, IE_OBRIGATORIO, IE_TIPO_ATRIBUTO, DS_MASCARA, NM_USUARIO_NREC, DT_ATUALIZACAO_NREC, NM_USUARIO, DT_ATUALIZACAO, NR_SEQ_ATRIB_ELEM, IE_CRIAR_ATRIBUTO, DS_CABECALHO, IE_CONTROLE_PB, IE_REMOVER_ESPACO_BRANCO, DS_NAMESPACE, NM_TABELA_DEF_BANCO, NM_ATRIBUTO_XML_PESQUISA, CD_EXP_OBSERVACAO, NM_TABELA_BASE, NM_ATRIBUTO_BASE, QT_TAMANHO, QT_DECIMAIS, CD_DOMINIO, NR_SEQ_ITEM_XSD ) VALUES (
343932, 74932, 15, 'idVara', 'idVara', 'S', 'S', 'VARCHAR2', NULL, 'apapandini',  TO_Date( '10/16/2018 04:21:00 ', 'MM/DD/YYYY HH:MI:SS ')
, 'apapandini',  TO_Date( '10/16/2018 04:21:00 ', 'MM/DD/YYYY HH:MI:SS '), NULL
, 'S', NULL, 'N', NULL, NULL, NULL, 'IDVARA', NULL, NULL, NULL, NULL, NULL, NULL, NULL);
INSERT INTO XML_ATRIBUTO( NR_SEQUENCIA, NR_SEQ_ELEMENTO, NR_SEQ_APRESENTACAO, NM_ATRIBUTO_XML, NM_ATRIBUTO, IE_CRIAR_NULO, IE_OBRIGATORIO, IE_TIPO_ATRIBUTO, DS_MASCARA, NM_USUARIO_NREC, DT_ATUALIZACAO_NREC, NM_USUARIO, DT_ATUALIZACAO, NR_SEQ_ATRIB_ELEM, IE_CRIAR_ATRIBUTO, DS_CABECALHO, IE_CONTROLE_PB, IE_REMOVER_ESPACO_BRANCO, DS_NAMESPACE, NM_TABELA_DEF_BANCO, NM_ATRIBUTO_XML_PESQUISA, CD_EXP_OBSERVACAO, NM_TABELA_BASE, NM_ATRIBUTO_BASE, QT_TAMANHO, QT_DECIMAIS, CD_DOMINIO, NR_SEQ_ITEM_XSD ) VALUES (
343933, 74933, 20, 'loteEventos', NULL, 'S', 'S', NULL, NULL, 'apapandini',  TO_Date( '10/16/2018 04:21:00 ', 'MM/DD/YYYY HH:MI:SS ')
, 'apapandini',  TO_Date( '10/16/2018 04:21:00 ', 'MM/DD/YYYY HH:MI:SS '), 74934
, 'S', NULL, 'N', NULL, NULL, NULL, 'LOTEEVENTOS', NULL, NULL, NULL, NULL, NULL, NULL
, NULL);
INSERT INTO XML_ATRIBUTO( NR_SEQUENCIA, NR_SEQ_ELEMENTO, NR_SEQ_APRESENTACAO, NM_ATRIBUTO_XML, NM_ATRIBUTO, IE_CRIAR_NULO, IE_OBRIGATORIO, IE_TIPO_ATRIBUTO, DS_MASCARA, NM_USUARIO_NREC, DT_ATUALIZACAO_NREC, NM_USUARIO, DT_ATUALIZACAO, NR_SEQ_ATRIB_ELEM, IE_CRIAR_ATRIBUTO, DS_CABECALHO, IE_CONTROLE_PB, IE_REMOVER_ESPACO_BRANCO, DS_NAMESPACE, NM_TABELA_DEF_BANCO, NM_ATRIBUTO_XML_PESQUISA, CD_EXP_OBSERVACAO, NM_TABELA_BASE, NM_ATRIBUTO_BASE, QT_TAMANHO, QT_DECIMAIS, CD_DOMINIO, NR_SEQ_ITEM_XSD ) VALUES (
343934, 74934, 1, 'evento', NULL, 'S', 'S', NULL, NULL, 'apapandini',  TO_Date( '10/16/2018 04:21:00 ', 'MM/DD/YYYY HH:MI:SS ')
, 'apapandini',  TO_Date( '10/16/2018 04:21:00 ', 'MM/DD/YYYY HH:MI:SS '), 74940
, 'S', 'id=":nr_id"', 'N', NULL, NULL, NULL, 'EVENTO', NULL, NULL, NULL, NULL, NULL
, NULL, NULL);
INSERT INTO XML_ATRIBUTO( NR_SEQUENCIA, NR_SEQ_ELEMENTO, NR_SEQ_APRESENTACAO, NM_ATRIBUTO_XML, NM_ATRIBUTO, IE_CRIAR_NULO, IE_OBRIGATORIO, IE_TIPO_ATRIBUTO, DS_MASCARA, NM_USUARIO_NREC, DT_ATUALIZACAO_NREC, NM_USUARIO, DT_ATUALIZACAO, NR_SEQ_ATRIB_ELEM, IE_CRIAR_ATRIBUTO, DS_CABECALHO, IE_CONTROLE_PB, IE_REMOVER_ESPACO_BRANCO, DS_NAMESPACE, NM_TABELA_DEF_BANCO, NM_ATRIBUTO_XML_PESQUISA, CD_EXP_OBSERVACAO, NM_TABELA_BASE, NM_ATRIBUTO_BASE, QT_TAMANHO, QT_DECIMAIS, CD_DOMINIO, NR_SEQ_ITEM_XSD ) VALUES (
343935, 74935, 10, 'tpAmb', 'tpAmb', 'S', 'S', 'NUMBER', NULL, 'apapandini',  TO_Date( '10/16/2018 04:21:00 ', 'MM/DD/YYYY HH:MI:SS ')
, 'apapandini',  TO_Date( '10/16/2018 04:21:00 ', 'MM/DD/YYYY HH:MI:SS '), NULL
, 'S', NULL, 'N', NULL, NULL, NULL, 'TPAMB', NULL, NULL, NULL, NULL, NULL, NULL, NULL);
INSERT INTO XML_ATRIBUTO( NR_SEQUENCIA, NR_SEQ_ELEMENTO, NR_SEQ_APRESENTACAO, NM_ATRIBUTO_XML, NM_ATRIBUTO, IE_CRIAR_NULO, IE_OBRIGATORIO, IE_TIPO_ATRIBUTO, DS_MASCARA, NM_USUARIO_NREC, DT_ATUALIZACAO_NREC, NM_USUARIO, DT_ATUALIZACAO, NR_SEQ_ATRIB_ELEM, IE_CRIAR_ATRIBUTO, DS_CABECALHO, IE_CONTROLE_PB, IE_REMOVER_ESPACO_BRANCO, DS_NAMESPACE, NM_TABELA_DEF_BANCO, NM_ATRIBUTO_XML_PESQUISA, CD_EXP_OBSERVACAO, NM_TABELA_BASE, NM_ATRIBUTO_BASE, QT_TAMANHO, QT_DECIMAIS, CD_DOMINIO, NR_SEQ_ITEM_XSD ) VALUES (
343936, 74935, 20, 'procEmi', 'procEmi', 'S', 'S', 'VARCHAR2', NULL, 'apapandini'
,  TO_Date( '10/16/2018 04:21:00 ', 'MM/DD/YYYY HH:MI:SS '), 'apapandini',  TO_Date( '10/16/2018 04:21:00 ', 'MM/DD/YYYY HH:MI:SS ')
, NULL, 'S', NULL, 'N', NULL, NULL, NULL, 'PROCEMI', NULL, NULL, NULL, NULL, NULL
, NULL, NULL);
INSERT INTO XML_ATRIBUTO( NR_SEQUENCIA, NR_SEQ_ELEMENTO, NR_SEQ_APRESENTACAO, NM_ATRIBUTO_XML, NM_ATRIBUTO, IE_CRIAR_NULO, IE_OBRIGATORIO, IE_TIPO_ATRIBUTO, DS_MASCARA, NM_USUARIO_NREC, DT_ATUALIZACAO_NREC, NM_USUARIO, DT_ATUALIZACAO, NR_SEQ_ATRIB_ELEM, IE_CRIAR_ATRIBUTO, DS_CABECALHO, IE_CONTROLE_PB, IE_REMOVER_ESPACO_BRANCO, DS_NAMESPACE, NM_TABELA_DEF_BANCO, NM_ATRIBUTO_XML_PESQUISA, CD_EXP_OBSERVACAO, NM_TABELA_BASE, NM_ATRIBUTO_BASE, QT_TAMANHO, QT_DECIMAIS, CD_DOMINIO, NR_SEQ_ITEM_XSD ) VALUES (
343937, 74935, 30, 'verProc', 'verProc', 'S', 'S', 'VARCHAR2', NULL, 'apapandini'
,  TO_Date( '10/16/2018 04:21:00 ', 'MM/DD/YYYY HH:MI:SS '), 'apapandini',  TO_Date( '10/16/2018 04:21:00 ', 'MM/DD/YYYY HH:MI:SS ')
, NULL, 'S', NULL, 'N', NULL, NULL, NULL, 'VERPROC', NULL, NULL, NULL, NULL, NULL
, NULL, NULL);
INSERT INTO XML_ATRIBUTO( NR_SEQUENCIA, NR_SEQ_ELEMENTO, NR_SEQ_APRESENTACAO, NM_ATRIBUTO_XML, NM_ATRIBUTO, IE_CRIAR_NULO, IE_OBRIGATORIO, IE_TIPO_ATRIBUTO, DS_MASCARA, NM_USUARIO_NREC, DT_ATUALIZACAO_NREC, NM_USUARIO, DT_ATUALIZACAO, NR_SEQ_ATRIB_ELEM, IE_CRIAR_ATRIBUTO, DS_CABECALHO, IE_CONTROLE_PB, IE_REMOVER_ESPACO_BRANCO, DS_NAMESPACE, NM_TABELA_DEF_BANCO, NM_ATRIBUTO_XML_PESQUISA, CD_EXP_OBSERVACAO, NM_TABELA_BASE, NM_ATRIBUTO_BASE, QT_TAMANHO, QT_DECIMAIS, CD_DOMINIO, NR_SEQ_ITEM_XSD ) VALUES (
343938, 74936, 10, 'tpInsc', 'tpInsc', 'S', 'S', NULL, NULL, 'apapandini',  TO_Date( '10/16/2018 04:21:00 ', 'MM/DD/YYYY HH:MI:SS ')
, 'apapandini',  TO_Date( '10/16/2018 04:21:00 ', 'MM/DD/YYYY HH:MI:SS '), NULL
, 'S', NULL, 'N', NULL, NULL, NULL, 'TPINSC', NULL, NULL, NULL, NULL, NULL, NULL, NULL);
INSERT INTO XML_ATRIBUTO( NR_SEQUENCIA, NR_SEQ_ELEMENTO, NR_SEQ_APRESENTACAO, NM_ATRIBUTO_XML, NM_ATRIBUTO, IE_CRIAR_NULO, IE_OBRIGATORIO, IE_TIPO_ATRIBUTO, DS_MASCARA, NM_USUARIO_NREC, DT_ATUALIZACAO_NREC, NM_USUARIO, DT_ATUALIZACAO, NR_SEQ_ATRIB_ELEM, IE_CRIAR_ATRIBUTO, DS_CABECALHO, IE_CONTROLE_PB, IE_REMOVER_ESPACO_BRANCO, DS_NAMESPACE, NM_TABELA_DEF_BANCO, NM_ATRIBUTO_XML_PESQUISA, CD_EXP_OBSERVACAO, NM_TABELA_BASE, NM_ATRIBUTO_BASE, QT_TAMANHO, QT_DECIMAIS, CD_DOMINIO, NR_SEQ_ITEM_XSD ) VALUES (
343939, 74936, 20, 'nrInsc', 'nrInsc', 'S', 'S', NULL, NULL, 'apapandini',  TO_Date( '10/16/2018 04:21:00 ', 'MM/DD/YYYY HH:MI:SS ')
, 'apapandini',  TO_Date( '10/16/2018 04:21:00 ', 'MM/DD/YYYY HH:MI:SS '), NULL
, 'S', NULL, 'N', NULL, NULL, NULL, 'NRINSC', NULL, NULL, NULL, NULL, NULL, NULL, NULL);
INSERT INTO XML_ATRIBUTO( NR_SEQUENCIA, NR_SEQ_ELEMENTO, NR_SEQ_APRESENTACAO, NM_ATRIBUTO_XML, NM_ATRIBUTO, IE_CRIAR_NULO, IE_OBRIGATORIO, IE_TIPO_ATRIBUTO, DS_MASCARA, NM_USUARIO_NREC, DT_ATUALIZACAO_NREC, NM_USUARIO, DT_ATUALIZACAO, NR_SEQ_ATRIB_ELEM, IE_CRIAR_ATRIBUTO, DS_CABECALHO, IE_CONTROLE_PB, IE_REMOVER_ESPACO_BRANCO, DS_NAMESPACE, NM_TABELA_DEF_BANCO, NM_ATRIBUTO_XML_PESQUISA, CD_EXP_OBSERVACAO, NM_TABELA_BASE, NM_ATRIBUTO_BASE, QT_TAMANHO, QT_DECIMAIS, CD_DOMINIO, NR_SEQ_ITEM_XSD ) VALUES (
343940, 74937, 72, 'inclusao', NULL, 'S', 'S', NULL, NULL, 'apapandini',  TO_Date( '10/16/2018 04:21:00 ', 'MM/DD/YYYY HH:MI:SS ')
, 'apapandini',  TO_Date( '10/16/2018 04:21:00 ', 'MM/DD/YYYY HH:MI:SS '), 74938
, 'S', NULL, 'N', NULL, NULL, NULL, 'INCLUSAO', NULL, NULL, NULL, NULL, NULL, NULL
, NULL);
INSERT INTO XML_ATRIBUTO( NR_SEQUENCIA, NR_SEQ_ELEMENTO, NR_SEQ_APRESENTACAO, NM_ATRIBUTO_XML, NM_ATRIBUTO, IE_CRIAR_NULO, IE_OBRIGATORIO, IE_TIPO_ATRIBUTO, DS_MASCARA, NM_USUARIO_NREC, DT_ATUALIZACAO_NREC, NM_USUARIO, DT_ATUALIZACAO, NR_SEQ_ATRIB_ELEM, IE_CRIAR_ATRIBUTO, DS_CABECALHO, IE_CONTROLE_PB, IE_REMOVER_ESPACO_BRANCO, DS_NAMESPACE, NM_TABELA_DEF_BANCO, NM_ATRIBUTO_XML_PESQUISA, CD_EXP_OBSERVACAO, NM_TABELA_BASE, NM_ATRIBUTO_BASE, QT_TAMANHO, QT_DECIMAIS, CD_DOMINIO, NR_SEQ_ITEM_XSD ) VALUES (
343941, 74938, 2, 'ideProcesso', NULL, 'S', 'S', NULL, NULL, 'apapandini',  TO_Date( '10/16/2018 04:21:00 ', 'MM/DD/YYYY HH:MI:SS ')
, 'apapandini',  TO_Date( '10/16/2018 04:21:00 ', 'MM/DD/YYYY HH:MI:SS '), 74939
, 'S', NULL, 'N', NULL, NULL, NULL, 'IDEPROCESSO', NULL, NULL, NULL, NULL, NULL, NULL
, NULL);
INSERT INTO XML_ATRIBUTO( NR_SEQUENCIA, NR_SEQ_ELEMENTO, NR_SEQ_APRESENTACAO, NM_ATRIBUTO_XML, NM_ATRIBUTO, IE_CRIAR_NULO, IE_OBRIGATORIO, IE_TIPO_ATRIBUTO, DS_MASCARA, NM_USUARIO_NREC, DT_ATUALIZACAO_NREC, NM_USUARIO, DT_ATUALIZACAO, NR_SEQ_ATRIB_ELEM, IE_CRIAR_ATRIBUTO, DS_CABECALHO, IE_CONTROLE_PB, IE_REMOVER_ESPACO_BRANCO, DS_NAMESPACE, NM_TABELA_DEF_BANCO, NM_ATRIBUTO_XML_PESQUISA, CD_EXP_OBSERVACAO, NM_TABELA_BASE, NM_ATRIBUTO_BASE, QT_TAMANHO, QT_DECIMAIS, CD_DOMINIO, NR_SEQ_ITEM_XSD ) VALUES (
343942, 74939, 10, 'tpProc', 'tpProc', 'S', 'S', 'NUMBER', NULL, 'apapandini',  TO_Date( '10/16/2018 04:21:00 ', 'MM/DD/YYYY HH:MI:SS ')
, 'apapandini',  TO_Date( '10/16/2018 04:21:00 ', 'MM/DD/YYYY HH:MI:SS '), NULL
, 'S', NULL, 'N', NULL, NULL, NULL, 'TPPROC', NULL, NULL, NULL, NULL, NULL, NULL, NULL);
INSERT INTO XML_ATRIBUTO( NR_SEQUENCIA, NR_SEQ_ELEMENTO, NR_SEQ_APRESENTACAO, NM_ATRIBUTO_XML, NM_ATRIBUTO, IE_CRIAR_NULO, IE_OBRIGATORIO, IE_TIPO_ATRIBUTO, DS_MASCARA, NM_USUARIO_NREC, DT_ATUALIZACAO_NREC, NM_USUARIO, DT_ATUALIZACAO, NR_SEQ_ATRIB_ELEM, IE_CRIAR_ATRIBUTO, DS_CABECALHO, IE_CONTROLE_PB, IE_REMOVER_ESPACO_BRANCO, DS_NAMESPACE, NM_TABELA_DEF_BANCO, NM_ATRIBUTO_XML_PESQUISA, CD_EXP_OBSERVACAO, NM_TABELA_BASE, NM_ATRIBUTO_BASE, QT_TAMANHO, QT_DECIMAIS, CD_DOMINIO, NR_SEQ_ITEM_XSD ) VALUES (
343943, 74939, 20, 'nrProc', 'nrProc', 'N', 'N', 'VARCHAR2', NULL, 'apapandini',  TO_Date( '10/16/2018 04:21:00 ', 'MM/DD/YYYY HH:MI:SS ')
, 'apapandini',  TO_Date( '10/16/2018 04:21:00 ', 'MM/DD/YYYY HH:MI:SS '), NULL
, 'S', NULL, 'N', NULL, NULL, NULL, 'NRPROC', NULL, NULL, NULL, NULL, NULL, NULL, NULL);
INSERT INTO XML_ATRIBUTO( NR_SEQUENCIA, NR_SEQ_ELEMENTO, NR_SEQ_APRESENTACAO, NM_ATRIBUTO_XML, NM_ATRIBUTO, IE_CRIAR_NULO, IE_OBRIGATORIO, IE_TIPO_ATRIBUTO, DS_MASCARA, NM_USUARIO_NREC, DT_ATUALIZACAO_NREC, NM_USUARIO, DT_ATUALIZACAO, NR_SEQ_ATRIB_ELEM, IE_CRIAR_ATRIBUTO, DS_CABECALHO, IE_CONTROLE_PB, IE_REMOVER_ESPACO_BRANCO, DS_NAMESPACE, NM_TABELA_DEF_BANCO, NM_ATRIBUTO_XML_PESQUISA, CD_EXP_OBSERVACAO, NM_TABELA_BASE, NM_ATRIBUTO_BASE, QT_TAMANHO, QT_DECIMAIS, CD_DOMINIO, NR_SEQ_ITEM_XSD ) VALUES (
343944, 74939, 26, 'indAutoria', 'indAutoria', 'N', 'N', 'NUMBER', NULL, 'apapandini'
,  TO_Date( '10/16/2018 04:21:00 ', 'MM/DD/YYYY HH:MI:SS '), 'apapandini',  TO_Date( '10/16/2018 04:21:00 ', 'MM/DD/YYYY HH:MI:SS ')
, NULL, 'S', NULL, 'N', NULL, NULL, NULL, 'INDAUTORIA', NULL, NULL, NULL, NULL, NULL
, NULL, NULL);
INSERT INTO XML_ATRIBUTO( NR_SEQUENCIA, NR_SEQ_ELEMENTO, NR_SEQ_APRESENTACAO, NM_ATRIBUTO_XML, NM_ATRIBUTO, IE_CRIAR_NULO, IE_OBRIGATORIO, IE_TIPO_ATRIBUTO, DS_MASCARA, NM_USUARIO_NREC, DT_ATUALIZACAO_NREC, NM_USUARIO, DT_ATUALIZACAO, NR_SEQ_ATRIB_ELEM, IE_CRIAR_ATRIBUTO, DS_CABECALHO, IE_CONTROLE_PB, IE_REMOVER_ESPACO_BRANCO, DS_NAMESPACE, NM_TABELA_DEF_BANCO, NM_ATRIBUTO_XML_PESQUISA, CD_EXP_OBSERVACAO, NM_TABELA_BASE, NM_ATRIBUTO_BASE, QT_TAMANHO, QT_DECIMAIS, CD_DOMINIO, NR_SEQ_ITEM_XSD ) VALUES (
343945, 74939, 22, 'iniValid', 'iniValid', 'S', 'S', 'VARCHAR2', NULL, 'apapandini'
,  TO_Date( '10/16/2018 04:21:00 ', 'MM/DD/YYYY HH:MI:SS '), 'apapandini',  TO_Date( '10/16/2018 04:21:00 ', 'MM/DD/YYYY HH:MI:SS ')
, NULL, 'S', NULL, 'N', NULL, NULL, NULL, 'INIVALID', NULL, NULL, NULL, NULL, NULL
, NULL, NULL);
INSERT INTO XML_ATRIBUTO( NR_SEQUENCIA, NR_SEQ_ELEMENTO, NR_SEQ_APRESENTACAO, NM_ATRIBUTO_XML, NM_ATRIBUTO, IE_CRIAR_NULO, IE_OBRIGATORIO, IE_TIPO_ATRIBUTO, DS_MASCARA, NM_USUARIO_NREC, DT_ATUALIZACAO_NREC, NM_USUARIO, DT_ATUALIZACAO, NR_SEQ_ATRIB_ELEM, IE_CRIAR_ATRIBUTO, DS_CABECALHO, IE_CONTROLE_PB, IE_REMOVER_ESPACO_BRANCO, DS_NAMESPACE, NM_TABELA_DEF_BANCO, NM_ATRIBUTO_XML_PESQUISA, CD_EXP_OBSERVACAO, NM_TABELA_BASE, NM_ATRIBUTO_BASE, QT_TAMANHO, QT_DECIMAIS, CD_DOMINIO, NR_SEQ_ITEM_XSD ) VALUES (
343946, 74939, 23, 'fimValid', 'fimValid', 'N', 'S', 'VARCHAR2', NULL, 'apapandini'
,  TO_Date( '10/16/2018 04:21:00 ', 'MM/DD/YYYY HH:MI:SS '), 'apapandini',  TO_Date( '10/16/2018 04:21:00 ', 'MM/DD/YYYY HH:MI:SS ')
, NULL, 'S', NULL, 'N', NULL, NULL, NULL, 'FIMVALID', NULL, NULL, NULL, NULL, NULL
, NULL, NULL);
INSERT INTO XML_ATRIBUTO( NR_SEQUENCIA, NR_SEQ_ELEMENTO, NR_SEQ_APRESENTACAO, NM_ATRIBUTO_XML, NM_ATRIBUTO, IE_CRIAR_NULO, IE_OBRIGATORIO, IE_TIPO_ATRIBUTO, DS_MASCARA, NM_USUARIO_NREC, DT_ATUALIZACAO_NREC, NM_USUARIO, DT_ATUALIZACAO, NR_SEQ_ATRIB_ELEM, IE_CRIAR_ATRIBUTO, DS_CABECALHO, IE_CONTROLE_PB, IE_REMOVER_ESPACO_BRANCO, DS_NAMESPACE, NM_TABELA_DEF_BANCO, NM_ATRIBUTO_XML_PESQUISA, CD_EXP_OBSERVACAO, NM_TABELA_BASE, NM_ATRIBUTO_BASE, QT_TAMANHO, QT_DECIMAIS, CD_DOMINIO, NR_SEQ_ITEM_XSD ) VALUES (
343947, 74939, 40, 'infoSusp', NULL, 'S', 'S', NULL, NULL, 'apapandini',  TO_Date( '10/16/2018 04:21:00 ', 'MM/DD/YYYY HH:MI:SS ')
, 'apapandini',  TO_Date( '10/16/2018 04:21:00 ', 'MM/DD/YYYY HH:MI:SS '), 74931
, 'S', NULL, 'N', NULL, NULL, NULL, 'INFOSUSP', NULL, NULL, NULL, NULL, NULL, NULL
, NULL);
INSERT INTO XML_ATRIBUTO( NR_SEQUENCIA, NR_SEQ_ELEMENTO, NR_SEQ_APRESENTACAO, NM_ATRIBUTO_XML, NM_ATRIBUTO, IE_CRIAR_NULO, IE_OBRIGATORIO, IE_TIPO_ATRIBUTO, DS_MASCARA, NM_USUARIO_NREC, DT_ATUALIZACAO_NREC, NM_USUARIO, DT_ATUALIZACAO, NR_SEQ_ATRIB_ELEM, IE_CRIAR_ATRIBUTO, DS_CABECALHO, IE_CONTROLE_PB, IE_REMOVER_ESPACO_BRANCO, DS_NAMESPACE, NM_TABELA_DEF_BANCO, NM_ATRIBUTO_XML_PESQUISA, CD_EXP_OBSERVACAO, NM_TABELA_BASE, NM_ATRIBUTO_BASE, QT_TAMANHO, QT_DECIMAIS, CD_DOMINIO, NR_SEQ_ITEM_XSD ) VALUES (
343948, 74939, 50, 'dadosProcJud', NULL, 'S', 'S', NULL, NULL, 'apapandini',  TO_Date( '10/16/2018 04:21:00 ', 'MM/DD/YYYY HH:MI:SS ')
, 'apapandini',  TO_Date( '10/16/2018 04:21:00 ', 'MM/DD/YYYY HH:MI:SS '), 74932
, 'S', NULL, 'N', NULL, NULL, NULL, 'DADOSPROCJUD', NULL, NULL, NULL, NULL, NULL, NULL
, NULL);
INSERT INTO XML_ATRIBUTO( NR_SEQUENCIA, NR_SEQ_ELEMENTO, NR_SEQ_APRESENTACAO, NM_ATRIBUTO_XML, NM_ATRIBUTO, IE_CRIAR_NULO, IE_OBRIGATORIO, IE_TIPO_ATRIBUTO, DS_MASCARA, NM_USUARIO_NREC, DT_ATUALIZACAO_NREC, NM_USUARIO, DT_ATUALIZACAO, NR_SEQ_ATRIB_ELEM, IE_CRIAR_ATRIBUTO, DS_CABECALHO, IE_CONTROLE_PB, IE_REMOVER_ESPACO_BRANCO, DS_NAMESPACE, NM_TABELA_DEF_BANCO, NM_ATRIBUTO_XML_PESQUISA, CD_EXP_OBSERVACAO, NM_TABELA_BASE, NM_ATRIBUTO_BASE, QT_TAMANHO, QT_DECIMAIS, CD_DOMINIO, NR_SEQ_ITEM_XSD ) VALUES (
343949, 74940, 2, 'Reinf', NULL, 'S', 'S', NULL, NULL, 'apapandini',  TO_Date( '10/16/2018 04:21:00 ', 'MM/DD/YYYY HH:MI:SS ')
, 'apapandini',  TO_Date( '10/16/2018 04:21:00 ', 'MM/DD/YYYY HH:MI:SS '), 74941
, 'S', 'xmlns="http://www.reinf.esocial.gov.br/schemas/evtTabProcesso/v1_04_00"', 'N'
, NULL, NULL, NULL, 'REINF', NULL, NULL, NULL, NULL, NULL, NULL, NULL);
INSERT INTO XML_ATRIBUTO( NR_SEQUENCIA, NR_SEQ_ELEMENTO, NR_SEQ_APRESENTACAO, NM_ATRIBUTO_XML, NM_ATRIBUTO, IE_CRIAR_NULO, IE_OBRIGATORIO, IE_TIPO_ATRIBUTO, DS_MASCARA, NM_USUARIO_NREC, DT_ATUALIZACAO_NREC, NM_USUARIO, DT_ATUALIZACAO, NR_SEQ_ATRIB_ELEM, IE_CRIAR_ATRIBUTO, DS_CABECALHO, IE_CONTROLE_PB, IE_REMOVER_ESPACO_BRANCO, DS_NAMESPACE, NM_TABELA_DEF_BANCO, NM_ATRIBUTO_XML_PESQUISA, CD_EXP_OBSERVACAO, NM_TABELA_BASE, NM_ATRIBUTO_BASE, QT_TAMANHO, QT_DECIMAIS, CD_DOMINIO, NR_SEQ_ITEM_XSD ) VALUES (
343950, 74941, 2, 'evtTabProcesso', NULL, 'S', 'S', NULL, NULL, 'apapandini',  TO_Date( '10/16/2018 04:21:00 ', 'MM/DD/YYYY HH:MI:SS ')
, 'apapandini',  TO_Date( '10/16/2018 04:21:00 ', 'MM/DD/YYYY HH:MI:SS '), 74942
, 'S', 'id=":nr_id"', 'N', NULL, NULL, NULL, 'EVTTABPROCESSO', NULL, NULL, NULL, NULL
, NULL, NULL, NULL);
INSERT INTO XML_ATRIBUTO( NR_SEQUENCIA, NR_SEQ_ELEMENTO, NR_SEQ_APRESENTACAO, NM_ATRIBUTO_XML, NM_ATRIBUTO, IE_CRIAR_NULO, IE_OBRIGATORIO, IE_TIPO_ATRIBUTO, DS_MASCARA, NM_USUARIO_NREC, DT_ATUALIZACAO_NREC, NM_USUARIO, DT_ATUALIZACAO, NR_SEQ_ATRIB_ELEM, IE_CRIAR_ATRIBUTO, DS_CABECALHO, IE_CONTROLE_PB, IE_REMOVER_ESPACO_BRANCO, DS_NAMESPACE, NM_TABELA_DEF_BANCO, NM_ATRIBUTO_XML_PESQUISA, CD_EXP_OBSERVACAO, NM_TABELA_BASE, NM_ATRIBUTO_BASE, QT_TAMANHO, QT_DECIMAIS, CD_DOMINIO, NR_SEQ_ITEM_XSD ) VALUES (
343951, 74942, 60, 'ideContri', NULL, 'S', 'S', NULL, NULL, 'apapandini',  TO_Date( '10/16/2018 04:21:00 ', 'MM/DD/YYYY HH:MI:SS ')
, 'apapandini',  TO_Date( '10/16/2018 04:21:00 ', 'MM/DD/YYYY HH:MI:SS '), 74936
, 'S', NULL, 'N', NULL, NULL, NULL, 'IDECONTRI', NULL, NULL, NULL, NULL, NULL, NULL
, NULL);
INSERT INTO XML_ATRIBUTO( NR_SEQUENCIA, NR_SEQ_ELEMENTO, NR_SEQ_APRESENTACAO, NM_ATRIBUTO_XML, NM_ATRIBUTO, IE_CRIAR_NULO, IE_OBRIGATORIO, IE_TIPO_ATRIBUTO, DS_MASCARA, NM_USUARIO_NREC, DT_ATUALIZACAO_NREC, NM_USUARIO, DT_ATUALIZACAO, NR_SEQ_ATRIB_ELEM, IE_CRIAR_ATRIBUTO, DS_CABECALHO, IE_CONTROLE_PB, IE_REMOVER_ESPACO_BRANCO, DS_NAMESPACE, NM_TABELA_DEF_BANCO, NM_ATRIBUTO_XML_PESQUISA, CD_EXP_OBSERVACAO, NM_TABELA_BASE, NM_ATRIBUTO_BASE, QT_TAMANHO, QT_DECIMAIS, CD_DOMINIO, NR_SEQ_ITEM_XSD ) VALUES (
343952, 74942, 70, 'infoProcesso', NULL, 'S', 'S', NULL, NULL, 'apapandini',  TO_Date( '10/16/2018 04:21:00 ', 'MM/DD/YYYY HH:MI:SS ')
, 'apapandini',  TO_Date( '10/16/2018 04:21:00 ', 'MM/DD/YYYY HH:MI:SS '), 74937
, 'S', NULL, 'N', NULL, NULL, NULL, 'INFOPROCESSO', NULL, NULL, NULL, NULL, NULL, NULL
, NULL);
INSERT INTO XML_ATRIBUTO( NR_SEQUENCIA, NR_SEQ_ELEMENTO, NR_SEQ_APRESENTACAO, NM_ATRIBUTO_XML, NM_ATRIBUTO, IE_CRIAR_NULO, IE_OBRIGATORIO, IE_TIPO_ATRIBUTO, DS_MASCARA, NM_USUARIO_NREC, DT_ATUALIZACAO_NREC, NM_USUARIO, DT_ATUALIZACAO, NR_SEQ_ATRIB_ELEM, IE_CRIAR_ATRIBUTO, DS_CABECALHO, IE_CONTROLE_PB, IE_REMOVER_ESPACO_BRANCO, DS_NAMESPACE, NM_TABELA_DEF_BANCO, NM_ATRIBUTO_XML_PESQUISA, CD_EXP_OBSERVACAO, NM_TABELA_BASE, NM_ATRIBUTO_BASE, QT_TAMANHO, QT_DECIMAIS, CD_DOMINIO, NR_SEQ_ITEM_XSD ) VALUES (
343953, 74942, 50, 'ideEvento', NULL, 'S', 'S', NULL, NULL, 'apapandini',  TO_Date( '10/16/2018 04:21:00 ', 'MM/DD/YYYY HH:MI:SS ')
, 'apapandini',  TO_Date( '10/16/2018 04:21:00 ', 'MM/DD/YYYY HH:MI:SS '), 74935
, 'S', NULL, 'N', NULL, NULL, NULL, 'IDEEVENTO', NULL, NULL, NULL, NULL, NULL, NULL
, NULL);

--	FIM XML 102448
--	INICIO XML 102449
INSERT INTO XML_PROJETO( NR_SEQUENCIA, DS_PROJETO, DT_ATUALIZACAO, NM_USUARIO, DT_ATUALIZACAO_NREC, NM_USUARIO_NREC, DS_CABECALHO, DS_OBSERVACAO, IE_TIPO_COMPLEXO, NR_SEQ_PROJ_COMPLEXO, IE_HOSP_PLS, DS_VERSAO, IE_TISS, IE_SITUACAO, IE_GERAR_QUEBRA ) VALUES (
102449, 'SPED - REINF R1070 ALTERAÇÃO -  V.1.4.00',  TO_Date( '10/17/2018 01:26:21 ', 'MM/DD/YYYY HH:MI:SS ')
, 'apapandini',  TO_Date( '10/16/2018 04:22:26 ', 'MM/DD/YYYY HH:MI:SS '), 'apapandini'
, NULL, NULL, 'N', NULL, 'H', NULL, 'N', 'I', NULL);

INSERT INTO XML_ELEMENTO( NR_SEQUENCIA, NR_SEQ_APRESENTACAO, NR_SEQ_PROJETO, NM_ELEMENTO, DS_ELEMENTO, DS_CABECALHO, DS_SQL, DS_GRUPO, NM_USUARIO, DT_ATUALIZACAO, IE_CRIAR_NULO, NM_USUARIO_NREC, DT_ATUALIZACAO_NREC, IE_TIPO_ELEMENTO, IE_CRIAR_ELEMENTO, IE_TIPO_COMPLEXO, DS_SQL_2, DS_NAMESPACE, QT_MIN_OCOR, QT_MAX_OCOR, NR_SEQ_ITEM_XSD ) VALUES (
74943, 4, 102449, 'infoSusp', 'infoSusp', NULL, 'select	substr(b.cd_ind_suspensao,1,14) codSusp, /*Cd de suspensão atribuído pelo contribuinte*/
	nvl(substr(b.cd_ind_exigibilidade,1,2),01) indSusp, /*Dom 8517*/
	to_char(b.dt_decisao, ''yyyy-mm-dd'') dtDecisao,
	nvl(b.ie_ind_deposito,''S'') indDeposito /*Dep do Montante Integral*/
from 	fis_reinf_r1070 a,
	fis_reinf_exib_trib b
where 	a.nr_sequencia = b.nr_seq_superior
and	a.nr_sequencia = :nr_sequencia'
, NULL, 'apapandini',  TO_Date( '10/16/2018 04:22:26 ', 'MM/DD/YYYY HH:MI:SS ')
, 'S', 'apapandini',  TO_Date( '10/16/2018 04:22:26 ', 'MM/DD/YYYY HH:MI:SS ')
, 'E', 'S', 'S', NULL, NULL, NULL, NULL, NULL);
INSERT INTO XML_ELEMENTO( NR_SEQUENCIA, NR_SEQ_APRESENTACAO, NR_SEQ_PROJETO, NM_ELEMENTO, DS_ELEMENTO, DS_CABECALHO, DS_SQL, DS_GRUPO, NM_USUARIO, DT_ATUALIZACAO, IE_CRIAR_NULO, NM_USUARIO_NREC, DT_ATUALIZACAO_NREC, IE_TIPO_ELEMENTO, IE_CRIAR_ELEMENTO, IE_TIPO_COMPLEXO, DS_SQL_2, DS_NAMESPACE, QT_MIN_OCOR, QT_MAX_OCOR, NR_SEQ_ITEM_XSD ) VALUES (
74944, 3, 102449, 'dadosProcJud', 'dadosProcJud', NULL, 'SELECT	SUBSTR(obter_uf_ibge(a.cd_municipio),1,2) ufVara,
	LPAD(SUBSTR(a.cd_municipio || substr(calcula_digito(''MODULO10'',a.cd_municipio),1,1),1,7),7, 0) codMunic,
	SUBSTR(a.cd_ident_vara,1,2) idVara
FROM 	fis_reinf_r1070 a,
	estabelecimento e
WHERE 	e.cd_estabelecimento = a.cd_estabelecimento
AND	a.nr_sequencia = :nr_sequencia
AND     NVL(a.cd_tipo_processo,1) = 2
'
, NULL, 'apapandini',  TO_Date( '10/16/2018 04:22:26 ', 'MM/DD/YYYY HH:MI:SS ')
, 'S', 'apapandini',  TO_Date( '10/16/2018 04:22:26 ', 'MM/DD/YYYY HH:MI:SS ')
, 'E', 'S', 'S', NULL, NULL, NULL, NULL, NULL);
INSERT INTO XML_ELEMENTO( NR_SEQUENCIA, NR_SEQ_APRESENTACAO, NR_SEQ_PROJETO, NM_ELEMENTO, DS_ELEMENTO, DS_CABECALHO, DS_SQL, DS_GRUPO, NM_USUARIO, DT_ATUALIZACAO, IE_CRIAR_NULO, NM_USUARIO_NREC, DT_ATUALIZACAO_NREC, IE_TIPO_ELEMENTO, IE_CRIAR_ELEMENTO, IE_TIPO_COMPLEXO, DS_SQL_2, DS_NAMESPACE, QT_MIN_OCOR, QT_MAX_OCOR, NR_SEQ_ITEM_XSD ) VALUES (
74945, 10, 102449, 'Reinf', 'Reinf', 'xmlns="http://www.reinf.esocial.gov.br/schemas/envioLoteEventos/v1_04_00"'
, 'SELECT	(''ID'' || ''1'' || rpad(substr(e.cd_cgc,1,8), 14, ''0'') || TO_CHAR(SYSDATE,''YYYYMMDD'') || TO_CHAR(SYSDATE,''HHMMSS'')  ||''00001'') nr_id,
	NVL(a.ie_ambiente,3) tpAmb,
	''1'' procEmi,
	(SELECT MAX(CD_VERSAO) cd FROM APLICACAO_TASY_VERSAO) verProc,
	''1'' tpInsc,
	substr(e.cd_cgc,1,8) nrInsc,
	TO_CHAR(a.dt_inicio_validade, ''YYYY-MM'') iniValid,
	TO_CHAR(a.dt_fim_validade, ''YYYY-MM'') fimValid,
	NVL(a.cd_tipo_processo,1) tpProc,
	SUBSTR(a.nr_processo,1,21) nrProc,
	SUBSTR(a.cd_ind_auditoria,1,1) indAutoria
FROM 	fis_reinf_r1070 a,
	estabelecimento e
WHERE 	e.cd_estabelecimento = a.cd_estabelecimento
AND	a.nr_sequencia = :nr_sequencia'
, NULL, 'apapandini',  TO_Date( '10/16/2018 04:22:26 ', 'MM/DD/YYYY HH:MI:SS ')
, 'S', 'apapandini',  TO_Date( '10/16/2018 04:22:26 ', 'MM/DD/YYYY HH:MI:SS ')
, 'E', 'S', 'S', NULL, NULL, NULL, NULL, NULL);
INSERT INTO XML_ELEMENTO( NR_SEQUENCIA, NR_SEQ_APRESENTACAO, NR_SEQ_PROJETO, NM_ELEMENTO, DS_ELEMENTO, DS_CABECALHO, DS_SQL, DS_GRUPO, NM_USUARIO, DT_ATUALIZACAO, IE_CRIAR_NULO, NM_USUARIO_NREC, DT_ATUALIZACAO_NREC, IE_TIPO_ELEMENTO, IE_CRIAR_ELEMENTO, IE_TIPO_COMPLEXO, DS_SQL_2, DS_NAMESPACE, QT_MIN_OCOR, QT_MAX_OCOR, NR_SEQ_ITEM_XSD ) VALUES (
74946, 30, 102449, 'loteEventos', 'loteEventos', NULL, NULL, NULL, 'apapandini',  TO_Date( '10/16/2018 04:22:26 ', 'MM/DD/YYYY HH:MI:SS ')
, 'S', 'apapandini',  TO_Date( '10/16/2018 04:22:26 ', 'MM/DD/YYYY HH:MI:SS ')
, 'E', 'S', 'S', NULL, NULL, NULL, NULL, NULL);
INSERT INTO XML_ELEMENTO( NR_SEQUENCIA, NR_SEQ_APRESENTACAO, NR_SEQ_PROJETO, NM_ELEMENTO, DS_ELEMENTO, DS_CABECALHO, DS_SQL, DS_GRUPO, NM_USUARIO, DT_ATUALIZACAO, IE_CRIAR_NULO, NM_USUARIO_NREC, DT_ATUALIZACAO_NREC, IE_TIPO_ELEMENTO, IE_CRIAR_ELEMENTO, IE_TIPO_COMPLEXO, DS_SQL_2, DS_NAMESPACE, QT_MIN_OCOR, QT_MAX_OCOR, NR_SEQ_ITEM_XSD ) VALUES (
74947, 55, 102449, 'ideEvento', 'ideEvento', NULL, NULL, NULL, 'apapandini',  TO_Date( '10/16/2018 04:22:26 ', 'MM/DD/YYYY HH:MI:SS ')
, 'S', 'apapandini',  TO_Date( '10/16/2018 04:22:26 ', 'MM/DD/YYYY HH:MI:SS ')
, 'E', 'S', 'S', NULL, NULL, NULL, NULL, NULL);
INSERT INTO XML_ELEMENTO( NR_SEQUENCIA, NR_SEQ_APRESENTACAO, NR_SEQ_PROJETO, NM_ELEMENTO, DS_ELEMENTO, DS_CABECALHO, DS_SQL, DS_GRUPO, NM_USUARIO, DT_ATUALIZACAO, IE_CRIAR_NULO, NM_USUARIO_NREC, DT_ATUALIZACAO_NREC, IE_TIPO_ELEMENTO, IE_CRIAR_ELEMENTO, IE_TIPO_COMPLEXO, DS_SQL_2, DS_NAMESPACE, QT_MIN_OCOR, QT_MAX_OCOR, NR_SEQ_ITEM_XSD ) VALUES (
74948, 65, 102449, 'ideContri', 'ideContri', NULL, NULL, NULL, 'apapandini',  TO_Date( '10/16/2018 04:22:26 ', 'MM/DD/YYYY HH:MI:SS ')
, 'S', 'apapandini',  TO_Date( '10/16/2018 04:22:26 ', 'MM/DD/YYYY HH:MI:SS ')
, 'E', 'S', 'S', NULL, NULL, NULL, NULL, NULL);
INSERT INTO XML_ELEMENTO( NR_SEQUENCIA, NR_SEQ_APRESENTACAO, NR_SEQ_PROJETO, NM_ELEMENTO, DS_ELEMENTO, DS_CABECALHO, DS_SQL, DS_GRUPO, NM_USUARIO, DT_ATUALIZACAO, IE_CRIAR_NULO, NM_USUARIO_NREC, DT_ATUALIZACAO_NREC, IE_TIPO_ELEMENTO, IE_CRIAR_ELEMENTO, IE_TIPO_COMPLEXO, DS_SQL_2, DS_NAMESPACE, QT_MIN_OCOR, QT_MAX_OCOR, NR_SEQ_ITEM_XSD ) VALUES (
74949, 71, 102449, 'infoProcesso', 'infoProcesso', NULL, NULL, NULL, 'apapandini'
,  TO_Date( '10/16/2018 04:22:26 ', 'MM/DD/YYYY HH:MI:SS '), 'S', 'apapandini'
,  TO_Date( '10/16/2018 04:22:26 ', 'MM/DD/YYYY HH:MI:SS '), 'E', 'S', 'S'
, NULL, NULL, NULL, NULL, NULL);
INSERT INTO XML_ELEMENTO( NR_SEQUENCIA, NR_SEQ_APRESENTACAO, NR_SEQ_PROJETO, NM_ELEMENTO, DS_ELEMENTO, DS_CABECALHO, DS_SQL, DS_GRUPO, NM_USUARIO, DT_ATUALIZACAO, IE_CRIAR_NULO, NM_USUARIO_NREC, DT_ATUALIZACAO_NREC, IE_TIPO_ELEMENTO, IE_CRIAR_ELEMENTO, IE_TIPO_COMPLEXO, DS_SQL_2, DS_NAMESPACE, QT_MIN_OCOR, QT_MAX_OCOR, NR_SEQ_ITEM_XSD ) VALUES (
74950, 73, 102449, 'alteracao', 'alteracao', NULL, NULL, NULL, 'apapandini',  TO_Date( '10/16/2018 04:22:26 ', 'MM/DD/YYYY HH:MI:SS ')
, 'S', 'apapandini',  TO_Date( '10/16/2018 04:22:26 ', 'MM/DD/YYYY HH:MI:SS ')
, 'E', 'S', 'S', NULL, NULL, NULL, NULL, NULL);
INSERT INTO XML_ELEMENTO( NR_SEQUENCIA, NR_SEQ_APRESENTACAO, NR_SEQ_PROJETO, NM_ELEMENTO, DS_ELEMENTO, DS_CABECALHO, DS_SQL, DS_GRUPO, NM_USUARIO, DT_ATUALIZACAO, IE_CRIAR_NULO, NM_USUARIO_NREC, DT_ATUALIZACAO_NREC, IE_TIPO_ELEMENTO, IE_CRIAR_ELEMENTO, IE_TIPO_COMPLEXO, DS_SQL_2, DS_NAMESPACE, QT_MIN_OCOR, QT_MAX_OCOR, NR_SEQ_ITEM_XSD ) VALUES (
74951, 77, 102449, 'ideProcesso', 'ideProcesso', NULL, NULL, NULL, 'apapandini',  TO_Date( '10/16/2018 04:22:26 ', 'MM/DD/YYYY HH:MI:SS ')
, 'S', 'apapandini',  TO_Date( '10/16/2018 04:22:26 ', 'MM/DD/YYYY HH:MI:SS ')
, 'E', 'S', 'S', NULL, NULL, NULL, NULL, NULL);
INSERT INTO XML_ELEMENTO( NR_SEQUENCIA, NR_SEQ_APRESENTACAO, NR_SEQ_PROJETO, NM_ELEMENTO, DS_ELEMENTO, DS_CABECALHO, DS_SQL, DS_GRUPO, NM_USUARIO, DT_ATUALIZACAO, IE_CRIAR_NULO, NM_USUARIO_NREC, DT_ATUALIZACAO_NREC, IE_TIPO_ELEMENTO, IE_CRIAR_ELEMENTO, IE_TIPO_COMPLEXO, DS_SQL_2, DS_NAMESPACE, QT_MIN_OCOR, QT_MAX_OCOR, NR_SEQ_ITEM_XSD ) VALUES (
74952, 1, 102449, 'Evento', 'Evento', NULL, NULL, NULL, 'apapandini',  TO_Date( '10/16/2018 04:22:26 ', 'MM/DD/YYYY HH:MI:SS ')
, 'S', 'apapandini',  TO_Date( '10/16/2018 04:22:26 ', 'MM/DD/YYYY HH:MI:SS ')
, 'E', 'S', 'S', NULL, NULL, NULL, NULL, NULL);
INSERT INTO XML_ELEMENTO( NR_SEQUENCIA, NR_SEQ_APRESENTACAO, NR_SEQ_PROJETO, NM_ELEMENTO, DS_ELEMENTO, DS_CABECALHO, DS_SQL, DS_GRUPO, NM_USUARIO, DT_ATUALIZACAO, IE_CRIAR_NULO, NM_USUARIO_NREC, DT_ATUALIZACAO_NREC, IE_TIPO_ELEMENTO, IE_CRIAR_ELEMENTO, IE_TIPO_COMPLEXO, DS_SQL_2, DS_NAMESPACE, QT_MIN_OCOR, QT_MAX_OCOR, NR_SEQ_ITEM_XSD ) VALUES (
74953, 2, 102449, 'Reinf', 'Reinf', NULL, NULL, NULL, 'apapandini',  TO_Date( '10/16/2018 04:22:26 ', 'MM/DD/YYYY HH:MI:SS ')
, 'S', 'apapandini',  TO_Date( '10/16/2018 04:22:26 ', 'MM/DD/YYYY HH:MI:SS ')
, 'E', 'S', 'S', NULL, NULL, NULL, NULL, NULL);
INSERT INTO XML_ELEMENTO( NR_SEQUENCIA, NR_SEQ_APRESENTACAO, NR_SEQ_PROJETO, NM_ELEMENTO, DS_ELEMENTO, DS_CABECALHO, DS_SQL, DS_GRUPO, NM_USUARIO, DT_ATUALIZACAO, IE_CRIAR_NULO, NM_USUARIO_NREC, DT_ATUALIZACAO_NREC, IE_TIPO_ELEMENTO, IE_CRIAR_ELEMENTO, IE_TIPO_COMPLEXO, DS_SQL_2, DS_NAMESPACE, QT_MIN_OCOR, QT_MAX_OCOR, NR_SEQ_ITEM_XSD ) VALUES (
74954, 2, 102449, 'evtTabProcesso', 'evtTabProcesso', NULL, NULL, NULL, 'apapandini'
,  TO_Date( '10/16/2018 04:22:26 ', 'MM/DD/YYYY HH:MI:SS '), 'S', 'apapandini'
,  TO_Date( '10/16/2018 04:22:26 ', 'MM/DD/YYYY HH:MI:SS '), 'E', 'S', 'S'
, NULL, NULL, NULL, NULL, NULL);
INSERT INTO XML_ELEMENTO( NR_SEQUENCIA, NR_SEQ_APRESENTACAO, NR_SEQ_PROJETO, NM_ELEMENTO, DS_ELEMENTO, DS_CABECALHO, DS_SQL, DS_GRUPO, NM_USUARIO, DT_ATUALIZACAO, IE_CRIAR_NULO, NM_USUARIO_NREC, DT_ATUALIZACAO_NREC, IE_TIPO_ELEMENTO, IE_CRIAR_ELEMENTO, IE_TIPO_COMPLEXO, DS_SQL_2, DS_NAMESPACE, QT_MIN_OCOR, QT_MAX_OCOR, NR_SEQ_ITEM_XSD ) VALUES (
74955, 10, 102449, 'novaValidade', 'novaValidade', NULL, NULL, NULL, 'apapandini'
,  TO_Date( '10/16/2018 04:22:26 ', 'MM/DD/YYYY HH:MI:SS '), 'S', 'apapandini'
,  TO_Date( '10/16/2018 04:22:26 ', 'MM/DD/YYYY HH:MI:SS '), 'E', 'S', 'S'
, NULL, NULL, NULL, NULL, NULL);

INSERT INTO XML_ATRIBUTO( NR_SEQUENCIA, NR_SEQ_ELEMENTO, NR_SEQ_APRESENTACAO, NM_ATRIBUTO_XML, NM_ATRIBUTO, IE_CRIAR_NULO, IE_OBRIGATORIO, IE_TIPO_ATRIBUTO, DS_MASCARA, NM_USUARIO_NREC, DT_ATUALIZACAO_NREC, NM_USUARIO, DT_ATUALIZACAO, NR_SEQ_ATRIB_ELEM, IE_CRIAR_ATRIBUTO, DS_CABECALHO, IE_CONTROLE_PB, IE_REMOVER_ESPACO_BRANCO, DS_NAMESPACE, NM_TABELA_DEF_BANCO, NM_ATRIBUTO_XML_PESQUISA, CD_EXP_OBSERVACAO, NM_TABELA_BASE, NM_ATRIBUTO_BASE, QT_TAMANHO, QT_DECIMAIS, CD_DOMINIO, NR_SEQ_ITEM_XSD ) VALUES (
343954, 74943, 5, 'codSusp', 'codSusp', 'N', 'N', 'VARCHAR2', NULL, 'apapandini',  TO_Date( '10/16/2018 04:22:26 ', 'MM/DD/YYYY HH:MI:SS ')
, 'apapandini',  TO_Date( '10/16/2018 04:22:26 ', 'MM/DD/YYYY HH:MI:SS '), NULL
, 'S', NULL, 'N', NULL, NULL, NULL, 'CODSUSP', NULL, NULL, NULL, NULL, NULL, NULL
, NULL);
INSERT INTO XML_ATRIBUTO( NR_SEQUENCIA, NR_SEQ_ELEMENTO, NR_SEQ_APRESENTACAO, NM_ATRIBUTO_XML, NM_ATRIBUTO, IE_CRIAR_NULO, IE_OBRIGATORIO, IE_TIPO_ATRIBUTO, DS_MASCARA, NM_USUARIO_NREC, DT_ATUALIZACAO_NREC, NM_USUARIO, DT_ATUALIZACAO, NR_SEQ_ATRIB_ELEM, IE_CRIAR_ATRIBUTO, DS_CABECALHO, IE_CONTROLE_PB, IE_REMOVER_ESPACO_BRANCO, DS_NAMESPACE, NM_TABELA_DEF_BANCO, NM_ATRIBUTO_XML_PESQUISA, CD_EXP_OBSERVACAO, NM_TABELA_BASE, NM_ATRIBUTO_BASE, QT_TAMANHO, QT_DECIMAIS, CD_DOMINIO, NR_SEQ_ITEM_XSD ) VALUES (
343955, 74943, 10, 'indSusp', 'indSusp', 'S', 'S', 'VARCHAR2', NULL, 'apapandini'
,  TO_Date( '10/16/2018 04:22:26 ', 'MM/DD/YYYY HH:MI:SS '), 'apapandini',  TO_Date( '10/16/2018 04:22:26 ', 'MM/DD/YYYY HH:MI:SS ')
, NULL, 'S', NULL, 'N', NULL, NULL, NULL, 'INDSUSP', NULL, NULL, NULL, NULL, NULL
, NULL, NULL);
INSERT INTO XML_ATRIBUTO( NR_SEQUENCIA, NR_SEQ_ELEMENTO, NR_SEQ_APRESENTACAO, NM_ATRIBUTO_XML, NM_ATRIBUTO, IE_CRIAR_NULO, IE_OBRIGATORIO, IE_TIPO_ATRIBUTO, DS_MASCARA, NM_USUARIO_NREC, DT_ATUALIZACAO_NREC, NM_USUARIO, DT_ATUALIZACAO, NR_SEQ_ATRIB_ELEM, IE_CRIAR_ATRIBUTO, DS_CABECALHO, IE_CONTROLE_PB, IE_REMOVER_ESPACO_BRANCO, DS_NAMESPACE, NM_TABELA_DEF_BANCO, NM_ATRIBUTO_XML_PESQUISA, CD_EXP_OBSERVACAO, NM_TABELA_BASE, NM_ATRIBUTO_BASE, QT_TAMANHO, QT_DECIMAIS, CD_DOMINIO, NR_SEQ_ITEM_XSD ) VALUES (
343956, 74943, 15, 'dtDecisao', 'dtDecisao', 'S', 'S', 'VARCHAR2', NULL, 'apapandini'
,  TO_Date( '10/16/2018 04:22:26 ', 'MM/DD/YYYY HH:MI:SS '), 'apapandini',  TO_Date( '10/16/2018 04:22:26 ', 'MM/DD/YYYY HH:MI:SS ')
, NULL, 'S', NULL, 'N', NULL, NULL, NULL, 'DTDECISAO', NULL, NULL, NULL, NULL, NULL
, NULL, NULL);
INSERT INTO XML_ATRIBUTO( NR_SEQUENCIA, NR_SEQ_ELEMENTO, NR_SEQ_APRESENTACAO, NM_ATRIBUTO_XML, NM_ATRIBUTO, IE_CRIAR_NULO, IE_OBRIGATORIO, IE_TIPO_ATRIBUTO, DS_MASCARA, NM_USUARIO_NREC, DT_ATUALIZACAO_NREC, NM_USUARIO, DT_ATUALIZACAO, NR_SEQ_ATRIB_ELEM, IE_CRIAR_ATRIBUTO, DS_CABECALHO, IE_CONTROLE_PB, IE_REMOVER_ESPACO_BRANCO, DS_NAMESPACE, NM_TABELA_DEF_BANCO, NM_ATRIBUTO_XML_PESQUISA, CD_EXP_OBSERVACAO, NM_TABELA_BASE, NM_ATRIBUTO_BASE, QT_TAMANHO, QT_DECIMAIS, CD_DOMINIO, NR_SEQ_ITEM_XSD ) VALUES (
343957, 74943, 20, 'indDeposito', 'indDeposito', 'S', 'S', 'VARCHAR2', NULL, 'apapandini'
,  TO_Date( '10/16/2018 04:22:26 ', 'MM/DD/YYYY HH:MI:SS '), 'apapandini',  TO_Date( '10/16/2018 04:22:26 ', 'MM/DD/YYYY HH:MI:SS ')
, NULL, 'S', NULL, 'N', NULL, NULL, NULL, 'INDDEPOSITO', NULL, NULL, NULL, NULL, NULL
, NULL, NULL);
INSERT INTO XML_ATRIBUTO( NR_SEQUENCIA, NR_SEQ_ELEMENTO, NR_SEQ_APRESENTACAO, NM_ATRIBUTO_XML, NM_ATRIBUTO, IE_CRIAR_NULO, IE_OBRIGATORIO, IE_TIPO_ATRIBUTO, DS_MASCARA, NM_USUARIO_NREC, DT_ATUALIZACAO_NREC, NM_USUARIO, DT_ATUALIZACAO, NR_SEQ_ATRIB_ELEM, IE_CRIAR_ATRIBUTO, DS_CABECALHO, IE_CONTROLE_PB, IE_REMOVER_ESPACO_BRANCO, DS_NAMESPACE, NM_TABELA_DEF_BANCO, NM_ATRIBUTO_XML_PESQUISA, CD_EXP_OBSERVACAO, NM_TABELA_BASE, NM_ATRIBUTO_BASE, QT_TAMANHO, QT_DECIMAIS, CD_DOMINIO, NR_SEQ_ITEM_XSD ) VALUES (
343958, 74944, 10, 'codMunic', 'codMunic', 'S', 'S', 'VARCHAR2', NULL, 'apapandini'
,  TO_Date( '10/16/2018 04:22:26 ', 'MM/DD/YYYY HH:MI:SS '), 'apapandini',  TO_Date( '10/16/2018 04:22:26 ', 'MM/DD/YYYY HH:MI:SS ')
, NULL, 'S', NULL, 'N', NULL, NULL, NULL, 'CODMUNIC', NULL, NULL, NULL, NULL, NULL
, NULL, NULL);
INSERT INTO XML_ATRIBUTO( NR_SEQUENCIA, NR_SEQ_ELEMENTO, NR_SEQ_APRESENTACAO, NM_ATRIBUTO_XML, NM_ATRIBUTO, IE_CRIAR_NULO, IE_OBRIGATORIO, IE_TIPO_ATRIBUTO, DS_MASCARA, NM_USUARIO_NREC, DT_ATUALIZACAO_NREC, NM_USUARIO, DT_ATUALIZACAO, NR_SEQ_ATRIB_ELEM, IE_CRIAR_ATRIBUTO, DS_CABECALHO, IE_CONTROLE_PB, IE_REMOVER_ESPACO_BRANCO, DS_NAMESPACE, NM_TABELA_DEF_BANCO, NM_ATRIBUTO_XML_PESQUISA, CD_EXP_OBSERVACAO, NM_TABELA_BASE, NM_ATRIBUTO_BASE, QT_TAMANHO, QT_DECIMAIS, CD_DOMINIO, NR_SEQ_ITEM_XSD ) VALUES (
343959, 74944, 3, 'ufVara', 'ufVara', 'S', 'S', 'VARCHAR2', NULL, 'apapandini',  TO_Date( '10/16/2018 04:22:26 ', 'MM/DD/YYYY HH:MI:SS ')
, 'apapandini',  TO_Date( '10/16/2018 04:22:26 ', 'MM/DD/YYYY HH:MI:SS '), NULL
, 'S', NULL, 'N', NULL, NULL, NULL, 'UFVARA', NULL, NULL, NULL, NULL, NULL, NULL, NULL);
INSERT INTO XML_ATRIBUTO( NR_SEQUENCIA, NR_SEQ_ELEMENTO, NR_SEQ_APRESENTACAO, NM_ATRIBUTO_XML, NM_ATRIBUTO, IE_CRIAR_NULO, IE_OBRIGATORIO, IE_TIPO_ATRIBUTO, DS_MASCARA, NM_USUARIO_NREC, DT_ATUALIZACAO_NREC, NM_USUARIO, DT_ATUALIZACAO, NR_SEQ_ATRIB_ELEM, IE_CRIAR_ATRIBUTO, DS_CABECALHO, IE_CONTROLE_PB, IE_REMOVER_ESPACO_BRANCO, DS_NAMESPACE, NM_TABELA_DEF_BANCO, NM_ATRIBUTO_XML_PESQUISA, CD_EXP_OBSERVACAO, NM_TABELA_BASE, NM_ATRIBUTO_BASE, QT_TAMANHO, QT_DECIMAIS, CD_DOMINIO, NR_SEQ_ITEM_XSD ) VALUES (
343960, 74944, 15, 'idVara', 'idVara', 'S', 'S', 'VARCHAR2', NULL, 'apapandini',  TO_Date( '10/16/2018 04:22:26 ', 'MM/DD/YYYY HH:MI:SS ')
, 'apapandini',  TO_Date( '10/16/2018 04:22:26 ', 'MM/DD/YYYY HH:MI:SS '), NULL
, 'S', NULL, 'N', NULL, NULL, NULL, 'IDVARA', NULL, NULL, NULL, NULL, NULL, NULL, NULL);
INSERT INTO XML_ATRIBUTO( NR_SEQUENCIA, NR_SEQ_ELEMENTO, NR_SEQ_APRESENTACAO, NM_ATRIBUTO_XML, NM_ATRIBUTO, IE_CRIAR_NULO, IE_OBRIGATORIO, IE_TIPO_ATRIBUTO, DS_MASCARA, NM_USUARIO_NREC, DT_ATUALIZACAO_NREC, NM_USUARIO, DT_ATUALIZACAO, NR_SEQ_ATRIB_ELEM, IE_CRIAR_ATRIBUTO, DS_CABECALHO, IE_CONTROLE_PB, IE_REMOVER_ESPACO_BRANCO, DS_NAMESPACE, NM_TABELA_DEF_BANCO, NM_ATRIBUTO_XML_PESQUISA, CD_EXP_OBSERVACAO, NM_TABELA_BASE, NM_ATRIBUTO_BASE, QT_TAMANHO, QT_DECIMAIS, CD_DOMINIO, NR_SEQ_ITEM_XSD ) VALUES (
343961, 74945, 20, 'loteEventos', NULL, 'S', 'S', NULL, NULL, 'apapandini',  TO_Date( '10/16/2018 04:22:26 ', 'MM/DD/YYYY HH:MI:SS ')
, 'apapandini',  TO_Date( '10/16/2018 04:22:26 ', 'MM/DD/YYYY HH:MI:SS '), 74946
, 'S', NULL, 'N', NULL, NULL, NULL, 'LOTEEVENTOS', NULL, NULL, NULL, NULL, NULL, NULL
, NULL);
INSERT INTO XML_ATRIBUTO( NR_SEQUENCIA, NR_SEQ_ELEMENTO, NR_SEQ_APRESENTACAO, NM_ATRIBUTO_XML, NM_ATRIBUTO, IE_CRIAR_NULO, IE_OBRIGATORIO, IE_TIPO_ATRIBUTO, DS_MASCARA, NM_USUARIO_NREC, DT_ATUALIZACAO_NREC, NM_USUARIO, DT_ATUALIZACAO, NR_SEQ_ATRIB_ELEM, IE_CRIAR_ATRIBUTO, DS_CABECALHO, IE_CONTROLE_PB, IE_REMOVER_ESPACO_BRANCO, DS_NAMESPACE, NM_TABELA_DEF_BANCO, NM_ATRIBUTO_XML_PESQUISA, CD_EXP_OBSERVACAO, NM_TABELA_BASE, NM_ATRIBUTO_BASE, QT_TAMANHO, QT_DECIMAIS, CD_DOMINIO, NR_SEQ_ITEM_XSD ) VALUES (
343962, 74946, 1, 'evento', NULL, 'S', 'S', NULL, NULL, 'apapandini',  TO_Date( '10/16/2018 04:22:26 ', 'MM/DD/YYYY HH:MI:SS ')
, 'apapandini',  TO_Date( '10/16/2018 04:22:26 ', 'MM/DD/YYYY HH:MI:SS '), 74952
, 'S', 'id=":nr_id"', 'N', NULL, NULL, NULL, 'EVENTO', NULL, NULL, NULL, NULL, NULL
, NULL, NULL);
INSERT INTO XML_ATRIBUTO( NR_SEQUENCIA, NR_SEQ_ELEMENTO, NR_SEQ_APRESENTACAO, NM_ATRIBUTO_XML, NM_ATRIBUTO, IE_CRIAR_NULO, IE_OBRIGATORIO, IE_TIPO_ATRIBUTO, DS_MASCARA, NM_USUARIO_NREC, DT_ATUALIZACAO_NREC, NM_USUARIO, DT_ATUALIZACAO, NR_SEQ_ATRIB_ELEM, IE_CRIAR_ATRIBUTO, DS_CABECALHO, IE_CONTROLE_PB, IE_REMOVER_ESPACO_BRANCO, DS_NAMESPACE, NM_TABELA_DEF_BANCO, NM_ATRIBUTO_XML_PESQUISA, CD_EXP_OBSERVACAO, NM_TABELA_BASE, NM_ATRIBUTO_BASE, QT_TAMANHO, QT_DECIMAIS, CD_DOMINIO, NR_SEQ_ITEM_XSD ) VALUES (
343963, 74947, 10, 'tpAmb', 'tpAmb', 'S', 'S', 'NUMBER', NULL, 'apapandini',  TO_Date( '10/16/2018 04:22:26 ', 'MM/DD/YYYY HH:MI:SS ')
, 'apapandini',  TO_Date( '10/16/2018 04:22:26 ', 'MM/DD/YYYY HH:MI:SS '), NULL
, 'S', NULL, 'N', NULL, NULL, NULL, 'TPAMB', NULL, NULL, NULL, NULL, NULL, NULL, NULL);
INSERT INTO XML_ATRIBUTO( NR_SEQUENCIA, NR_SEQ_ELEMENTO, NR_SEQ_APRESENTACAO, NM_ATRIBUTO_XML, NM_ATRIBUTO, IE_CRIAR_NULO, IE_OBRIGATORIO, IE_TIPO_ATRIBUTO, DS_MASCARA, NM_USUARIO_NREC, DT_ATUALIZACAO_NREC, NM_USUARIO, DT_ATUALIZACAO, NR_SEQ_ATRIB_ELEM, IE_CRIAR_ATRIBUTO, DS_CABECALHO, IE_CONTROLE_PB, IE_REMOVER_ESPACO_BRANCO, DS_NAMESPACE, NM_TABELA_DEF_BANCO, NM_ATRIBUTO_XML_PESQUISA, CD_EXP_OBSERVACAO, NM_TABELA_BASE, NM_ATRIBUTO_BASE, QT_TAMANHO, QT_DECIMAIS, CD_DOMINIO, NR_SEQ_ITEM_XSD ) VALUES (
343964, 74947, 20, 'procEmi', 'procEmi', 'S', 'S', 'VARCHAR2', NULL, 'apapandini'
,  TO_Date( '10/16/2018 04:22:26 ', 'MM/DD/YYYY HH:MI:SS '), 'apapandini',  TO_Date( '10/16/2018 04:22:26 ', 'MM/DD/YYYY HH:MI:SS ')
, NULL, 'S', NULL, 'N', NULL, NULL, NULL, 'PROCEMI', NULL, NULL, NULL, NULL, NULL
, NULL, NULL);
INSERT INTO XML_ATRIBUTO( NR_SEQUENCIA, NR_SEQ_ELEMENTO, NR_SEQ_APRESENTACAO, NM_ATRIBUTO_XML, NM_ATRIBUTO, IE_CRIAR_NULO, IE_OBRIGATORIO, IE_TIPO_ATRIBUTO, DS_MASCARA, NM_USUARIO_NREC, DT_ATUALIZACAO_NREC, NM_USUARIO, DT_ATUALIZACAO, NR_SEQ_ATRIB_ELEM, IE_CRIAR_ATRIBUTO, DS_CABECALHO, IE_CONTROLE_PB, IE_REMOVER_ESPACO_BRANCO, DS_NAMESPACE, NM_TABELA_DEF_BANCO, NM_ATRIBUTO_XML_PESQUISA, CD_EXP_OBSERVACAO, NM_TABELA_BASE, NM_ATRIBUTO_BASE, QT_TAMANHO, QT_DECIMAIS, CD_DOMINIO, NR_SEQ_ITEM_XSD ) VALUES (
343965, 74947, 30, 'verProc', 'verProc', 'S', 'S', 'VARCHAR2', NULL, 'apapandini'
,  TO_Date( '10/16/2018 04:22:26 ', 'MM/DD/YYYY HH:MI:SS '), 'apapandini',  TO_Date( '10/16/2018 04:22:26 ', 'MM/DD/YYYY HH:MI:SS ')
, NULL, 'S', NULL, 'N', NULL, NULL, NULL, 'VERPROC', NULL, NULL, NULL, NULL, NULL
, NULL, NULL);
INSERT INTO XML_ATRIBUTO( NR_SEQUENCIA, NR_SEQ_ELEMENTO, NR_SEQ_APRESENTACAO, NM_ATRIBUTO_XML, NM_ATRIBUTO, IE_CRIAR_NULO, IE_OBRIGATORIO, IE_TIPO_ATRIBUTO, DS_MASCARA, NM_USUARIO_NREC, DT_ATUALIZACAO_NREC, NM_USUARIO, DT_ATUALIZACAO, NR_SEQ_ATRIB_ELEM, IE_CRIAR_ATRIBUTO, DS_CABECALHO, IE_CONTROLE_PB, IE_REMOVER_ESPACO_BRANCO, DS_NAMESPACE, NM_TABELA_DEF_BANCO, NM_ATRIBUTO_XML_PESQUISA, CD_EXP_OBSERVACAO, NM_TABELA_BASE, NM_ATRIBUTO_BASE, QT_TAMANHO, QT_DECIMAIS, CD_DOMINIO, NR_SEQ_ITEM_XSD ) VALUES (
343966, 74948, 10, 'tpInsc', 'tpInsc', 'S', 'S', NULL, NULL, 'apapandini',  TO_Date( '10/16/2018 04:22:26 ', 'MM/DD/YYYY HH:MI:SS ')
, 'apapandini',  TO_Date( '10/16/2018 04:22:26 ', 'MM/DD/YYYY HH:MI:SS '), NULL
, 'S', NULL, 'N', NULL, NULL, NULL, 'TPINSC', NULL, NULL, NULL, NULL, NULL, NULL, NULL);
INSERT INTO XML_ATRIBUTO( NR_SEQUENCIA, NR_SEQ_ELEMENTO, NR_SEQ_APRESENTACAO, NM_ATRIBUTO_XML, NM_ATRIBUTO, IE_CRIAR_NULO, IE_OBRIGATORIO, IE_TIPO_ATRIBUTO, DS_MASCARA, NM_USUARIO_NREC, DT_ATUALIZACAO_NREC, NM_USUARIO, DT_ATUALIZACAO, NR_SEQ_ATRIB_ELEM, IE_CRIAR_ATRIBUTO, DS_CABECALHO, IE_CONTROLE_PB, IE_REMOVER_ESPACO_BRANCO, DS_NAMESPACE, NM_TABELA_DEF_BANCO, NM_ATRIBUTO_XML_PESQUISA, CD_EXP_OBSERVACAO, NM_TABELA_BASE, NM_ATRIBUTO_BASE, QT_TAMANHO, QT_DECIMAIS, CD_DOMINIO, NR_SEQ_ITEM_XSD ) VALUES (
343967, 74948, 20, 'nrInsc', 'nrInsc', 'S', 'S', NULL, NULL, 'apapandini',  TO_Date( '10/16/2018 04:22:26 ', 'MM/DD/YYYY HH:MI:SS ')
, 'apapandini',  TO_Date( '10/16/2018 04:22:26 ', 'MM/DD/YYYY HH:MI:SS '), NULL
, 'S', NULL, 'N', NULL, NULL, NULL, 'NRINSC', NULL, NULL, NULL, NULL, NULL, NULL, NULL);
INSERT INTO XML_ATRIBUTO( NR_SEQUENCIA, NR_SEQ_ELEMENTO, NR_SEQ_APRESENTACAO, NM_ATRIBUTO_XML, NM_ATRIBUTO, IE_CRIAR_NULO, IE_OBRIGATORIO, IE_TIPO_ATRIBUTO, DS_MASCARA, NM_USUARIO_NREC, DT_ATUALIZACAO_NREC, NM_USUARIO, DT_ATUALIZACAO, NR_SEQ_ATRIB_ELEM, IE_CRIAR_ATRIBUTO, DS_CABECALHO, IE_CONTROLE_PB, IE_REMOVER_ESPACO_BRANCO, DS_NAMESPACE, NM_TABELA_DEF_BANCO, NM_ATRIBUTO_XML_PESQUISA, CD_EXP_OBSERVACAO, NM_TABELA_BASE, NM_ATRIBUTO_BASE, QT_TAMANHO, QT_DECIMAIS, CD_DOMINIO, NR_SEQ_ITEM_XSD ) VALUES (
343968, 74949, 72, 'alteracao', NULL, 'S', 'S', NULL, NULL, 'apapandini',  TO_Date( '10/16/2018 04:22:26 ', 'MM/DD/YYYY HH:MI:SS ')
, 'apapandini',  TO_Date( '10/16/2018 04:22:26 ', 'MM/DD/YYYY HH:MI:SS '), 74950
, 'S', NULL, 'N', NULL, NULL, NULL, 'ALTERACAO', NULL, NULL, NULL, NULL, NULL, NULL
, NULL);
INSERT INTO XML_ATRIBUTO( NR_SEQUENCIA, NR_SEQ_ELEMENTO, NR_SEQ_APRESENTACAO, NM_ATRIBUTO_XML, NM_ATRIBUTO, IE_CRIAR_NULO, IE_OBRIGATORIO, IE_TIPO_ATRIBUTO, DS_MASCARA, NM_USUARIO_NREC, DT_ATUALIZACAO_NREC, NM_USUARIO, DT_ATUALIZACAO, NR_SEQ_ATRIB_ELEM, IE_CRIAR_ATRIBUTO, DS_CABECALHO, IE_CONTROLE_PB, IE_REMOVER_ESPACO_BRANCO, DS_NAMESPACE, NM_TABELA_DEF_BANCO, NM_ATRIBUTO_XML_PESQUISA, CD_EXP_OBSERVACAO, NM_TABELA_BASE, NM_ATRIBUTO_BASE, QT_TAMANHO, QT_DECIMAIS, CD_DOMINIO, NR_SEQ_ITEM_XSD ) VALUES (
343969, 74950, 2, 'ideProcesso', NULL, 'S', 'S', NULL, NULL, 'apapandini',  TO_Date( '10/16/2018 04:22:26 ', 'MM/DD/YYYY HH:MI:SS ')
, 'apapandini',  TO_Date( '10/16/2018 04:22:26 ', 'MM/DD/YYYY HH:MI:SS '), 74951
, 'S', NULL, 'N', NULL, NULL, NULL, 'IDEPROCESSO', NULL, NULL, NULL, NULL, NULL, NULL
, NULL);
INSERT INTO XML_ATRIBUTO( NR_SEQUENCIA, NR_SEQ_ELEMENTO, NR_SEQ_APRESENTACAO, NM_ATRIBUTO_XML, NM_ATRIBUTO, IE_CRIAR_NULO, IE_OBRIGATORIO, IE_TIPO_ATRIBUTO, DS_MASCARA, NM_USUARIO_NREC, DT_ATUALIZACAO_NREC, NM_USUARIO, DT_ATUALIZACAO, NR_SEQ_ATRIB_ELEM, IE_CRIAR_ATRIBUTO, DS_CABECALHO, IE_CONTROLE_PB, IE_REMOVER_ESPACO_BRANCO, DS_NAMESPACE, NM_TABELA_DEF_BANCO, NM_ATRIBUTO_XML_PESQUISA, CD_EXP_OBSERVACAO, NM_TABELA_BASE, NM_ATRIBUTO_BASE, QT_TAMANHO, QT_DECIMAIS, CD_DOMINIO, NR_SEQ_ITEM_XSD ) VALUES (
343970, 74950, 10, 'novaValidade', NULL, 'N', 'N', NULL, NULL, 'apapandini',  TO_Date( '10/16/2018 04:22:26 ', 'MM/DD/YYYY HH:MI:SS ')
, 'apapandini',  TO_Date( '10/16/2018 04:22:26 ', 'MM/DD/YYYY HH:MI:SS '), 74955
, 'S', NULL, 'N', NULL, NULL, NULL, 'NOVAVALIDADE', NULL, NULL, NULL, NULL, NULL, NULL
, NULL);
INSERT INTO XML_ATRIBUTO( NR_SEQUENCIA, NR_SEQ_ELEMENTO, NR_SEQ_APRESENTACAO, NM_ATRIBUTO_XML, NM_ATRIBUTO, IE_CRIAR_NULO, IE_OBRIGATORIO, IE_TIPO_ATRIBUTO, DS_MASCARA, NM_USUARIO_NREC, DT_ATUALIZACAO_NREC, NM_USUARIO, DT_ATUALIZACAO, NR_SEQ_ATRIB_ELEM, IE_CRIAR_ATRIBUTO, DS_CABECALHO, IE_CONTROLE_PB, IE_REMOVER_ESPACO_BRANCO, DS_NAMESPACE, NM_TABELA_DEF_BANCO, NM_ATRIBUTO_XML_PESQUISA, CD_EXP_OBSERVACAO, NM_TABELA_BASE, NM_ATRIBUTO_BASE, QT_TAMANHO, QT_DECIMAIS, CD_DOMINIO, NR_SEQ_ITEM_XSD ) VALUES (
343971, 74951, 10, 'tpProc', 'tpProc', 'S', 'S', 'NUMBER', NULL, 'apapandini',  TO_Date( '10/16/2018 04:22:26 ', 'MM/DD/YYYY HH:MI:SS ')
, 'apapandini',  TO_Date( '10/16/2018 04:22:26 ', 'MM/DD/YYYY HH:MI:SS '), NULL
, 'S', NULL, 'N', NULL, NULL, NULL, 'TPPROC', NULL, NULL, NULL, NULL, NULL, NULL, NULL);
INSERT INTO XML_ATRIBUTO( NR_SEQUENCIA, NR_SEQ_ELEMENTO, NR_SEQ_APRESENTACAO, NM_ATRIBUTO_XML, NM_ATRIBUTO, IE_CRIAR_NULO, IE_OBRIGATORIO, IE_TIPO_ATRIBUTO, DS_MASCARA, NM_USUARIO_NREC, DT_ATUALIZACAO_NREC, NM_USUARIO, DT_ATUALIZACAO, NR_SEQ_ATRIB_ELEM, IE_CRIAR_ATRIBUTO, DS_CABECALHO, IE_CONTROLE_PB, IE_REMOVER_ESPACO_BRANCO, DS_NAMESPACE, NM_TABELA_DEF_BANCO, NM_ATRIBUTO_XML_PESQUISA, CD_EXP_OBSERVACAO, NM_TABELA_BASE, NM_ATRIBUTO_BASE, QT_TAMANHO, QT_DECIMAIS, CD_DOMINIO, NR_SEQ_ITEM_XSD ) VALUES (
343972, 74951, 20, 'nrProc', 'nrProc', 'N', 'N', 'VARCHAR2', NULL, 'apapandini',  TO_Date( '10/16/2018 04:22:26 ', 'MM/DD/YYYY HH:MI:SS ')
, 'apapandini',  TO_Date( '10/16/2018 04:22:26 ', 'MM/DD/YYYY HH:MI:SS '), NULL
, 'S', NULL, 'N', NULL, NULL, NULL, 'NRPROC', NULL, NULL, NULL, NULL, NULL, NULL, NULL);
INSERT INTO XML_ATRIBUTO( NR_SEQUENCIA, NR_SEQ_ELEMENTO, NR_SEQ_APRESENTACAO, NM_ATRIBUTO_XML, NM_ATRIBUTO, IE_CRIAR_NULO, IE_OBRIGATORIO, IE_TIPO_ATRIBUTO, DS_MASCARA, NM_USUARIO_NREC, DT_ATUALIZACAO_NREC, NM_USUARIO, DT_ATUALIZACAO, NR_SEQ_ATRIB_ELEM, IE_CRIAR_ATRIBUTO, DS_CABECALHO, IE_CONTROLE_PB, IE_REMOVER_ESPACO_BRANCO, DS_NAMESPACE, NM_TABELA_DEF_BANCO, NM_ATRIBUTO_XML_PESQUISA, CD_EXP_OBSERVACAO, NM_TABELA_BASE, NM_ATRIBUTO_BASE, QT_TAMANHO, QT_DECIMAIS, CD_DOMINIO, NR_SEQ_ITEM_XSD ) VALUES (
343973, 74951, 26, 'indAutoria', 'indAutoria', 'N', 'N', 'NUMBER', NULL, 'apapandini'
,  TO_Date( '10/16/2018 04:22:26 ', 'MM/DD/YYYY HH:MI:SS '), 'apapandini',  TO_Date( '10/16/2018 04:22:26 ', 'MM/DD/YYYY HH:MI:SS ')
, NULL, 'S', NULL, 'N', NULL, NULL, NULL, 'INDAUTORIA', NULL, NULL, NULL, NULL, NULL
, NULL, NULL);
INSERT INTO XML_ATRIBUTO( NR_SEQUENCIA, NR_SEQ_ELEMENTO, NR_SEQ_APRESENTACAO, NM_ATRIBUTO_XML, NM_ATRIBUTO, IE_CRIAR_NULO, IE_OBRIGATORIO, IE_TIPO_ATRIBUTO, DS_MASCARA, NM_USUARIO_NREC, DT_ATUALIZACAO_NREC, NM_USUARIO, DT_ATUALIZACAO, NR_SEQ_ATRIB_ELEM, IE_CRIAR_ATRIBUTO, DS_CABECALHO, IE_CONTROLE_PB, IE_REMOVER_ESPACO_BRANCO, DS_NAMESPACE, NM_TABELA_DEF_BANCO, NM_ATRIBUTO_XML_PESQUISA, CD_EXP_OBSERVACAO, NM_TABELA_BASE, NM_ATRIBUTO_BASE, QT_TAMANHO, QT_DECIMAIS, CD_DOMINIO, NR_SEQ_ITEM_XSD ) VALUES (
343974, 74951, 22, 'iniValid', 'iniValid', 'S', 'S', 'VARCHAR2', NULL, 'apapandini'
,  TO_Date( '10/16/2018 04:22:26 ', 'MM/DD/YYYY HH:MI:SS '), 'apapandini',  TO_Date( '10/16/2018 04:22:26 ', 'MM/DD/YYYY HH:MI:SS ')
, NULL, 'S', NULL, 'N', NULL, NULL, NULL, 'INIVALID', NULL, NULL, NULL, NULL, NULL
, NULL, NULL);
INSERT INTO XML_ATRIBUTO( NR_SEQUENCIA, NR_SEQ_ELEMENTO, NR_SEQ_APRESENTACAO, NM_ATRIBUTO_XML, NM_ATRIBUTO, IE_CRIAR_NULO, IE_OBRIGATORIO, IE_TIPO_ATRIBUTO, DS_MASCARA, NM_USUARIO_NREC, DT_ATUALIZACAO_NREC, NM_USUARIO, DT_ATUALIZACAO, NR_SEQ_ATRIB_ELEM, IE_CRIAR_ATRIBUTO, DS_CABECALHO, IE_CONTROLE_PB, IE_REMOVER_ESPACO_BRANCO, DS_NAMESPACE, NM_TABELA_DEF_BANCO, NM_ATRIBUTO_XML_PESQUISA, CD_EXP_OBSERVACAO, NM_TABELA_BASE, NM_ATRIBUTO_BASE, QT_TAMANHO, QT_DECIMAIS, CD_DOMINIO, NR_SEQ_ITEM_XSD ) VALUES (
343975, 74951, 23, 'fimValid', 'fimValid', 'N', 'S', 'VARCHAR2', NULL, 'apapandini'
,  TO_Date( '10/16/2018 04:22:26 ', 'MM/DD/YYYY HH:MI:SS '), 'apapandini',  TO_Date( '10/16/2018 04:22:26 ', 'MM/DD/YYYY HH:MI:SS ')
, NULL, 'S', NULL, 'N', NULL, NULL, NULL, 'FIMVALID', NULL, NULL, NULL, NULL, NULL
, NULL, NULL);
INSERT INTO XML_ATRIBUTO( NR_SEQUENCIA, NR_SEQ_ELEMENTO, NR_SEQ_APRESENTACAO, NM_ATRIBUTO_XML, NM_ATRIBUTO, IE_CRIAR_NULO, IE_OBRIGATORIO, IE_TIPO_ATRIBUTO, DS_MASCARA, NM_USUARIO_NREC, DT_ATUALIZACAO_NREC, NM_USUARIO, DT_ATUALIZACAO, NR_SEQ_ATRIB_ELEM, IE_CRIAR_ATRIBUTO, DS_CABECALHO, IE_CONTROLE_PB, IE_REMOVER_ESPACO_BRANCO, DS_NAMESPACE, NM_TABELA_DEF_BANCO, NM_ATRIBUTO_XML_PESQUISA, CD_EXP_OBSERVACAO, NM_TABELA_BASE, NM_ATRIBUTO_BASE, QT_TAMANHO, QT_DECIMAIS, CD_DOMINIO, NR_SEQ_ITEM_XSD ) VALUES (
343976, 74951, 40, 'infoSusp', NULL, 'S', 'S', NULL, NULL, 'apapandini',  TO_Date( '10/16/2018 04:22:26 ', 'MM/DD/YYYY HH:MI:SS ')
, 'apapandini',  TO_Date( '10/16/2018 04:22:26 ', 'MM/DD/YYYY HH:MI:SS '), 74943
, 'S', NULL, 'N', NULL, NULL, NULL, 'INFOSUSP', NULL, NULL, NULL, NULL, NULL, NULL
, NULL);
INSERT INTO XML_ATRIBUTO( NR_SEQUENCIA, NR_SEQ_ELEMENTO, NR_SEQ_APRESENTACAO, NM_ATRIBUTO_XML, NM_ATRIBUTO, IE_CRIAR_NULO, IE_OBRIGATORIO, IE_TIPO_ATRIBUTO, DS_MASCARA, NM_USUARIO_NREC, DT_ATUALIZACAO_NREC, NM_USUARIO, DT_ATUALIZACAO, NR_SEQ_ATRIB_ELEM, IE_CRIAR_ATRIBUTO, DS_CABECALHO, IE_CONTROLE_PB, IE_REMOVER_ESPACO_BRANCO, DS_NAMESPACE, NM_TABELA_DEF_BANCO, NM_ATRIBUTO_XML_PESQUISA, CD_EXP_OBSERVACAO, NM_TABELA_BASE, NM_ATRIBUTO_BASE, QT_TAMANHO, QT_DECIMAIS, CD_DOMINIO, NR_SEQ_ITEM_XSD ) VALUES (
343977, 74951, 50, 'dadosProcJud', NULL, 'S', 'S', NULL, NULL, 'apapandini',  TO_Date( '10/16/2018 04:22:26 ', 'MM/DD/YYYY HH:MI:SS ')
, 'apapandini',  TO_Date( '10/16/2018 04:22:26 ', 'MM/DD/YYYY HH:MI:SS '), 74944
, 'S', NULL, 'N', NULL, NULL, NULL, 'DADOSPROCJUD', NULL, NULL, NULL, NULL, NULL, NULL
, NULL);
INSERT INTO XML_ATRIBUTO( NR_SEQUENCIA, NR_SEQ_ELEMENTO, NR_SEQ_APRESENTACAO, NM_ATRIBUTO_XML, NM_ATRIBUTO, IE_CRIAR_NULO, IE_OBRIGATORIO, IE_TIPO_ATRIBUTO, DS_MASCARA, NM_USUARIO_NREC, DT_ATUALIZACAO_NREC, NM_USUARIO, DT_ATUALIZACAO, NR_SEQ_ATRIB_ELEM, IE_CRIAR_ATRIBUTO, DS_CABECALHO, IE_CONTROLE_PB, IE_REMOVER_ESPACO_BRANCO, DS_NAMESPACE, NM_TABELA_DEF_BANCO, NM_ATRIBUTO_XML_PESQUISA, CD_EXP_OBSERVACAO, NM_TABELA_BASE, NM_ATRIBUTO_BASE, QT_TAMANHO, QT_DECIMAIS, CD_DOMINIO, NR_SEQ_ITEM_XSD ) VALUES (
343978, 74952, 2, 'Reinf', NULL, 'S', 'S', NULL, NULL, 'apapandini',  TO_Date( '10/16/2018 04:22:26 ', 'MM/DD/YYYY HH:MI:SS ')
, 'apapandini',  TO_Date( '10/16/2018 04:22:26 ', 'MM/DD/YYYY HH:MI:SS '), 74953
, 'S', 'xmlns="http://www.reinf.esocial.gov.br/schemas/evtTabProcesso/v1_04_00"', 'N'
, NULL, NULL, NULL, 'REINF', NULL, NULL, NULL, NULL, NULL, NULL, NULL);
INSERT INTO XML_ATRIBUTO( NR_SEQUENCIA, NR_SEQ_ELEMENTO, NR_SEQ_APRESENTACAO, NM_ATRIBUTO_XML, NM_ATRIBUTO, IE_CRIAR_NULO, IE_OBRIGATORIO, IE_TIPO_ATRIBUTO, DS_MASCARA, NM_USUARIO_NREC, DT_ATUALIZACAO_NREC, NM_USUARIO, DT_ATUALIZACAO, NR_SEQ_ATRIB_ELEM, IE_CRIAR_ATRIBUTO, DS_CABECALHO, IE_CONTROLE_PB, IE_REMOVER_ESPACO_BRANCO, DS_NAMESPACE, NM_TABELA_DEF_BANCO, NM_ATRIBUTO_XML_PESQUISA, CD_EXP_OBSERVACAO, NM_TABELA_BASE, NM_ATRIBUTO_BASE, QT_TAMANHO, QT_DECIMAIS, CD_DOMINIO, NR_SEQ_ITEM_XSD ) VALUES (
343979, 74953, 2, 'evtTabProcesso', NULL, 'S', 'S', NULL, NULL, 'apapandini',  TO_Date( '10/16/2018 04:22:26 ', 'MM/DD/YYYY HH:MI:SS ')
, 'apapandini',  TO_Date( '10/16/2018 04:22:26 ', 'MM/DD/YYYY HH:MI:SS '), 74954
, 'S', 'id=":nr_id"', 'N', NULL, NULL, NULL, 'EVTTABPROCESSO', NULL, NULL, NULL, NULL
, NULL, NULL, NULL);
INSERT INTO XML_ATRIBUTO( NR_SEQUENCIA, NR_SEQ_ELEMENTO, NR_SEQ_APRESENTACAO, NM_ATRIBUTO_XML, NM_ATRIBUTO, IE_CRIAR_NULO, IE_OBRIGATORIO, IE_TIPO_ATRIBUTO, DS_MASCARA, NM_USUARIO_NREC, DT_ATUALIZACAO_NREC, NM_USUARIO, DT_ATUALIZACAO, NR_SEQ_ATRIB_ELEM, IE_CRIAR_ATRIBUTO, DS_CABECALHO, IE_CONTROLE_PB, IE_REMOVER_ESPACO_BRANCO, DS_NAMESPACE, NM_TABELA_DEF_BANCO, NM_ATRIBUTO_XML_PESQUISA, CD_EXP_OBSERVACAO, NM_TABELA_BASE, NM_ATRIBUTO_BASE, QT_TAMANHO, QT_DECIMAIS, CD_DOMINIO, NR_SEQ_ITEM_XSD ) VALUES (
343980, 74954, 60, 'ideContri', NULL, 'S', 'S', NULL, NULL, 'apapandini',  TO_Date( '10/16/2018 04:22:26 ', 'MM/DD/YYYY HH:MI:SS ')
, 'apapandini',  TO_Date( '10/16/2018 04:22:26 ', 'MM/DD/YYYY HH:MI:SS '), 74948
, 'S', NULL, 'N', NULL, NULL, NULL, 'IDECONTRI', NULL, NULL, NULL, NULL, NULL, NULL
, NULL);
INSERT INTO XML_ATRIBUTO( NR_SEQUENCIA, NR_SEQ_ELEMENTO, NR_SEQ_APRESENTACAO, NM_ATRIBUTO_XML, NM_ATRIBUTO, IE_CRIAR_NULO, IE_OBRIGATORIO, IE_TIPO_ATRIBUTO, DS_MASCARA, NM_USUARIO_NREC, DT_ATUALIZACAO_NREC, NM_USUARIO, DT_ATUALIZACAO, NR_SEQ_ATRIB_ELEM, IE_CRIAR_ATRIBUTO, DS_CABECALHO, IE_CONTROLE_PB, IE_REMOVER_ESPACO_BRANCO, DS_NAMESPACE, NM_TABELA_DEF_BANCO, NM_ATRIBUTO_XML_PESQUISA, CD_EXP_OBSERVACAO, NM_TABELA_BASE, NM_ATRIBUTO_BASE, QT_TAMANHO, QT_DECIMAIS, CD_DOMINIO, NR_SEQ_ITEM_XSD ) VALUES (
343981, 74954, 70, 'infoProcesso', NULL, 'S', 'S', NULL, NULL, 'apapandini',  TO_Date( '10/16/2018 04:22:26 ', 'MM/DD/YYYY HH:MI:SS ')
, 'apapandini',  TO_Date( '10/16/2018 04:22:26 ', 'MM/DD/YYYY HH:MI:SS '), 74949
, 'S', NULL, 'N', NULL, NULL, NULL, 'INFOPROCESSO', NULL, NULL, NULL, NULL, NULL, NULL
, NULL);
INSERT INTO XML_ATRIBUTO( NR_SEQUENCIA, NR_SEQ_ELEMENTO, NR_SEQ_APRESENTACAO, NM_ATRIBUTO_XML, NM_ATRIBUTO, IE_CRIAR_NULO, IE_OBRIGATORIO, IE_TIPO_ATRIBUTO, DS_MASCARA, NM_USUARIO_NREC, DT_ATUALIZACAO_NREC, NM_USUARIO, DT_ATUALIZACAO, NR_SEQ_ATRIB_ELEM, IE_CRIAR_ATRIBUTO, DS_CABECALHO, IE_CONTROLE_PB, IE_REMOVER_ESPACO_BRANCO, DS_NAMESPACE, NM_TABELA_DEF_BANCO, NM_ATRIBUTO_XML_PESQUISA, CD_EXP_OBSERVACAO, NM_TABELA_BASE, NM_ATRIBUTO_BASE, QT_TAMANHO, QT_DECIMAIS, CD_DOMINIO, NR_SEQ_ITEM_XSD ) VALUES (
343982, 74954, 50, 'ideEvento', NULL, 'S', 'S', NULL, NULL, 'apapandini',  TO_Date( '10/16/2018 04:22:26 ', 'MM/DD/YYYY HH:MI:SS ')
, 'apapandini',  TO_Date( '10/16/2018 04:22:26 ', 'MM/DD/YYYY HH:MI:SS '), 74947
, 'S', NULL, 'N', NULL, NULL, NULL, 'IDEEVENTO', NULL, NULL, NULL, NULL, NULL, NULL
, NULL);
INSERT INTO XML_ATRIBUTO( NR_SEQUENCIA, NR_SEQ_ELEMENTO, NR_SEQ_APRESENTACAO, NM_ATRIBUTO_XML, NM_ATRIBUTO, IE_CRIAR_NULO, IE_OBRIGATORIO, IE_TIPO_ATRIBUTO, DS_MASCARA, NM_USUARIO_NREC, DT_ATUALIZACAO_NREC, NM_USUARIO, DT_ATUALIZACAO, NR_SEQ_ATRIB_ELEM, IE_CRIAR_ATRIBUTO, DS_CABECALHO, IE_CONTROLE_PB, IE_REMOVER_ESPACO_BRANCO, DS_NAMESPACE, NM_TABELA_DEF_BANCO, NM_ATRIBUTO_XML_PESQUISA, CD_EXP_OBSERVACAO, NM_TABELA_BASE, NM_ATRIBUTO_BASE, QT_TAMANHO, QT_DECIMAIS, CD_DOMINIO, NR_SEQ_ITEM_XSD ) VALUES (
343983, 74955, 10, 'iniValid', 'iniValid', 'N', 'N', 'VARCHAR2', NULL, 'apapandini'
,  TO_Date( '10/16/2018 04:22:26 ', 'MM/DD/YYYY HH:MI:SS '), 'apapandini',  TO_Date( '10/16/2018 04:22:26 ', 'MM/DD/YYYY HH:MI:SS ')
, NULL, 'S', NULL, 'N', NULL, NULL, NULL, 'INIVALID', NULL, NULL, NULL, NULL, NULL
, NULL, NULL);
INSERT INTO XML_ATRIBUTO( NR_SEQUENCIA, NR_SEQ_ELEMENTO, NR_SEQ_APRESENTACAO, NM_ATRIBUTO_XML, NM_ATRIBUTO, IE_CRIAR_NULO, IE_OBRIGATORIO, IE_TIPO_ATRIBUTO, DS_MASCARA, NM_USUARIO_NREC, DT_ATUALIZACAO_NREC, NM_USUARIO, DT_ATUALIZACAO, NR_SEQ_ATRIB_ELEM, IE_CRIAR_ATRIBUTO, DS_CABECALHO, IE_CONTROLE_PB, IE_REMOVER_ESPACO_BRANCO, DS_NAMESPACE, NM_TABELA_DEF_BANCO, NM_ATRIBUTO_XML_PESQUISA, CD_EXP_OBSERVACAO, NM_TABELA_BASE, NM_ATRIBUTO_BASE, QT_TAMANHO, QT_DECIMAIS, CD_DOMINIO, NR_SEQ_ITEM_XSD ) VALUES (
343984, 74955, 20, 'fimValid', 'fimValid', 'N', 'N', 'VARCHAR2', NULL, 'apapandini'
,  TO_Date( '10/16/2018 04:22:26 ', 'MM/DD/YYYY HH:MI:SS '), 'apapandini',  TO_Date( '10/16/2018 04:22:26 ', 'MM/DD/YYYY HH:MI:SS ')
, NULL, 'S', NULL, 'N', NULL, NULL, NULL, 'FIMVALID', NULL, NULL, NULL, NULL, NULL
, NULL, NULL);

--	FIM XML 102449
--	INICIO XML 102450
INSERT INTO XML_PROJETO( NR_SEQUENCIA, DS_PROJETO, DT_ATUALIZACAO, NM_USUARIO, DT_ATUALIZACAO_NREC, NM_USUARIO_NREC, DS_CABECALHO, DS_OBSERVACAO, IE_TIPO_COMPLEXO, NR_SEQ_PROJ_COMPLEXO, IE_HOSP_PLS, DS_VERSAO, IE_TISS, IE_SITUACAO, IE_GERAR_QUEBRA ) VALUES (
102450, 'SPED - REINF R1070 EXCLUSÃO - V.1.4.00',  TO_Date( '10/17/2018 01:26:24 ', 'MM/DD/YYYY HH:MI:SS ')
, 'apapandini',  TO_Date( '10/16/2018 04:23:00 ', 'MM/DD/YYYY HH:MI:SS '), 'apapandini'
, NULL, NULL, 'N', NULL, 'H', NULL, 'N', 'I', NULL);

INSERT INTO XML_ELEMENTO( NR_SEQUENCIA, NR_SEQ_APRESENTACAO, NR_SEQ_PROJETO, NM_ELEMENTO, DS_ELEMENTO, DS_CABECALHO, DS_SQL, DS_GRUPO, NM_USUARIO, DT_ATUALIZACAO, IE_CRIAR_NULO, NM_USUARIO_NREC, DT_ATUALIZACAO_NREC, IE_TIPO_ELEMENTO, IE_CRIAR_ELEMENTO, IE_TIPO_COMPLEXO, DS_SQL_2, DS_NAMESPACE, QT_MIN_OCOR, QT_MAX_OCOR, NR_SEQ_ITEM_XSD ) VALUES (
74956, 5, 102450, 'Reinf', 'Reinf', 'xmlns="http://www.reinf.esocial.gov.br/schemas/envioLoteEventos/v1_04_00"'
, 'SELECT	(''ID'' || ''1'' || rpad(substr(e.cd_cgc,1,8), 14, ''0'') || TO_CHAR(SYSDATE,''YYYYMMDD'') || TO_CHAR(SYSDATE,''HHMMSS'')  ||''00001'') nr_id,
	NVL(a.ie_ambiente,3) tpAmb,
	''1'' procEmi,
	(SELECT MAX(CD_VERSAO) cd FROM APLICACAO_TASY_VERSAO) verProc,
	''1'' tpInsc,
	substr(e.cd_cgc,1,8) nrInsc,
	TO_CHAR(a.dt_inicio_validade, ''YYYY-MM'') iniValid,
	TO_CHAR(a.dt_fim_validade, ''YYYY-MM'') fimValid,
	NVL(a.cd_tipo_processo,1) tpProc,
	SUBSTR(a.nr_processo,1,21) nrProc,
	SUBSTR(a.cd_ind_auditoria,1,1) indAutoria
FROM 	fis_reinf_r1070 a,
	estabelecimento e
WHERE 	e.cd_estabelecimento = a.cd_estabelecimento
AND	a.nr_sequencia = :nr_sequencia'
, NULL, 'apapandini',  TO_Date( '10/16/2018 04:23:00 ', 'MM/DD/YYYY HH:MI:SS ')
, 'S', 'apapandini',  TO_Date( '10/16/2018 04:23:00 ', 'MM/DD/YYYY HH:MI:SS ')
, 'E', 'S', 'S', NULL, NULL, NULL, NULL, NULL);
INSERT INTO XML_ELEMENTO( NR_SEQUENCIA, NR_SEQ_APRESENTACAO, NR_SEQ_PROJETO, NM_ELEMENTO, DS_ELEMENTO, DS_CABECALHO, DS_SQL, DS_GRUPO, NM_USUARIO, DT_ATUALIZACAO, IE_CRIAR_NULO, NM_USUARIO_NREC, DT_ATUALIZACAO_NREC, IE_TIPO_ELEMENTO, IE_CRIAR_ELEMENTO, IE_TIPO_COMPLEXO, DS_SQL_2, DS_NAMESPACE, QT_MIN_OCOR, QT_MAX_OCOR, NR_SEQ_ITEM_XSD ) VALUES (
74957, 5, 102450, 'loteEventos', 'loteEventos', NULL, NULL, NULL, 'apapandini',  TO_Date( '10/16/2018 04:23:00 ', 'MM/DD/YYYY HH:MI:SS ')
, 'S', 'apapandini',  TO_Date( '10/16/2018 04:23:00 ', 'MM/DD/YYYY HH:MI:SS ')
, 'E', 'S', 'S', NULL, NULL, NULL, NULL, NULL);
INSERT INTO XML_ELEMENTO( NR_SEQUENCIA, NR_SEQ_APRESENTACAO, NR_SEQ_PROJETO, NM_ELEMENTO, DS_ELEMENTO, DS_CABECALHO, DS_SQL, DS_GRUPO, NM_USUARIO, DT_ATUALIZACAO, IE_CRIAR_NULO, NM_USUARIO_NREC, DT_ATUALIZACAO_NREC, IE_TIPO_ELEMENTO, IE_CRIAR_ELEMENTO, IE_TIPO_COMPLEXO, DS_SQL_2, DS_NAMESPACE, QT_MIN_OCOR, QT_MAX_OCOR, NR_SEQ_ITEM_XSD ) VALUES (
74958, 5, 102450, 'Evento', 'Evento', NULL, NULL, NULL, 'apapandini',  TO_Date( '10/16/2018 04:23:00 ', 'MM/DD/YYYY HH:MI:SS ')
, 'S', 'apapandini',  TO_Date( '10/16/2018 04:23:00 ', 'MM/DD/YYYY HH:MI:SS ')
, 'E', 'S', 'S', NULL, NULL, NULL, NULL, NULL);
INSERT INTO XML_ELEMENTO( NR_SEQUENCIA, NR_SEQ_APRESENTACAO, NR_SEQ_PROJETO, NM_ELEMENTO, DS_ELEMENTO, DS_CABECALHO, DS_SQL, DS_GRUPO, NM_USUARIO, DT_ATUALIZACAO, IE_CRIAR_NULO, NM_USUARIO_NREC, DT_ATUALIZACAO_NREC, IE_TIPO_ELEMENTO, IE_CRIAR_ELEMENTO, IE_TIPO_COMPLEXO, DS_SQL_2, DS_NAMESPACE, QT_MIN_OCOR, QT_MAX_OCOR, NR_SEQ_ITEM_XSD ) VALUES (
74959, 5, 102450, 'Reinf', 'Reinf', NULL, NULL, NULL, 'apapandini',  TO_Date( '10/16/2018 04:23:00 ', 'MM/DD/YYYY HH:MI:SS ')
, 'S', 'apapandini',  TO_Date( '10/16/2018 04:23:00 ', 'MM/DD/YYYY HH:MI:SS ')
, 'E', 'S', 'S', NULL, NULL, NULL, NULL, NULL);
INSERT INTO XML_ELEMENTO( NR_SEQUENCIA, NR_SEQ_APRESENTACAO, NR_SEQ_PROJETO, NM_ELEMENTO, DS_ELEMENTO, DS_CABECALHO, DS_SQL, DS_GRUPO, NM_USUARIO, DT_ATUALIZACAO, IE_CRIAR_NULO, NM_USUARIO_NREC, DT_ATUALIZACAO_NREC, IE_TIPO_ELEMENTO, IE_CRIAR_ELEMENTO, IE_TIPO_COMPLEXO, DS_SQL_2, DS_NAMESPACE, QT_MIN_OCOR, QT_MAX_OCOR, NR_SEQ_ITEM_XSD ) VALUES (
74960, 30, 102450, 'evtTabProcesso', 'evtTabProcesso', NULL, NULL, NULL, 'apapandini'
,  TO_Date( '10/16/2018 04:23:00 ', 'MM/DD/YYYY HH:MI:SS '), 'S', 'apapandini'
,  TO_Date( '10/16/2018 04:23:00 ', 'MM/DD/YYYY HH:MI:SS '), 'E', 'S', 'S'
, NULL, NULL, NULL, NULL, NULL);
INSERT INTO XML_ELEMENTO( NR_SEQUENCIA, NR_SEQ_APRESENTACAO, NR_SEQ_PROJETO, NM_ELEMENTO, DS_ELEMENTO, DS_CABECALHO, DS_SQL, DS_GRUPO, NM_USUARIO, DT_ATUALIZACAO, IE_CRIAR_NULO, NM_USUARIO_NREC, DT_ATUALIZACAO_NREC, IE_TIPO_ELEMENTO, IE_CRIAR_ELEMENTO, IE_TIPO_COMPLEXO, DS_SQL_2, DS_NAMESPACE, QT_MIN_OCOR, QT_MAX_OCOR, NR_SEQ_ITEM_XSD ) VALUES (
74961, 55, 102450, 'ideEvento', 'ideEvento', NULL, NULL, NULL, 'apapandini',  TO_Date( '10/16/2018 04:23:00 ', 'MM/DD/YYYY HH:MI:SS ')
, 'S', 'apapandini',  TO_Date( '10/16/2018 04:23:00 ', 'MM/DD/YYYY HH:MI:SS ')
, 'E', 'S', 'S', NULL, NULL, NULL, NULL, NULL);
INSERT INTO XML_ELEMENTO( NR_SEQUENCIA, NR_SEQ_APRESENTACAO, NR_SEQ_PROJETO, NM_ELEMENTO, DS_ELEMENTO, DS_CABECALHO, DS_SQL, DS_GRUPO, NM_USUARIO, DT_ATUALIZACAO, IE_CRIAR_NULO, NM_USUARIO_NREC, DT_ATUALIZACAO_NREC, IE_TIPO_ELEMENTO, IE_CRIAR_ELEMENTO, IE_TIPO_COMPLEXO, DS_SQL_2, DS_NAMESPACE, QT_MIN_OCOR, QT_MAX_OCOR, NR_SEQ_ITEM_XSD ) VALUES (
74962, 65, 102450, 'ideContri', 'ideContri', NULL, NULL, NULL, 'apapandini',  TO_Date( '10/16/2018 04:23:00 ', 'MM/DD/YYYY HH:MI:SS ')
, 'S', 'apapandini',  TO_Date( '10/16/2018 04:23:00 ', 'MM/DD/YYYY HH:MI:SS ')
, 'E', 'S', 'S', NULL, NULL, NULL, NULL, NULL);
INSERT INTO XML_ELEMENTO( NR_SEQUENCIA, NR_SEQ_APRESENTACAO, NR_SEQ_PROJETO, NM_ELEMENTO, DS_ELEMENTO, DS_CABECALHO, DS_SQL, DS_GRUPO, NM_USUARIO, DT_ATUALIZACAO, IE_CRIAR_NULO, NM_USUARIO_NREC, DT_ATUALIZACAO_NREC, IE_TIPO_ELEMENTO, IE_CRIAR_ELEMENTO, IE_TIPO_COMPLEXO, DS_SQL_2, DS_NAMESPACE, QT_MIN_OCOR, QT_MAX_OCOR, NR_SEQ_ITEM_XSD ) VALUES (
74963, 71, 102450, 'infoProcesso', 'infoProcesso', NULL, NULL, NULL, 'apapandini'
,  TO_Date( '10/16/2018 04:23:00 ', 'MM/DD/YYYY HH:MI:SS '), 'S', 'apapandini'
,  TO_Date( '10/16/2018 04:23:00 ', 'MM/DD/YYYY HH:MI:SS '), 'E', 'S', 'S'
, NULL, NULL, NULL, NULL, NULL);
INSERT INTO XML_ELEMENTO( NR_SEQUENCIA, NR_SEQ_APRESENTACAO, NR_SEQ_PROJETO, NM_ELEMENTO, DS_ELEMENTO, DS_CABECALHO, DS_SQL, DS_GRUPO, NM_USUARIO, DT_ATUALIZACAO, IE_CRIAR_NULO, NM_USUARIO_NREC, DT_ATUALIZACAO_NREC, IE_TIPO_ELEMENTO, IE_CRIAR_ELEMENTO, IE_TIPO_COMPLEXO, DS_SQL_2, DS_NAMESPACE, QT_MIN_OCOR, QT_MAX_OCOR, NR_SEQ_ITEM_XSD ) VALUES (
74964, 73, 102450, 'exclusao', 'exclusao', NULL, NULL, NULL, 'apapandini',  TO_Date( '10/16/2018 04:23:00 ', 'MM/DD/YYYY HH:MI:SS ')
, 'S', 'apapandini',  TO_Date( '10/16/2018 04:23:00 ', 'MM/DD/YYYY HH:MI:SS ')
, 'E', 'S', 'S', NULL, NULL, NULL, NULL, NULL);
INSERT INTO XML_ELEMENTO( NR_SEQUENCIA, NR_SEQ_APRESENTACAO, NR_SEQ_PROJETO, NM_ELEMENTO, DS_ELEMENTO, DS_CABECALHO, DS_SQL, DS_GRUPO, NM_USUARIO, DT_ATUALIZACAO, IE_CRIAR_NULO, NM_USUARIO_NREC, DT_ATUALIZACAO_NREC, IE_TIPO_ELEMENTO, IE_CRIAR_ELEMENTO, IE_TIPO_COMPLEXO, DS_SQL_2, DS_NAMESPACE, QT_MIN_OCOR, QT_MAX_OCOR, NR_SEQ_ITEM_XSD ) VALUES (
74965, 77, 102450, 'ideProcesso', 'ideProcesso', NULL, NULL, NULL, 'apapandini',  TO_Date( '10/16/2018 04:23:00 ', 'MM/DD/YYYY HH:MI:SS ')
, 'S', 'apapandini',  TO_Date( '10/16/2018 04:23:00 ', 'MM/DD/YYYY HH:MI:SS ')
, 'E', 'S', 'S', NULL, NULL, NULL, NULL, NULL);

INSERT INTO XML_ATRIBUTO( NR_SEQUENCIA, NR_SEQ_ELEMENTO, NR_SEQ_APRESENTACAO, NM_ATRIBUTO_XML, NM_ATRIBUTO, IE_CRIAR_NULO, IE_OBRIGATORIO, IE_TIPO_ATRIBUTO, DS_MASCARA, NM_USUARIO_NREC, DT_ATUALIZACAO_NREC, NM_USUARIO, DT_ATUALIZACAO, NR_SEQ_ATRIB_ELEM, IE_CRIAR_ATRIBUTO, DS_CABECALHO, IE_CONTROLE_PB, IE_REMOVER_ESPACO_BRANCO, DS_NAMESPACE, NM_TABELA_DEF_BANCO, NM_ATRIBUTO_XML_PESQUISA, CD_EXP_OBSERVACAO, NM_TABELA_BASE, NM_ATRIBUTO_BASE, QT_TAMANHO, QT_DECIMAIS, CD_DOMINIO, NR_SEQ_ITEM_XSD ) VALUES (
343985, 74956, 5, 'loteEventos', NULL, 'S', 'S', NULL, NULL, 'apapandini',  TO_Date( '10/16/2018 04:23:00 ', 'MM/DD/YYYY HH:MI:SS ')
, 'apapandini',  TO_Date( '10/16/2018 04:23:00 ', 'MM/DD/YYYY HH:MI:SS '), 74957
, 'S', NULL, 'N', NULL, NULL, NULL, 'LOTEEVENTOS', NULL, NULL, NULL, NULL, NULL, NULL
, NULL);
INSERT INTO XML_ATRIBUTO( NR_SEQUENCIA, NR_SEQ_ELEMENTO, NR_SEQ_APRESENTACAO, NM_ATRIBUTO_XML, NM_ATRIBUTO, IE_CRIAR_NULO, IE_OBRIGATORIO, IE_TIPO_ATRIBUTO, DS_MASCARA, NM_USUARIO_NREC, DT_ATUALIZACAO_NREC, NM_USUARIO, DT_ATUALIZACAO, NR_SEQ_ATRIB_ELEM, IE_CRIAR_ATRIBUTO, DS_CABECALHO, IE_CONTROLE_PB, IE_REMOVER_ESPACO_BRANCO, DS_NAMESPACE, NM_TABELA_DEF_BANCO, NM_ATRIBUTO_XML_PESQUISA, CD_EXP_OBSERVACAO, NM_TABELA_BASE, NM_ATRIBUTO_BASE, QT_TAMANHO, QT_DECIMAIS, CD_DOMINIO, NR_SEQ_ITEM_XSD ) VALUES (
343986, 74957, 5, 'evento', NULL, 'S', 'S', NULL, NULL, 'apapandini',  TO_Date( '10/16/2018 04:23:00 ', 'MM/DD/YYYY HH:MI:SS ')
, 'apapandini',  TO_Date( '10/16/2018 04:23:00 ', 'MM/DD/YYYY HH:MI:SS '), 74958
, 'S', 'id=":nr_id"', 'N', NULL, NULL, NULL, 'EVENTO', NULL, NULL, NULL, NULL, NULL
, NULL, NULL);
INSERT INTO XML_ATRIBUTO( NR_SEQUENCIA, NR_SEQ_ELEMENTO, NR_SEQ_APRESENTACAO, NM_ATRIBUTO_XML, NM_ATRIBUTO, IE_CRIAR_NULO, IE_OBRIGATORIO, IE_TIPO_ATRIBUTO, DS_MASCARA, NM_USUARIO_NREC, DT_ATUALIZACAO_NREC, NM_USUARIO, DT_ATUALIZACAO, NR_SEQ_ATRIB_ELEM, IE_CRIAR_ATRIBUTO, DS_CABECALHO, IE_CONTROLE_PB, IE_REMOVER_ESPACO_BRANCO, DS_NAMESPACE, NM_TABELA_DEF_BANCO, NM_ATRIBUTO_XML_PESQUISA, CD_EXP_OBSERVACAO, NM_TABELA_BASE, NM_ATRIBUTO_BASE, QT_TAMANHO, QT_DECIMAIS, CD_DOMINIO, NR_SEQ_ITEM_XSD ) VALUES (
343987, 74958, 5, 'Reinf', NULL, 'S', 'S', NULL, NULL, 'apapandini',  TO_Date( '10/16/2018 04:23:00 ', 'MM/DD/YYYY HH:MI:SS ')
, 'apapandini',  TO_Date( '10/16/2018 04:23:00 ', 'MM/DD/YYYY HH:MI:SS '), 74959
, 'S', 'xmlns="http://www.reinf.esocial.gov.br/schemas/evtTabProcesso/v1_04_00"', 'N'
, NULL, NULL, NULL, 'REINF', NULL, NULL, NULL, NULL, NULL, NULL, NULL);
INSERT INTO XML_ATRIBUTO( NR_SEQUENCIA, NR_SEQ_ELEMENTO, NR_SEQ_APRESENTACAO, NM_ATRIBUTO_XML, NM_ATRIBUTO, IE_CRIAR_NULO, IE_OBRIGATORIO, IE_TIPO_ATRIBUTO, DS_MASCARA, NM_USUARIO_NREC, DT_ATUALIZACAO_NREC, NM_USUARIO, DT_ATUALIZACAO, NR_SEQ_ATRIB_ELEM, IE_CRIAR_ATRIBUTO, DS_CABECALHO, IE_CONTROLE_PB, IE_REMOVER_ESPACO_BRANCO, DS_NAMESPACE, NM_TABELA_DEF_BANCO, NM_ATRIBUTO_XML_PESQUISA, CD_EXP_OBSERVACAO, NM_TABELA_BASE, NM_ATRIBUTO_BASE, QT_TAMANHO, QT_DECIMAIS, CD_DOMINIO, NR_SEQ_ITEM_XSD ) VALUES (
343988, 74959, 20, 'evtTabProcesso', NULL, 'S', 'S', NULL, NULL, 'apapandini',  TO_Date( '10/16/2018 04:23:00 ', 'MM/DD/YYYY HH:MI:SS ')
, 'apapandini',  TO_Date( '10/16/2018 04:23:00 ', 'MM/DD/YYYY HH:MI:SS '), 74960
, 'S', 'id=":nr_id"', 'N', NULL, NULL, NULL, 'EVTTABPROCESSO', NULL, NULL, NULL, NULL
, NULL, NULL, NULL);
INSERT INTO XML_ATRIBUTO( NR_SEQUENCIA, NR_SEQ_ELEMENTO, NR_SEQ_APRESENTACAO, NM_ATRIBUTO_XML, NM_ATRIBUTO, IE_CRIAR_NULO, IE_OBRIGATORIO, IE_TIPO_ATRIBUTO, DS_MASCARA, NM_USUARIO_NREC, DT_ATUALIZACAO_NREC, NM_USUARIO, DT_ATUALIZACAO, NR_SEQ_ATRIB_ELEM, IE_CRIAR_ATRIBUTO, DS_CABECALHO, IE_CONTROLE_PB, IE_REMOVER_ESPACO_BRANCO, DS_NAMESPACE, NM_TABELA_DEF_BANCO, NM_ATRIBUTO_XML_PESQUISA, CD_EXP_OBSERVACAO, NM_TABELA_BASE, NM_ATRIBUTO_BASE, QT_TAMANHO, QT_DECIMAIS, CD_DOMINIO, NR_SEQ_ITEM_XSD ) VALUES (
343989, 74960, 60, 'ideContri', NULL, 'S', 'S', NULL, NULL, 'apapandini',  TO_Date( '10/16/2018 04:23:00 ', 'MM/DD/YYYY HH:MI:SS ')
, 'apapandini',  TO_Date( '10/16/2018 04:23:00 ', 'MM/DD/YYYY HH:MI:SS '), 74962
, 'S', NULL, 'N', NULL, NULL, NULL, 'IDECONTRI', NULL, NULL, NULL, NULL, NULL, NULL
, NULL);
INSERT INTO XML_ATRIBUTO( NR_SEQUENCIA, NR_SEQ_ELEMENTO, NR_SEQ_APRESENTACAO, NM_ATRIBUTO_XML, NM_ATRIBUTO, IE_CRIAR_NULO, IE_OBRIGATORIO, IE_TIPO_ATRIBUTO, DS_MASCARA, NM_USUARIO_NREC, DT_ATUALIZACAO_NREC, NM_USUARIO, DT_ATUALIZACAO, NR_SEQ_ATRIB_ELEM, IE_CRIAR_ATRIBUTO, DS_CABECALHO, IE_CONTROLE_PB, IE_REMOVER_ESPACO_BRANCO, DS_NAMESPACE, NM_TABELA_DEF_BANCO, NM_ATRIBUTO_XML_PESQUISA, CD_EXP_OBSERVACAO, NM_TABELA_BASE, NM_ATRIBUTO_BASE, QT_TAMANHO, QT_DECIMAIS, CD_DOMINIO, NR_SEQ_ITEM_XSD ) VALUES (
343990, 74960, 70, 'infoProcesso', NULL, 'S', 'S', NULL, NULL, 'apapandini',  TO_Date( '10/16/2018 04:23:00 ', 'MM/DD/YYYY HH:MI:SS ')
, 'apapandini',  TO_Date( '10/16/2018 04:23:00 ', 'MM/DD/YYYY HH:MI:SS '), 74963
, 'S', NULL, 'N', NULL, NULL, NULL, 'INFOPROCESSO', NULL, NULL, NULL, NULL, NULL, NULL
, NULL);
INSERT INTO XML_ATRIBUTO( NR_SEQUENCIA, NR_SEQ_ELEMENTO, NR_SEQ_APRESENTACAO, NM_ATRIBUTO_XML, NM_ATRIBUTO, IE_CRIAR_NULO, IE_OBRIGATORIO, IE_TIPO_ATRIBUTO, DS_MASCARA, NM_USUARIO_NREC, DT_ATUALIZACAO_NREC, NM_USUARIO, DT_ATUALIZACAO, NR_SEQ_ATRIB_ELEM, IE_CRIAR_ATRIBUTO, DS_CABECALHO, IE_CONTROLE_PB, IE_REMOVER_ESPACO_BRANCO, DS_NAMESPACE, NM_TABELA_DEF_BANCO, NM_ATRIBUTO_XML_PESQUISA, CD_EXP_OBSERVACAO, NM_TABELA_BASE, NM_ATRIBUTO_BASE, QT_TAMANHO, QT_DECIMAIS, CD_DOMINIO, NR_SEQ_ITEM_XSD ) VALUES (
343991, 74960, 50, 'ideEvento', NULL, 'S', 'S', NULL, NULL, 'apapandini',  TO_Date( '10/16/2018 04:23:00 ', 'MM/DD/YYYY HH:MI:SS ')
, 'apapandini',  TO_Date( '10/16/2018 04:23:00 ', 'MM/DD/YYYY HH:MI:SS '), 74961
, 'S', NULL, 'N', NULL, NULL, NULL, 'IDEEVENTO', NULL, NULL, NULL, NULL, NULL, NULL
, NULL);
INSERT INTO XML_ATRIBUTO( NR_SEQUENCIA, NR_SEQ_ELEMENTO, NR_SEQ_APRESENTACAO, NM_ATRIBUTO_XML, NM_ATRIBUTO, IE_CRIAR_NULO, IE_OBRIGATORIO, IE_TIPO_ATRIBUTO, DS_MASCARA, NM_USUARIO_NREC, DT_ATUALIZACAO_NREC, NM_USUARIO, DT_ATUALIZACAO, NR_SEQ_ATRIB_ELEM, IE_CRIAR_ATRIBUTO, DS_CABECALHO, IE_CONTROLE_PB, IE_REMOVER_ESPACO_BRANCO, DS_NAMESPACE, NM_TABELA_DEF_BANCO, NM_ATRIBUTO_XML_PESQUISA, CD_EXP_OBSERVACAO, NM_TABELA_BASE, NM_ATRIBUTO_BASE, QT_TAMANHO, QT_DECIMAIS, CD_DOMINIO, NR_SEQ_ITEM_XSD ) VALUES (
343992, 74961, 10, 'tpAmb', 'tpAmb', 'S', 'S', 'NUMBER', NULL, 'apapandini',  TO_Date( '10/16/2018 04:23:00 ', 'MM/DD/YYYY HH:MI:SS ')
, 'apapandini',  TO_Date( '10/16/2018 04:23:00 ', 'MM/DD/YYYY HH:MI:SS '), NULL
, 'S', NULL, 'N', NULL, NULL, NULL, 'TPAMB', NULL, NULL, NULL, NULL, NULL, NULL, NULL);
INSERT INTO XML_ATRIBUTO( NR_SEQUENCIA, NR_SEQ_ELEMENTO, NR_SEQ_APRESENTACAO, NM_ATRIBUTO_XML, NM_ATRIBUTO, IE_CRIAR_NULO, IE_OBRIGATORIO, IE_TIPO_ATRIBUTO, DS_MASCARA, NM_USUARIO_NREC, DT_ATUALIZACAO_NREC, NM_USUARIO, DT_ATUALIZACAO, NR_SEQ_ATRIB_ELEM, IE_CRIAR_ATRIBUTO, DS_CABECALHO, IE_CONTROLE_PB, IE_REMOVER_ESPACO_BRANCO, DS_NAMESPACE, NM_TABELA_DEF_BANCO, NM_ATRIBUTO_XML_PESQUISA, CD_EXP_OBSERVACAO, NM_TABELA_BASE, NM_ATRIBUTO_BASE, QT_TAMANHO, QT_DECIMAIS, CD_DOMINIO, NR_SEQ_ITEM_XSD ) VALUES (
343993, 74961, 20, 'procEmi', 'procEmi', 'S', 'S', 'VARCHAR2', NULL, 'apapandini'
,  TO_Date( '10/16/2018 04:23:00 ', 'MM/DD/YYYY HH:MI:SS '), 'apapandini',  TO_Date( '10/16/2018 04:23:00 ', 'MM/DD/YYYY HH:MI:SS ')
, NULL, 'S', NULL, 'N', NULL, NULL, NULL, 'PROCEMI', NULL, NULL, NULL, NULL, NULL
, NULL, NULL);
INSERT INTO XML_ATRIBUTO( NR_SEQUENCIA, NR_SEQ_ELEMENTO, NR_SEQ_APRESENTACAO, NM_ATRIBUTO_XML, NM_ATRIBUTO, IE_CRIAR_NULO, IE_OBRIGATORIO, IE_TIPO_ATRIBUTO, DS_MASCARA, NM_USUARIO_NREC, DT_ATUALIZACAO_NREC, NM_USUARIO, DT_ATUALIZACAO, NR_SEQ_ATRIB_ELEM, IE_CRIAR_ATRIBUTO, DS_CABECALHO, IE_CONTROLE_PB, IE_REMOVER_ESPACO_BRANCO, DS_NAMESPACE, NM_TABELA_DEF_BANCO, NM_ATRIBUTO_XML_PESQUISA, CD_EXP_OBSERVACAO, NM_TABELA_BASE, NM_ATRIBUTO_BASE, QT_TAMANHO, QT_DECIMAIS, CD_DOMINIO, NR_SEQ_ITEM_XSD ) VALUES (
343994, 74961, 30, 'verProc', 'verProc', 'S', 'S', 'VARCHAR2', NULL, 'apapandini'
,  TO_Date( '10/16/2018 04:23:00 ', 'MM/DD/YYYY HH:MI:SS '), 'apapandini',  TO_Date( '10/16/2018 04:23:00 ', 'MM/DD/YYYY HH:MI:SS ')
, NULL, 'S', NULL, 'N', NULL, NULL, NULL, 'VERPROC', NULL, NULL, NULL, NULL, NULL
, NULL, NULL);
INSERT INTO XML_ATRIBUTO( NR_SEQUENCIA, NR_SEQ_ELEMENTO, NR_SEQ_APRESENTACAO, NM_ATRIBUTO_XML, NM_ATRIBUTO, IE_CRIAR_NULO, IE_OBRIGATORIO, IE_TIPO_ATRIBUTO, DS_MASCARA, NM_USUARIO_NREC, DT_ATUALIZACAO_NREC, NM_USUARIO, DT_ATUALIZACAO, NR_SEQ_ATRIB_ELEM, IE_CRIAR_ATRIBUTO, DS_CABECALHO, IE_CONTROLE_PB, IE_REMOVER_ESPACO_BRANCO, DS_NAMESPACE, NM_TABELA_DEF_BANCO, NM_ATRIBUTO_XML_PESQUISA, CD_EXP_OBSERVACAO, NM_TABELA_BASE, NM_ATRIBUTO_BASE, QT_TAMANHO, QT_DECIMAIS, CD_DOMINIO, NR_SEQ_ITEM_XSD ) VALUES (
343995, 74962, 10, 'tpInsc', 'tpInsc', 'S', 'S', NULL, NULL, 'apapandini',  TO_Date( '10/16/2018 04:23:00 ', 'MM/DD/YYYY HH:MI:SS ')
, 'apapandini',  TO_Date( '10/16/2018 04:23:00 ', 'MM/DD/YYYY HH:MI:SS '), NULL
, 'S', NULL, 'N', NULL, NULL, NULL, 'TPINSC', NULL, NULL, NULL, NULL, NULL, NULL, NULL);
INSERT INTO XML_ATRIBUTO( NR_SEQUENCIA, NR_SEQ_ELEMENTO, NR_SEQ_APRESENTACAO, NM_ATRIBUTO_XML, NM_ATRIBUTO, IE_CRIAR_NULO, IE_OBRIGATORIO, IE_TIPO_ATRIBUTO, DS_MASCARA, NM_USUARIO_NREC, DT_ATUALIZACAO_NREC, NM_USUARIO, DT_ATUALIZACAO, NR_SEQ_ATRIB_ELEM, IE_CRIAR_ATRIBUTO, DS_CABECALHO, IE_CONTROLE_PB, IE_REMOVER_ESPACO_BRANCO, DS_NAMESPACE, NM_TABELA_DEF_BANCO, NM_ATRIBUTO_XML_PESQUISA, CD_EXP_OBSERVACAO, NM_TABELA_BASE, NM_ATRIBUTO_BASE, QT_TAMANHO, QT_DECIMAIS, CD_DOMINIO, NR_SEQ_ITEM_XSD ) VALUES (
343996, 74962, 20, 'nrInsc', 'nrInsc', 'S', 'S', NULL, NULL, 'apapandini',  TO_Date( '10/16/2018 04:23:00 ', 'MM/DD/YYYY HH:MI:SS ')
, 'apapandini',  TO_Date( '10/16/2018 04:23:00 ', 'MM/DD/YYYY HH:MI:SS '), NULL
, 'S', NULL, 'N', NULL, NULL, NULL, 'NRINSC', NULL, NULL, NULL, NULL, NULL, NULL, NULL);
INSERT INTO XML_ATRIBUTO( NR_SEQUENCIA, NR_SEQ_ELEMENTO, NR_SEQ_APRESENTACAO, NM_ATRIBUTO_XML, NM_ATRIBUTO, IE_CRIAR_NULO, IE_OBRIGATORIO, IE_TIPO_ATRIBUTO, DS_MASCARA, NM_USUARIO_NREC, DT_ATUALIZACAO_NREC, NM_USUARIO, DT_ATUALIZACAO, NR_SEQ_ATRIB_ELEM, IE_CRIAR_ATRIBUTO, DS_CABECALHO, IE_CONTROLE_PB, IE_REMOVER_ESPACO_BRANCO, DS_NAMESPACE, NM_TABELA_DEF_BANCO, NM_ATRIBUTO_XML_PESQUISA, CD_EXP_OBSERVACAO, NM_TABELA_BASE, NM_ATRIBUTO_BASE, QT_TAMANHO, QT_DECIMAIS, CD_DOMINIO, NR_SEQ_ITEM_XSD ) VALUES (
343997, 74963, 72, 'exclusao', NULL, 'S', 'S', NULL, NULL, 'apapandini',  TO_Date( '10/16/2018 04:23:00 ', 'MM/DD/YYYY HH:MI:SS ')
, 'apapandini',  TO_Date( '10/16/2018 04:23:00 ', 'MM/DD/YYYY HH:MI:SS '), 74964
, 'S', NULL, 'N', NULL, NULL, NULL, 'EXCLUSAO', NULL, NULL, NULL, NULL, NULL, NULL
, NULL);
INSERT INTO XML_ATRIBUTO( NR_SEQUENCIA, NR_SEQ_ELEMENTO, NR_SEQ_APRESENTACAO, NM_ATRIBUTO_XML, NM_ATRIBUTO, IE_CRIAR_NULO, IE_OBRIGATORIO, IE_TIPO_ATRIBUTO, DS_MASCARA, NM_USUARIO_NREC, DT_ATUALIZACAO_NREC, NM_USUARIO, DT_ATUALIZACAO, NR_SEQ_ATRIB_ELEM, IE_CRIAR_ATRIBUTO, DS_CABECALHO, IE_CONTROLE_PB, IE_REMOVER_ESPACO_BRANCO, DS_NAMESPACE, NM_TABELA_DEF_BANCO, NM_ATRIBUTO_XML_PESQUISA, CD_EXP_OBSERVACAO, NM_TABELA_BASE, NM_ATRIBUTO_BASE, QT_TAMANHO, QT_DECIMAIS, CD_DOMINIO, NR_SEQ_ITEM_XSD ) VALUES (
343998, 74964, 75, 'ideProcesso', NULL, 'S', 'S', NULL, NULL, 'apapandini',  TO_Date( '10/16/2018 04:23:00 ', 'MM/DD/YYYY HH:MI:SS ')
, 'apapandini',  TO_Date( '10/16/2018 04:23:00 ', 'MM/DD/YYYY HH:MI:SS '), 74965
, 'S', NULL, 'N', NULL, NULL, NULL, 'IDEPROCESSO', NULL, NULL, NULL, NULL, NULL, NULL
, NULL);
INSERT INTO XML_ATRIBUTO( NR_SEQUENCIA, NR_SEQ_ELEMENTO, NR_SEQ_APRESENTACAO, NM_ATRIBUTO_XML, NM_ATRIBUTO, IE_CRIAR_NULO, IE_OBRIGATORIO, IE_TIPO_ATRIBUTO, DS_MASCARA, NM_USUARIO_NREC, DT_ATUALIZACAO_NREC, NM_USUARIO, DT_ATUALIZACAO, NR_SEQ_ATRIB_ELEM, IE_CRIAR_ATRIBUTO, DS_CABECALHO, IE_CONTROLE_PB, IE_REMOVER_ESPACO_BRANCO, DS_NAMESPACE, NM_TABELA_DEF_BANCO, NM_ATRIBUTO_XML_PESQUISA, CD_EXP_OBSERVACAO, NM_TABELA_BASE, NM_ATRIBUTO_BASE, QT_TAMANHO, QT_DECIMAIS, CD_DOMINIO, NR_SEQ_ITEM_XSD ) VALUES (
343999, 74965, 10, 'tpProc', 'tpProc', 'S', 'S', 'NUMBER', NULL, 'apapandini',  TO_Date( '10/16/2018 04:23:00 ', 'MM/DD/YYYY HH:MI:SS ')
, 'apapandini',  TO_Date( '10/16/2018 04:23:00 ', 'MM/DD/YYYY HH:MI:SS '), NULL
, 'S', NULL, 'N', NULL, NULL, NULL, 'TPPROC', NULL, NULL, NULL, NULL, NULL, NULL, NULL);
INSERT INTO XML_ATRIBUTO( NR_SEQUENCIA, NR_SEQ_ELEMENTO, NR_SEQ_APRESENTACAO, NM_ATRIBUTO_XML, NM_ATRIBUTO, IE_CRIAR_NULO, IE_OBRIGATORIO, IE_TIPO_ATRIBUTO, DS_MASCARA, NM_USUARIO_NREC, DT_ATUALIZACAO_NREC, NM_USUARIO, DT_ATUALIZACAO, NR_SEQ_ATRIB_ELEM, IE_CRIAR_ATRIBUTO, DS_CABECALHO, IE_CONTROLE_PB, IE_REMOVER_ESPACO_BRANCO, DS_NAMESPACE, NM_TABELA_DEF_BANCO, NM_ATRIBUTO_XML_PESQUISA, CD_EXP_OBSERVACAO, NM_TABELA_BASE, NM_ATRIBUTO_BASE, QT_TAMANHO, QT_DECIMAIS, CD_DOMINIO, NR_SEQ_ITEM_XSD ) VALUES (
344000, 74965, 20, 'nrProc', 'nrProc', 'S', 'S', 'VARCHAR2', NULL, 'apapandini',  TO_Date( '10/16/2018 04:23:00 ', 'MM/DD/YYYY HH:MI:SS ')
, 'apapandini',  TO_Date( '10/16/2018 04:23:00 ', 'MM/DD/YYYY HH:MI:SS '), NULL
, 'S', NULL, 'N', NULL, NULL, NULL, 'NRPROC', NULL, NULL, NULL, NULL, NULL, NULL, NULL);
INSERT INTO XML_ATRIBUTO( NR_SEQUENCIA, NR_SEQ_ELEMENTO, NR_SEQ_APRESENTACAO, NM_ATRIBUTO_XML, NM_ATRIBUTO, IE_CRIAR_NULO, IE_OBRIGATORIO, IE_TIPO_ATRIBUTO, DS_MASCARA, NM_USUARIO_NREC, DT_ATUALIZACAO_NREC, NM_USUARIO, DT_ATUALIZACAO, NR_SEQ_ATRIB_ELEM, IE_CRIAR_ATRIBUTO, DS_CABECALHO, IE_CONTROLE_PB, IE_REMOVER_ESPACO_BRANCO, DS_NAMESPACE, NM_TABELA_DEF_BANCO, NM_ATRIBUTO_XML_PESQUISA, CD_EXP_OBSERVACAO, NM_TABELA_BASE, NM_ATRIBUTO_BASE, QT_TAMANHO, QT_DECIMAIS, CD_DOMINIO, NR_SEQ_ITEM_XSD ) VALUES (
344001, 74965, 30, 'iniValid', 'iniValid', 'S', 'S', 'VARCHAR2', NULL, 'apapandini'
,  TO_Date( '10/16/2018 04:23:00 ', 'MM/DD/YYYY HH:MI:SS '), 'apapandini',  TO_Date( '10/16/2018 04:23:00 ', 'MM/DD/YYYY HH:MI:SS ')
, NULL, 'S', NULL, 'N', NULL, NULL, NULL, 'INIVALID', NULL, NULL, NULL, NULL, NULL
, NULL, NULL);
INSERT INTO XML_ATRIBUTO( NR_SEQUENCIA, NR_SEQ_ELEMENTO, NR_SEQ_APRESENTACAO, NM_ATRIBUTO_XML, NM_ATRIBUTO, IE_CRIAR_NULO, IE_OBRIGATORIO, IE_TIPO_ATRIBUTO, DS_MASCARA, NM_USUARIO_NREC, DT_ATUALIZACAO_NREC, NM_USUARIO, DT_ATUALIZACAO, NR_SEQ_ATRIB_ELEM, IE_CRIAR_ATRIBUTO, DS_CABECALHO, IE_CONTROLE_PB, IE_REMOVER_ESPACO_BRANCO, DS_NAMESPACE, NM_TABELA_DEF_BANCO, NM_ATRIBUTO_XML_PESQUISA, CD_EXP_OBSERVACAO, NM_TABELA_BASE, NM_ATRIBUTO_BASE, QT_TAMANHO, QT_DECIMAIS, CD_DOMINIO, NR_SEQ_ITEM_XSD ) VALUES (
344002, 74965, 40, 'fimValid', 'fimValid', 'S', 'S', 'VARCHAR2', NULL, 'apapandini'
,  TO_Date( '10/16/2018 04:23:00 ', 'MM/DD/YYYY HH:MI:SS '), 'apapandini',  TO_Date( '10/16/2018 04:23:00 ', 'MM/DD/YYYY HH:MI:SS ')
, NULL, 'S', NULL, 'N', NULL, NULL, NULL, 'FIMVALID', NULL, NULL, NULL, NULL, NULL
, NULL, NULL);

--	FIM XML 102450
--	INICIO XML 102451
INSERT INTO XML_PROJETO( NR_SEQUENCIA, DS_PROJETO, DT_ATUALIZACAO, NM_USUARIO, DT_ATUALIZACAO_NREC, NM_USUARIO_NREC, DS_CABECALHO, DS_OBSERVACAO, IE_TIPO_COMPLEXO, NR_SEQ_PROJ_COMPLEXO, IE_HOSP_PLS, DS_VERSAO, IE_TISS, IE_SITUACAO, IE_GERAR_QUEBRA ) VALUES (
102451, 'SPED - REINF R2010 INCLUSÃO - V.1.4.00',  TO_Date( '10/17/2018 01:26:26 ', 'MM/DD/YYYY HH:MI:SS ')
, 'apapandini',  TO_Date( '10/17/2018 08:41:00 ', 'MM/DD/YYYY HH:MI:SS '), 'apapandini'
, NULL, NULL, 'N', NULL, 'H', NULL, 'N', 'I', NULL);

INSERT INTO XML_ELEMENTO( NR_SEQUENCIA, NR_SEQ_APRESENTACAO, NR_SEQ_PROJETO, NM_ELEMENTO, DS_ELEMENTO, DS_CABECALHO, DS_SQL, DS_GRUPO, NM_USUARIO, DT_ATUALIZACAO, IE_CRIAR_NULO, NM_USUARIO_NREC, DT_ATUALIZACAO_NREC, IE_TIPO_ELEMENTO, IE_CRIAR_ELEMENTO, IE_TIPO_COMPLEXO, DS_SQL_2, DS_NAMESPACE, QT_MIN_OCOR, QT_MAX_OCOR, NR_SEQ_ITEM_XSD ) VALUES (
74966, 1, 102451, 'Reinf', 'Reinf', 'xmlns="http://www.reinf.esocial.gov.br/schemas/envioLoteEventos/v1_04_00"'
, NULL, NULL, 'apapandini',  TO_Date( '10/17/2018 08:41:00 ', 'MM/DD/YYYY HH:MI:SS ')
, 'S', 'apapandini',  TO_Date( '10/17/2018 08:41:00 ', 'MM/DD/YYYY HH:MI:SS ')
, 'E', 'S', 'S', NULL, NULL, NULL, NULL, NULL);
INSERT INTO XML_ELEMENTO( NR_SEQUENCIA, NR_SEQ_APRESENTACAO, NR_SEQ_PROJETO, NM_ELEMENTO, DS_ELEMENTO, DS_CABECALHO, DS_SQL, DS_GRUPO, NM_USUARIO, DT_ATUALIZACAO, IE_CRIAR_NULO, NM_USUARIO_NREC, DT_ATUALIZACAO_NREC, IE_TIPO_ELEMENTO, IE_CRIAR_ELEMENTO, IE_TIPO_COMPLEXO, DS_SQL_2, DS_NAMESPACE, QT_MIN_OCOR, QT_MAX_OCOR, NR_SEQ_ITEM_XSD ) VALUES (
74967, 3, 102451, 'loteEventos', 'loteEventos', NULL, NULL, NULL, 'apapandini',  TO_Date( '10/17/2018 08:41:00 ', 'MM/DD/YYYY HH:MI:SS ')
, 'S', 'apapandini',  TO_Date( '10/17/2018 08:41:00 ', 'MM/DD/YYYY HH:MI:SS ')
, 'E', 'S', 'S', NULL, NULL, NULL, NULL, NULL);
INSERT INTO XML_ELEMENTO( NR_SEQUENCIA, NR_SEQ_APRESENTACAO, NR_SEQ_PROJETO, NM_ELEMENTO, DS_ELEMENTO, DS_CABECALHO, DS_SQL, DS_GRUPO, NM_USUARIO, DT_ATUALIZACAO, IE_CRIAR_NULO, NM_USUARIO_NREC, DT_ATUALIZACAO_NREC, IE_TIPO_ELEMENTO, IE_CRIAR_ELEMENTO, IE_TIPO_COMPLEXO, DS_SQL_2, DS_NAMESPACE, QT_MIN_OCOR, QT_MAX_OCOR, NR_SEQ_ITEM_XSD ) VALUES (
74968, 6, 102451, 'ideEvento', 'ideEvento', NULL, NULL, NULL, 'apapandini',  TO_Date( '10/17/2018 08:41:00 ', 'MM/DD/YYYY HH:MI:SS ')
, 'S', 'apapandini',  TO_Date( '10/17/2018 08:41:00 ', 'MM/DD/YYYY HH:MI:SS ')
, 'E', 'S', 'S', NULL, NULL, NULL, NULL, NULL);
INSERT INTO XML_ELEMENTO( NR_SEQUENCIA, NR_SEQ_APRESENTACAO, NR_SEQ_PROJETO, NM_ELEMENTO, DS_ELEMENTO, DS_CABECALHO, DS_SQL, DS_GRUPO, NM_USUARIO, DT_ATUALIZACAO, IE_CRIAR_NULO, NM_USUARIO_NREC, DT_ATUALIZACAO_NREC, IE_TIPO_ELEMENTO, IE_CRIAR_ELEMENTO, IE_TIPO_COMPLEXO, DS_SQL_2, DS_NAMESPACE, QT_MIN_OCOR, QT_MAX_OCOR, NR_SEQ_ITEM_XSD ) VALUES (
74969, 14, 102451, 'ideContri', 'ideContri', NULL, NULL, NULL, 'apapandini',  TO_Date( '10/17/2018 08:41:00 ', 'MM/DD/YYYY HH:MI:SS ')
, 'S', 'apapandini',  TO_Date( '10/17/2018 08:41:00 ', 'MM/DD/YYYY HH:MI:SS ')
, 'E', 'S', 'S', NULL, NULL, NULL, NULL, NULL);
INSERT INTO XML_ELEMENTO( NR_SEQUENCIA, NR_SEQ_APRESENTACAO, NR_SEQ_PROJETO, NM_ELEMENTO, DS_ELEMENTO, DS_CABECALHO, DS_SQL, DS_GRUPO, NM_USUARIO, DT_ATUALIZACAO, IE_CRIAR_NULO, NM_USUARIO_NREC, DT_ATUALIZACAO_NREC, IE_TIPO_ELEMENTO, IE_CRIAR_ELEMENTO, IE_TIPO_COMPLEXO, DS_SQL_2, DS_NAMESPACE, QT_MIN_OCOR, QT_MAX_OCOR, NR_SEQ_ITEM_XSD ) VALUES (
74970, 16, 102451, 'infoServTom', 'infoServTom', NULL, NULL, NULL, 'apapandini',  TO_Date( '10/17/2018 08:41:00 ', 'MM/DD/YYYY HH:MI:SS ')
, 'S', 'apapandini',  TO_Date( '10/17/2018 08:41:00 ', 'MM/DD/YYYY HH:MI:SS ')
, 'E', 'S', 'S', NULL, NULL, NULL, NULL, NULL);
INSERT INTO XML_ELEMENTO( NR_SEQUENCIA, NR_SEQ_APRESENTACAO, NR_SEQ_PROJETO, NM_ELEMENTO, DS_ELEMENTO, DS_CABECALHO, DS_SQL, DS_GRUPO, NM_USUARIO, DT_ATUALIZACAO, IE_CRIAR_NULO, NM_USUARIO_NREC, DT_ATUALIZACAO_NREC, IE_TIPO_ELEMENTO, IE_CRIAR_ELEMENTO, IE_TIPO_COMPLEXO, DS_SQL_2, DS_NAMESPACE, QT_MIN_OCOR, QT_MAX_OCOR, NR_SEQ_ITEM_XSD ) VALUES (
74971, 18, 102451, 'ideEstabObra', 'ideEstabObra', NULL, NULL, NULL, 'apapandini'
,  TO_Date( '10/17/2018 08:41:00 ', 'MM/DD/YYYY HH:MI:SS '), 'S', 'apapandini'
,  TO_Date( '10/17/2018 08:41:00 ', 'MM/DD/YYYY HH:MI:SS '), 'E', 'S', 'S'
, NULL, NULL, NULL, NULL, NULL);
INSERT INTO XML_ELEMENTO( NR_SEQUENCIA, NR_SEQ_APRESENTACAO, NR_SEQ_PROJETO, NM_ELEMENTO, DS_ELEMENTO, DS_CABECALHO, DS_SQL, DS_GRUPO, NM_USUARIO, DT_ATUALIZACAO, IE_CRIAR_NULO, NM_USUARIO_NREC, DT_ATUALIZACAO_NREC, IE_TIPO_ELEMENTO, IE_CRIAR_ELEMENTO, IE_TIPO_COMPLEXO, DS_SQL_2, DS_NAMESPACE, QT_MIN_OCOR, QT_MAX_OCOR, NR_SEQ_ITEM_XSD ) VALUES (
74972, 25, 102451, 'idePrestServ', 'idePrestServ', NULL, 'select rpad(rf.cd_cnpj, 14, ''0'') cnpjPrestador,
        Campo_mascara_casas(sum(rf.vl_bruto_nf), 2)  vlrTotalBruto,
	Campo_mascara_casas(sum(rf.vl_base_trib_inss),2) vlrTotalBaseRet,
	Campo_mascara_casas(sum(rf.vl_retencao_inss) - sum(rf.vl_ret_subcontratado),2)  vlrTotalRetPrinc,
	Campo_mascara_casas((sum(vl_servicos_15) + sum(vl_servicos_20) + sum(vl_servicos_25)),2) vlrTotalRetAdic,
	Campo_mascara_casas(sum(rf.vl_n_retencao_inss),2) vlrTotalNRetPrinc,
	obter_contribuinte_receita(rf.cd_cnpj) indCPRB,
	rf.cd_cnpj cd_cnpj_prestador,
  	max(cd_cno) cd_cno
from  	fis_reinf_notas_r2010 rf
where  	rf.nr_seq_superior = :nr_sequencia
and 	rf.dt_transmissao is null
and 	rf.ie_status is null
and 	rf.cd_cnpj = :cd_cnpj
and	nvl(rf.cd_cno, '' '') = nvl(:cd_cno, '' '')
group   by cd_cnpj
'
, NULL, 'apapandini',  TO_Date( '10/17/2018 08:41:00 ', 'MM/DD/YYYY HH:MI:SS ')
, 'S', 'apapandini',  TO_Date( '10/17/2018 08:41:00 ', 'MM/DD/YYYY HH:MI:SS ')
, 'E', 'S', 'S', NULL, NULL, NULL, NULL, NULL);
INSERT INTO XML_ELEMENTO( NR_SEQUENCIA, NR_SEQ_APRESENTACAO, NR_SEQ_PROJETO, NM_ELEMENTO, DS_ELEMENTO, DS_CABECALHO, DS_SQL, DS_GRUPO, NM_USUARIO, DT_ATUALIZACAO, IE_CRIAR_NULO, NM_USUARIO_NREC, DT_ATUALIZACAO_NREC, IE_TIPO_ELEMENTO, IE_CRIAR_ELEMENTO, IE_TIPO_COMPLEXO, DS_SQL_2, DS_NAMESPACE, QT_MIN_OCOR, QT_MAX_OCOR, NR_SEQ_ITEM_XSD ) VALUES (
74973, 37, 102451, 'nfs', 'nfs', NULL, 'SELECT	distinct nf.cd_serie_nf serie,
	nf.nr_nota_fiscal numDocto,
	TO_CHAR(nf.dt_emissao, ''rrrr-mm-dd'') dtEmissaoNF,
	Campo_Mascara_casas(rf.VL_BRUTO_NF, 2) vlrBruto,
	NVL(SUBSTR(ELIMINA_CARACTERE_ESPECIAL(obter_texto_sem_quebras(nf.ds_observacao)), 1, 250), ''Sem nenhuma observacao'') obs,
	nf.nr_sequencia nr_seq_nf,
	obter_contribuinte_receita(rf.cd_cnpj) ind_cprb
FROM 	FIS_REINF_NOTAS_R2010 rf,
	nota_fiscal nf
WHERE 	rf.NR_SEQ_NOTA = nf.nr_sequencia
and 	rf.NR_SEQ_SUPERIOR = :nr_sequencia
and 	nf.cd_cgc = :cd_cnpj_prestador
and	nvl(rf.cd_cno, '' '') = nvl(:cd_cno, '' '')'
, NULL, 'apapandini',  TO_Date( '10/17/2018 08:41:00 ', 'MM/DD/YYYY HH:MI:SS ')
, 'S', 'apapandini',  TO_Date( '10/17/2018 08:41:00 ', 'MM/DD/YYYY HH:MI:SS ')
, 'E', 'S', 'S', NULL, NULL, NULL, NULL, NULL);
INSERT INTO XML_ELEMENTO( NR_SEQUENCIA, NR_SEQ_APRESENTACAO, NR_SEQ_PROJETO, NM_ELEMENTO, DS_ELEMENTO, DS_CABECALHO, DS_SQL, DS_GRUPO, NM_USUARIO, DT_ATUALIZACAO, IE_CRIAR_NULO, NM_USUARIO_NREC, DT_ATUALIZACAO_NREC, IE_TIPO_ELEMENTO, IE_CRIAR_ELEMENTO, IE_TIPO_COMPLEXO, DS_SQL_2, DS_NAMESPACE, QT_MIN_OCOR, QT_MAX_OCOR, NR_SEQ_ITEM_XSD ) VALUES (
74974, 45, 102451, 'infoTpServ', 'infoTpServ', NULL, 'select	tpservico,
	campo_mascara_casas(sum(vlrRetencao),2) vlrRetencao,
	campo_mascara_casas(sum(vlrBaseRet),2) vlrBaseRet,
	campo_mascara_casas(sum(vlrNRetPrinc),2) vlrNRetPrinc,
	campo_mascara_casas(sum(vlrServicos15),2) vlrServicos15,
	campo_mascara_casas(sum(vlrServicos20),2) vlrServicos20,
	campo_mascara_casas(sum(vlrServicos25),2) vlrServicos25,
	campo_mascara_casas(sum(vlrAdicional),2) vlrAdicional,
  	campo_mascara_casas(sum(vl_ret_subcontratado),2) vlrRetSub
from	(select distinct
		ie_tipo_servico tpservico,
		decode(obter_contribuinte_receita(n.cd_cnpj),0,t.vl_base_calculo * 0.11,t.vl_base_calculo * 0.035) vlrRetencao,
		t.vl_base_calculo vlrBaseRet,
		decode(obter_se_possui_processo(n.nr_seq_nota,fr.nr_sequencia,''2010''),''S'',t.vl_tributo,0) vlrNRetPrinc,
		fis_obter_valor_apo_esp_2010(t.tx_tributo, t.vl_base_calculo, 6) vlrServicos15,
		fis_obter_valor_apo_esp_2010(t.tx_tributo, t.vl_base_calculo, 7) vlrServicos20,
		fis_obter_valor_apo_esp_2010(t.tx_tributo, t.vl_base_calculo, 8) vlrServicos25,
		(fis_obter_valor_apo_esp_2010(t.tx_tributo, t.vl_base_calculo, 2) +
		fis_obter_valor_apo_esp_2010(t.tx_tributo, t.vl_base_calculo, 3) +
		fis_obter_valor_apo_esp_2010(t.tx_tributo, t.vl_base_calculo, 4)) vlrAdicional,
		n.vl_ret_subcontratado
        from	nota_fiscal_item i,
		nota_fiscal_trib t,
		material_fiscal m,
		fis_reinf_r2010 fr,
		fis_reinf_notas_r2010 n
	where   t.nr_sequencia = i.nr_sequencia
    	and 	m.cd_material = i.cd_material
    	and 	fr.cd_tributo = t.cd_tributo
	and 	t.vl_tributo <> 0
    	and 	fr.nr_sequencia = :nr_sequencia
    	and 	i.nr_sequencia = :nr_seq_nf
	and 	n.nr_seq_nota = i.nr_sequencia
	group by ie_tipo_servico,
		decode(obter_contribuinte_receita(n.cd_cnpj),0,t.vl_base_calculo * 0.11,t.vl_base_calculo * 0.035),
		t.vl_base_calculo, t.tx_tributo,
		decode(obter_se_possui_processo(n.nr_seq_nota,fr.nr_sequencia,''2010''),''S'',t.vl_tributo,0),
		t.tx_tributo, t.vl_base_calculo,
    		n.vl_ret_subcontratado
	union
	select 	distinct
		ie_tipo_servico tpservico,
		decode(obter_contribuinte_receita(n.cd_cnpj),0,t.vl_base_calculo * 0.11,t.vl_base_calculo * 0.035) vlrRetencao,
		sum(t.vl_base_calculo) vlrBaseRet,
		decode(obter_se_possui_processo(n.nr_seq_nota,fr.nr_sequencia,''2010''),''S'',t.vl_tributo,0) vlrNRetPrinc,
		fis_obter_valor_apo_esp_2010(t.tx_tributo, t.vl_base_calculo, 6) vlrServicos15,
		fis_obter_valor_apo_esp_2010(t.tx_tributo, t.vl_base_calculo, 7) vlrServicos20,
		fis_obter_valor_apo_esp_2010(t.tx_tributo, t.vl_base_calculo, 8) vlrServicos25,
		(fis_obter_valor_apo_esp_2010(t.tx_tributo, t.vl_base_calculo, 2) +
		fis_obter_valor_apo_esp_2010(t.tx_tributo, t.vl_base_calculo, 3) +
		fis_obter_valor_apo_esp_2010(t.tx_tributo, t.vl_base_calculo, 4)) vlrAdicional,
		n.vl_ret_subcontratado
	from	nota_fiscal_item i,
		nota_fiscal_item_trib t,
		material_fiscal m,
		fis_reinf_r2010 fr,
		fis_reinf_notas_r2010 n
	where 	m.cd_material = i.cd_material
	and 	i.nr_item_nf = t.nr_item_nf
	and 	i.nr_sequencia = t.nr_sequencia
	and 	t.vl_tributo <> 0
	and 	fr.cd_tributo = t.cd_tributo
	and 	fr.nr_sequencia = :nr_sequencia
	and 	i.nr_sequencia = :nr_seq_nf
	and 	n.nr_seq_nota = i.nr_sequencia
	group by ie_tipo_servico,
		decode(obter_contribuinte_receita(n.cd_cnpj),0,t.vl_base_calculo * 0.11,t.vl_base_calculo * 0.035),
		t.tx_tributo,
		n.vl_ret_subcontratado,
		decode(obter_se_possui_processo(n.nr_seq_nota,fr.nr_sequencia,''2010''),''S'',t.vl_tributo,0),
		t.tx_tributo, t.vl_base_calculo)
group by tpservico'
, NULL, 'apapandini',  TO_Date( '10/17/2018 08:41:00 ', 'MM/DD/YYYY HH:MI:SS ')
, 'S', 'apapandini',  TO_Date( '10/17/2018 08:41:00 ', 'MM/DD/YYYY HH:MI:SS ')
, 'E', 'S', 'S', NULL, NULL, NULL, NULL, NULL);
INSERT INTO XML_ELEMENTO( NR_SEQUENCIA, NR_SEQ_APRESENTACAO, NR_SEQ_PROJETO, NM_ELEMENTO, DS_ELEMENTO, DS_CABECALHO, DS_SQL, DS_GRUPO, NM_USUARIO, DT_ATUALIZACAO, IE_CRIAR_NULO, NM_USUARIO_NREC, DT_ATUALIZACAO_NREC, IE_TIPO_ELEMENTO, IE_CRIAR_ELEMENTO, IE_TIPO_COMPLEXO, DS_SQL_2, DS_NAMESPACE, QT_MIN_OCOR, QT_MAX_OCOR, NR_SEQ_ITEM_XSD ) VALUES (
74975, 2, 102451, 'evento', 'evento', NULL, 'select	(nr_id || adiciona_zeros_esquerda(rownum,5)) nr_id,
	indRetif,
	nrRecibo,
	perApur,
	tpAmb,
	procEmi,
	verProc,
	tpInsc,
	nrInsc,
	tpInscEstab,
	nrInscEstab,
	indObra,
	cd_cnpj,
	cd_cno
from (	select	(''ID'' || ''1'' || rpad(substr(e.cd_cgc,1,8), 14, ''0'') || to_char(sysdate,''YYYYMMDD'') || to_char(sysdate,''hh24miSS''))  nr_id,
		f.ie_ind_retif	indRetif,
		f.nr_recibo	nrRecibo,
		to_char( f.dt_competencia, ''rrrr-mm'')   perApur,
		f.cd_ident_ambiente  tpAmb,
		''1''	procEmi,
		(select max(cd_versao) cd from aplicacao_tasy_versao) verProc,
		''1''	tpInsc,
		substr(e.cd_cgc,1,8)	nrInsc,
		decode(n.cd_cno, null, ''1'', ''4'')	tpInscEstab,
		decode(n.cd_ind_obra, 0, e.cd_cgc, decode(n.cd_cno, null, e.cd_cgc, n.cd_cno))	nrInscEstab,
		n.cd_ind_obra	indObra,
		n.cd_cnpj	cd_cnpj,
		n.cd_cno cd_cno
	from	estabelecimento e,
		fis_reinf_r2010 f,
		fis_reinf_notas_r2010 n
	where	e.cd_estabelecimento = f.cd_estabelecimento
	and	f.nr_sequencia  = :nr_sequencia
	and	n.nr_seq_superior = f.nr_sequencia
	and	n.dt_transmissao is null
	and	n.ie_status is null
	group by
		(''ID'' || ''1'' || rpad(substr(e.cd_cgc,1,8), 14, ''0'') || to_char(sysdate,''YYYYMMDD'') || to_char(sysdate,''hh24miSS'')),
		f.ie_ind_retif,
		f.nr_recibo,
		to_char( f.dt_competencia, ''rrrr-mm''),
		f.cd_ident_ambiente,
		substr(e.cd_cgc,1,8),
		''1'',
		e.cd_cgc,
		''0'',
		n.cd_ind_obra,
		n.cd_cnpj,
		n.cd_cno)
'
, NULL, 'apapandini',  TO_Date( '10/17/2018 08:41:00 ', 'MM/DD/YYYY HH:MI:SS ')
, 'S', 'apapandini',  TO_Date( '10/17/2018 08:41:00 ', 'MM/DD/YYYY HH:MI:SS ')
, 'E', 'S', 'S', NULL, NULL, NULL, NULL, NULL);
INSERT INTO XML_ELEMENTO( NR_SEQUENCIA, NR_SEQ_APRESENTACAO, NR_SEQ_PROJETO, NM_ELEMENTO, DS_ELEMENTO, DS_CABECALHO, DS_SQL, DS_GRUPO, NM_USUARIO, DT_ATUALIZACAO, IE_CRIAR_NULO, NM_USUARIO_NREC, DT_ATUALIZACAO_NREC, IE_TIPO_ELEMENTO, IE_CRIAR_ELEMENTO, IE_TIPO_COMPLEXO, DS_SQL_2, DS_NAMESPACE, QT_MIN_OCOR, QT_MAX_OCOR, NR_SEQ_ITEM_XSD ) VALUES (
74976, 2, 102451, 'Reinf', 'Reinf', NULL, NULL, NULL, 'apapandini',  TO_Date( '10/17/2018 08:41:00 ', 'MM/DD/YYYY HH:MI:SS ')
, 'S', 'apapandini',  TO_Date( '10/17/2018 08:41:00 ', 'MM/DD/YYYY HH:MI:SS ')
, 'E', 'S', 'S', NULL, NULL, NULL, NULL, NULL);
INSERT INTO XML_ELEMENTO( NR_SEQUENCIA, NR_SEQ_APRESENTACAO, NR_SEQ_PROJETO, NM_ELEMENTO, DS_ELEMENTO, DS_CABECALHO, DS_SQL, DS_GRUPO, NM_USUARIO, DT_ATUALIZACAO, IE_CRIAR_NULO, NM_USUARIO_NREC, DT_ATUALIZACAO_NREC, IE_TIPO_ELEMENTO, IE_CRIAR_ELEMENTO, IE_TIPO_COMPLEXO, DS_SQL_2, DS_NAMESPACE, QT_MIN_OCOR, QT_MAX_OCOR, NR_SEQ_ITEM_XSD ) VALUES (
74977, 2, 102451, 'evtServTom', 'evtServTom', NULL, NULL, NULL, 'apapandini',  TO_Date( '10/17/2018 08:41:00 ', 'MM/DD/YYYY HH:MI:SS ')
, 'S', 'apapandini',  TO_Date( '10/17/2018 08:41:00 ', 'MM/DD/YYYY HH:MI:SS ')
, 'E', 'S', 'S', NULL, NULL, NULL, NULL, NULL);
INSERT INTO XML_ELEMENTO( NR_SEQUENCIA, NR_SEQ_APRESENTACAO, NR_SEQ_PROJETO, NM_ELEMENTO, DS_ELEMENTO, DS_CABECALHO, DS_SQL, DS_GRUPO, NM_USUARIO, DT_ATUALIZACAO, IE_CRIAR_NULO, NM_USUARIO_NREC, DT_ATUALIZACAO_NREC, IE_TIPO_ELEMENTO, IE_CRIAR_ELEMENTO, IE_TIPO_COMPLEXO, DS_SQL_2, DS_NAMESPACE, QT_MIN_OCOR, QT_MAX_OCOR, NR_SEQ_ITEM_XSD ) VALUES (
74978, 10, 102451, 'infoProcRetPr', 'infoProcRetPr', NULL, 'select cd_tipo_processo tpProcRetPrinc,
       nr_processo nrProcRetPrinc,
       cd_ind_exigibilidade codSuspPrinc,
       Campo_mascara_casas(sum(vl_n_retencao_inss),2) valorPrinc
from   fis_reinf_r1070 a,
       fis_reinf_exib_trib b,
       fis_reinf_notas_r2010 c,
       fis_reinf_r2010 d
where  a.cd_cnpj = :cd_cnpj_prestador
and    a.nr_sequencia = b.nr_seq_superior
and    a.cd_cnpj = c.cd_cnpj
and    c.nr_seq_superior = d.nr_sequencia
and    d.nr_sequencia = :nr_sequencia
and    d.cd_tributo = a.cd_tributo
and    to_date(d.dt_competencia,''dd/mm/yyyy'') between to_date(a.dt_inicio_validade,''dd/mm/yyyy'') and fim_dia(to_date(nvl(a.dt_fim_validade, sysdate),''dd/mm/yyyy''))
group by cd_tipo_processo,
         nr_processo,
	 cd_ind_exigibilidade'
, NULL, 'apapandini',  TO_Date( '10/17/2018 08:41:00 ', 'MM/DD/YYYY HH:MI:SS ')
, 'N', 'apapandini',  TO_Date( '10/17/2018 08:41:00 ', 'MM/DD/YYYY HH:MI:SS ')
, 'E', 'S', 'S', NULL, NULL, NULL, NULL, NULL);

INSERT INTO XML_ATRIBUTO( NR_SEQUENCIA, NR_SEQ_ELEMENTO, NR_SEQ_APRESENTACAO, NM_ATRIBUTO_XML, NM_ATRIBUTO, IE_CRIAR_NULO, IE_OBRIGATORIO, IE_TIPO_ATRIBUTO, DS_MASCARA, NM_USUARIO_NREC, DT_ATUALIZACAO_NREC, NM_USUARIO, DT_ATUALIZACAO, NR_SEQ_ATRIB_ELEM, IE_CRIAR_ATRIBUTO, DS_CABECALHO, IE_CONTROLE_PB, IE_REMOVER_ESPACO_BRANCO, DS_NAMESPACE, NM_TABELA_DEF_BANCO, NM_ATRIBUTO_XML_PESQUISA, CD_EXP_OBSERVACAO, NM_TABELA_BASE, NM_ATRIBUTO_BASE, QT_TAMANHO, QT_DECIMAIS, CD_DOMINIO, NR_SEQ_ITEM_XSD ) VALUES (
344005, 74966, 2, 'loteEventos', NULL, 'S', 'S', NULL, NULL, 'apapandini',  TO_Date( '10/17/2018 08:41:00 ', 'MM/DD/YYYY HH:MI:SS ')
, 'apapandini',  TO_Date( '10/17/2018 08:41:00 ', 'MM/DD/YYYY HH:MI:SS '), 74967
, 'S', NULL, 'N', NULL, NULL, NULL, 'LOTEEVENTOS', NULL, NULL, NULL, NULL, NULL, NULL
, NULL);
INSERT INTO XML_ATRIBUTO( NR_SEQUENCIA, NR_SEQ_ELEMENTO, NR_SEQ_APRESENTACAO, NM_ATRIBUTO_XML, NM_ATRIBUTO, IE_CRIAR_NULO, IE_OBRIGATORIO, IE_TIPO_ATRIBUTO, DS_MASCARA, NM_USUARIO_NREC, DT_ATUALIZACAO_NREC, NM_USUARIO, DT_ATUALIZACAO, NR_SEQ_ATRIB_ELEM, IE_CRIAR_ATRIBUTO, DS_CABECALHO, IE_CONTROLE_PB, IE_REMOVER_ESPACO_BRANCO, DS_NAMESPACE, NM_TABELA_DEF_BANCO, NM_ATRIBUTO_XML_PESQUISA, CD_EXP_OBSERVACAO, NM_TABELA_BASE, NM_ATRIBUTO_BASE, QT_TAMANHO, QT_DECIMAIS, CD_DOMINIO, NR_SEQ_ITEM_XSD ) VALUES (
344006, 74967, 3, 'evento', NULL, 'S', 'S', NULL, NULL, 'apapandini',  TO_Date( '10/17/2018 08:41:00 ', 'MM/DD/YYYY HH:MI:SS ')
, 'apapandini',  TO_Date( '10/17/2018 08:41:00 ', 'MM/DD/YYYY HH:MI:SS '), 74975
, 'S', 'id=":nr_id"', 'N', NULL, NULL, NULL, 'EVENTO', NULL, NULL, NULL, NULL, NULL
, NULL, NULL);
INSERT INTO XML_ATRIBUTO( NR_SEQUENCIA, NR_SEQ_ELEMENTO, NR_SEQ_APRESENTACAO, NM_ATRIBUTO_XML, NM_ATRIBUTO, IE_CRIAR_NULO, IE_OBRIGATORIO, IE_TIPO_ATRIBUTO, DS_MASCARA, NM_USUARIO_NREC, DT_ATUALIZACAO_NREC, NM_USUARIO, DT_ATUALIZACAO, NR_SEQ_ATRIB_ELEM, IE_CRIAR_ATRIBUTO, DS_CABECALHO, IE_CONTROLE_PB, IE_REMOVER_ESPACO_BRANCO, DS_NAMESPACE, NM_TABELA_DEF_BANCO, NM_ATRIBUTO_XML_PESQUISA, CD_EXP_OBSERVACAO, NM_TABELA_BASE, NM_ATRIBUTO_BASE, QT_TAMANHO, QT_DECIMAIS, CD_DOMINIO, NR_SEQ_ITEM_XSD ) VALUES (
344007, 74968, 7, 'indRetif', 'indRetif', 'S', 'S', 'NUMBER', NULL, 'apapandini',  TO_Date( '10/17/2018 08:41:00 ', 'MM/DD/YYYY HH:MI:SS ')
, 'apapandini',  TO_Date( '10/17/2018 08:41:00 ', 'MM/DD/YYYY HH:MI:SS '), NULL
, 'S', NULL, 'N', NULL, NULL, NULL, 'INDRETIF', NULL, NULL, NULL, NULL, NULL, NULL
, NULL);
INSERT INTO XML_ATRIBUTO( NR_SEQUENCIA, NR_SEQ_ELEMENTO, NR_SEQ_APRESENTACAO, NM_ATRIBUTO_XML, NM_ATRIBUTO, IE_CRIAR_NULO, IE_OBRIGATORIO, IE_TIPO_ATRIBUTO, DS_MASCARA, NM_USUARIO_NREC, DT_ATUALIZACAO_NREC, NM_USUARIO, DT_ATUALIZACAO, NR_SEQ_ATRIB_ELEM, IE_CRIAR_ATRIBUTO, DS_CABECALHO, IE_CONTROLE_PB, IE_REMOVER_ESPACO_BRANCO, DS_NAMESPACE, NM_TABELA_DEF_BANCO, NM_ATRIBUTO_XML_PESQUISA, CD_EXP_OBSERVACAO, NM_TABELA_BASE, NM_ATRIBUTO_BASE, QT_TAMANHO, QT_DECIMAIS, CD_DOMINIO, NR_SEQ_ITEM_XSD ) VALUES (
344008, 74968, 8, 'nrRecibo', 'nrRecibo', 'N', 'N', 'VARCHAR2', NULL, 'apapandini'
,  TO_Date( '10/17/2018 08:41:00 ', 'MM/DD/YYYY HH:MI:SS '), 'apapandini',  TO_Date( '10/17/2018 08:41:00 ', 'MM/DD/YYYY HH:MI:SS ')
, NULL, 'S', NULL, 'N', NULL, NULL, NULL, 'NRRECIBO', NULL, NULL, NULL, NULL, NULL
, NULL, NULL);
INSERT INTO XML_ATRIBUTO( NR_SEQUENCIA, NR_SEQ_ELEMENTO, NR_SEQ_APRESENTACAO, NM_ATRIBUTO_XML, NM_ATRIBUTO, IE_CRIAR_NULO, IE_OBRIGATORIO, IE_TIPO_ATRIBUTO, DS_MASCARA, NM_USUARIO_NREC, DT_ATUALIZACAO_NREC, NM_USUARIO, DT_ATUALIZACAO, NR_SEQ_ATRIB_ELEM, IE_CRIAR_ATRIBUTO, DS_CABECALHO, IE_CONTROLE_PB, IE_REMOVER_ESPACO_BRANCO, DS_NAMESPACE, NM_TABELA_DEF_BANCO, NM_ATRIBUTO_XML_PESQUISA, CD_EXP_OBSERVACAO, NM_TABELA_BASE, NM_ATRIBUTO_BASE, QT_TAMANHO, QT_DECIMAIS, CD_DOMINIO, NR_SEQ_ITEM_XSD ) VALUES (
344009, 74968, 11, 'procEmi', 'procEmi', 'S', 'S', 'NUMBER', NULL, 'apapandini',  TO_Date( '10/17/2018 08:41:00 ', 'MM/DD/YYYY HH:MI:SS ')
, 'apapandini',  TO_Date( '10/17/2018 08:41:00 ', 'MM/DD/YYYY HH:MI:SS '), NULL
, 'S', NULL, 'N', NULL, NULL, NULL, 'PROCEMI', NULL, NULL, NULL, NULL, NULL, NULL
, NULL);
INSERT INTO XML_ATRIBUTO( NR_SEQUENCIA, NR_SEQ_ELEMENTO, NR_SEQ_APRESENTACAO, NM_ATRIBUTO_XML, NM_ATRIBUTO, IE_CRIAR_NULO, IE_OBRIGATORIO, IE_TIPO_ATRIBUTO, DS_MASCARA, NM_USUARIO_NREC, DT_ATUALIZACAO_NREC, NM_USUARIO, DT_ATUALIZACAO, NR_SEQ_ATRIB_ELEM, IE_CRIAR_ATRIBUTO, DS_CABECALHO, IE_CONTROLE_PB, IE_REMOVER_ESPACO_BRANCO, DS_NAMESPACE, NM_TABELA_DEF_BANCO, NM_ATRIBUTO_XML_PESQUISA, CD_EXP_OBSERVACAO, NM_TABELA_BASE, NM_ATRIBUTO_BASE, QT_TAMANHO, QT_DECIMAIS, CD_DOMINIO, NR_SEQ_ITEM_XSD ) VALUES (
344010, 74968, 9, 'perApur', 'perApur', 'S', 'S', 'VARCHAR2', NULL, 'apapandini',  TO_Date( '10/17/2018 08:41:00 ', 'MM/DD/YYYY HH:MI:SS ')
, 'apapandini',  TO_Date( '10/17/2018 08:41:00 ', 'MM/DD/YYYY HH:MI:SS '), NULL
, 'S', NULL, 'N', NULL, NULL, NULL, 'PERAPUR', NULL, NULL, NULL, NULL, NULL, NULL
, NULL);
INSERT INTO XML_ATRIBUTO( NR_SEQUENCIA, NR_SEQ_ELEMENTO, NR_SEQ_APRESENTACAO, NM_ATRIBUTO_XML, NM_ATRIBUTO, IE_CRIAR_NULO, IE_OBRIGATORIO, IE_TIPO_ATRIBUTO, DS_MASCARA, NM_USUARIO_NREC, DT_ATUALIZACAO_NREC, NM_USUARIO, DT_ATUALIZACAO, NR_SEQ_ATRIB_ELEM, IE_CRIAR_ATRIBUTO, DS_CABECALHO, IE_CONTROLE_PB, IE_REMOVER_ESPACO_BRANCO, DS_NAMESPACE, NM_TABELA_DEF_BANCO, NM_ATRIBUTO_XML_PESQUISA, CD_EXP_OBSERVACAO, NM_TABELA_BASE, NM_ATRIBUTO_BASE, QT_TAMANHO, QT_DECIMAIS, CD_DOMINIO, NR_SEQ_ITEM_XSD ) VALUES (
344011, 74968, 10, 'tpAmb', 'tpAmb', 'S', 'S', 'NUMBER', NULL, 'apapandini',  TO_Date( '10/17/2018 08:41:00 ', 'MM/DD/YYYY HH:MI:SS ')
, 'apapandini',  TO_Date( '10/17/2018 08:41:00 ', 'MM/DD/YYYY HH:MI:SS '), NULL
, 'S', NULL, 'N', NULL, NULL, NULL, 'TPAMB', NULL, NULL, NULL, NULL, NULL, NULL, NULL);
INSERT INTO XML_ATRIBUTO( NR_SEQUENCIA, NR_SEQ_ELEMENTO, NR_SEQ_APRESENTACAO, NM_ATRIBUTO_XML, NM_ATRIBUTO, IE_CRIAR_NULO, IE_OBRIGATORIO, IE_TIPO_ATRIBUTO, DS_MASCARA, NM_USUARIO_NREC, DT_ATUALIZACAO_NREC, NM_USUARIO, DT_ATUALIZACAO, NR_SEQ_ATRIB_ELEM, IE_CRIAR_ATRIBUTO, DS_CABECALHO, IE_CONTROLE_PB, IE_REMOVER_ESPACO_BRANCO, DS_NAMESPACE, NM_TABELA_DEF_BANCO, NM_ATRIBUTO_XML_PESQUISA, CD_EXP_OBSERVACAO, NM_TABELA_BASE, NM_ATRIBUTO_BASE, QT_TAMANHO, QT_DECIMAIS, CD_DOMINIO, NR_SEQ_ITEM_XSD ) VALUES (
344012, 74968, 12, 'verProc', 'verProc', 'S', 'S', 'VARCHAR2', NULL, 'apapandini'
,  TO_Date( '10/17/2018 08:41:00 ', 'MM/DD/YYYY HH:MI:SS '), 'apapandini',  TO_Date( '10/17/2018 08:41:00 ', 'MM/DD/YYYY HH:MI:SS ')
, NULL, 'S', NULL, 'N', NULL, NULL, NULL, 'VERPROC', NULL, NULL, NULL, NULL, NULL
, NULL, NULL);
INSERT INTO XML_ATRIBUTO( NR_SEQUENCIA, NR_SEQ_ELEMENTO, NR_SEQ_APRESENTACAO, NM_ATRIBUTO_XML, NM_ATRIBUTO, IE_CRIAR_NULO, IE_OBRIGATORIO, IE_TIPO_ATRIBUTO, DS_MASCARA, NM_USUARIO_NREC, DT_ATUALIZACAO_NREC, NM_USUARIO, DT_ATUALIZACAO, NR_SEQ_ATRIB_ELEM, IE_CRIAR_ATRIBUTO, DS_CABECALHO, IE_CONTROLE_PB, IE_REMOVER_ESPACO_BRANCO, DS_NAMESPACE, NM_TABELA_DEF_BANCO, NM_ATRIBUTO_XML_PESQUISA, CD_EXP_OBSERVACAO, NM_TABELA_BASE, NM_ATRIBUTO_BASE, QT_TAMANHO, QT_DECIMAIS, CD_DOMINIO, NR_SEQ_ITEM_XSD ) VALUES (
344013, 74969, 15, 'tpInsc', 'tpInsc', 'S', 'S', 'NUMBER', NULL, 'apapandini',  TO_Date( '10/17/2018 08:41:00 ', 'MM/DD/YYYY HH:MI:SS ')
, 'apapandini',  TO_Date( '10/17/2018 08:41:00 ', 'MM/DD/YYYY HH:MI:SS '), NULL
, 'S', NULL, 'N', NULL, NULL, NULL, 'TPINSC', NULL, NULL, NULL, NULL, NULL, NULL, NULL);
INSERT INTO XML_ATRIBUTO( NR_SEQUENCIA, NR_SEQ_ELEMENTO, NR_SEQ_APRESENTACAO, NM_ATRIBUTO_XML, NM_ATRIBUTO, IE_CRIAR_NULO, IE_OBRIGATORIO, IE_TIPO_ATRIBUTO, DS_MASCARA, NM_USUARIO_NREC, DT_ATUALIZACAO_NREC, NM_USUARIO, DT_ATUALIZACAO, NR_SEQ_ATRIB_ELEM, IE_CRIAR_ATRIBUTO, DS_CABECALHO, IE_CONTROLE_PB, IE_REMOVER_ESPACO_BRANCO, DS_NAMESPACE, NM_TABELA_DEF_BANCO, NM_ATRIBUTO_XML_PESQUISA, CD_EXP_OBSERVACAO, NM_TABELA_BASE, NM_ATRIBUTO_BASE, QT_TAMANHO, QT_DECIMAIS, CD_DOMINIO, NR_SEQ_ITEM_XSD ) VALUES (
344014, 74969, 16, 'nrInsc', 'nrInsc', 'S', 'S', 'VARCHAR2', NULL, 'apapandini',  TO_Date( '10/17/2018 08:41:00 ', 'MM/DD/YYYY HH:MI:SS ')
, 'apapandini',  TO_Date( '10/17/2018 08:41:00 ', 'MM/DD/YYYY HH:MI:SS '), NULL
, 'S', NULL, 'N', NULL, NULL, NULL, 'NRINSC', NULL, NULL, NULL, NULL, NULL, NULL, NULL);
INSERT INTO XML_ATRIBUTO( NR_SEQUENCIA, NR_SEQ_ELEMENTO, NR_SEQ_APRESENTACAO, NM_ATRIBUTO_XML, NM_ATRIBUTO, IE_CRIAR_NULO, IE_OBRIGATORIO, IE_TIPO_ATRIBUTO, DS_MASCARA, NM_USUARIO_NREC, DT_ATUALIZACAO_NREC, NM_USUARIO, DT_ATUALIZACAO, NR_SEQ_ATRIB_ELEM, IE_CRIAR_ATRIBUTO, DS_CABECALHO, IE_CONTROLE_PB, IE_REMOVER_ESPACO_BRANCO, DS_NAMESPACE, NM_TABELA_DEF_BANCO, NM_ATRIBUTO_XML_PESQUISA, CD_EXP_OBSERVACAO, NM_TABELA_BASE, NM_ATRIBUTO_BASE, QT_TAMANHO, QT_DECIMAIS, CD_DOMINIO, NR_SEQ_ITEM_XSD ) VALUES (
344015, 74970, 17, 'ideEstabObra', NULL, 'S', 'S', NULL, NULL, 'apapandini',  TO_Date( '10/17/2018 08:41:00 ', 'MM/DD/YYYY HH:MI:SS ')
, 'apapandini',  TO_Date( '10/17/2018 08:41:00 ', 'MM/DD/YYYY HH:MI:SS '), 74971
, 'S', NULL, 'N', NULL, NULL, NULL, 'IDEESTABOBRA', NULL, NULL, NULL, NULL, NULL, NULL
, NULL);
INSERT INTO XML_ATRIBUTO( NR_SEQUENCIA, NR_SEQ_ELEMENTO, NR_SEQ_APRESENTACAO, NM_ATRIBUTO_XML, NM_ATRIBUTO, IE_CRIAR_NULO, IE_OBRIGATORIO, IE_TIPO_ATRIBUTO, DS_MASCARA, NM_USUARIO_NREC, DT_ATUALIZACAO_NREC, NM_USUARIO, DT_ATUALIZACAO, NR_SEQ_ATRIB_ELEM, IE_CRIAR_ATRIBUTO, DS_CABECALHO, IE_CONTROLE_PB, IE_REMOVER_ESPACO_BRANCO, DS_NAMESPACE, NM_TABELA_DEF_BANCO, NM_ATRIBUTO_XML_PESQUISA, CD_EXP_OBSERVACAO, NM_TABELA_BASE, NM_ATRIBUTO_BASE, QT_TAMANHO, QT_DECIMAIS, CD_DOMINIO, NR_SEQ_ITEM_XSD ) VALUES (
344016, 74971, 19, 'tpInscEstab', 'tpInscEstab', 'S', 'S', 'VARCHAR2', NULL, 'apapandini'
,  TO_Date( '10/17/2018 08:41:00 ', 'MM/DD/YYYY HH:MI:SS '), 'apapandini',  TO_Date( '10/17/2018 08:41:00 ', 'MM/DD/YYYY HH:MI:SS ')
, NULL, 'S', NULL, 'N', NULL, NULL, NULL, 'TPINSCESTAB', NULL, NULL, NULL, NULL, NULL
, NULL, NULL);
INSERT INTO XML_ATRIBUTO( NR_SEQUENCIA, NR_SEQ_ELEMENTO, NR_SEQ_APRESENTACAO, NM_ATRIBUTO_XML, NM_ATRIBUTO, IE_CRIAR_NULO, IE_OBRIGATORIO, IE_TIPO_ATRIBUTO, DS_MASCARA, NM_USUARIO_NREC, DT_ATUALIZACAO_NREC, NM_USUARIO, DT_ATUALIZACAO, NR_SEQ_ATRIB_ELEM, IE_CRIAR_ATRIBUTO, DS_CABECALHO, IE_CONTROLE_PB, IE_REMOVER_ESPACO_BRANCO, DS_NAMESPACE, NM_TABELA_DEF_BANCO, NM_ATRIBUTO_XML_PESQUISA, CD_EXP_OBSERVACAO, NM_TABELA_BASE, NM_ATRIBUTO_BASE, QT_TAMANHO, QT_DECIMAIS, CD_DOMINIO, NR_SEQ_ITEM_XSD ) VALUES (
344017, 74971, 20, 'nrInscEstab', 'nrInscEstab', 'S', 'S', 'VARCHAR2', NULL, 'apapandini'
,  TO_Date( '10/17/2018 08:41:00 ', 'MM/DD/YYYY HH:MI:SS '), 'apapandini',  TO_Date( '10/17/2018 08:41:00 ', 'MM/DD/YYYY HH:MI:SS ')
, NULL, 'S', NULL, 'N', NULL, NULL, NULL, 'NRINSCESTAB', NULL, NULL, NULL, NULL, NULL
, NULL, NULL);
INSERT INTO XML_ATRIBUTO( NR_SEQUENCIA, NR_SEQ_ELEMENTO, NR_SEQ_APRESENTACAO, NM_ATRIBUTO_XML, NM_ATRIBUTO, IE_CRIAR_NULO, IE_OBRIGATORIO, IE_TIPO_ATRIBUTO, DS_MASCARA, NM_USUARIO_NREC, DT_ATUALIZACAO_NREC, NM_USUARIO, DT_ATUALIZACAO, NR_SEQ_ATRIB_ELEM, IE_CRIAR_ATRIBUTO, DS_CABECALHO, IE_CONTROLE_PB, IE_REMOVER_ESPACO_BRANCO, DS_NAMESPACE, NM_TABELA_DEF_BANCO, NM_ATRIBUTO_XML_PESQUISA, CD_EXP_OBSERVACAO, NM_TABELA_BASE, NM_ATRIBUTO_BASE, QT_TAMANHO, QT_DECIMAIS, CD_DOMINIO, NR_SEQ_ITEM_XSD ) VALUES (
344018, 74971, 21, 'indObra', 'indObra', 'S', 'S', 'VARCHAR2', NULL, 'apapandini'
,  TO_Date( '10/17/2018 08:41:00 ', 'MM/DD/YYYY HH:MI:SS '), 'apapandini',  TO_Date( '10/17/2018 08:41:00 ', 'MM/DD/YYYY HH:MI:SS ')
, NULL, 'S', NULL, 'N', NULL, NULL, NULL, 'INDOBRA', NULL, NULL, NULL, NULL, NULL
, NULL, NULL);
INSERT INTO XML_ATRIBUTO( NR_SEQUENCIA, NR_SEQ_ELEMENTO, NR_SEQ_APRESENTACAO, NM_ATRIBUTO_XML, NM_ATRIBUTO, IE_CRIAR_NULO, IE_OBRIGATORIO, IE_TIPO_ATRIBUTO, DS_MASCARA, NM_USUARIO_NREC, DT_ATUALIZACAO_NREC, NM_USUARIO, DT_ATUALIZACAO, NR_SEQ_ATRIB_ELEM, IE_CRIAR_ATRIBUTO, DS_CABECALHO, IE_CONTROLE_PB, IE_REMOVER_ESPACO_BRANCO, DS_NAMESPACE, NM_TABELA_DEF_BANCO, NM_ATRIBUTO_XML_PESQUISA, CD_EXP_OBSERVACAO, NM_TABELA_BASE, NM_ATRIBUTO_BASE, QT_TAMANHO, QT_DECIMAIS, CD_DOMINIO, NR_SEQ_ITEM_XSD ) VALUES (
344019, 74971, 23, 'idePrestServ', NULL, 'S', 'S', NULL, NULL, 'apapandini',  TO_Date( '10/17/2018 08:41:00 ', 'MM/DD/YYYY HH:MI:SS ')
, 'apapandini',  TO_Date( '10/17/2018 08:41:00 ', 'MM/DD/YYYY HH:MI:SS '), 74972
, 'S', NULL, 'N', NULL, NULL, NULL, 'IDEPRESTSERV', NULL, NULL, NULL, NULL, NULL, NULL
, NULL);
INSERT INTO XML_ATRIBUTO( NR_SEQUENCIA, NR_SEQ_ELEMENTO, NR_SEQ_APRESENTACAO, NM_ATRIBUTO_XML, NM_ATRIBUTO, IE_CRIAR_NULO, IE_OBRIGATORIO, IE_TIPO_ATRIBUTO, DS_MASCARA, NM_USUARIO_NREC, DT_ATUALIZACAO_NREC, NM_USUARIO, DT_ATUALIZACAO, NR_SEQ_ATRIB_ELEM, IE_CRIAR_ATRIBUTO, DS_CABECALHO, IE_CONTROLE_PB, IE_REMOVER_ESPACO_BRANCO, DS_NAMESPACE, NM_TABELA_DEF_BANCO, NM_ATRIBUTO_XML_PESQUISA, CD_EXP_OBSERVACAO, NM_TABELA_BASE, NM_ATRIBUTO_BASE, QT_TAMANHO, QT_DECIMAIS, CD_DOMINIO, NR_SEQ_ITEM_XSD ) VALUES (
344020, 74972, 30, 'vlrTotalRetAdic', 'vlrTotalRetAdic', 'N', 'N', 'NUMBER', NULL
, 'apapandini',  TO_Date( '10/17/2018 08:41:00 ', 'MM/DD/YYYY HH:MI:SS '), 'apapandini'
,  TO_Date( '10/17/2018 08:41:00 ', 'MM/DD/YYYY HH:MI:SS '), NULL, 'S', NULL
, 'N', NULL, NULL, NULL, 'VLRTOTALRETADIC', NULL, NULL, NULL, NULL, NULL, NULL, NULL);
INSERT INTO XML_ATRIBUTO( NR_SEQUENCIA, NR_SEQ_ELEMENTO, NR_SEQ_APRESENTACAO, NM_ATRIBUTO_XML, NM_ATRIBUTO, IE_CRIAR_NULO, IE_OBRIGATORIO, IE_TIPO_ATRIBUTO, DS_MASCARA, NM_USUARIO_NREC, DT_ATUALIZACAO_NREC, NM_USUARIO, DT_ATUALIZACAO, NR_SEQ_ATRIB_ELEM, IE_CRIAR_ATRIBUTO, DS_CABECALHO, IE_CONTROLE_PB, IE_REMOVER_ESPACO_BRANCO, DS_NAMESPACE, NM_TABELA_DEF_BANCO, NM_ATRIBUTO_XML_PESQUISA, CD_EXP_OBSERVACAO, NM_TABELA_BASE, NM_ATRIBUTO_BASE, QT_TAMANHO, QT_DECIMAIS, CD_DOMINIO, NR_SEQ_ITEM_XSD ) VALUES (
344021, 74972, 26, 'cnpjPrestador', 'cnpjPrestador', 'S', 'S', 'VARCHAR2', NULL, 'apapandini'
,  TO_Date( '10/17/2018 08:41:00 ', 'MM/DD/YYYY HH:MI:SS '), 'apapandini',  TO_Date( '10/17/2018 08:41:00 ', 'MM/DD/YYYY HH:MI:SS ')
, NULL, 'S', NULL, 'N', NULL, NULL, NULL, 'CNPJPRESTADOR', NULL, NULL, NULL, NULL
, NULL, NULL, NULL);
INSERT INTO XML_ATRIBUTO( NR_SEQUENCIA, NR_SEQ_ELEMENTO, NR_SEQ_APRESENTACAO, NM_ATRIBUTO_XML, NM_ATRIBUTO, IE_CRIAR_NULO, IE_OBRIGATORIO, IE_TIPO_ATRIBUTO, DS_MASCARA, NM_USUARIO_NREC, DT_ATUALIZACAO_NREC, NM_USUARIO, DT_ATUALIZACAO, NR_SEQ_ATRIB_ELEM, IE_CRIAR_ATRIBUTO, DS_CABECALHO, IE_CONTROLE_PB, IE_REMOVER_ESPACO_BRANCO, DS_NAMESPACE, NM_TABELA_DEF_BANCO, NM_ATRIBUTO_XML_PESQUISA, CD_EXP_OBSERVACAO, NM_TABELA_BASE, NM_ATRIBUTO_BASE, QT_TAMANHO, QT_DECIMAIS, CD_DOMINIO, NR_SEQ_ITEM_XSD ) VALUES (
344022, 74972, 27, 'vlrTotalBruto', 'vlrTotalBruto', 'S', 'S', 'NUMBER', NULL, 'apapandini'
,  TO_Date( '10/17/2018 08:41:00 ', 'MM/DD/YYYY HH:MI:SS '), 'apapandini',  TO_Date( '10/17/2018 08:41:00 ', 'MM/DD/YYYY HH:MI:SS ')
, NULL, 'S', NULL, 'N', NULL, NULL, NULL, 'VLRTOTALBRUTO', NULL, NULL, NULL, NULL
, NULL, NULL, NULL);
INSERT INTO XML_ATRIBUTO( NR_SEQUENCIA, NR_SEQ_ELEMENTO, NR_SEQ_APRESENTACAO, NM_ATRIBUTO_XML, NM_ATRIBUTO, IE_CRIAR_NULO, IE_OBRIGATORIO, IE_TIPO_ATRIBUTO, DS_MASCARA, NM_USUARIO_NREC, DT_ATUALIZACAO_NREC, NM_USUARIO, DT_ATUALIZACAO, NR_SEQ_ATRIB_ELEM, IE_CRIAR_ATRIBUTO, DS_CABECALHO, IE_CONTROLE_PB, IE_REMOVER_ESPACO_BRANCO, DS_NAMESPACE, NM_TABELA_DEF_BANCO, NM_ATRIBUTO_XML_PESQUISA, CD_EXP_OBSERVACAO, NM_TABELA_BASE, NM_ATRIBUTO_BASE, QT_TAMANHO, QT_DECIMAIS, CD_DOMINIO, NR_SEQ_ITEM_XSD ) VALUES (
344023, 74972, 28, 'vlrTotalBaseRet', 'vlrTotalBaseRet', 'S', 'S', 'NUMBER', NULL
, 'apapandini',  TO_Date( '10/17/2018 08:41:00 ', 'MM/DD/YYYY HH:MI:SS '), 'apapandini'
,  TO_Date( '10/17/2018 08:41:00 ', 'MM/DD/YYYY HH:MI:SS '), NULL, 'S', NULL
, 'N', NULL, NULL, NULL, 'VLRTOTALBASERET', NULL, NULL, NULL, NULL, NULL, NULL, NULL);
INSERT INTO XML_ATRIBUTO( NR_SEQUENCIA, NR_SEQ_ELEMENTO, NR_SEQ_APRESENTACAO, NM_ATRIBUTO_XML, NM_ATRIBUTO, IE_CRIAR_NULO, IE_OBRIGATORIO, IE_TIPO_ATRIBUTO, DS_MASCARA, NM_USUARIO_NREC, DT_ATUALIZACAO_NREC, NM_USUARIO, DT_ATUALIZACAO, NR_SEQ_ATRIB_ELEM, IE_CRIAR_ATRIBUTO, DS_CABECALHO, IE_CONTROLE_PB, IE_REMOVER_ESPACO_BRANCO, DS_NAMESPACE, NM_TABELA_DEF_BANCO, NM_ATRIBUTO_XML_PESQUISA, CD_EXP_OBSERVACAO, NM_TABELA_BASE, NM_ATRIBUTO_BASE, QT_TAMANHO, QT_DECIMAIS, CD_DOMINIO, NR_SEQ_ITEM_XSD ) VALUES (
344024, 74972, 29, 'vlrTotalRetPrinc', 'vlrTotalRetPrinc', 'S', 'S', 'NUMBER', NULL
, 'apapandini',  TO_Date( '10/17/2018 08:41:00 ', 'MM/DD/YYYY HH:MI:SS '), 'apapandini'
,  TO_Date( '10/17/2018 08:41:00 ', 'MM/DD/YYYY HH:MI:SS '), NULL, 'S', NULL
, 'N', NULL, NULL, NULL, 'VLRTOTALRETPRINC', NULL, NULL, NULL, NULL, NULL, NULL, NULL);
INSERT INTO XML_ATRIBUTO( NR_SEQUENCIA, NR_SEQ_ELEMENTO, NR_SEQ_APRESENTACAO, NM_ATRIBUTO_XML, NM_ATRIBUTO, IE_CRIAR_NULO, IE_OBRIGATORIO, IE_TIPO_ATRIBUTO, DS_MASCARA, NM_USUARIO_NREC, DT_ATUALIZACAO_NREC, NM_USUARIO, DT_ATUALIZACAO, NR_SEQ_ATRIB_ELEM, IE_CRIAR_ATRIBUTO, DS_CABECALHO, IE_CONTROLE_PB, IE_REMOVER_ESPACO_BRANCO, DS_NAMESPACE, NM_TABELA_DEF_BANCO, NM_ATRIBUTO_XML_PESQUISA, CD_EXP_OBSERVACAO, NM_TABELA_BASE, NM_ATRIBUTO_BASE, QT_TAMANHO, QT_DECIMAIS, CD_DOMINIO, NR_SEQ_ITEM_XSD ) VALUES (
344025, 74972, 34, 'indCPRB', 'indCPRB', 'S', 'S', 'VARCHAR2', NULL, 'apapandini'
,  TO_Date( '10/17/2018 08:41:00 ', 'MM/DD/YYYY HH:MI:SS '), 'apapandini',  TO_Date( '10/17/2018 08:41:00 ', 'MM/DD/YYYY HH:MI:SS ')
, NULL, 'S', NULL, 'N', NULL, NULL, NULL, 'INDCPRB', NULL, NULL, NULL, NULL, NULL
, NULL, NULL);
INSERT INTO XML_ATRIBUTO( NR_SEQUENCIA, NR_SEQ_ELEMENTO, NR_SEQ_APRESENTACAO, NM_ATRIBUTO_XML, NM_ATRIBUTO, IE_CRIAR_NULO, IE_OBRIGATORIO, IE_TIPO_ATRIBUTO, DS_MASCARA, NM_USUARIO_NREC, DT_ATUALIZACAO_NREC, NM_USUARIO, DT_ATUALIZACAO, NR_SEQ_ATRIB_ELEM, IE_CRIAR_ATRIBUTO, DS_CABECALHO, IE_CONTROLE_PB, IE_REMOVER_ESPACO_BRANCO, DS_NAMESPACE, NM_TABELA_DEF_BANCO, NM_ATRIBUTO_XML_PESQUISA, CD_EXP_OBSERVACAO, NM_TABELA_BASE, NM_ATRIBUTO_BASE, QT_TAMANHO, QT_DECIMAIS, CD_DOMINIO, NR_SEQ_ITEM_XSD ) VALUES (
344026, 74972, 36, 'nfs', NULL, 'S', 'S', NULL, NULL, 'apapandini',  TO_Date( '10/17/2018 08:41:00 ', 'MM/DD/YYYY HH:MI:SS ')
, 'apapandini',  TO_Date( '10/17/2018 08:41:00 ', 'MM/DD/YYYY HH:MI:SS '), 74973
, 'S', NULL, 'N', NULL, NULL, NULL, 'NFS', NULL, NULL, NULL, NULL, NULL, NULL, NULL);
INSERT INTO XML_ATRIBUTO( NR_SEQUENCIA, NR_SEQ_ELEMENTO, NR_SEQ_APRESENTACAO, NM_ATRIBUTO_XML, NM_ATRIBUTO, IE_CRIAR_NULO, IE_OBRIGATORIO, IE_TIPO_ATRIBUTO, DS_MASCARA, NM_USUARIO_NREC, DT_ATUALIZACAO_NREC, NM_USUARIO, DT_ATUALIZACAO, NR_SEQ_ATRIB_ELEM, IE_CRIAR_ATRIBUTO, DS_CABECALHO, IE_CONTROLE_PB, IE_REMOVER_ESPACO_BRANCO, DS_NAMESPACE, NM_TABELA_DEF_BANCO, NM_ATRIBUTO_XML_PESQUISA, CD_EXP_OBSERVACAO, NM_TABELA_BASE, NM_ATRIBUTO_BASE, QT_TAMANHO, QT_DECIMAIS, CD_DOMINIO, NR_SEQ_ITEM_XSD ) VALUES (
344027, 74972, 32, 'vlrTotalNRetPrinc', 'vlrTotalNRetPrinc', 'N', 'N', 'NUMBER', NULL
, 'apapandini',  TO_Date( '10/17/2018 08:41:00 ', 'MM/DD/YYYY HH:MI:SS '), 'apapandini'
,  TO_Date( '10/17/2018 08:41:00 ', 'MM/DD/YYYY HH:MI:SS '), NULL, 'S', NULL
, 'N', NULL, NULL, NULL, 'VLRTOTALNRETPRINC', NULL, NULL, NULL, NULL, NULL, NULL, NULL);
INSERT INTO XML_ATRIBUTO( NR_SEQUENCIA, NR_SEQ_ELEMENTO, NR_SEQ_APRESENTACAO, NM_ATRIBUTO_XML, NM_ATRIBUTO, IE_CRIAR_NULO, IE_OBRIGATORIO, IE_TIPO_ATRIBUTO, DS_MASCARA, NM_USUARIO_NREC, DT_ATUALIZACAO_NREC, NM_USUARIO, DT_ATUALIZACAO, NR_SEQ_ATRIB_ELEM, IE_CRIAR_ATRIBUTO, DS_CABECALHO, IE_CONTROLE_PB, IE_REMOVER_ESPACO_BRANCO, DS_NAMESPACE, NM_TABELA_DEF_BANCO, NM_ATRIBUTO_XML_PESQUISA, CD_EXP_OBSERVACAO, NM_TABELA_BASE, NM_ATRIBUTO_BASE, QT_TAMANHO, QT_DECIMAIS, CD_DOMINIO, NR_SEQ_ITEM_XSD ) VALUES (
344028, 74972, 37, 'infoProcRetPr', NULL, 'N', 'N', NULL, NULL, 'apapandini',  TO_Date( '10/17/2018 08:41:00 ', 'MM/DD/YYYY HH:MI:SS ')
, 'apapandini',  TO_Date( '10/17/2018 08:41:00 ', 'MM/DD/YYYY HH:MI:SS '), 74978
, 'S', NULL, 'N', NULL, NULL, NULL, 'INFOPROCRETPR', NULL, NULL, NULL, NULL, NULL
, NULL, NULL);
INSERT INTO XML_ATRIBUTO( NR_SEQUENCIA, NR_SEQ_ELEMENTO, NR_SEQ_APRESENTACAO, NM_ATRIBUTO_XML, NM_ATRIBUTO, IE_CRIAR_NULO, IE_OBRIGATORIO, IE_TIPO_ATRIBUTO, DS_MASCARA, NM_USUARIO_NREC, DT_ATUALIZACAO_NREC, NM_USUARIO, DT_ATUALIZACAO, NR_SEQ_ATRIB_ELEM, IE_CRIAR_ATRIBUTO, DS_CABECALHO, IE_CONTROLE_PB, IE_REMOVER_ESPACO_BRANCO, DS_NAMESPACE, NM_TABELA_DEF_BANCO, NM_ATRIBUTO_XML_PESQUISA, CD_EXP_OBSERVACAO, NM_TABELA_BASE, NM_ATRIBUTO_BASE, QT_TAMANHO, QT_DECIMAIS, CD_DOMINIO, NR_SEQ_ITEM_XSD ) VALUES (
344029, 74973, 38, 'serie', 'serie', 'S', 'S', 'VARCHAR2', NULL, 'apapandini',  TO_Date( '10/17/2018 08:41:00 ', 'MM/DD/YYYY HH:MI:SS ')
, 'apapandini',  TO_Date( '10/17/2018 08:41:00 ', 'MM/DD/YYYY HH:MI:SS '), NULL
, 'S', NULL, 'N', NULL, NULL, NULL, 'SERIE', NULL, NULL, NULL, NULL, NULL, NULL, NULL);
INSERT INTO XML_ATRIBUTO( NR_SEQUENCIA, NR_SEQ_ELEMENTO, NR_SEQ_APRESENTACAO, NM_ATRIBUTO_XML, NM_ATRIBUTO, IE_CRIAR_NULO, IE_OBRIGATORIO, IE_TIPO_ATRIBUTO, DS_MASCARA, NM_USUARIO_NREC, DT_ATUALIZACAO_NREC, NM_USUARIO, DT_ATUALIZACAO, NR_SEQ_ATRIB_ELEM, IE_CRIAR_ATRIBUTO, DS_CABECALHO, IE_CONTROLE_PB, IE_REMOVER_ESPACO_BRANCO, DS_NAMESPACE, NM_TABELA_DEF_BANCO, NM_ATRIBUTO_XML_PESQUISA, CD_EXP_OBSERVACAO, NM_TABELA_BASE, NM_ATRIBUTO_BASE, QT_TAMANHO, QT_DECIMAIS, CD_DOMINIO, NR_SEQ_ITEM_XSD ) VALUES (
344030, 74973, 39, 'numDocto', 'numDocto', 'S', 'S', 'VARCHAR2', NULL, 'apapandini'
,  TO_Date( '10/17/2018 08:41:00 ', 'MM/DD/YYYY HH:MI:SS '), 'apapandini',  TO_Date( '10/17/2018 08:41:00 ', 'MM/DD/YYYY HH:MI:SS ')
, NULL, 'S', NULL, 'N', NULL, NULL, NULL, 'NUMDOCTO', NULL, NULL, NULL, NULL, NULL
, NULL, NULL);
INSERT INTO XML_ATRIBUTO( NR_SEQUENCIA, NR_SEQ_ELEMENTO, NR_SEQ_APRESENTACAO, NM_ATRIBUTO_XML, NM_ATRIBUTO, IE_CRIAR_NULO, IE_OBRIGATORIO, IE_TIPO_ATRIBUTO, DS_MASCARA, NM_USUARIO_NREC, DT_ATUALIZACAO_NREC, NM_USUARIO, DT_ATUALIZACAO, NR_SEQ_ATRIB_ELEM, IE_CRIAR_ATRIBUTO, DS_CABECALHO, IE_CONTROLE_PB, IE_REMOVER_ESPACO_BRANCO, DS_NAMESPACE, NM_TABELA_DEF_BANCO, NM_ATRIBUTO_XML_PESQUISA, CD_EXP_OBSERVACAO, NM_TABELA_BASE, NM_ATRIBUTO_BASE, QT_TAMANHO, QT_DECIMAIS, CD_DOMINIO, NR_SEQ_ITEM_XSD ) VALUES (
344031, 74973, 40, 'dtEmissaoNF', 'dtEmissaoNF', 'S', 'S', 'DATE', NULL, 'apapandini'
,  TO_Date( '10/17/2018 08:41:00 ', 'MM/DD/YYYY HH:MI:SS '), 'apapandini',  TO_Date( '10/17/2018 08:41:00 ', 'MM/DD/YYYY HH:MI:SS ')
, NULL, 'S', NULL, 'N', NULL, NULL, NULL, 'DTEMISSAONF', NULL, NULL, NULL, NULL, NULL
, NULL, NULL);
INSERT INTO XML_ATRIBUTO( NR_SEQUENCIA, NR_SEQ_ELEMENTO, NR_SEQ_APRESENTACAO, NM_ATRIBUTO_XML, NM_ATRIBUTO, IE_CRIAR_NULO, IE_OBRIGATORIO, IE_TIPO_ATRIBUTO, DS_MASCARA, NM_USUARIO_NREC, DT_ATUALIZACAO_NREC, NM_USUARIO, DT_ATUALIZACAO, NR_SEQ_ATRIB_ELEM, IE_CRIAR_ATRIBUTO, DS_CABECALHO, IE_CONTROLE_PB, IE_REMOVER_ESPACO_BRANCO, DS_NAMESPACE, NM_TABELA_DEF_BANCO, NM_ATRIBUTO_XML_PESQUISA, CD_EXP_OBSERVACAO, NM_TABELA_BASE, NM_ATRIBUTO_BASE, QT_TAMANHO, QT_DECIMAIS, CD_DOMINIO, NR_SEQ_ITEM_XSD ) VALUES (
344032, 74973, 41, 'vlrBruto', 'vlrBruto', 'S', 'S', 'NUMBER', NULL, 'apapandini'
,  TO_Date( '10/17/2018 08:41:00 ', 'MM/DD/YYYY HH:MI:SS '), 'apapandini',  TO_Date( '10/17/2018 08:41:00 ', 'MM/DD/YYYY HH:MI:SS ')
, NULL, 'S', NULL, 'N', NULL, NULL, NULL, 'VLRBRUTO', NULL, NULL, NULL, NULL, NULL
, NULL, NULL);
INSERT INTO XML_ATRIBUTO( NR_SEQUENCIA, NR_SEQ_ELEMENTO, NR_SEQ_APRESENTACAO, NM_ATRIBUTO_XML, NM_ATRIBUTO, IE_CRIAR_NULO, IE_OBRIGATORIO, IE_TIPO_ATRIBUTO, DS_MASCARA, NM_USUARIO_NREC, DT_ATUALIZACAO_NREC, NM_USUARIO, DT_ATUALIZACAO, NR_SEQ_ATRIB_ELEM, IE_CRIAR_ATRIBUTO, DS_CABECALHO, IE_CONTROLE_PB, IE_REMOVER_ESPACO_BRANCO, DS_NAMESPACE, NM_TABELA_DEF_BANCO, NM_ATRIBUTO_XML_PESQUISA, CD_EXP_OBSERVACAO, NM_TABELA_BASE, NM_ATRIBUTO_BASE, QT_TAMANHO, QT_DECIMAIS, CD_DOMINIO, NR_SEQ_ITEM_XSD ) VALUES (
344033, 74973, 42, 'obs', 'obs', 'S', 'N', 'VARCHAR2', NULL, 'apapandini',  TO_Date( '10/17/2018 08:41:00 ', 'MM/DD/YYYY HH:MI:SS ')
, 'apapandini',  TO_Date( '10/17/2018 08:41:00 ', 'MM/DD/YYYY HH:MI:SS '), NULL
, 'S', NULL, 'N', NULL, NULL, NULL, 'OBS', NULL, NULL, NULL, NULL, NULL, NULL, NULL);
INSERT INTO XML_ATRIBUTO( NR_SEQUENCIA, NR_SEQ_ELEMENTO, NR_SEQ_APRESENTACAO, NM_ATRIBUTO_XML, NM_ATRIBUTO, IE_CRIAR_NULO, IE_OBRIGATORIO, IE_TIPO_ATRIBUTO, DS_MASCARA, NM_USUARIO_NREC, DT_ATUALIZACAO_NREC, NM_USUARIO, DT_ATUALIZACAO, NR_SEQ_ATRIB_ELEM, IE_CRIAR_ATRIBUTO, DS_CABECALHO, IE_CONTROLE_PB, IE_REMOVER_ESPACO_BRANCO, DS_NAMESPACE, NM_TABELA_DEF_BANCO, NM_ATRIBUTO_XML_PESQUISA, CD_EXP_OBSERVACAO, NM_TABELA_BASE, NM_ATRIBUTO_BASE, QT_TAMANHO, QT_DECIMAIS, CD_DOMINIO, NR_SEQ_ITEM_XSD ) VALUES (
344034, 74973, 44, 'infoTpServ', NULL, 'S', 'S', NULL, NULL, 'apapandini',  TO_Date( '10/17/2018 08:41:00 ', 'MM/DD/YYYY HH:MI:SS ')
, 'apapandini',  TO_Date( '10/17/2018 08:41:00 ', 'MM/DD/YYYY HH:MI:SS '), 74974
, 'S', NULL, 'N', NULL, NULL, NULL, 'INFOTPSERV', NULL, NULL, NULL, NULL, NULL, NULL
, NULL);
INSERT INTO XML_ATRIBUTO( NR_SEQUENCIA, NR_SEQ_ELEMENTO, NR_SEQ_APRESENTACAO, NM_ATRIBUTO_XML, NM_ATRIBUTO, IE_CRIAR_NULO, IE_OBRIGATORIO, IE_TIPO_ATRIBUTO, DS_MASCARA, NM_USUARIO_NREC, DT_ATUALIZACAO_NREC, NM_USUARIO, DT_ATUALIZACAO, NR_SEQ_ATRIB_ELEM, IE_CRIAR_ATRIBUTO, DS_CABECALHO, IE_CONTROLE_PB, IE_REMOVER_ESPACO_BRANCO, DS_NAMESPACE, NM_TABELA_DEF_BANCO, NM_ATRIBUTO_XML_PESQUISA, CD_EXP_OBSERVACAO, NM_TABELA_BASE, NM_ATRIBUTO_BASE, QT_TAMANHO, QT_DECIMAIS, CD_DOMINIO, NR_SEQ_ITEM_XSD ) VALUES (
344035, 74974, 65, 'vlrServicos15', 'vlrServicos15', 'N', 'N', 'NUMBER', NULL, 'apapandini'
,  TO_Date( '10/17/2018 08:41:00 ', 'MM/DD/YYYY HH:MI:SS '), 'apapandini',  TO_Date( '10/17/2018 08:41:00 ', 'MM/DD/YYYY HH:MI:SS ')
, NULL, 'S', NULL, 'N', NULL, NULL, NULL, 'VLRSERVICOS15', NULL, NULL, NULL, NULL
, NULL, NULL, NULL);
INSERT INTO XML_ATRIBUTO( NR_SEQUENCIA, NR_SEQ_ELEMENTO, NR_SEQ_APRESENTACAO, NM_ATRIBUTO_XML, NM_ATRIBUTO, IE_CRIAR_NULO, IE_OBRIGATORIO, IE_TIPO_ATRIBUTO, DS_MASCARA, NM_USUARIO_NREC, DT_ATUALIZACAO_NREC, NM_USUARIO, DT_ATUALIZACAO, NR_SEQ_ATRIB_ELEM, IE_CRIAR_ATRIBUTO, DS_CABECALHO, IE_CONTROLE_PB, IE_REMOVER_ESPACO_BRANCO, DS_NAMESPACE, NM_TABELA_DEF_BANCO, NM_ATRIBUTO_XML_PESQUISA, CD_EXP_OBSERVACAO, NM_TABELA_BASE, NM_ATRIBUTO_BASE, QT_TAMANHO, QT_DECIMAIS, CD_DOMINIO, NR_SEQ_ITEM_XSD ) VALUES (
344036, 74974, 70, 'vlrServicos20', 'vlrServicos20', 'N', 'N', 'NUMBER', NULL, 'apapandini'
,  TO_Date( '10/17/2018 08:41:00 ', 'MM/DD/YYYY HH:MI:SS '), 'apapandini',  TO_Date( '10/17/2018 08:41:00 ', 'MM/DD/YYYY HH:MI:SS ')
, NULL, 'S', NULL, 'N', NULL, NULL, NULL, 'VLRSERVICOS20', NULL, NULL, NULL, NULL
, NULL, NULL, NULL);
INSERT INTO XML_ATRIBUTO( NR_SEQUENCIA, NR_SEQ_ELEMENTO, NR_SEQ_APRESENTACAO, NM_ATRIBUTO_XML, NM_ATRIBUTO, IE_CRIAR_NULO, IE_OBRIGATORIO, IE_TIPO_ATRIBUTO, DS_MASCARA, NM_USUARIO_NREC, DT_ATUALIZACAO_NREC, NM_USUARIO, DT_ATUALIZACAO, NR_SEQ_ATRIB_ELEM, IE_CRIAR_ATRIBUTO, DS_CABECALHO, IE_CONTROLE_PB, IE_REMOVER_ESPACO_BRANCO, DS_NAMESPACE, NM_TABELA_DEF_BANCO, NM_ATRIBUTO_XML_PESQUISA, CD_EXP_OBSERVACAO, NM_TABELA_BASE, NM_ATRIBUTO_BASE, QT_TAMANHO, QT_DECIMAIS, CD_DOMINIO, NR_SEQ_ITEM_XSD ) VALUES (
344037, 74974, 75, 'vlrServicos25', 'vlrServicos25', 'N', 'N', 'NUMBER', NULL, 'apapandini'
,  TO_Date( '10/17/2018 08:41:00 ', 'MM/DD/YYYY HH:MI:SS '), 'apapandini',  TO_Date( '10/17/2018 08:41:00 ', 'MM/DD/YYYY HH:MI:SS ')
, NULL, 'S', NULL, 'N', NULL, NULL, NULL, 'VLRSERVICOS25', NULL, NULL, NULL, NULL
, NULL, NULL, NULL);
INSERT INTO XML_ATRIBUTO( NR_SEQUENCIA, NR_SEQ_ELEMENTO, NR_SEQ_APRESENTACAO, NM_ATRIBUTO_XML, NM_ATRIBUTO, IE_CRIAR_NULO, IE_OBRIGATORIO, IE_TIPO_ATRIBUTO, DS_MASCARA, NM_USUARIO_NREC, DT_ATUALIZACAO_NREC, NM_USUARIO, DT_ATUALIZACAO, NR_SEQ_ATRIB_ELEM, IE_CRIAR_ATRIBUTO, DS_CABECALHO, IE_CONTROLE_PB, IE_REMOVER_ESPACO_BRANCO, DS_NAMESPACE, NM_TABELA_DEF_BANCO, NM_ATRIBUTO_XML_PESQUISA, CD_EXP_OBSERVACAO, NM_TABELA_BASE, NM_ATRIBUTO_BASE, QT_TAMANHO, QT_DECIMAIS, CD_DOMINIO, NR_SEQ_ITEM_XSD ) VALUES (
344038, 74974, 80, 'vlrAdicional', 'vlrAdicional', 'N', 'N', 'NUMBER', NULL, 'apapandini'
,  TO_Date( '10/17/2018 08:41:00 ', 'MM/DD/YYYY HH:MI:SS '), 'apapandini',  TO_Date( '10/17/2018 08:41:00 ', 'MM/DD/YYYY HH:MI:SS ')
, NULL, 'S', NULL, 'N', NULL, NULL, NULL, 'VLRADICIONAL', NULL, NULL, NULL, NULL, NULL
, NULL, NULL);
INSERT INTO XML_ATRIBUTO( NR_SEQUENCIA, NR_SEQ_ELEMENTO, NR_SEQ_APRESENTACAO, NM_ATRIBUTO_XML, NM_ATRIBUTO, IE_CRIAR_NULO, IE_OBRIGATORIO, IE_TIPO_ATRIBUTO, DS_MASCARA, NM_USUARIO_NREC, DT_ATUALIZACAO_NREC, NM_USUARIO, DT_ATUALIZACAO, NR_SEQ_ATRIB_ELEM, IE_CRIAR_ATRIBUTO, DS_CABECALHO, IE_CONTROLE_PB, IE_REMOVER_ESPACO_BRANCO, DS_NAMESPACE, NM_TABELA_DEF_BANCO, NM_ATRIBUTO_XML_PESQUISA, CD_EXP_OBSERVACAO, NM_TABELA_BASE, NM_ATRIBUTO_BASE, QT_TAMANHO, QT_DECIMAIS, CD_DOMINIO, NR_SEQ_ITEM_XSD ) VALUES (
344039, 74974, 57, 'vlrRetSub', 'vlrRetSub', 'N', 'N', 'NUMBER', NULL, 'apapandini'
,  TO_Date( '10/17/2018 08:41:00 ', 'MM/DD/YYYY HH:MI:SS '), 'apapandini',  TO_Date( '10/17/2018 08:41:00 ', 'MM/DD/YYYY HH:MI:SS ')
, NULL, 'S', NULL, 'N', NULL, NULL, NULL, 'VLRRETSUB', NULL, NULL, NULL, NULL, NULL
, NULL, NULL);
INSERT INTO XML_ATRIBUTO( NR_SEQUENCIA, NR_SEQ_ELEMENTO, NR_SEQ_APRESENTACAO, NM_ATRIBUTO_XML, NM_ATRIBUTO, IE_CRIAR_NULO, IE_OBRIGATORIO, IE_TIPO_ATRIBUTO, DS_MASCARA, NM_USUARIO_NREC, DT_ATUALIZACAO_NREC, NM_USUARIO, DT_ATUALIZACAO, NR_SEQ_ATRIB_ELEM, IE_CRIAR_ATRIBUTO, DS_CABECALHO, IE_CONTROLE_PB, IE_REMOVER_ESPACO_BRANCO, DS_NAMESPACE, NM_TABELA_DEF_BANCO, NM_ATRIBUTO_XML_PESQUISA, CD_EXP_OBSERVACAO, NM_TABELA_BASE, NM_ATRIBUTO_BASE, QT_TAMANHO, QT_DECIMAIS, CD_DOMINIO, NR_SEQ_ITEM_XSD ) VALUES (
344040, 74974, 50, 'tpServico', 'tpServico', 'S', 'N', 'VARCHAR2', NULL, 'apapandini'
,  TO_Date( '10/17/2018 08:41:00 ', 'MM/DD/YYYY HH:MI:SS '), 'apapandini',  TO_Date( '10/17/2018 08:41:00 ', 'MM/DD/YYYY HH:MI:SS ')
, NULL, 'S', NULL, 'N', NULL, NULL, NULL, 'TPSERVICO', NULL, NULL, NULL, NULL, NULL
, NULL, NULL);
INSERT INTO XML_ATRIBUTO( NR_SEQUENCIA, NR_SEQ_ELEMENTO, NR_SEQ_APRESENTACAO, NM_ATRIBUTO_XML, NM_ATRIBUTO, IE_CRIAR_NULO, IE_OBRIGATORIO, IE_TIPO_ATRIBUTO, DS_MASCARA, NM_USUARIO_NREC, DT_ATUALIZACAO_NREC, NM_USUARIO, DT_ATUALIZACAO, NR_SEQ_ATRIB_ELEM, IE_CRIAR_ATRIBUTO, DS_CABECALHO, IE_CONTROLE_PB, IE_REMOVER_ESPACO_BRANCO, DS_NAMESPACE, NM_TABELA_DEF_BANCO, NM_ATRIBUTO_XML_PESQUISA, CD_EXP_OBSERVACAO, NM_TABELA_BASE, NM_ATRIBUTO_BASE, QT_TAMANHO, QT_DECIMAIS, CD_DOMINIO, NR_SEQ_ITEM_XSD ) VALUES (
344041, 74974, 55, 'vlrBaseRet', 'vlrBaseRet', 'N', 'N', 'NUMBER', NULL, 'apapandini'
,  TO_Date( '10/17/2018 08:41:00 ', 'MM/DD/YYYY HH:MI:SS '), 'apapandini',  TO_Date( '10/17/2018 08:41:00 ', 'MM/DD/YYYY HH:MI:SS ')
, NULL, 'S', NULL, 'N', NULL, NULL, NULL, 'VLRBASERET', NULL, NULL, NULL, NULL, NULL
, NULL, NULL);
INSERT INTO XML_ATRIBUTO( NR_SEQUENCIA, NR_SEQ_ELEMENTO, NR_SEQ_APRESENTACAO, NM_ATRIBUTO_XML, NM_ATRIBUTO, IE_CRIAR_NULO, IE_OBRIGATORIO, IE_TIPO_ATRIBUTO, DS_MASCARA, NM_USUARIO_NREC, DT_ATUALIZACAO_NREC, NM_USUARIO, DT_ATUALIZACAO, NR_SEQ_ATRIB_ELEM, IE_CRIAR_ATRIBUTO, DS_CABECALHO, IE_CONTROLE_PB, IE_REMOVER_ESPACO_BRANCO, DS_NAMESPACE, NM_TABELA_DEF_BANCO, NM_ATRIBUTO_XML_PESQUISA, CD_EXP_OBSERVACAO, NM_TABELA_BASE, NM_ATRIBUTO_BASE, QT_TAMANHO, QT_DECIMAIS, CD_DOMINIO, NR_SEQ_ITEM_XSD ) VALUES (
344042, 74974, 56, 'vlrRetencao', 'vlrRetencao', 'N', 'N', 'NUMBER', NULL, 'apapandini'
,  TO_Date( '10/17/2018 08:41:00 ', 'MM/DD/YYYY HH:MI:SS '), 'apapandini',  TO_Date( '10/17/2018 08:41:00 ', 'MM/DD/YYYY HH:MI:SS ')
, NULL, 'S', NULL, 'N', NULL, NULL, NULL, 'VLRRETENCAO', NULL, NULL, NULL, NULL, NULL
, NULL, NULL);
INSERT INTO XML_ATRIBUTO( NR_SEQUENCIA, NR_SEQ_ELEMENTO, NR_SEQ_APRESENTACAO, NM_ATRIBUTO_XML, NM_ATRIBUTO, IE_CRIAR_NULO, IE_OBRIGATORIO, IE_TIPO_ATRIBUTO, DS_MASCARA, NM_USUARIO_NREC, DT_ATUALIZACAO_NREC, NM_USUARIO, DT_ATUALIZACAO, NR_SEQ_ATRIB_ELEM, IE_CRIAR_ATRIBUTO, DS_CABECALHO, IE_CONTROLE_PB, IE_REMOVER_ESPACO_BRANCO, DS_NAMESPACE, NM_TABELA_DEF_BANCO, NM_ATRIBUTO_XML_PESQUISA, CD_EXP_OBSERVACAO, NM_TABELA_BASE, NM_ATRIBUTO_BASE, QT_TAMANHO, QT_DECIMAIS, CD_DOMINIO, NR_SEQ_ITEM_XSD ) VALUES (
344043, 74974, 59, 'vlrNRetPrinc', 'vlrNRetPrinc', 'N', 'N', 'NUMBER', NULL, 'apapandini'
,  TO_Date( '10/17/2018 08:41:00 ', 'MM/DD/YYYY HH:MI:SS '), 'apapandini',  TO_Date( '10/17/2018 08:41:00 ', 'MM/DD/YYYY HH:MI:SS ')
, NULL, 'S', NULL, 'N', NULL, NULL, NULL, 'VLRNRETPRINC', NULL, NULL, NULL, NULL, NULL
, NULL, NULL);
INSERT INTO XML_ATRIBUTO( NR_SEQUENCIA, NR_SEQ_ELEMENTO, NR_SEQ_APRESENTACAO, NM_ATRIBUTO_XML, NM_ATRIBUTO, IE_CRIAR_NULO, IE_OBRIGATORIO, IE_TIPO_ATRIBUTO, DS_MASCARA, NM_USUARIO_NREC, DT_ATUALIZACAO_NREC, NM_USUARIO, DT_ATUALIZACAO, NR_SEQ_ATRIB_ELEM, IE_CRIAR_ATRIBUTO, DS_CABECALHO, IE_CONTROLE_PB, IE_REMOVER_ESPACO_BRANCO, DS_NAMESPACE, NM_TABELA_DEF_BANCO, NM_ATRIBUTO_XML_PESQUISA, CD_EXP_OBSERVACAO, NM_TABELA_BASE, NM_ATRIBUTO_BASE, QT_TAMANHO, QT_DECIMAIS, CD_DOMINIO, NR_SEQ_ITEM_XSD ) VALUES (
344044, 74975, 2, 'Reinf', NULL, 'S', 'S', NULL, NULL, 'apapandini',  TO_Date( '10/17/2018 08:41:00 ', 'MM/DD/YYYY HH:MI:SS ')
, 'apapandini',  TO_Date( '10/17/2018 08:41:00 ', 'MM/DD/YYYY HH:MI:SS '), 74976
, 'S', 'xmlns="http://www.reinf.esocial.gov.br/schemas/evtTomadorServicos/v1_04_00"'
, 'N', NULL, NULL, NULL, 'REINF', NULL, NULL, NULL, NULL, NULL, NULL, NULL);
INSERT INTO XML_ATRIBUTO( NR_SEQUENCIA, NR_SEQ_ELEMENTO, NR_SEQ_APRESENTACAO, NM_ATRIBUTO_XML, NM_ATRIBUTO, IE_CRIAR_NULO, IE_OBRIGATORIO, IE_TIPO_ATRIBUTO, DS_MASCARA, NM_USUARIO_NREC, DT_ATUALIZACAO_NREC, NM_USUARIO, DT_ATUALIZACAO, NR_SEQ_ATRIB_ELEM, IE_CRIAR_ATRIBUTO, DS_CABECALHO, IE_CONTROLE_PB, IE_REMOVER_ESPACO_BRANCO, DS_NAMESPACE, NM_TABELA_DEF_BANCO, NM_ATRIBUTO_XML_PESQUISA, CD_EXP_OBSERVACAO, NM_TABELA_BASE, NM_ATRIBUTO_BASE, QT_TAMANHO, QT_DECIMAIS, CD_DOMINIO, NR_SEQ_ITEM_XSD ) VALUES (
344045, 74976, 2, 'evtServTom', NULL, 'S', 'S', NULL, NULL, 'apapandini',  TO_Date( '10/17/2018 08:41:00 ', 'MM/DD/YYYY HH:MI:SS ')
, 'apapandini',  TO_Date( '10/17/2018 08:41:00 ', 'MM/DD/YYYY HH:MI:SS '), 74977
, 'S', 'id=":nr_id"', 'N', NULL, NULL, NULL, 'EVTSERVTOM', NULL, NULL, NULL, NULL
, NULL, NULL, NULL);
INSERT INTO XML_ATRIBUTO( NR_SEQUENCIA, NR_SEQ_ELEMENTO, NR_SEQ_APRESENTACAO, NM_ATRIBUTO_XML, NM_ATRIBUTO, IE_CRIAR_NULO, IE_OBRIGATORIO, IE_TIPO_ATRIBUTO, DS_MASCARA, NM_USUARIO_NREC, DT_ATUALIZACAO_NREC, NM_USUARIO, DT_ATUALIZACAO, NR_SEQ_ATRIB_ELEM, IE_CRIAR_ATRIBUTO, DS_CABECALHO, IE_CONTROLE_PB, IE_REMOVER_ESPACO_BRANCO, DS_NAMESPACE, NM_TABELA_DEF_BANCO, NM_ATRIBUTO_XML_PESQUISA, CD_EXP_OBSERVACAO, NM_TABELA_BASE, NM_ATRIBUTO_BASE, QT_TAMANHO, QT_DECIMAIS, CD_DOMINIO, NR_SEQ_ITEM_XSD ) VALUES (
344046, 74977, 14, 'infoServTom', NULL, 'S', 'S', NULL, NULL, 'apapandini',  TO_Date( '10/17/2018 08:41:00 ', 'MM/DD/YYYY HH:MI:SS ')
, 'apapandini',  TO_Date( '10/17/2018 08:41:00 ', 'MM/DD/YYYY HH:MI:SS '), 74970
, 'S', NULL, 'N', NULL, NULL, NULL, 'INFOSERVTOM', NULL, NULL, NULL, NULL, NULL, NULL
, NULL);
INSERT INTO XML_ATRIBUTO( NR_SEQUENCIA, NR_SEQ_ELEMENTO, NR_SEQ_APRESENTACAO, NM_ATRIBUTO_XML, NM_ATRIBUTO, IE_CRIAR_NULO, IE_OBRIGATORIO, IE_TIPO_ATRIBUTO, DS_MASCARA, NM_USUARIO_NREC, DT_ATUALIZACAO_NREC, NM_USUARIO, DT_ATUALIZACAO, NR_SEQ_ATRIB_ELEM, IE_CRIAR_ATRIBUTO, DS_CABECALHO, IE_CONTROLE_PB, IE_REMOVER_ESPACO_BRANCO, DS_NAMESPACE, NM_TABELA_DEF_BANCO, NM_ATRIBUTO_XML_PESQUISA, CD_EXP_OBSERVACAO, NM_TABELA_BASE, NM_ATRIBUTO_BASE, QT_TAMANHO, QT_DECIMAIS, CD_DOMINIO, NR_SEQ_ITEM_XSD ) VALUES (
344047, 74977, 5, 'ideEvento', NULL, 'S', 'S', NULL, NULL, 'apapandini',  TO_Date( '10/17/2018 08:41:00 ', 'MM/DD/YYYY HH:MI:SS ')
, 'apapandini',  TO_Date( '10/17/2018 08:41:00 ', 'MM/DD/YYYY HH:MI:SS '), 74968
, 'S', NULL, 'N', NULL, NULL, NULL, 'IDEEVENTO', NULL, NULL, NULL, NULL, NULL, NULL
, NULL);
INSERT INTO XML_ATRIBUTO( NR_SEQUENCIA, NR_SEQ_ELEMENTO, NR_SEQ_APRESENTACAO, NM_ATRIBUTO_XML, NM_ATRIBUTO, IE_CRIAR_NULO, IE_OBRIGATORIO, IE_TIPO_ATRIBUTO, DS_MASCARA, NM_USUARIO_NREC, DT_ATUALIZACAO_NREC, NM_USUARIO, DT_ATUALIZACAO, NR_SEQ_ATRIB_ELEM, IE_CRIAR_ATRIBUTO, DS_CABECALHO, IE_CONTROLE_PB, IE_REMOVER_ESPACO_BRANCO, DS_NAMESPACE, NM_TABELA_DEF_BANCO, NM_ATRIBUTO_XML_PESQUISA, CD_EXP_OBSERVACAO, NM_TABELA_BASE, NM_ATRIBUTO_BASE, QT_TAMANHO, QT_DECIMAIS, CD_DOMINIO, NR_SEQ_ITEM_XSD ) VALUES (
344048, 74977, 13, 'ideContri', NULL, 'S', 'S', NULL, NULL, 'apapandini',  TO_Date( '10/17/2018 08:41:00 ', 'MM/DD/YYYY HH:MI:SS ')
, 'apapandini',  TO_Date( '10/17/2018 08:41:00 ', 'MM/DD/YYYY HH:MI:SS '), 74969
, 'S', NULL, 'N', NULL, NULL, NULL, 'IDECONTRI', NULL, NULL, NULL, NULL, NULL, NULL
, NULL);
INSERT INTO XML_ATRIBUTO( NR_SEQUENCIA, NR_SEQ_ELEMENTO, NR_SEQ_APRESENTACAO, NM_ATRIBUTO_XML, NM_ATRIBUTO, IE_CRIAR_NULO, IE_OBRIGATORIO, IE_TIPO_ATRIBUTO, DS_MASCARA, NM_USUARIO_NREC, DT_ATUALIZACAO_NREC, NM_USUARIO, DT_ATUALIZACAO, NR_SEQ_ATRIB_ELEM, IE_CRIAR_ATRIBUTO, DS_CABECALHO, IE_CONTROLE_PB, IE_REMOVER_ESPACO_BRANCO, DS_NAMESPACE, NM_TABELA_DEF_BANCO, NM_ATRIBUTO_XML_PESQUISA, CD_EXP_OBSERVACAO, NM_TABELA_BASE, NM_ATRIBUTO_BASE, QT_TAMANHO, QT_DECIMAIS, CD_DOMINIO, NR_SEQ_ITEM_XSD ) VALUES (
344049, 74978, 10, 'tpProcRetPrinc', 'tpProcRetPrinc', 'N', 'N', 'VARCHAR2', NULL
, 'apapandini',  TO_Date( '10/17/2018 08:41:00 ', 'MM/DD/YYYY HH:MI:SS '), 'apapandini'
,  TO_Date( '10/17/2018 08:41:00 ', 'MM/DD/YYYY HH:MI:SS '), NULL, 'S', NULL
, 'N', NULL, NULL, NULL, 'TPPROCRETPRINC', NULL, NULL, NULL, NULL, NULL, NULL, NULL);
INSERT INTO XML_ATRIBUTO( NR_SEQUENCIA, NR_SEQ_ELEMENTO, NR_SEQ_APRESENTACAO, NM_ATRIBUTO_XML, NM_ATRIBUTO, IE_CRIAR_NULO, IE_OBRIGATORIO, IE_TIPO_ATRIBUTO, DS_MASCARA, NM_USUARIO_NREC, DT_ATUALIZACAO_NREC, NM_USUARIO, DT_ATUALIZACAO, NR_SEQ_ATRIB_ELEM, IE_CRIAR_ATRIBUTO, DS_CABECALHO, IE_CONTROLE_PB, IE_REMOVER_ESPACO_BRANCO, DS_NAMESPACE, NM_TABELA_DEF_BANCO, NM_ATRIBUTO_XML_PESQUISA, CD_EXP_OBSERVACAO, NM_TABELA_BASE, NM_ATRIBUTO_BASE, QT_TAMANHO, QT_DECIMAIS, CD_DOMINIO, NR_SEQ_ITEM_XSD ) VALUES (
344050, 74978, 20, 'nrProcRetPrinc', 'nrProcRetPrinc', 'N', 'N', 'VARCHAR2', NULL
, 'apapandini',  TO_Date( '10/17/2018 08:41:00 ', 'MM/DD/YYYY HH:MI:SS '), 'apapandini'
,  TO_Date( '10/17/2018 08:41:00 ', 'MM/DD/YYYY HH:MI:SS '), NULL, 'S', NULL
, 'N', NULL, NULL, NULL, 'NRPROCRETPRINC', NULL, NULL, NULL, NULL, NULL, NULL, NULL);
INSERT INTO XML_ATRIBUTO( NR_SEQUENCIA, NR_SEQ_ELEMENTO, NR_SEQ_APRESENTACAO, NM_ATRIBUTO_XML, NM_ATRIBUTO, IE_CRIAR_NULO, IE_OBRIGATORIO, IE_TIPO_ATRIBUTO, DS_MASCARA, NM_USUARIO_NREC, DT_ATUALIZACAO_NREC, NM_USUARIO, DT_ATUALIZACAO, NR_SEQ_ATRIB_ELEM, IE_CRIAR_ATRIBUTO, DS_CABECALHO, IE_CONTROLE_PB, IE_REMOVER_ESPACO_BRANCO, DS_NAMESPACE, NM_TABELA_DEF_BANCO, NM_ATRIBUTO_XML_PESQUISA, CD_EXP_OBSERVACAO, NM_TABELA_BASE, NM_ATRIBUTO_BASE, QT_TAMANHO, QT_DECIMAIS, CD_DOMINIO, NR_SEQ_ITEM_XSD ) VALUES (
344051, 74978, 30, 'codSuspPrinc', 'codSuspPrinc', 'N', 'N', 'VARCHAR2', NULL, 'apapandini'
,  TO_Date( '10/17/2018 08:41:00 ', 'MM/DD/YYYY HH:MI:SS '), 'apapandini',  TO_Date( '10/17/2018 08:41:00 ', 'MM/DD/YYYY HH:MI:SS ')
, NULL, 'S', NULL, 'N', NULL, NULL, NULL, 'CODSUSPPRINC', NULL, NULL, NULL, NULL, NULL
, NULL, NULL);
INSERT INTO XML_ATRIBUTO( NR_SEQUENCIA, NR_SEQ_ELEMENTO, NR_SEQ_APRESENTACAO, NM_ATRIBUTO_XML, NM_ATRIBUTO, IE_CRIAR_NULO, IE_OBRIGATORIO, IE_TIPO_ATRIBUTO, DS_MASCARA, NM_USUARIO_NREC, DT_ATUALIZACAO_NREC, NM_USUARIO, DT_ATUALIZACAO, NR_SEQ_ATRIB_ELEM, IE_CRIAR_ATRIBUTO, DS_CABECALHO, IE_CONTROLE_PB, IE_REMOVER_ESPACO_BRANCO, DS_NAMESPACE, NM_TABELA_DEF_BANCO, NM_ATRIBUTO_XML_PESQUISA, CD_EXP_OBSERVACAO, NM_TABELA_BASE, NM_ATRIBUTO_BASE, QT_TAMANHO, QT_DECIMAIS, CD_DOMINIO, NR_SEQ_ITEM_XSD ) VALUES (
344052, 74978, 40, 'valorPrinc', 'valorPrinc', 'N', 'N', 'NUMBER', NULL, 'apapandini'
,  TO_Date( '10/17/2018 08:41:00 ', 'MM/DD/YYYY HH:MI:SS '), 'apapandini',  TO_Date( '10/17/2018 08:41:00 ', 'MM/DD/YYYY HH:MI:SS ')
, NULL, 'S', NULL, 'N', NULL, NULL, NULL, 'VALORPRINC', NULL, NULL, NULL, NULL, NULL
, NULL, NULL);

--	FIM XML 102451
--	INICIO XML 102452
INSERT INTO XML_PROJETO( NR_SEQUENCIA, DS_PROJETO, DT_ATUALIZACAO, NM_USUARIO, DT_ATUALIZACAO_NREC, NM_USUARIO_NREC, DS_CABECALHO, DS_OBSERVACAO, IE_TIPO_COMPLEXO, NR_SEQ_PROJ_COMPLEXO, IE_HOSP_PLS, DS_VERSAO, IE_TISS, IE_SITUACAO, IE_GERAR_QUEBRA ) VALUES (
102452, 'SPED - REINF R2040 INCLUSÃO - V.1.4.00',  TO_Date( '10/17/2018 01:26:29 ', 'MM/DD/YYYY HH:MI:SS ')
, 'apapandini',  TO_Date( '10/17/2018 08:59:21 ', 'MM/DD/YYYY HH:MI:SS '), 'apapandini'
, NULL, NULL, 'N', NULL, 'H', NULL, 'N', 'I', NULL);

INSERT INTO XML_ELEMENTO( NR_SEQUENCIA, NR_SEQ_APRESENTACAO, NR_SEQ_PROJETO, NM_ELEMENTO, DS_ELEMENTO, DS_CABECALHO, DS_SQL, DS_GRUPO, NM_USUARIO, DT_ATUALIZACAO, IE_CRIAR_NULO, NM_USUARIO_NREC, DT_ATUALIZACAO_NREC, IE_TIPO_ELEMENTO, IE_CRIAR_ELEMENTO, IE_TIPO_COMPLEXO, DS_SQL_2, DS_NAMESPACE, QT_MIN_OCOR, QT_MAX_OCOR, NR_SEQ_ITEM_XSD ) VALUES (
74979, 2, 102452, 'evtAssocDespRep', 'evtAssocDespRep', NULL, NULL, NULL, 'apapandini'
,  TO_Date( '10/17/2018 08:59:21 ', 'MM/DD/YYYY HH:MI:SS '), 'S', 'apapandini'
,  TO_Date( '10/17/2018 08:59:21 ', 'MM/DD/YYYY HH:MI:SS '), 'E', 'S', 'S'
, NULL, NULL, NULL, NULL, NULL);
INSERT INTO XML_ELEMENTO( NR_SEQUENCIA, NR_SEQ_APRESENTACAO, NR_SEQ_PROJETO, NM_ELEMENTO, DS_ELEMENTO, DS_CABECALHO, DS_SQL, DS_GRUPO, NM_USUARIO, DT_ATUALIZACAO, IE_CRIAR_NULO, NM_USUARIO_NREC, DT_ATUALIZACAO_NREC, IE_TIPO_ELEMENTO, IE_CRIAR_ELEMENTO, IE_TIPO_COMPLEXO, DS_SQL_2, DS_NAMESPACE, QT_MIN_OCOR, QT_MAX_OCOR, NR_SEQ_ITEM_XSD ) VALUES (
74980, 18, 102452, 'ideEstab', 'ideEstab', NULL, NULL, NULL, 'apapandini',  TO_Date( '10/17/2018 08:59:21 ', 'MM/DD/YYYY HH:MI:SS ')
, 'S', 'apapandini',  TO_Date( '10/17/2018 08:59:21 ', 'MM/DD/YYYY HH:MI:SS ')
, 'E', 'S', 'S', NULL, NULL, NULL, NULL, NULL);
INSERT INTO XML_ELEMENTO( NR_SEQUENCIA, NR_SEQ_APRESENTACAO, NR_SEQ_PROJETO, NM_ELEMENTO, DS_ELEMENTO, DS_CABECALHO, DS_SQL, DS_GRUPO, NM_USUARIO, DT_ATUALIZACAO, IE_CRIAR_NULO, NM_USUARIO_NREC, DT_ATUALIZACAO_NREC, IE_TIPO_ELEMENTO, IE_CRIAR_ELEMENTO, IE_TIPO_COMPLEXO, DS_SQL_2, DS_NAMESPACE, QT_MIN_OCOR, QT_MAX_OCOR, NR_SEQ_ITEM_XSD ) VALUES (
74981, 23, 102452, 'recursosRep', 'recursosRep', NULL, 'SELECT  tp.CD_CGC cnpjAssocDesp,
        Campo_Mascara_casas(SUM(fr.VL_TITULO),2) vlrTotalRep,
		Campo_Mascara_casas(SUM(fr.VL_RETENCAO),2) vlrTotalRet,
	    tp.CD_CGC cd_cgc_titulo
FROM   titulo_pagar tp,
	   FIS_REINF_TIT_R2040 fr
WHERE fr.nr_titulo = tp.nr_titulo
AND fr.nr_seq_superior = :nr_sequencia
GROUP BY tp.CD_CGC'
, NULL, 'apapandini',  TO_Date( '10/17/2018 08:59:21 ', 'MM/DD/YYYY HH:MI:SS ')
, 'S', 'apapandini',  TO_Date( '10/17/2018 08:59:21 ', 'MM/DD/YYYY HH:MI:SS ')
, 'E', 'S', 'S', NULL, NULL, NULL, NULL, NULL);
INSERT INTO XML_ELEMENTO( NR_SEQUENCIA, NR_SEQ_APRESENTACAO, NR_SEQ_PROJETO, NM_ELEMENTO, DS_ELEMENTO, DS_CABECALHO, DS_SQL, DS_GRUPO, NM_USUARIO, DT_ATUALIZACAO, IE_CRIAR_NULO, NM_USUARIO_NREC, DT_ATUALIZACAO_NREC, IE_TIPO_ELEMENTO, IE_CRIAR_ELEMENTO, IE_TIPO_COMPLEXO, DS_SQL_2, DS_NAMESPACE, QT_MIN_OCOR, QT_MAX_OCOR, NR_SEQ_ITEM_XSD ) VALUES (
74982, 30, 102452, 'infoRecurso', 'infoRecurso', NULL, 'SELECT  fr.ie_tipo_repasse tpRepasse,
	  Campo_Mascara_casas(fr.vl_titulo,2)   vlrBruto,
	  Campo_Mascara_casas(NVL(fr.VL_RETENCAO,0),2) vlrRetApur,
	  SUBSTR(DS_OBSERVACAO,1,20) descRecurso
FROM    titulo_pagar tp,
	FIS_REINF_TIT_R2040 fr
WHERE fr.nr_titulo = tp.nr_titulo
AND fr.nr_seq_superior = :nr_sequencia
AND tp.cd_cgc = :cd_cgc_titulo'
, NULL, 'apapandini',  TO_Date( '10/17/2018 08:59:21 ', 'MM/DD/YYYY HH:MI:SS ')
, 'S', 'apapandini',  TO_Date( '10/17/2018 08:59:21 ', 'MM/DD/YYYY HH:MI:SS ')
, 'E', 'S', 'S', NULL, NULL, NULL, NULL, NULL);
INSERT INTO XML_ELEMENTO( NR_SEQUENCIA, NR_SEQ_APRESENTACAO, NR_SEQ_PROJETO, NM_ELEMENTO, DS_ELEMENTO, DS_CABECALHO, DS_SQL, DS_GRUPO, NM_USUARIO, DT_ATUALIZACAO, IE_CRIAR_NULO, NM_USUARIO_NREC, DT_ATUALIZACAO_NREC, IE_TIPO_ELEMENTO, IE_CRIAR_ELEMENTO, IE_TIPO_COMPLEXO, DS_SQL_2, DS_NAMESPACE, QT_MIN_OCOR, QT_MAX_OCOR, NR_SEQ_ITEM_XSD ) VALUES (
74983, 14, 102452, 'ideContri', 'ideContri', NULL, NULL, NULL, 'apapandini',  TO_Date( '10/17/2018 08:59:21 ', 'MM/DD/YYYY HH:MI:SS ')
, 'S', 'apapandini',  TO_Date( '10/17/2018 08:59:21 ', 'MM/DD/YYYY HH:MI:SS ')
, 'E', 'S', 'S', NULL, NULL, NULL, NULL, NULL);
INSERT INTO XML_ELEMENTO( NR_SEQUENCIA, NR_SEQ_APRESENTACAO, NR_SEQ_PROJETO, NM_ELEMENTO, DS_ELEMENTO, DS_CABECALHO, DS_SQL, DS_GRUPO, NM_USUARIO, DT_ATUALIZACAO, IE_CRIAR_NULO, NM_USUARIO_NREC, DT_ATUALIZACAO_NREC, IE_TIPO_ELEMENTO, IE_CRIAR_ELEMENTO, IE_TIPO_COMPLEXO, DS_SQL_2, DS_NAMESPACE, QT_MIN_OCOR, QT_MAX_OCOR, NR_SEQ_ITEM_XSD ) VALUES (
74984, 1, 102452, 'Reinf', 'Reinf', 'xmlns="http://www.reinf.esocial.gov.br/schemas/envioLoteEventos/v1_04_00"'
, 'SELECT 	 (''ID'' || ''1'' || rpad(substr(e.cd_cgc,1,8), 14, ''0'') || TO_CHAR(SYSDATE,''YYYYMMDD'') || TO_CHAR(SYSDATE,''HHMMSS'')  ||''00001'') nr_id,
	 f.IE_RETIFICACAO  indRetif,
	 f.NR_RECIBO      nrRecibo,
	 TO_CHAR( f.dt_apuracao, ''rrrr-mm'')   perApur,
	 f.IE_TIPO_AMBIENTE  tpAmb,
	 ''1''                  procEmi,
	 (SELECT MAX(CD_VERSAO) cd FROM APLICACAO_TASY_VERSAO) verProc,
	 ''1''     tpInsc,
	 substr(e.cd_cgc,1,8) nrInsc,
	 ''1'' tpInscEstab,
	 e.cd_cgc  nrInscEstab
FROM 	 estabelecimento e,
	 FIS_REINF_R2040 f
WHERE	 e.cd_estabelecimento = f.cd_estabelecimento
AND 	 f.nr_sequencia  = :nr_sequencia'
, NULL, 'apapandini',  TO_Date( '10/17/2018 08:59:21 ', 'MM/DD/YYYY HH:MI:SS ')
, 'S', 'apapandini',  TO_Date( '10/17/2018 08:59:21 ', 'MM/DD/YYYY HH:MI:SS ')
, 'E', 'S', 'S', NULL, NULL, NULL, NULL, NULL);
INSERT INTO XML_ELEMENTO( NR_SEQUENCIA, NR_SEQ_APRESENTACAO, NR_SEQ_PROJETO, NM_ELEMENTO, DS_ELEMENTO, DS_CABECALHO, DS_SQL, DS_GRUPO, NM_USUARIO, DT_ATUALIZACAO, IE_CRIAR_NULO, NM_USUARIO_NREC, DT_ATUALIZACAO_NREC, IE_TIPO_ELEMENTO, IE_CRIAR_ELEMENTO, IE_TIPO_COMPLEXO, DS_SQL_2, DS_NAMESPACE, QT_MIN_OCOR, QT_MAX_OCOR, NR_SEQ_ITEM_XSD ) VALUES (
74985, 3, 102452, 'loteEventos', 'loteEventos', NULL, NULL, NULL, 'apapandini',  TO_Date( '10/17/2018 08:59:21 ', 'MM/DD/YYYY HH:MI:SS ')
, 'S', 'apapandini',  TO_Date( '10/17/2018 08:59:21 ', 'MM/DD/YYYY HH:MI:SS ')
, 'E', 'S', 'S', NULL, NULL, NULL, NULL, NULL);
INSERT INTO XML_ELEMENTO( NR_SEQUENCIA, NR_SEQ_APRESENTACAO, NR_SEQ_PROJETO, NM_ELEMENTO, DS_ELEMENTO, DS_CABECALHO, DS_SQL, DS_GRUPO, NM_USUARIO, DT_ATUALIZACAO, IE_CRIAR_NULO, NM_USUARIO_NREC, DT_ATUALIZACAO_NREC, IE_TIPO_ELEMENTO, IE_CRIAR_ELEMENTO, IE_TIPO_COMPLEXO, DS_SQL_2, DS_NAMESPACE, QT_MIN_OCOR, QT_MAX_OCOR, NR_SEQ_ITEM_XSD ) VALUES (
74986, 6, 102452, 'ideEvento', 'ideEvento', NULL, NULL, NULL, 'apapandini',  TO_Date( '10/17/2018 08:59:21 ', 'MM/DD/YYYY HH:MI:SS ')
, 'S', 'apapandini',  TO_Date( '10/17/2018 08:59:21 ', 'MM/DD/YYYY HH:MI:SS ')
, 'E', 'S', 'S', NULL, NULL, NULL, NULL, NULL);
INSERT INTO XML_ELEMENTO( NR_SEQUENCIA, NR_SEQ_APRESENTACAO, NR_SEQ_PROJETO, NM_ELEMENTO, DS_ELEMENTO, DS_CABECALHO, DS_SQL, DS_GRUPO, NM_USUARIO, DT_ATUALIZACAO, IE_CRIAR_NULO, NM_USUARIO_NREC, DT_ATUALIZACAO_NREC, IE_TIPO_ELEMENTO, IE_CRIAR_ELEMENTO, IE_TIPO_COMPLEXO, DS_SQL_2, DS_NAMESPACE, QT_MIN_OCOR, QT_MAX_OCOR, NR_SEQ_ITEM_XSD ) VALUES (
74987, 2, 102452, 'Evento', 'Evento', NULL, NULL, NULL, 'apapandini',  TO_Date( '10/17/2018 08:59:21 ', 'MM/DD/YYYY HH:MI:SS ')
, 'S', 'apapandini',  TO_Date( '10/17/2018 08:59:21 ', 'MM/DD/YYYY HH:MI:SS ')
, 'E', 'S', 'S', NULL, NULL, NULL, NULL, NULL);
INSERT INTO XML_ELEMENTO( NR_SEQUENCIA, NR_SEQ_APRESENTACAO, NR_SEQ_PROJETO, NM_ELEMENTO, DS_ELEMENTO, DS_CABECALHO, DS_SQL, DS_GRUPO, NM_USUARIO, DT_ATUALIZACAO, IE_CRIAR_NULO, NM_USUARIO_NREC, DT_ATUALIZACAO_NREC, IE_TIPO_ELEMENTO, IE_CRIAR_ELEMENTO, IE_TIPO_COMPLEXO, DS_SQL_2, DS_NAMESPACE, QT_MIN_OCOR, QT_MAX_OCOR, NR_SEQ_ITEM_XSD ) VALUES (
74988, 2, 102452, 'Reinf', 'Reinf', NULL, NULL, NULL, 'apapandini',  TO_Date( '10/17/2018 08:59:21 ', 'MM/DD/YYYY HH:MI:SS ')
, 'S', 'apapandini',  TO_Date( '10/17/2018 08:59:21 ', 'MM/DD/YYYY HH:MI:SS ')
, 'E', 'S', 'S', NULL, NULL, NULL, NULL, NULL);

INSERT INTO XML_ATRIBUTO( NR_SEQUENCIA, NR_SEQ_ELEMENTO, NR_SEQ_APRESENTACAO, NM_ATRIBUTO_XML, NM_ATRIBUTO, IE_CRIAR_NULO, IE_OBRIGATORIO, IE_TIPO_ATRIBUTO, DS_MASCARA, NM_USUARIO_NREC, DT_ATUALIZACAO_NREC, NM_USUARIO, DT_ATUALIZACAO, NR_SEQ_ATRIB_ELEM, IE_CRIAR_ATRIBUTO, DS_CABECALHO, IE_CONTROLE_PB, IE_REMOVER_ESPACO_BRANCO, DS_NAMESPACE, NM_TABELA_DEF_BANCO, NM_ATRIBUTO_XML_PESQUISA, CD_EXP_OBSERVACAO, NM_TABELA_BASE, NM_ATRIBUTO_BASE, QT_TAMANHO, QT_DECIMAIS, CD_DOMINIO, NR_SEQ_ITEM_XSD ) VALUES (
344053, 74979, 5, 'ideEvento', NULL, 'S', 'S', NULL, NULL, 'apapandini',  TO_Date( '10/17/2018 08:59:21 ', 'MM/DD/YYYY HH:MI:SS ')
, 'apapandini',  TO_Date( '10/17/2018 08:59:21 ', 'MM/DD/YYYY HH:MI:SS '), 74986
, 'S', NULL, 'N', NULL, NULL, NULL, 'IDEEVENTO', NULL, NULL, NULL, NULL, NULL, NULL
, NULL);
INSERT INTO XML_ATRIBUTO( NR_SEQUENCIA, NR_SEQ_ELEMENTO, NR_SEQ_APRESENTACAO, NM_ATRIBUTO_XML, NM_ATRIBUTO, IE_CRIAR_NULO, IE_OBRIGATORIO, IE_TIPO_ATRIBUTO, DS_MASCARA, NM_USUARIO_NREC, DT_ATUALIZACAO_NREC, NM_USUARIO, DT_ATUALIZACAO, NR_SEQ_ATRIB_ELEM, IE_CRIAR_ATRIBUTO, DS_CABECALHO, IE_CONTROLE_PB, IE_REMOVER_ESPACO_BRANCO, DS_NAMESPACE, NM_TABELA_DEF_BANCO, NM_ATRIBUTO_XML_PESQUISA, CD_EXP_OBSERVACAO, NM_TABELA_BASE, NM_ATRIBUTO_BASE, QT_TAMANHO, QT_DECIMAIS, CD_DOMINIO, NR_SEQ_ITEM_XSD ) VALUES (
344054, 74979, 13, 'ideContri', NULL, 'S', 'S', NULL, NULL, 'apapandini',  TO_Date( '10/17/2018 08:59:21 ', 'MM/DD/YYYY HH:MI:SS ')
, 'apapandini',  TO_Date( '10/17/2018 08:59:21 ', 'MM/DD/YYYY HH:MI:SS '), 74983
, 'S', NULL, 'N', NULL, NULL, NULL, 'IDECONTRI', NULL, NULL, NULL, NULL, NULL, NULL
, NULL);
INSERT INTO XML_ATRIBUTO( NR_SEQUENCIA, NR_SEQ_ELEMENTO, NR_SEQ_APRESENTACAO, NM_ATRIBUTO_XML, NM_ATRIBUTO, IE_CRIAR_NULO, IE_OBRIGATORIO, IE_TIPO_ATRIBUTO, DS_MASCARA, NM_USUARIO_NREC, DT_ATUALIZACAO_NREC, NM_USUARIO, DT_ATUALIZACAO, NR_SEQ_ATRIB_ELEM, IE_CRIAR_ATRIBUTO, DS_CABECALHO, IE_CONTROLE_PB, IE_REMOVER_ESPACO_BRANCO, DS_NAMESPACE, NM_TABELA_DEF_BANCO, NM_ATRIBUTO_XML_PESQUISA, CD_EXP_OBSERVACAO, NM_TABELA_BASE, NM_ATRIBUTO_BASE, QT_TAMANHO, QT_DECIMAIS, CD_DOMINIO, NR_SEQ_ITEM_XSD ) VALUES (
344055, 74980, 20, 'tpInscEstab', 'tpInscEstab', 'S', 'S', 'VARCHAR2', NULL, 'apapandini'
,  TO_Date( '10/17/2018 08:59:21 ', 'MM/DD/YYYY HH:MI:SS '), 'apapandini',  TO_Date( '10/17/2018 08:59:21 ', 'MM/DD/YYYY HH:MI:SS ')
, NULL, 'S', NULL, 'N', NULL, NULL, NULL, 'TPINSCESTAB', NULL, NULL, NULL, NULL, NULL
, NULL, NULL);
INSERT INTO XML_ATRIBUTO( NR_SEQUENCIA, NR_SEQ_ELEMENTO, NR_SEQ_APRESENTACAO, NM_ATRIBUTO_XML, NM_ATRIBUTO, IE_CRIAR_NULO, IE_OBRIGATORIO, IE_TIPO_ATRIBUTO, DS_MASCARA, NM_USUARIO_NREC, DT_ATUALIZACAO_NREC, NM_USUARIO, DT_ATUALIZACAO, NR_SEQ_ATRIB_ELEM, IE_CRIAR_ATRIBUTO, DS_CABECALHO, IE_CONTROLE_PB, IE_REMOVER_ESPACO_BRANCO, DS_NAMESPACE, NM_TABELA_DEF_BANCO, NM_ATRIBUTO_XML_PESQUISA, CD_EXP_OBSERVACAO, NM_TABELA_BASE, NM_ATRIBUTO_BASE, QT_TAMANHO, QT_DECIMAIS, CD_DOMINIO, NR_SEQ_ITEM_XSD ) VALUES (
344056, 74980, 21, 'nrInscEstab', 'nrInscEstab', 'S', 'S', 'VARCHAR2', NULL, 'apapandini'
,  TO_Date( '10/17/2018 08:59:21 ', 'MM/DD/YYYY HH:MI:SS '), 'apapandini',  TO_Date( '10/17/2018 08:59:21 ', 'MM/DD/YYYY HH:MI:SS ')
, NULL, 'S', NULL, 'N', NULL, NULL, NULL, 'NRINSCESTAB', NULL, NULL, NULL, NULL, NULL
, NULL, NULL);
INSERT INTO XML_ATRIBUTO( NR_SEQUENCIA, NR_SEQ_ELEMENTO, NR_SEQ_APRESENTACAO, NM_ATRIBUTO_XML, NM_ATRIBUTO, IE_CRIAR_NULO, IE_OBRIGATORIO, IE_TIPO_ATRIBUTO, DS_MASCARA, NM_USUARIO_NREC, DT_ATUALIZACAO_NREC, NM_USUARIO, DT_ATUALIZACAO, NR_SEQ_ATRIB_ELEM, IE_CRIAR_ATRIBUTO, DS_CABECALHO, IE_CONTROLE_PB, IE_REMOVER_ESPACO_BRANCO, DS_NAMESPACE, NM_TABELA_DEF_BANCO, NM_ATRIBUTO_XML_PESQUISA, CD_EXP_OBSERVACAO, NM_TABELA_BASE, NM_ATRIBUTO_BASE, QT_TAMANHO, QT_DECIMAIS, CD_DOMINIO, NR_SEQ_ITEM_XSD ) VALUES (
344057, 74980, 22, 'recursosRep', NULL, 'S', 'S', NULL, NULL, 'apapandini',  TO_Date( '10/17/2018 08:59:21 ', 'MM/DD/YYYY HH:MI:SS ')
, 'apapandini',  TO_Date( '10/17/2018 08:59:21 ', 'MM/DD/YYYY HH:MI:SS '), 74981
, 'S', NULL, 'N', NULL, NULL, NULL, 'RECURSOSREP', NULL, NULL, NULL, NULL, NULL, NULL
, NULL);
INSERT INTO XML_ATRIBUTO( NR_SEQUENCIA, NR_SEQ_ELEMENTO, NR_SEQ_APRESENTACAO, NM_ATRIBUTO_XML, NM_ATRIBUTO, IE_CRIAR_NULO, IE_OBRIGATORIO, IE_TIPO_ATRIBUTO, DS_MASCARA, NM_USUARIO_NREC, DT_ATUALIZACAO_NREC, NM_USUARIO, DT_ATUALIZACAO, NR_SEQ_ATRIB_ELEM, IE_CRIAR_ATRIBUTO, DS_CABECALHO, IE_CONTROLE_PB, IE_REMOVER_ESPACO_BRANCO, DS_NAMESPACE, NM_TABELA_DEF_BANCO, NM_ATRIBUTO_XML_PESQUISA, CD_EXP_OBSERVACAO, NM_TABELA_BASE, NM_ATRIBUTO_BASE, QT_TAMANHO, QT_DECIMAIS, CD_DOMINIO, NR_SEQ_ITEM_XSD ) VALUES (
344058, 74981, 26, 'cnpjAssocDesp', 'cnpjAssocDesp', 'S', 'S', 'VARCHAR2', NULL, 'apapandini'
,  TO_Date( '10/17/2018 08:59:21 ', 'MM/DD/YYYY HH:MI:SS '), 'apapandini',  TO_Date( '10/17/2018 08:59:21 ', 'MM/DD/YYYY HH:MI:SS ')
, NULL, 'S', NULL, 'N', NULL, NULL, NULL, 'CNPJASSOCDESP', NULL, NULL, NULL, NULL
, NULL, NULL, NULL);
INSERT INTO XML_ATRIBUTO( NR_SEQUENCIA, NR_SEQ_ELEMENTO, NR_SEQ_APRESENTACAO, NM_ATRIBUTO_XML, NM_ATRIBUTO, IE_CRIAR_NULO, IE_OBRIGATORIO, IE_TIPO_ATRIBUTO, DS_MASCARA, NM_USUARIO_NREC, DT_ATUALIZACAO_NREC, NM_USUARIO, DT_ATUALIZACAO, NR_SEQ_ATRIB_ELEM, IE_CRIAR_ATRIBUTO, DS_CABECALHO, IE_CONTROLE_PB, IE_REMOVER_ESPACO_BRANCO, DS_NAMESPACE, NM_TABELA_DEF_BANCO, NM_ATRIBUTO_XML_PESQUISA, CD_EXP_OBSERVACAO, NM_TABELA_BASE, NM_ATRIBUTO_BASE, QT_TAMANHO, QT_DECIMAIS, CD_DOMINIO, NR_SEQ_ITEM_XSD ) VALUES (
344059, 74981, 27, 'vlrTotalRep', 'vlrTotalRep', 'S', 'S', 'NUMBER', NULL, 'apapandini'
,  TO_Date( '10/17/2018 08:59:21 ', 'MM/DD/YYYY HH:MI:SS '), 'apapandini',  TO_Date( '10/17/2018 08:59:21 ', 'MM/DD/YYYY HH:MI:SS ')
, NULL, 'S', NULL, 'N', NULL, NULL, NULL, 'VLRTOTALREP', NULL, NULL, NULL, NULL, NULL
, NULL, NULL);
INSERT INTO XML_ATRIBUTO( NR_SEQUENCIA, NR_SEQ_ELEMENTO, NR_SEQ_APRESENTACAO, NM_ATRIBUTO_XML, NM_ATRIBUTO, IE_CRIAR_NULO, IE_OBRIGATORIO, IE_TIPO_ATRIBUTO, DS_MASCARA, NM_USUARIO_NREC, DT_ATUALIZACAO_NREC, NM_USUARIO, DT_ATUALIZACAO, NR_SEQ_ATRIB_ELEM, IE_CRIAR_ATRIBUTO, DS_CABECALHO, IE_CONTROLE_PB, IE_REMOVER_ESPACO_BRANCO, DS_NAMESPACE, NM_TABELA_DEF_BANCO, NM_ATRIBUTO_XML_PESQUISA, CD_EXP_OBSERVACAO, NM_TABELA_BASE, NM_ATRIBUTO_BASE, QT_TAMANHO, QT_DECIMAIS, CD_DOMINIO, NR_SEQ_ITEM_XSD ) VALUES (
344060, 74981, 28, 'vlrTotalRet', 'vlrTotalRet', 'S', 'S', 'NUMBER', NULL, 'apapandini'
,  TO_Date( '10/17/2018 08:59:21 ', 'MM/DD/YYYY HH:MI:SS '), 'apapandini',  TO_Date( '10/17/2018 08:59:21 ', 'MM/DD/YYYY HH:MI:SS ')
, NULL, 'S', NULL, 'N', NULL, NULL, NULL, 'VLRTOTALRET', NULL, NULL, NULL, NULL, NULL
, NULL, NULL);
INSERT INTO XML_ATRIBUTO( NR_SEQUENCIA, NR_SEQ_ELEMENTO, NR_SEQ_APRESENTACAO, NM_ATRIBUTO_XML, NM_ATRIBUTO, IE_CRIAR_NULO, IE_OBRIGATORIO, IE_TIPO_ATRIBUTO, DS_MASCARA, NM_USUARIO_NREC, DT_ATUALIZACAO_NREC, NM_USUARIO, DT_ATUALIZACAO, NR_SEQ_ATRIB_ELEM, IE_CRIAR_ATRIBUTO, DS_CABECALHO, IE_CONTROLE_PB, IE_REMOVER_ESPACO_BRANCO, DS_NAMESPACE, NM_TABELA_DEF_BANCO, NM_ATRIBUTO_XML_PESQUISA, CD_EXP_OBSERVACAO, NM_TABELA_BASE, NM_ATRIBUTO_BASE, QT_TAMANHO, QT_DECIMAIS, CD_DOMINIO, NR_SEQ_ITEM_XSD ) VALUES (
344061, 74981, 29, 'infoRecurso', NULL, 'S', 'S', NULL, NULL, 'apapandini',  TO_Date( '10/17/2018 08:59:21 ', 'MM/DD/YYYY HH:MI:SS ')
, 'apapandini',  TO_Date( '10/17/2018 08:59:21 ', 'MM/DD/YYYY HH:MI:SS '), 74982
, 'S', NULL, 'N', NULL, NULL, NULL, 'INFORECURSO', NULL, NULL, NULL, NULL, NULL, NULL
, NULL);
INSERT INTO XML_ATRIBUTO( NR_SEQUENCIA, NR_SEQ_ELEMENTO, NR_SEQ_APRESENTACAO, NM_ATRIBUTO_XML, NM_ATRIBUTO, IE_CRIAR_NULO, IE_OBRIGATORIO, IE_TIPO_ATRIBUTO, DS_MASCARA, NM_USUARIO_NREC, DT_ATUALIZACAO_NREC, NM_USUARIO, DT_ATUALIZACAO, NR_SEQ_ATRIB_ELEM, IE_CRIAR_ATRIBUTO, DS_CABECALHO, IE_CONTROLE_PB, IE_REMOVER_ESPACO_BRANCO, DS_NAMESPACE, NM_TABELA_DEF_BANCO, NM_ATRIBUTO_XML_PESQUISA, CD_EXP_OBSERVACAO, NM_TABELA_BASE, NM_ATRIBUTO_BASE, QT_TAMANHO, QT_DECIMAIS, CD_DOMINIO, NR_SEQ_ITEM_XSD ) VALUES (
344062, 74982, 31, 'tpRepasse', 'tpRepasse', 'S', 'S', 'VARCHAR2', NULL, 'apapandini'
,  TO_Date( '10/17/2018 08:59:21 ', 'MM/DD/YYYY HH:MI:SS '), 'apapandini',  TO_Date( '10/17/2018 08:59:21 ', 'MM/DD/YYYY HH:MI:SS ')
, NULL, 'S', NULL, 'N', NULL, NULL, NULL, 'TPREPASSE', NULL, NULL, NULL, NULL, NULL
, NULL, NULL);
INSERT INTO XML_ATRIBUTO( NR_SEQUENCIA, NR_SEQ_ELEMENTO, NR_SEQ_APRESENTACAO, NM_ATRIBUTO_XML, NM_ATRIBUTO, IE_CRIAR_NULO, IE_OBRIGATORIO, IE_TIPO_ATRIBUTO, DS_MASCARA, NM_USUARIO_NREC, DT_ATUALIZACAO_NREC, NM_USUARIO, DT_ATUALIZACAO, NR_SEQ_ATRIB_ELEM, IE_CRIAR_ATRIBUTO, DS_CABECALHO, IE_CONTROLE_PB, IE_REMOVER_ESPACO_BRANCO, DS_NAMESPACE, NM_TABELA_DEF_BANCO, NM_ATRIBUTO_XML_PESQUISA, CD_EXP_OBSERVACAO, NM_TABELA_BASE, NM_ATRIBUTO_BASE, QT_TAMANHO, QT_DECIMAIS, CD_DOMINIO, NR_SEQ_ITEM_XSD ) VALUES (
344063, 74982, 32, 'descRecurso', 'descRecurso', 'S', 'S', 'VARCHAR2', NULL, 'apapandini'
,  TO_Date( '10/17/2018 08:59:21 ', 'MM/DD/YYYY HH:MI:SS '), 'apapandini',  TO_Date( '10/17/2018 08:59:21 ', 'MM/DD/YYYY HH:MI:SS ')
, NULL, 'S', NULL, 'N', NULL, NULL, NULL, 'DESCRECURSO', NULL, NULL, NULL, NULL, NULL
, NULL, NULL);
INSERT INTO XML_ATRIBUTO( NR_SEQUENCIA, NR_SEQ_ELEMENTO, NR_SEQ_APRESENTACAO, NM_ATRIBUTO_XML, NM_ATRIBUTO, IE_CRIAR_NULO, IE_OBRIGATORIO, IE_TIPO_ATRIBUTO, DS_MASCARA, NM_USUARIO_NREC, DT_ATUALIZACAO_NREC, NM_USUARIO, DT_ATUALIZACAO, NR_SEQ_ATRIB_ELEM, IE_CRIAR_ATRIBUTO, DS_CABECALHO, IE_CONTROLE_PB, IE_REMOVER_ESPACO_BRANCO, DS_NAMESPACE, NM_TABELA_DEF_BANCO, NM_ATRIBUTO_XML_PESQUISA, CD_EXP_OBSERVACAO, NM_TABELA_BASE, NM_ATRIBUTO_BASE, QT_TAMANHO, QT_DECIMAIS, CD_DOMINIO, NR_SEQ_ITEM_XSD ) VALUES (
344064, 74982, 33, 'vlrBruto', 'vlrBruto', 'S', 'S', 'NUMBER', NULL, 'apapandini'
,  TO_Date( '10/17/2018 08:59:21 ', 'MM/DD/YYYY HH:MI:SS '), 'apapandini',  TO_Date( '10/17/2018 08:59:21 ', 'MM/DD/YYYY HH:MI:SS ')
, NULL, 'S', NULL, 'N', NULL, NULL, NULL, 'VLRBRUTO', NULL, NULL, NULL, NULL, NULL
, NULL, NULL);
INSERT INTO XML_ATRIBUTO( NR_SEQUENCIA, NR_SEQ_ELEMENTO, NR_SEQ_APRESENTACAO, NM_ATRIBUTO_XML, NM_ATRIBUTO, IE_CRIAR_NULO, IE_OBRIGATORIO, IE_TIPO_ATRIBUTO, DS_MASCARA, NM_USUARIO_NREC, DT_ATUALIZACAO_NREC, NM_USUARIO, DT_ATUALIZACAO, NR_SEQ_ATRIB_ELEM, IE_CRIAR_ATRIBUTO, DS_CABECALHO, IE_CONTROLE_PB, IE_REMOVER_ESPACO_BRANCO, DS_NAMESPACE, NM_TABELA_DEF_BANCO, NM_ATRIBUTO_XML_PESQUISA, CD_EXP_OBSERVACAO, NM_TABELA_BASE, NM_ATRIBUTO_BASE, QT_TAMANHO, QT_DECIMAIS, CD_DOMINIO, NR_SEQ_ITEM_XSD ) VALUES (
344065, 74982, 34, 'vlrRetApur', 'vlrRetApur', 'S', 'S', 'NUMBER', NULL, 'apapandini'
,  TO_Date( '10/17/2018 08:59:21 ', 'MM/DD/YYYY HH:MI:SS '), 'apapandini',  TO_Date( '10/17/2018 08:59:21 ', 'MM/DD/YYYY HH:MI:SS ')
, NULL, 'S', NULL, 'N', NULL, NULL, NULL, 'VLRRETAPUR', NULL, NULL, NULL, NULL, NULL
, NULL, NULL);
INSERT INTO XML_ATRIBUTO( NR_SEQUENCIA, NR_SEQ_ELEMENTO, NR_SEQ_APRESENTACAO, NM_ATRIBUTO_XML, NM_ATRIBUTO, IE_CRIAR_NULO, IE_OBRIGATORIO, IE_TIPO_ATRIBUTO, DS_MASCARA, NM_USUARIO_NREC, DT_ATUALIZACAO_NREC, NM_USUARIO, DT_ATUALIZACAO, NR_SEQ_ATRIB_ELEM, IE_CRIAR_ATRIBUTO, DS_CABECALHO, IE_CONTROLE_PB, IE_REMOVER_ESPACO_BRANCO, DS_NAMESPACE, NM_TABELA_DEF_BANCO, NM_ATRIBUTO_XML_PESQUISA, CD_EXP_OBSERVACAO, NM_TABELA_BASE, NM_ATRIBUTO_BASE, QT_TAMANHO, QT_DECIMAIS, CD_DOMINIO, NR_SEQ_ITEM_XSD ) VALUES (
344066, 74983, 15, 'tpInsc', 'tpInsc', 'S', 'S', 'NUMBER', NULL, 'apapandini',  TO_Date( '10/17/2018 08:59:21 ', 'MM/DD/YYYY HH:MI:SS ')
, 'apapandini',  TO_Date( '10/17/2018 08:59:21 ', 'MM/DD/YYYY HH:MI:SS '), NULL
, 'S', NULL, 'N', NULL, NULL, NULL, 'TPINSC', NULL, NULL, NULL, NULL, NULL, NULL, NULL);
INSERT INTO XML_ATRIBUTO( NR_SEQUENCIA, NR_SEQ_ELEMENTO, NR_SEQ_APRESENTACAO, NM_ATRIBUTO_XML, NM_ATRIBUTO, IE_CRIAR_NULO, IE_OBRIGATORIO, IE_TIPO_ATRIBUTO, DS_MASCARA, NM_USUARIO_NREC, DT_ATUALIZACAO_NREC, NM_USUARIO, DT_ATUALIZACAO, NR_SEQ_ATRIB_ELEM, IE_CRIAR_ATRIBUTO, DS_CABECALHO, IE_CONTROLE_PB, IE_REMOVER_ESPACO_BRANCO, DS_NAMESPACE, NM_TABELA_DEF_BANCO, NM_ATRIBUTO_XML_PESQUISA, CD_EXP_OBSERVACAO, NM_TABELA_BASE, NM_ATRIBUTO_BASE, QT_TAMANHO, QT_DECIMAIS, CD_DOMINIO, NR_SEQ_ITEM_XSD ) VALUES (
344067, 74983, 16, 'nrInsc', 'nrInsc', 'S', 'S', 'VARCHAR2', NULL, 'apapandini',  TO_Date( '10/17/2018 08:59:21 ', 'MM/DD/YYYY HH:MI:SS ')
, 'apapandini',  TO_Date( '10/17/2018 08:59:21 ', 'MM/DD/YYYY HH:MI:SS '), NULL
, 'S', NULL, 'N', NULL, NULL, NULL, 'NRINSC', NULL, NULL, NULL, NULL, NULL, NULL, NULL);
INSERT INTO XML_ATRIBUTO( NR_SEQUENCIA, NR_SEQ_ELEMENTO, NR_SEQ_APRESENTACAO, NM_ATRIBUTO_XML, NM_ATRIBUTO, IE_CRIAR_NULO, IE_OBRIGATORIO, IE_TIPO_ATRIBUTO, DS_MASCARA, NM_USUARIO_NREC, DT_ATUALIZACAO_NREC, NM_USUARIO, DT_ATUALIZACAO, NR_SEQ_ATRIB_ELEM, IE_CRIAR_ATRIBUTO, DS_CABECALHO, IE_CONTROLE_PB, IE_REMOVER_ESPACO_BRANCO, DS_NAMESPACE, NM_TABELA_DEF_BANCO, NM_ATRIBUTO_XML_PESQUISA, CD_EXP_OBSERVACAO, NM_TABELA_BASE, NM_ATRIBUTO_BASE, QT_TAMANHO, QT_DECIMAIS, CD_DOMINIO, NR_SEQ_ITEM_XSD ) VALUES (
344068, 74983, 17, 'ideEstab', NULL, 'S', 'S', NULL, NULL, 'apapandini',  TO_Date( '10/17/2018 08:59:21 ', 'MM/DD/YYYY HH:MI:SS ')
, 'apapandini',  TO_Date( '10/17/2018 08:59:21 ', 'MM/DD/YYYY HH:MI:SS '), 74980
, 'S', NULL, 'N', NULL, NULL, NULL, 'IDEESTAB', NULL, NULL, NULL, NULL, NULL, NULL
, NULL);
INSERT INTO XML_ATRIBUTO( NR_SEQUENCIA, NR_SEQ_ELEMENTO, NR_SEQ_APRESENTACAO, NM_ATRIBUTO_XML, NM_ATRIBUTO, IE_CRIAR_NULO, IE_OBRIGATORIO, IE_TIPO_ATRIBUTO, DS_MASCARA, NM_USUARIO_NREC, DT_ATUALIZACAO_NREC, NM_USUARIO, DT_ATUALIZACAO, NR_SEQ_ATRIB_ELEM, IE_CRIAR_ATRIBUTO, DS_CABECALHO, IE_CONTROLE_PB, IE_REMOVER_ESPACO_BRANCO, DS_NAMESPACE, NM_TABELA_DEF_BANCO, NM_ATRIBUTO_XML_PESQUISA, CD_EXP_OBSERVACAO, NM_TABELA_BASE, NM_ATRIBUTO_BASE, QT_TAMANHO, QT_DECIMAIS, CD_DOMINIO, NR_SEQ_ITEM_XSD ) VALUES (
344069, 74984, 2, 'loteEventos', NULL, 'S', 'S', NULL, NULL, 'apapandini',  TO_Date( '10/17/2018 08:59:21 ', 'MM/DD/YYYY HH:MI:SS ')
, 'apapandini',  TO_Date( '10/17/2018 08:59:21 ', 'MM/DD/YYYY HH:MI:SS '), 74985
, 'S', NULL, 'N', NULL, NULL, NULL, 'LOTEEVENTOS', NULL, NULL, NULL, NULL, NULL, NULL
, NULL);
INSERT INTO XML_ATRIBUTO( NR_SEQUENCIA, NR_SEQ_ELEMENTO, NR_SEQ_APRESENTACAO, NM_ATRIBUTO_XML, NM_ATRIBUTO, IE_CRIAR_NULO, IE_OBRIGATORIO, IE_TIPO_ATRIBUTO, DS_MASCARA, NM_USUARIO_NREC, DT_ATUALIZACAO_NREC, NM_USUARIO, DT_ATUALIZACAO, NR_SEQ_ATRIB_ELEM, IE_CRIAR_ATRIBUTO, DS_CABECALHO, IE_CONTROLE_PB, IE_REMOVER_ESPACO_BRANCO, DS_NAMESPACE, NM_TABELA_DEF_BANCO, NM_ATRIBUTO_XML_PESQUISA, CD_EXP_OBSERVACAO, NM_TABELA_BASE, NM_ATRIBUTO_BASE, QT_TAMANHO, QT_DECIMAIS, CD_DOMINIO, NR_SEQ_ITEM_XSD ) VALUES (
344070, 74985, 1, 'evento', NULL, 'S', 'S', NULL, NULL, 'apapandini',  TO_Date( '10/17/2018 08:59:21 ', 'MM/DD/YYYY HH:MI:SS ')
, 'apapandini',  TO_Date( '10/17/2018 08:59:21 ', 'MM/DD/YYYY HH:MI:SS '), 74987
, 'S', 'id=":nr_id"', 'N', NULL, NULL, NULL, 'EVENTO', NULL, NULL, NULL, NULL, NULL
, NULL, NULL);
INSERT INTO XML_ATRIBUTO( NR_SEQUENCIA, NR_SEQ_ELEMENTO, NR_SEQ_APRESENTACAO, NM_ATRIBUTO_XML, NM_ATRIBUTO, IE_CRIAR_NULO, IE_OBRIGATORIO, IE_TIPO_ATRIBUTO, DS_MASCARA, NM_USUARIO_NREC, DT_ATUALIZACAO_NREC, NM_USUARIO, DT_ATUALIZACAO, NR_SEQ_ATRIB_ELEM, IE_CRIAR_ATRIBUTO, DS_CABECALHO, IE_CONTROLE_PB, IE_REMOVER_ESPACO_BRANCO, DS_NAMESPACE, NM_TABELA_DEF_BANCO, NM_ATRIBUTO_XML_PESQUISA, CD_EXP_OBSERVACAO, NM_TABELA_BASE, NM_ATRIBUTO_BASE, QT_TAMANHO, QT_DECIMAIS, CD_DOMINIO, NR_SEQ_ITEM_XSD ) VALUES (
344071, 74986, 7, 'indRetif', 'indRetif', 'S', 'S', 'NUMBER', NULL, 'apapandini',  TO_Date( '10/17/2018 08:59:21 ', 'MM/DD/YYYY HH:MI:SS ')
, 'apapandini',  TO_Date( '10/17/2018 08:59:21 ', 'MM/DD/YYYY HH:MI:SS '), NULL
, 'S', NULL, 'N', NULL, NULL, NULL, 'INDRETIF', NULL, NULL, NULL, NULL, NULL, NULL
, NULL);
INSERT INTO XML_ATRIBUTO( NR_SEQUENCIA, NR_SEQ_ELEMENTO, NR_SEQ_APRESENTACAO, NM_ATRIBUTO_XML, NM_ATRIBUTO, IE_CRIAR_NULO, IE_OBRIGATORIO, IE_TIPO_ATRIBUTO, DS_MASCARA, NM_USUARIO_NREC, DT_ATUALIZACAO_NREC, NM_USUARIO, DT_ATUALIZACAO, NR_SEQ_ATRIB_ELEM, IE_CRIAR_ATRIBUTO, DS_CABECALHO, IE_CONTROLE_PB, IE_REMOVER_ESPACO_BRANCO, DS_NAMESPACE, NM_TABELA_DEF_BANCO, NM_ATRIBUTO_XML_PESQUISA, CD_EXP_OBSERVACAO, NM_TABELA_BASE, NM_ATRIBUTO_BASE, QT_TAMANHO, QT_DECIMAIS, CD_DOMINIO, NR_SEQ_ITEM_XSD ) VALUES (
344072, 74986, 8, 'nrRecibo', 'nrRecibo', 'N', 'N', 'VARCHAR2', NULL, 'apapandini'
,  TO_Date( '10/17/2018 08:59:21 ', 'MM/DD/YYYY HH:MI:SS '), 'apapandini',  TO_Date( '10/17/2018 08:59:21 ', 'MM/DD/YYYY HH:MI:SS ')
, NULL, 'S', NULL, 'N', NULL, NULL, NULL, 'NRRECIBO', NULL, NULL, NULL, NULL, NULL
, NULL, NULL);
INSERT INTO XML_ATRIBUTO( NR_SEQUENCIA, NR_SEQ_ELEMENTO, NR_SEQ_APRESENTACAO, NM_ATRIBUTO_XML, NM_ATRIBUTO, IE_CRIAR_NULO, IE_OBRIGATORIO, IE_TIPO_ATRIBUTO, DS_MASCARA, NM_USUARIO_NREC, DT_ATUALIZACAO_NREC, NM_USUARIO, DT_ATUALIZACAO, NR_SEQ_ATRIB_ELEM, IE_CRIAR_ATRIBUTO, DS_CABECALHO, IE_CONTROLE_PB, IE_REMOVER_ESPACO_BRANCO, DS_NAMESPACE, NM_TABELA_DEF_BANCO, NM_ATRIBUTO_XML_PESQUISA, CD_EXP_OBSERVACAO, NM_TABELA_BASE, NM_ATRIBUTO_BASE, QT_TAMANHO, QT_DECIMAIS, CD_DOMINIO, NR_SEQ_ITEM_XSD ) VALUES (
344073, 74986, 11, 'procEmi', 'procEmi', 'S', 'S', 'NUMBER', NULL, 'apapandini',  TO_Date( '10/17/2018 08:59:21 ', 'MM/DD/YYYY HH:MI:SS ')
, 'apapandini',  TO_Date( '10/17/2018 08:59:21 ', 'MM/DD/YYYY HH:MI:SS '), NULL
, 'S', NULL, 'N', NULL, NULL, NULL, 'PROCEMI', NULL, NULL, NULL, NULL, NULL, NULL
, NULL);
INSERT INTO XML_ATRIBUTO( NR_SEQUENCIA, NR_SEQ_ELEMENTO, NR_SEQ_APRESENTACAO, NM_ATRIBUTO_XML, NM_ATRIBUTO, IE_CRIAR_NULO, IE_OBRIGATORIO, IE_TIPO_ATRIBUTO, DS_MASCARA, NM_USUARIO_NREC, DT_ATUALIZACAO_NREC, NM_USUARIO, DT_ATUALIZACAO, NR_SEQ_ATRIB_ELEM, IE_CRIAR_ATRIBUTO, DS_CABECALHO, IE_CONTROLE_PB, IE_REMOVER_ESPACO_BRANCO, DS_NAMESPACE, NM_TABELA_DEF_BANCO, NM_ATRIBUTO_XML_PESQUISA, CD_EXP_OBSERVACAO, NM_TABELA_BASE, NM_ATRIBUTO_BASE, QT_TAMANHO, QT_DECIMAIS, CD_DOMINIO, NR_SEQ_ITEM_XSD ) VALUES (
344074, 74986, 9, 'perApur', 'perApur', 'S', 'S', 'VARCHAR2', NULL, 'apapandini',  TO_Date( '10/17/2018 08:59:21 ', 'MM/DD/YYYY HH:MI:SS ')
, 'apapandini',  TO_Date( '10/17/2018 08:59:21 ', 'MM/DD/YYYY HH:MI:SS '), NULL
, 'S', NULL, 'N', NULL, NULL, NULL, 'PERAPUR', NULL, NULL, NULL, NULL, NULL, NULL
, NULL);
INSERT INTO XML_ATRIBUTO( NR_SEQUENCIA, NR_SEQ_ELEMENTO, NR_SEQ_APRESENTACAO, NM_ATRIBUTO_XML, NM_ATRIBUTO, IE_CRIAR_NULO, IE_OBRIGATORIO, IE_TIPO_ATRIBUTO, DS_MASCARA, NM_USUARIO_NREC, DT_ATUALIZACAO_NREC, NM_USUARIO, DT_ATUALIZACAO, NR_SEQ_ATRIB_ELEM, IE_CRIAR_ATRIBUTO, DS_CABECALHO, IE_CONTROLE_PB, IE_REMOVER_ESPACO_BRANCO, DS_NAMESPACE, NM_TABELA_DEF_BANCO, NM_ATRIBUTO_XML_PESQUISA, CD_EXP_OBSERVACAO, NM_TABELA_BASE, NM_ATRIBUTO_BASE, QT_TAMANHO, QT_DECIMAIS, CD_DOMINIO, NR_SEQ_ITEM_XSD ) VALUES (
344075, 74986, 10, 'tpAmb', 'tpAmb', 'S', 'S', 'NUMBER', NULL, 'apapandini',  TO_Date( '10/17/2018 08:59:21 ', 'MM/DD/YYYY HH:MI:SS ')
, 'apapandini',  TO_Date( '10/17/2018 08:59:21 ', 'MM/DD/YYYY HH:MI:SS '), NULL
, 'S', NULL, 'N', NULL, NULL, NULL, 'TPAMB', NULL, NULL, NULL, NULL, NULL, NULL, NULL);
INSERT INTO XML_ATRIBUTO( NR_SEQUENCIA, NR_SEQ_ELEMENTO, NR_SEQ_APRESENTACAO, NM_ATRIBUTO_XML, NM_ATRIBUTO, IE_CRIAR_NULO, IE_OBRIGATORIO, IE_TIPO_ATRIBUTO, DS_MASCARA, NM_USUARIO_NREC, DT_ATUALIZACAO_NREC, NM_USUARIO, DT_ATUALIZACAO, NR_SEQ_ATRIB_ELEM, IE_CRIAR_ATRIBUTO, DS_CABECALHO, IE_CONTROLE_PB, IE_REMOVER_ESPACO_BRANCO, DS_NAMESPACE, NM_TABELA_DEF_BANCO, NM_ATRIBUTO_XML_PESQUISA, CD_EXP_OBSERVACAO, NM_TABELA_BASE, NM_ATRIBUTO_BASE, QT_TAMANHO, QT_DECIMAIS, CD_DOMINIO, NR_SEQ_ITEM_XSD ) VALUES (
344076, 74986, 12, 'verProc', 'verProc', 'S', 'S', 'VARCHAR2', NULL, 'apapandini'
,  TO_Date( '10/17/2018 08:59:21 ', 'MM/DD/YYYY HH:MI:SS '), 'apapandini',  TO_Date( '10/17/2018 08:59:21 ', 'MM/DD/YYYY HH:MI:SS ')
, NULL, 'S', NULL, 'N', NULL, NULL, NULL, 'VERPROC', NULL, NULL, NULL, NULL, NULL
, NULL, NULL);
INSERT INTO XML_ATRIBUTO( NR_SEQUENCIA, NR_SEQ_ELEMENTO, NR_SEQ_APRESENTACAO, NM_ATRIBUTO_XML, NM_ATRIBUTO, IE_CRIAR_NULO, IE_OBRIGATORIO, IE_TIPO_ATRIBUTO, DS_MASCARA, NM_USUARIO_NREC, DT_ATUALIZACAO_NREC, NM_USUARIO, DT_ATUALIZACAO, NR_SEQ_ATRIB_ELEM, IE_CRIAR_ATRIBUTO, DS_CABECALHO, IE_CONTROLE_PB, IE_REMOVER_ESPACO_BRANCO, DS_NAMESPACE, NM_TABELA_DEF_BANCO, NM_ATRIBUTO_XML_PESQUISA, CD_EXP_OBSERVACAO, NM_TABELA_BASE, NM_ATRIBUTO_BASE, QT_TAMANHO, QT_DECIMAIS, CD_DOMINIO, NR_SEQ_ITEM_XSD ) VALUES (
344077, 74987, 2, 'Reinf', NULL, 'S', 'S', NULL, NULL, 'apapandini',  TO_Date( '10/17/2018 08:59:21 ', 'MM/DD/YYYY HH:MI:SS ')
, 'apapandini',  TO_Date( '10/17/2018 08:59:21 ', 'MM/DD/YYYY HH:MI:SS '), 74988
, 'S', 'xmlns="http://www.reinf.esocial.gov.br/schemas/evtRecursoRepassadoAssociacao/v1_04_00"'
, 'N', NULL, NULL, NULL, 'REINF', NULL, NULL, NULL, NULL, NULL, NULL, NULL);
INSERT INTO XML_ATRIBUTO( NR_SEQUENCIA, NR_SEQ_ELEMENTO, NR_SEQ_APRESENTACAO, NM_ATRIBUTO_XML, NM_ATRIBUTO, IE_CRIAR_NULO, IE_OBRIGATORIO, IE_TIPO_ATRIBUTO, DS_MASCARA, NM_USUARIO_NREC, DT_ATUALIZACAO_NREC, NM_USUARIO, DT_ATUALIZACAO, NR_SEQ_ATRIB_ELEM, IE_CRIAR_ATRIBUTO, DS_CABECALHO, IE_CONTROLE_PB, IE_REMOVER_ESPACO_BRANCO, DS_NAMESPACE, NM_TABELA_DEF_BANCO, NM_ATRIBUTO_XML_PESQUISA, CD_EXP_OBSERVACAO, NM_TABELA_BASE, NM_ATRIBUTO_BASE, QT_TAMANHO, QT_DECIMAIS, CD_DOMINIO, NR_SEQ_ITEM_XSD ) VALUES (
344078, 74988, 2, 'evtAssocDespRep', NULL, 'S', 'S', NULL, NULL, 'apapandini',  TO_Date( '10/17/2018 08:59:21 ', 'MM/DD/YYYY HH:MI:SS ')
, 'apapandini',  TO_Date( '10/17/2018 08:59:21 ', 'MM/DD/YYYY HH:MI:SS '), 74979
, 'S', 'id=":nr_id"', 'N', NULL, NULL, NULL, 'EVTASSOCDESPREP', NULL, NULL, NULL, NULL
, NULL, NULL, NULL);

--	FIM XML 102452
--	INICIO XML 102453
INSERT INTO XML_PROJETO( NR_SEQUENCIA, DS_PROJETO, DT_ATUALIZACAO, NM_USUARIO, DT_ATUALIZACAO_NREC, NM_USUARIO_NREC, DS_CABECALHO, DS_OBSERVACAO, IE_TIPO_COMPLEXO, NR_SEQ_PROJ_COMPLEXO, IE_HOSP_PLS, DS_VERSAO, IE_TISS, IE_SITUACAO, IE_GERAR_QUEBRA ) VALUES (
102453, 'SPED - REINF R2020 INCLUSÃO - V.1.4.00',  TO_Date( '10/17/2018 01:26:32 ', 'MM/DD/YYYY HH:MI:SS ')
, 'apapandini',  TO_Date( '10/17/2018 09:01:43 ', 'MM/DD/YYYY HH:MI:SS '), 'apapandini'
, NULL, NULL, 'N', NULL, 'H', NULL, 'N', 'I', NULL);

INSERT INTO XML_ELEMENTO( NR_SEQUENCIA, NR_SEQ_APRESENTACAO, NR_SEQ_PROJETO, NM_ELEMENTO, DS_ELEMENTO, DS_CABECALHO, DS_SQL, DS_GRUPO, NM_USUARIO, DT_ATUALIZACAO, IE_CRIAR_NULO, NM_USUARIO_NREC, DT_ATUALIZACAO_NREC, IE_TIPO_ELEMENTO, IE_CRIAR_ELEMENTO, IE_TIPO_COMPLEXO, DS_SQL_2, DS_NAMESPACE, QT_MIN_OCOR, QT_MAX_OCOR, NR_SEQ_ITEM_XSD ) VALUES (
74996, 39, 102453, 'infoTpServ', 'infoTpServ', NULL, 'SELECT   tpservico,Campo_mascara_casas(Sum(vlrRetencao),2) vlrRetencao,
         Campo_mascara_casas(Sum(vlrBaseRet),2) vlrBaseRet,
         Campo_mascara_casas(Sum(vlrNRetPrinc),2) vlrNRetPrinc
FROM     (  SELECT ie_tipo_servico tpservico, (t.vl_base_calculo * 0.11) vlrRetencao,t.vl_base_calculo vlrBaseRet,
                   Decode(Obter_se_possui_processo(n.nr_seq_nota,fr.nr_sequencia,''2020''),''S'',t.vl_tributo,0) vlrNRetPrinc
                  FROM nota_fiscal_item i,nota_fiscal_trib t,material_fiscal m,fis_reinf_r2020 fr,fis_reinf_notas_r2020 n
                  WHERE t.nr_sequencia = i.nr_sequencia AND n.nr_seq_nota = i.nr_sequencia
                  AND m.cd_material = i.cd_material AND fr.cd_tributo = t.cd_tributo
                  AND fr.nr_sequencia = :nr_sequencia AND i.nr_sequencia = :nr_seq_nf
                  GROUP BY ie_tipo_servico,(t.vl_base_calculo * 0.11),t.vl_base_calculo,
                           Decode(Obter_se_possui_processo(n.nr_seq_nota,fr.nr_sequencia,''2020''),''S'',t.vl_tributo,0) UNION
                  SELECT   ie_tipo_servico tpservico,(t.vl_base_calculo * 0.11) vlrRetencao, sum(t.vl_base_calculo) vlrBaseRet,
                           Decode(Obter_se_possui_processo(n.nr_seq_nota,fr.nr_sequencia,''2020''),''S'',t.vl_tributo,0) vlrNRetPrinc
                  from     nota_fiscal_item i,nota_fiscal_item_trib t,material_fiscal m,fis_reinf_r2020 fr,fis_reinf_notas_r2020 n
                  WHERE m.cd_material = i.cd_material AND i.nr_item_nf = t.nr_item_nf AND i.nr_sequencia = t.nr_sequencia
                  AND fr.cd_tributo = t.cd_tributo AND fr.nr_sequencia = :nr_sequencia
                  AND i.nr_sequencia = :nr_seq_nf AND n.nr_seq_nota = i.nr_sequencia
                  GROUP BY ie_tipo_servico,(t.vl_base_calculo * 0.11),
                           Decode(Obter_se_possui_processo(n.nr_seq_nota,fr.nr_sequencia,''2020''),''S'',t.vl_tributo,0) UNION
                  SELECT   ie_tipo_servico  tpservico,(t.vl_base_calculo * 0.11) vlrRetencao,t.vl_base_calculo vlrBaseRet,
                           Decode(Obter_se_possui_processo(n.nr_seq_nota,fr.nr_sequencia,''2020''),''S'',t.vl_tributo,0) vlrNRetPrinc
                  FROM nota_fiscal_item i, nota_fiscal_trib t, procedimento_fiscal pf, fis_reinf_r2020 fr, fis_reinf_notas_r2020 n
                  WHERE    t.nr_sequencia = i.nr_sequencia AND n.nr_seq_nota = i.nr_sequencia
                  AND      pf.cd_procedimento = i.cd_procedimento AND fr.cd_tributo = t.cd_tributo
                  AND      fr.nr_sequencia = :nr_sequencia AND i.nr_sequencia = :nr_seq_nf
                  GROUP BY ie_tipo_servico,(t.vl_base_calculo * 0.11),t.vl_base_calculo,
                           Decode(Obter_se_possui_processo(n.nr_seq_nota,fr.nr_sequencia,''2020''),''S'',t.vl_tributo,0) UNION
                  SELECT   ie_tipo_servico tpservico,(t.vl_base_calculo * 0.11) vlrRetencao, sum(t.vl_base_calculo) vlrBaseRet,
                           Decode(Obter_se_possui_processo(n.nr_seq_nota,fr.nr_sequencia,''2020''),''S'',t.vl_tributo,0) vlrNRetPrinc
                  FROM nota_fiscal_item i,nota_fiscal_item_trib t,procedimento_fiscal pf,
                       fis_reinf_r2020 fr,fis_reinf_notas_r2020 n
                  WHERE pf.cd_procedimento = i.cd_procedimento AND i.nr_item_nf = t.nr_item_nf AND i.nr_sequencia = t.nr_sequencia
                  AND fr.cd_tributo = t.cd_tributo AND fr.nr_sequencia = :nr_sequencia
                  AND i.nr_sequencia = :nr_seq_nf AND n.nr_seq_nota = i.nr_sequencia
                  GROUP BY ie_tipo_servico,(t.vl_base_calculo * 0.11),
			   Decode(Obter_se_possui_processo(n.nr_seq_nota,fr.nr_sequencia,''2020''),''S'',t.vl_tributo,0)) GROUP BY tpservico'
, NULL, 'apapandini',  TO_Date( '10/17/2018 09:01:43 ', 'MM/DD/YYYY HH:MI:SS ')
, 'S', 'apapandini',  TO_Date( '10/17/2018 09:01:43 ', 'MM/DD/YYYY HH:MI:SS ')
, 'E', 'S', 'S', NULL, NULL, NULL, NULL, NULL);
INSERT INTO XML_ELEMENTO( NR_SEQUENCIA, NR_SEQ_APRESENTACAO, NR_SEQ_PROJETO, NM_ELEMENTO, DS_ELEMENTO, DS_CABECALHO, DS_SQL, DS_GRUPO, NM_USUARIO, DT_ATUALIZACAO, IE_CRIAR_NULO, NM_USUARIO_NREC, DT_ATUALIZACAO_NREC, IE_TIPO_ELEMENTO, IE_CRIAR_ELEMENTO, IE_TIPO_COMPLEXO, DS_SQL_2, DS_NAMESPACE, QT_MIN_OCOR, QT_MAX_OCOR, NR_SEQ_ITEM_XSD ) VALUES (
74997, 1, 102453, 'Reinf', 'Reinf', 'xmlns="http://www.reinf.esocial.gov.br/schemas/envioLoteEventos/v1_04_00"'
, NULL, NULL, 'apapandini',  TO_Date( '10/17/2018 09:01:43 ', 'MM/DD/YYYY HH:MI:SS ')
, 'S', 'apapandini',  TO_Date( '10/17/2018 09:01:43 ', 'MM/DD/YYYY HH:MI:SS ')
, 'E', 'S', 'S', NULL, NULL, NULL, NULL, NULL);
INSERT INTO XML_ELEMENTO( NR_SEQUENCIA, NR_SEQ_APRESENTACAO, NR_SEQ_PROJETO, NM_ELEMENTO, DS_ELEMENTO, DS_CABECALHO, DS_SQL, DS_GRUPO, NM_USUARIO, DT_ATUALIZACAO, IE_CRIAR_NULO, NM_USUARIO_NREC, DT_ATUALIZACAO_NREC, IE_TIPO_ELEMENTO, IE_CRIAR_ELEMENTO, IE_TIPO_COMPLEXO, DS_SQL_2, DS_NAMESPACE, QT_MIN_OCOR, QT_MAX_OCOR, NR_SEQ_ITEM_XSD ) VALUES (
74998, 3, 102453, 'loteEventos', 'loteEventos', NULL, NULL, NULL, 'apapandini',  TO_Date( '10/17/2018 09:01:43 ', 'MM/DD/YYYY HH:MI:SS ')
, 'S', 'apapandini',  TO_Date( '10/17/2018 09:01:43 ', 'MM/DD/YYYY HH:MI:SS ')
, 'E', 'S', 'S', NULL, NULL, NULL, NULL, NULL);
INSERT INTO XML_ELEMENTO( NR_SEQUENCIA, NR_SEQ_APRESENTACAO, NR_SEQ_PROJETO, NM_ELEMENTO, DS_ELEMENTO, DS_CABECALHO, DS_SQL, DS_GRUPO, NM_USUARIO, DT_ATUALIZACAO, IE_CRIAR_NULO, NM_USUARIO_NREC, DT_ATUALIZACAO_NREC, IE_TIPO_ELEMENTO, IE_CRIAR_ELEMENTO, IE_TIPO_COMPLEXO, DS_SQL_2, DS_NAMESPACE, QT_MIN_OCOR, QT_MAX_OCOR, NR_SEQ_ITEM_XSD ) VALUES (
74999, 6, 102453, 'ideEvento', 'ideEvento', NULL, NULL, NULL, 'apapandini',  TO_Date( '10/17/2018 09:01:43 ', 'MM/DD/YYYY HH:MI:SS ')
, 'S', 'apapandini',  TO_Date( '10/17/2018 09:01:43 ', 'MM/DD/YYYY HH:MI:SS ')
, 'E', 'S', 'S', NULL, NULL, NULL, NULL, NULL);
INSERT INTO XML_ELEMENTO( NR_SEQUENCIA, NR_SEQ_APRESENTACAO, NR_SEQ_PROJETO, NM_ELEMENTO, DS_ELEMENTO, DS_CABECALHO, DS_SQL, DS_GRUPO, NM_USUARIO, DT_ATUALIZACAO, IE_CRIAR_NULO, NM_USUARIO_NREC, DT_ATUALIZACAO_NREC, IE_TIPO_ELEMENTO, IE_CRIAR_ELEMENTO, IE_TIPO_COMPLEXO, DS_SQL_2, DS_NAMESPACE, QT_MIN_OCOR, QT_MAX_OCOR, NR_SEQ_ITEM_XSD ) VALUES (
75000, 14, 102453, 'ideContri', 'ideContri', NULL, NULL, NULL, 'apapandini',  TO_Date( '10/17/2018 09:01:43 ', 'MM/DD/YYYY HH:MI:SS ')
, 'S', 'apapandini',  TO_Date( '10/17/2018 09:01:43 ', 'MM/DD/YYYY HH:MI:SS ')
, 'E', 'S', 'S', NULL, NULL, NULL, NULL, NULL);
INSERT INTO XML_ELEMENTO( NR_SEQUENCIA, NR_SEQ_APRESENTACAO, NR_SEQ_PROJETO, NM_ELEMENTO, DS_ELEMENTO, DS_CABECALHO, DS_SQL, DS_GRUPO, NM_USUARIO, DT_ATUALIZACAO, IE_CRIAR_NULO, NM_USUARIO_NREC, DT_ATUALIZACAO_NREC, IE_TIPO_ELEMENTO, IE_CRIAR_ELEMENTO, IE_TIPO_COMPLEXO, DS_SQL_2, DS_NAMESPACE, QT_MIN_OCOR, QT_MAX_OCOR, NR_SEQ_ITEM_XSD ) VALUES (
75001, 10, 102453, 'infoProcRetPr', 'infoProcRetPr', NULL, 'select cd_tipo_processo tpProcRetPrinc,
       nr_processo nrProcRetPrinc,
       cd_ind_exigibilidade codSuspPrinc,
       Campo_mascara_casas(sum(vl_n_retencao_inss),2) valorPrinc
from   fis_reinf_r1070 a,
       fis_reinf_exib_trib b,
       fis_reinf_notas_r2020 c,
       fis_reinf_r2020 d
where  a.cd_cnpj = :cd_cnpj_tomador
and    a.nr_sequencia = b.nr_seq_superior
and    a.cd_cnpj = c.cd_cnpj
and    c.nr_seq_superior = d.nr_sequencia
and    d.nr_sequencia = :nr_sequencia
and    d.cd_tributo = a.cd_tributo
and    to_date(d.dt_competencia,''dd/mm/yyyy'') between to_date(a.dt_inicio_validade,''dd/mm/yyyy'') and fim_dia(to_date(nvl(a.dt_fim_validade, sysdate),''dd/mm/yyyy''))
group by cd_tipo_processo,
         nr_processo,
	 cd_ind_exigibilidade'
, NULL, 'apapandini',  TO_Date( '10/17/2018 09:01:43 ', 'MM/DD/YYYY HH:MI:SS ')
, 'S', 'apapandini',  TO_Date( '10/17/2018 09:01:43 ', 'MM/DD/YYYY HH:MI:SS ')
, 'E', 'S', 'S', NULL, NULL, NULL, NULL, NULL);
INSERT INTO XML_ELEMENTO( NR_SEQUENCIA, NR_SEQ_APRESENTACAO, NR_SEQ_PROJETO, NM_ELEMENTO, DS_ELEMENTO, DS_CABECALHO, DS_SQL, DS_GRUPO, NM_USUARIO, DT_ATUALIZACAO, IE_CRIAR_NULO, NM_USUARIO_NREC, DT_ATUALIZACAO_NREC, IE_TIPO_ELEMENTO, IE_CRIAR_ELEMENTO, IE_TIPO_COMPLEXO, DS_SQL_2, DS_NAMESPACE, QT_MIN_OCOR, QT_MAX_OCOR, NR_SEQ_ITEM_XSD ) VALUES (
74989, 2, 102453, 'Evento', 'Evento', NULL, 'select      (nr_id || adiciona_zeros_esquerda(rownum,5)) nr_id,
            indRetif,
	    nrRecibo,
	    perApur,
	    tpAmb,
	    procEmi,
	    verProc,
	    tpInsc,
	    nrInsc,
	    tpInscEstabPrest,
	    nrInscEstabPrest,
	    cd_cnpj
from (  SELECT
	(''ID'' || ''1'' || rpad(substr(e.cd_cgc,1,8), 14, ''0'') || TO_CHAR(SYSDATE,''YYYYMMDD'') || TO_CHAR(SYSDATE,''hh24miSS''))  nr_id,
	DECODE(a.ie_retificacao,''S'',2,1) indRetif,
	a.nr_recibo nrRecibo,
	TO_CHAR(a.dt_competencia,''yyyy-mm'') perApur,
	NVL(a.ie_ambiente,3) tpAmb,
	1 procEmi,
	(SELECT MAX(CD_VERSAO) cd FROM APLICACAO_TASY_VERSAO) verProc,
	1 tpInsc,
	substr(e.cd_cgc,1,8) nrInsc,
	1 tpInscEstabPrest,
	e.cd_cgc nrInscEstabPrest,
	n.cd_cnpj cd_cnpj
FROM 	fis_reinf_r2020 a,
	estabelecimento e,
	fis_reinf_notas_r2020 n
WHERE 	a.cd_estabelecimento = e.cd_estabelecimento
AND	a.nr_sequencia = :nr_sequencia
and 	n.nr_seq_superior = a.nr_sequencia
and 	n.dt_transmissao is null
and 	n.ie_status is null
group   by
        (''ID'' || ''1'' || rpad(substr(e.cd_cgc,1,8), 14, ''0'') || TO_CHAR(SYSDATE,''YYYYMMDD'') || TO_CHAR(SYSDATE,''hh24miSS'')),
	DECODE(a.ie_retificacao,''S'',2,1),
        a.nr_recibo,
        TO_CHAR(a.dt_competencia,''yyyy-mm''),
	NVL(a.ie_ambiente,3),
	1,
        1,
        substr(e.cd_cgc,1,8),
        1,
        e.cd_cgc,
        n.cd_cnpj )'
, NULL, 'apapandini',  TO_Date( '10/17/2018 09:01:43 ', 'MM/DD/YYYY HH:MI:SS ')
, 'S', 'apapandini',  TO_Date( '10/17/2018 09:01:43 ', 'MM/DD/YYYY HH:MI:SS ')
, 'E', 'S', 'S', NULL, NULL, NULL, NULL, NULL);
INSERT INTO XML_ELEMENTO( NR_SEQUENCIA, NR_SEQ_APRESENTACAO, NR_SEQ_PROJETO, NM_ELEMENTO, DS_ELEMENTO, DS_CABECALHO, DS_SQL, DS_GRUPO, NM_USUARIO, DT_ATUALIZACAO, IE_CRIAR_NULO, NM_USUARIO_NREC, DT_ATUALIZACAO_NREC, IE_TIPO_ELEMENTO, IE_CRIAR_ELEMENTO, IE_TIPO_COMPLEXO, DS_SQL_2, DS_NAMESPACE, QT_MIN_OCOR, QT_MAX_OCOR, NR_SEQ_ITEM_XSD ) VALUES (
74990, 2, 102453, 'Reinf', 'Reinf', NULL, NULL, NULL, 'apapandini',  TO_Date( '10/17/2018 09:01:43 ', 'MM/DD/YYYY HH:MI:SS ')
, 'S', 'apapandini',  TO_Date( '10/17/2018 09:01:43 ', 'MM/DD/YYYY HH:MI:SS ')
, 'E', 'S', 'S', NULL, NULL, NULL, NULL, NULL);
INSERT INTO XML_ELEMENTO( NR_SEQUENCIA, NR_SEQ_APRESENTACAO, NR_SEQ_PROJETO, NM_ELEMENTO, DS_ELEMENTO, DS_CABECALHO, DS_SQL, DS_GRUPO, NM_USUARIO, DT_ATUALIZACAO, IE_CRIAR_NULO, NM_USUARIO_NREC, DT_ATUALIZACAO_NREC, IE_TIPO_ELEMENTO, IE_CRIAR_ELEMENTO, IE_TIPO_COMPLEXO, DS_SQL_2, DS_NAMESPACE, QT_MIN_OCOR, QT_MAX_OCOR, NR_SEQ_ITEM_XSD ) VALUES (
74991, 2, 102453, 'evtServPrest', 'evtServPrest', NULL, NULL, NULL, 'apapandini',  TO_Date( '10/17/2018 09:01:43 ', 'MM/DD/YYYY HH:MI:SS ')
, 'S', 'apapandini',  TO_Date( '10/17/2018 09:01:43 ', 'MM/DD/YYYY HH:MI:SS ')
, 'E', 'S', 'S', NULL, NULL, NULL, NULL, NULL);
INSERT INTO XML_ELEMENTO( NR_SEQUENCIA, NR_SEQ_APRESENTACAO, NR_SEQ_PROJETO, NM_ELEMENTO, DS_ELEMENTO, DS_CABECALHO, DS_SQL, DS_GRUPO, NM_USUARIO, DT_ATUALIZACAO, IE_CRIAR_NULO, NM_USUARIO_NREC, DT_ATUALIZACAO_NREC, IE_TIPO_ELEMENTO, IE_CRIAR_ELEMENTO, IE_TIPO_COMPLEXO, DS_SQL_2, DS_NAMESPACE, QT_MIN_OCOR, QT_MAX_OCOR, NR_SEQ_ITEM_XSD ) VALUES (
74992, 18, 102453, 'infoServPrest', 'infoServPrest', NULL, NULL, NULL, 'apapandini'
,  TO_Date( '10/17/2018 09:01:43 ', 'MM/DD/YYYY HH:MI:SS '), 'S', 'apapandini'
,  TO_Date( '10/17/2018 09:01:43 ', 'MM/DD/YYYY HH:MI:SS '), 'E', 'S', 'S'
, NULL, NULL, NULL, NULL, NULL);
INSERT INTO XML_ELEMENTO( NR_SEQUENCIA, NR_SEQ_APRESENTACAO, NR_SEQ_PROJETO, NM_ELEMENTO, DS_ELEMENTO, DS_CABECALHO, DS_SQL, DS_GRUPO, NM_USUARIO, DT_ATUALIZACAO, IE_CRIAR_NULO, NM_USUARIO_NREC, DT_ATUALIZACAO_NREC, IE_TIPO_ELEMENTO, IE_CRIAR_ELEMENTO, IE_TIPO_COMPLEXO, DS_SQL_2, DS_NAMESPACE, QT_MIN_OCOR, QT_MAX_OCOR, NR_SEQ_ITEM_XSD ) VALUES (
74993, 20, 102453, 'ideEstabPrest', 'ideEstabPrest', NULL, NULL, NULL, 'apapandini'
,  TO_Date( '10/17/2018 09:01:43 ', 'MM/DD/YYYY HH:MI:SS '), 'S', 'apapandini'
,  TO_Date( '10/17/2018 09:01:43 ', 'MM/DD/YYYY HH:MI:SS '), 'E', 'S', 'S'
, NULL, NULL, NULL, NULL, NULL);
INSERT INTO XML_ELEMENTO( NR_SEQUENCIA, NR_SEQ_APRESENTACAO, NR_SEQ_PROJETO, NM_ELEMENTO, DS_ELEMENTO, DS_CABECALHO, DS_SQL, DS_GRUPO, NM_USUARIO, DT_ATUALIZACAO, IE_CRIAR_NULO, NM_USUARIO_NREC, DT_ATUALIZACAO_NREC, IE_TIPO_ELEMENTO, IE_CRIAR_ELEMENTO, IE_TIPO_COMPLEXO, DS_SQL_2, DS_NAMESPACE, QT_MIN_OCOR, QT_MAX_OCOR, NR_SEQ_ITEM_XSD ) VALUES (
74994, 24, 102453, 'ideTomador', 'ideTomador', NULL, 'SELECT 	1 tpInscTomador,
	a.cd_cnpj nrInscTomador,
	0 indObra,
	Campo_Mascara_casas(SUM(a.vl_bruto_nf),2)   vlrTotalBruto,
	Campo_Mascara_casas(SUM(a.vl_base_trib_inss),2) vlrTotalBaseRet,
	Campo_mascara_casas(Sum(a.vl_retencao_inss),2)  vlrTotalRetPrinc,
        Campo_mascara_casas(Sum(a.vl_n_retencao_inss),2) vlrTotalNRetPrinc,
	a.cd_cnpj cd_cnpj_tomador
FROM 	fis_reinf_notas_r2020 a,
	nota_fiscal n
WHERE 	a.nr_seq_nota = n.nr_sequencia
AND	a.cd_cnpj IS NOT NULL
AND 	a.nr_seq_superior = :nr_sequencia
AND 	a.dt_transmissao IS NULL
AND 	a.ie_status IS NULL
AND     a.cd_cnpj = :cd_cnpj
GROUP BY a.cd_cnpj,
	 n.cd_cgc_emitente'
, NULL, 'apapandini',  TO_Date( '10/17/2018 09:01:43 ', 'MM/DD/YYYY HH:MI:SS ')
, 'S', 'apapandini',  TO_Date( '10/17/2018 09:01:43 ', 'MM/DD/YYYY HH:MI:SS ')
, 'E', 'S', 'S', NULL, NULL, NULL, NULL, NULL);
INSERT INTO XML_ELEMENTO( NR_SEQUENCIA, NR_SEQ_APRESENTACAO, NR_SEQ_PROJETO, NM_ELEMENTO, DS_ELEMENTO, DS_CABECALHO, DS_SQL, DS_GRUPO, NM_USUARIO, DT_ATUALIZACAO, IE_CRIAR_NULO, NM_USUARIO_NREC, DT_ATUALIZACAO_NREC, IE_TIPO_ELEMENTO, IE_CRIAR_ELEMENTO, IE_TIPO_COMPLEXO, DS_SQL_2, DS_NAMESPACE, QT_MIN_OCOR, QT_MAX_OCOR, NR_SEQ_ITEM_XSD ) VALUES (
74995, 32, 102453, 'nfs', 'nfs', NULL, 'SELECT 	n.cd_serie_nf serie,
        n.nr_nota_fiscal numDocto,
	    TO_CHAR(n.dt_emissao,''yyyy-mm-dd'') dtEmissaoNF,
		REPLACE(TO_CHAR(TRUNC(a.vl_bruto_nf),''99999999990.00''),''.'','','') vlrBruto,
	    NVL(SUBSTR(n.ds_observacao,1,250),''Sem nenhuma observacao'') obs,
	    n.nr_sequencia nr_seq_nf
FROM 	fis_reinf_notas_r2020 a,
	nota_fiscal n
WHERE 	a.nr_seq_nota = n.nr_sequencia
AND     a.cd_cnpj = :cd_cnpj_tomador
AND  	a.nr_seq_superior = :nr_sequencia'
, NULL, 'apapandini',  TO_Date( '10/17/2018 09:01:43 ', 'MM/DD/YYYY HH:MI:SS ')
, 'S', 'apapandini',  TO_Date( '10/17/2018 09:01:43 ', 'MM/DD/YYYY HH:MI:SS ')
, 'E', 'S', 'S', NULL, NULL, NULL, NULL, NULL);

INSERT INTO XML_ATRIBUTO( NR_SEQUENCIA, NR_SEQ_ELEMENTO, NR_SEQ_APRESENTACAO, NM_ATRIBUTO_XML, NM_ATRIBUTO, IE_CRIAR_NULO, IE_OBRIGATORIO, IE_TIPO_ATRIBUTO, DS_MASCARA, NM_USUARIO_NREC, DT_ATUALIZACAO_NREC, NM_USUARIO, DT_ATUALIZACAO, NR_SEQ_ATRIB_ELEM, IE_CRIAR_ATRIBUTO, DS_CABECALHO, IE_CONTROLE_PB, IE_REMOVER_ESPACO_BRANCO, DS_NAMESPACE, NM_TABELA_DEF_BANCO, NM_ATRIBUTO_XML_PESQUISA, CD_EXP_OBSERVACAO, NM_TABELA_BASE, NM_ATRIBUTO_BASE, QT_TAMANHO, QT_DECIMAIS, CD_DOMINIO, NR_SEQ_ITEM_XSD ) VALUES (
344103, 74996, 40, 'tpServico', 'tpServico', 'S', 'N', 'NUMBER', NULL, 'apapandini'
,  TO_Date( '10/17/2018 09:01:43 ', 'MM/DD/YYYY HH:MI:SS '), 'apapandini',  TO_Date( '10/17/2018 09:01:43 ', 'MM/DD/YYYY HH:MI:SS ')
, NULL, 'S', NULL, 'N', NULL, NULL, NULL, 'TPSERVICO', NULL, NULL, NULL, NULL, NULL
, NULL, NULL);
INSERT INTO XML_ATRIBUTO( NR_SEQUENCIA, NR_SEQ_ELEMENTO, NR_SEQ_APRESENTACAO, NM_ATRIBUTO_XML, NM_ATRIBUTO, IE_CRIAR_NULO, IE_OBRIGATORIO, IE_TIPO_ATRIBUTO, DS_MASCARA, NM_USUARIO_NREC, DT_ATUALIZACAO_NREC, NM_USUARIO, DT_ATUALIZACAO, NR_SEQ_ATRIB_ELEM, IE_CRIAR_ATRIBUTO, DS_CABECALHO, IE_CONTROLE_PB, IE_REMOVER_ESPACO_BRANCO, DS_NAMESPACE, NM_TABELA_DEF_BANCO, NM_ATRIBUTO_XML_PESQUISA, CD_EXP_OBSERVACAO, NM_TABELA_BASE, NM_ATRIBUTO_BASE, QT_TAMANHO, QT_DECIMAIS, CD_DOMINIO, NR_SEQ_ITEM_XSD ) VALUES (
344104, 74996, 46, 'vlrBaseRet', 'vlrBaseRet', 'N', 'N', 'NUMBER', NULL, 'apapandini'
,  TO_Date( '10/17/2018 09:01:43 ', 'MM/DD/YYYY HH:MI:SS '), 'apapandini',  TO_Date( '10/17/2018 09:01:43 ', 'MM/DD/YYYY HH:MI:SS ')
, NULL, 'S', NULL, 'N', NULL, NULL, NULL, 'VLRBASERET', NULL, NULL, NULL, NULL, NULL
, NULL, NULL);
INSERT INTO XML_ATRIBUTO( NR_SEQUENCIA, NR_SEQ_ELEMENTO, NR_SEQ_APRESENTACAO, NM_ATRIBUTO_XML, NM_ATRIBUTO, IE_CRIAR_NULO, IE_OBRIGATORIO, IE_TIPO_ATRIBUTO, DS_MASCARA, NM_USUARIO_NREC, DT_ATUALIZACAO_NREC, NM_USUARIO, DT_ATUALIZACAO, NR_SEQ_ATRIB_ELEM, IE_CRIAR_ATRIBUTO, DS_CABECALHO, IE_CONTROLE_PB, IE_REMOVER_ESPACO_BRANCO, DS_NAMESPACE, NM_TABELA_DEF_BANCO, NM_ATRIBUTO_XML_PESQUISA, CD_EXP_OBSERVACAO, NM_TABELA_BASE, NM_ATRIBUTO_BASE, QT_TAMANHO, QT_DECIMAIS, CD_DOMINIO, NR_SEQ_ITEM_XSD ) VALUES (
344105, 74996, 47, 'vlrRetencao', 'vlrRetencao', 'N', 'N', 'NUMBER', NULL, 'apapandini'
,  TO_Date( '10/17/2018 09:01:43 ', 'MM/DD/YYYY HH:MI:SS '), 'apapandini',  TO_Date( '10/17/2018 09:01:43 ', 'MM/DD/YYYY HH:MI:SS ')
, NULL, 'S', NULL, 'N', NULL, NULL, NULL, 'VLRRETENCAO', NULL, NULL, NULL, NULL, NULL
, NULL, NULL);
INSERT INTO XML_ATRIBUTO( NR_SEQUENCIA, NR_SEQ_ELEMENTO, NR_SEQ_APRESENTACAO, NM_ATRIBUTO_XML, NM_ATRIBUTO, IE_CRIAR_NULO, IE_OBRIGATORIO, IE_TIPO_ATRIBUTO, DS_MASCARA, NM_USUARIO_NREC, DT_ATUALIZACAO_NREC, NM_USUARIO, DT_ATUALIZACAO, NR_SEQ_ATRIB_ELEM, IE_CRIAR_ATRIBUTO, DS_CABECALHO, IE_CONTROLE_PB, IE_REMOVER_ESPACO_BRANCO, DS_NAMESPACE, NM_TABELA_DEF_BANCO, NM_ATRIBUTO_XML_PESQUISA, CD_EXP_OBSERVACAO, NM_TABELA_BASE, NM_ATRIBUTO_BASE, QT_TAMANHO, QT_DECIMAIS, CD_DOMINIO, NR_SEQ_ITEM_XSD ) VALUES (
344106, 74996, 59, 'vlrNRetPrinc', 'vlrNRetPrinc', 'N', 'N', 'NUMBER', NULL, 'apapandini'
,  TO_Date( '10/17/2018 09:01:43 ', 'MM/DD/YYYY HH:MI:SS '), 'apapandini',  TO_Date( '10/17/2018 09:01:43 ', 'MM/DD/YYYY HH:MI:SS ')
, NULL, 'S', NULL, 'N', NULL, NULL, NULL, 'VLRNRETPRINC', NULL, NULL, NULL, NULL, NULL
, NULL, NULL);
INSERT INTO XML_ATRIBUTO( NR_SEQUENCIA, NR_SEQ_ELEMENTO, NR_SEQ_APRESENTACAO, NM_ATRIBUTO_XML, NM_ATRIBUTO, IE_CRIAR_NULO, IE_OBRIGATORIO, IE_TIPO_ATRIBUTO, DS_MASCARA, NM_USUARIO_NREC, DT_ATUALIZACAO_NREC, NM_USUARIO, DT_ATUALIZACAO, NR_SEQ_ATRIB_ELEM, IE_CRIAR_ATRIBUTO, DS_CABECALHO, IE_CONTROLE_PB, IE_REMOVER_ESPACO_BRANCO, DS_NAMESPACE, NM_TABELA_DEF_BANCO, NM_ATRIBUTO_XML_PESQUISA, CD_EXP_OBSERVACAO, NM_TABELA_BASE, NM_ATRIBUTO_BASE, QT_TAMANHO, QT_DECIMAIS, CD_DOMINIO, NR_SEQ_ITEM_XSD ) VALUES (
344107, 74997, 2, 'loteEventos', NULL, 'S', 'S', NULL, NULL, 'apapandini',  TO_Date( '10/17/2018 09:01:43 ', 'MM/DD/YYYY HH:MI:SS ')
, 'apapandini',  TO_Date( '10/17/2018 09:01:43 ', 'MM/DD/YYYY HH:MI:SS '), 74998
, 'S', NULL, 'N', NULL, NULL, NULL, 'LOTEEVENTOS', NULL, NULL, NULL, NULL, NULL, NULL
, NULL);
INSERT INTO XML_ATRIBUTO( NR_SEQUENCIA, NR_SEQ_ELEMENTO, NR_SEQ_APRESENTACAO, NM_ATRIBUTO_XML, NM_ATRIBUTO, IE_CRIAR_NULO, IE_OBRIGATORIO, IE_TIPO_ATRIBUTO, DS_MASCARA, NM_USUARIO_NREC, DT_ATUALIZACAO_NREC, NM_USUARIO, DT_ATUALIZACAO, NR_SEQ_ATRIB_ELEM, IE_CRIAR_ATRIBUTO, DS_CABECALHO, IE_CONTROLE_PB, IE_REMOVER_ESPACO_BRANCO, DS_NAMESPACE, NM_TABELA_DEF_BANCO, NM_ATRIBUTO_XML_PESQUISA, CD_EXP_OBSERVACAO, NM_TABELA_BASE, NM_ATRIBUTO_BASE, QT_TAMANHO, QT_DECIMAIS, CD_DOMINIO, NR_SEQ_ITEM_XSD ) VALUES (
344108, 74998, 1, 'evento', NULL, 'S', 'S', NULL, NULL, 'apapandini',  TO_Date( '10/17/2018 09:01:43 ', 'MM/DD/YYYY HH:MI:SS ')
, 'apapandini',  TO_Date( '10/17/2018 09:01:43 ', 'MM/DD/YYYY HH:MI:SS '), 74989
, 'S', 'id=":nr_id"', 'N', NULL, NULL, NULL, 'EVENTO', NULL, NULL, NULL, NULL, NULL
, NULL, NULL);
INSERT INTO XML_ATRIBUTO( NR_SEQUENCIA, NR_SEQ_ELEMENTO, NR_SEQ_APRESENTACAO, NM_ATRIBUTO_XML, NM_ATRIBUTO, IE_CRIAR_NULO, IE_OBRIGATORIO, IE_TIPO_ATRIBUTO, DS_MASCARA, NM_USUARIO_NREC, DT_ATUALIZACAO_NREC, NM_USUARIO, DT_ATUALIZACAO, NR_SEQ_ATRIB_ELEM, IE_CRIAR_ATRIBUTO, DS_CABECALHO, IE_CONTROLE_PB, IE_REMOVER_ESPACO_BRANCO, DS_NAMESPACE, NM_TABELA_DEF_BANCO, NM_ATRIBUTO_XML_PESQUISA, CD_EXP_OBSERVACAO, NM_TABELA_BASE, NM_ATRIBUTO_BASE, QT_TAMANHO, QT_DECIMAIS, CD_DOMINIO, NR_SEQ_ITEM_XSD ) VALUES (
344109, 74999, 7, 'indRetif', 'indRetif', 'S', 'S', 'NUMBER', NULL, 'apapandini',  TO_Date( '10/17/2018 09:01:43 ', 'MM/DD/YYYY HH:MI:SS ')
, 'apapandini',  TO_Date( '10/17/2018 09:01:43 ', 'MM/DD/YYYY HH:MI:SS '), NULL
, 'S', NULL, 'N', NULL, NULL, NULL, 'INDRETIF', NULL, NULL, NULL, NULL, NULL, NULL
, NULL);
INSERT INTO XML_ATRIBUTO( NR_SEQUENCIA, NR_SEQ_ELEMENTO, NR_SEQ_APRESENTACAO, NM_ATRIBUTO_XML, NM_ATRIBUTO, IE_CRIAR_NULO, IE_OBRIGATORIO, IE_TIPO_ATRIBUTO, DS_MASCARA, NM_USUARIO_NREC, DT_ATUALIZACAO_NREC, NM_USUARIO, DT_ATUALIZACAO, NR_SEQ_ATRIB_ELEM, IE_CRIAR_ATRIBUTO, DS_CABECALHO, IE_CONTROLE_PB, IE_REMOVER_ESPACO_BRANCO, DS_NAMESPACE, NM_TABELA_DEF_BANCO, NM_ATRIBUTO_XML_PESQUISA, CD_EXP_OBSERVACAO, NM_TABELA_BASE, NM_ATRIBUTO_BASE, QT_TAMANHO, QT_DECIMAIS, CD_DOMINIO, NR_SEQ_ITEM_XSD ) VALUES (
344110, 74999, 8, 'nrRecibo', 'nrRecibo', 'N', 'N', 'VARCHAR2', NULL, 'apapandini'
,  TO_Date( '10/17/2018 09:01:43 ', 'MM/DD/YYYY HH:MI:SS '), 'apapandini',  TO_Date( '10/17/2018 09:01:43 ', 'MM/DD/YYYY HH:MI:SS ')
, NULL, 'S', NULL, 'N', NULL, NULL, NULL, 'NRRECIBO', NULL, NULL, NULL, NULL, NULL
, NULL, NULL);
INSERT INTO XML_ATRIBUTO( NR_SEQUENCIA, NR_SEQ_ELEMENTO, NR_SEQ_APRESENTACAO, NM_ATRIBUTO_XML, NM_ATRIBUTO, IE_CRIAR_NULO, IE_OBRIGATORIO, IE_TIPO_ATRIBUTO, DS_MASCARA, NM_USUARIO_NREC, DT_ATUALIZACAO_NREC, NM_USUARIO, DT_ATUALIZACAO, NR_SEQ_ATRIB_ELEM, IE_CRIAR_ATRIBUTO, DS_CABECALHO, IE_CONTROLE_PB, IE_REMOVER_ESPACO_BRANCO, DS_NAMESPACE, NM_TABELA_DEF_BANCO, NM_ATRIBUTO_XML_PESQUISA, CD_EXP_OBSERVACAO, NM_TABELA_BASE, NM_ATRIBUTO_BASE, QT_TAMANHO, QT_DECIMAIS, CD_DOMINIO, NR_SEQ_ITEM_XSD ) VALUES (
344111, 74999, 11, 'procEmi', 'procEmi', 'S', 'S', 'NUMBER', NULL, 'apapandini',  TO_Date( '10/17/2018 09:01:43 ', 'MM/DD/YYYY HH:MI:SS ')
, 'apapandini',  TO_Date( '10/17/2018 09:01:43 ', 'MM/DD/YYYY HH:MI:SS '), NULL
, 'S', NULL, 'N', NULL, NULL, NULL, 'PROCEMI', NULL, NULL, NULL, NULL, NULL, NULL
, NULL);
INSERT INTO XML_ATRIBUTO( NR_SEQUENCIA, NR_SEQ_ELEMENTO, NR_SEQ_APRESENTACAO, NM_ATRIBUTO_XML, NM_ATRIBUTO, IE_CRIAR_NULO, IE_OBRIGATORIO, IE_TIPO_ATRIBUTO, DS_MASCARA, NM_USUARIO_NREC, DT_ATUALIZACAO_NREC, NM_USUARIO, DT_ATUALIZACAO, NR_SEQ_ATRIB_ELEM, IE_CRIAR_ATRIBUTO, DS_CABECALHO, IE_CONTROLE_PB, IE_REMOVER_ESPACO_BRANCO, DS_NAMESPACE, NM_TABELA_DEF_BANCO, NM_ATRIBUTO_XML_PESQUISA, CD_EXP_OBSERVACAO, NM_TABELA_BASE, NM_ATRIBUTO_BASE, QT_TAMANHO, QT_DECIMAIS, CD_DOMINIO, NR_SEQ_ITEM_XSD ) VALUES (
344112, 74999, 9, 'perApur', 'perApur', 'S', 'S', 'VARCHAR2', NULL, 'apapandini',  TO_Date( '10/17/2018 09:01:43 ', 'MM/DD/YYYY HH:MI:SS ')
, 'apapandini',  TO_Date( '10/17/2018 09:01:43 ', 'MM/DD/YYYY HH:MI:SS '), NULL
, 'S', NULL, 'N', NULL, NULL, NULL, 'PERAPUR', NULL, NULL, NULL, NULL, NULL, NULL
, NULL);
INSERT INTO XML_ATRIBUTO( NR_SEQUENCIA, NR_SEQ_ELEMENTO, NR_SEQ_APRESENTACAO, NM_ATRIBUTO_XML, NM_ATRIBUTO, IE_CRIAR_NULO, IE_OBRIGATORIO, IE_TIPO_ATRIBUTO, DS_MASCARA, NM_USUARIO_NREC, DT_ATUALIZACAO_NREC, NM_USUARIO, DT_ATUALIZACAO, NR_SEQ_ATRIB_ELEM, IE_CRIAR_ATRIBUTO, DS_CABECALHO, IE_CONTROLE_PB, IE_REMOVER_ESPACO_BRANCO, DS_NAMESPACE, NM_TABELA_DEF_BANCO, NM_ATRIBUTO_XML_PESQUISA, CD_EXP_OBSERVACAO, NM_TABELA_BASE, NM_ATRIBUTO_BASE, QT_TAMANHO, QT_DECIMAIS, CD_DOMINIO, NR_SEQ_ITEM_XSD ) VALUES (
344113, 74999, 10, 'tpAmb', 'tpAmb', 'S', 'S', 'NUMBER', NULL, 'apapandini',  TO_Date( '10/17/2018 09:01:43 ', 'MM/DD/YYYY HH:MI:SS ')
, 'apapandini',  TO_Date( '10/17/2018 09:01:43 ', 'MM/DD/YYYY HH:MI:SS '), NULL
, 'S', NULL, 'N', NULL, NULL, NULL, 'TPAMB', NULL, NULL, NULL, NULL, NULL, NULL, NULL);
INSERT INTO XML_ATRIBUTO( NR_SEQUENCIA, NR_SEQ_ELEMENTO, NR_SEQ_APRESENTACAO, NM_ATRIBUTO_XML, NM_ATRIBUTO, IE_CRIAR_NULO, IE_OBRIGATORIO, IE_TIPO_ATRIBUTO, DS_MASCARA, NM_USUARIO_NREC, DT_ATUALIZACAO_NREC, NM_USUARIO, DT_ATUALIZACAO, NR_SEQ_ATRIB_ELEM, IE_CRIAR_ATRIBUTO, DS_CABECALHO, IE_CONTROLE_PB, IE_REMOVER_ESPACO_BRANCO, DS_NAMESPACE, NM_TABELA_DEF_BANCO, NM_ATRIBUTO_XML_PESQUISA, CD_EXP_OBSERVACAO, NM_TABELA_BASE, NM_ATRIBUTO_BASE, QT_TAMANHO, QT_DECIMAIS, CD_DOMINIO, NR_SEQ_ITEM_XSD ) VALUES (
344114, 74999, 12, 'verProc', 'verProc', 'N', 'N', 'VARCHAR2', NULL, 'apapandini'
,  TO_Date( '10/17/2018 09:01:43 ', 'MM/DD/YYYY HH:MI:SS '), 'apapandini',  TO_Date( '10/17/2018 09:01:43 ', 'MM/DD/YYYY HH:MI:SS ')
, NULL, 'S', NULL, 'N', NULL, NULL, NULL, 'VERPROC', NULL, NULL, NULL, NULL, NULL
, NULL, NULL);
INSERT INTO XML_ATRIBUTO( NR_SEQUENCIA, NR_SEQ_ELEMENTO, NR_SEQ_APRESENTACAO, NM_ATRIBUTO_XML, NM_ATRIBUTO, IE_CRIAR_NULO, IE_OBRIGATORIO, IE_TIPO_ATRIBUTO, DS_MASCARA, NM_USUARIO_NREC, DT_ATUALIZACAO_NREC, NM_USUARIO, DT_ATUALIZACAO, NR_SEQ_ATRIB_ELEM, IE_CRIAR_ATRIBUTO, DS_CABECALHO, IE_CONTROLE_PB, IE_REMOVER_ESPACO_BRANCO, DS_NAMESPACE, NM_TABELA_DEF_BANCO, NM_ATRIBUTO_XML_PESQUISA, CD_EXP_OBSERVACAO, NM_TABELA_BASE, NM_ATRIBUTO_BASE, QT_TAMANHO, QT_DECIMAIS, CD_DOMINIO, NR_SEQ_ITEM_XSD ) VALUES (
344115, 75000, 15, 'tpInsc', 'tpInsc', 'S', 'S', 'NUMBER', NULL, 'apapandini',  TO_Date( '10/17/2018 09:01:43 ', 'MM/DD/YYYY HH:MI:SS ')
, 'apapandini',  TO_Date( '10/17/2018 09:01:43 ', 'MM/DD/YYYY HH:MI:SS '), NULL
, 'S', NULL, 'N', NULL, NULL, NULL, 'TPINSC', NULL, NULL, NULL, NULL, NULL, NULL, NULL);
INSERT INTO XML_ATRIBUTO( NR_SEQUENCIA, NR_SEQ_ELEMENTO, NR_SEQ_APRESENTACAO, NM_ATRIBUTO_XML, NM_ATRIBUTO, IE_CRIAR_NULO, IE_OBRIGATORIO, IE_TIPO_ATRIBUTO, DS_MASCARA, NM_USUARIO_NREC, DT_ATUALIZACAO_NREC, NM_USUARIO, DT_ATUALIZACAO, NR_SEQ_ATRIB_ELEM, IE_CRIAR_ATRIBUTO, DS_CABECALHO, IE_CONTROLE_PB, IE_REMOVER_ESPACO_BRANCO, DS_NAMESPACE, NM_TABELA_DEF_BANCO, NM_ATRIBUTO_XML_PESQUISA, CD_EXP_OBSERVACAO, NM_TABELA_BASE, NM_ATRIBUTO_BASE, QT_TAMANHO, QT_DECIMAIS, CD_DOMINIO, NR_SEQ_ITEM_XSD ) VALUES (
344116, 75000, 16, 'nrInsc', 'nrInsc', 'S', 'S', 'VARCHAR2', NULL, 'apapandini',  TO_Date( '10/17/2018 09:01:43 ', 'MM/DD/YYYY HH:MI:SS ')
, 'apapandini',  TO_Date( '10/17/2018 09:01:43 ', 'MM/DD/YYYY HH:MI:SS '), NULL
, 'S', NULL, 'N', NULL, NULL, NULL, 'NRINSC', NULL, NULL, NULL, NULL, NULL, NULL, NULL);
INSERT INTO XML_ATRIBUTO( NR_SEQUENCIA, NR_SEQ_ELEMENTO, NR_SEQ_APRESENTACAO, NM_ATRIBUTO_XML, NM_ATRIBUTO, IE_CRIAR_NULO, IE_OBRIGATORIO, IE_TIPO_ATRIBUTO, DS_MASCARA, NM_USUARIO_NREC, DT_ATUALIZACAO_NREC, NM_USUARIO, DT_ATUALIZACAO, NR_SEQ_ATRIB_ELEM, IE_CRIAR_ATRIBUTO, DS_CABECALHO, IE_CONTROLE_PB, IE_REMOVER_ESPACO_BRANCO, DS_NAMESPACE, NM_TABELA_DEF_BANCO, NM_ATRIBUTO_XML_PESQUISA, CD_EXP_OBSERVACAO, NM_TABELA_BASE, NM_ATRIBUTO_BASE, QT_TAMANHO, QT_DECIMAIS, CD_DOMINIO, NR_SEQ_ITEM_XSD ) VALUES (
344117, 75001, 10, 'tpProcRetPrinc', 'tpProcRetPrinc', 'N', 'N', 'VARCHAR2', NULL
, 'apapandini',  TO_Date( '10/17/2018 09:01:43 ', 'MM/DD/YYYY HH:MI:SS '), 'apapandini'
,  TO_Date( '10/17/2018 09:01:43 ', 'MM/DD/YYYY HH:MI:SS '), NULL, 'S', NULL
, 'N', NULL, NULL, NULL, 'TPPROCRETPRINC', NULL, NULL, NULL, NULL, NULL, NULL, NULL);
INSERT INTO XML_ATRIBUTO( NR_SEQUENCIA, NR_SEQ_ELEMENTO, NR_SEQ_APRESENTACAO, NM_ATRIBUTO_XML, NM_ATRIBUTO, IE_CRIAR_NULO, IE_OBRIGATORIO, IE_TIPO_ATRIBUTO, DS_MASCARA, NM_USUARIO_NREC, DT_ATUALIZACAO_NREC, NM_USUARIO, DT_ATUALIZACAO, NR_SEQ_ATRIB_ELEM, IE_CRIAR_ATRIBUTO, DS_CABECALHO, IE_CONTROLE_PB, IE_REMOVER_ESPACO_BRANCO, DS_NAMESPACE, NM_TABELA_DEF_BANCO, NM_ATRIBUTO_XML_PESQUISA, CD_EXP_OBSERVACAO, NM_TABELA_BASE, NM_ATRIBUTO_BASE, QT_TAMANHO, QT_DECIMAIS, CD_DOMINIO, NR_SEQ_ITEM_XSD ) VALUES (
344118, 75001, 20, 'nrProcRetPrinc', 'nrProcRetPrinc', 'N', 'N', 'VARCHAR2', NULL
, 'apapandini',  TO_Date( '10/17/2018 09:01:43 ', 'MM/DD/YYYY HH:MI:SS '), 'apapandini'
,  TO_Date( '10/17/2018 09:01:43 ', 'MM/DD/YYYY HH:MI:SS '), NULL, 'S', NULL
, 'N', NULL, NULL, NULL, 'NRPROCRETPRINC', NULL, NULL, NULL, NULL, NULL, NULL, NULL);
INSERT INTO XML_ATRIBUTO( NR_SEQUENCIA, NR_SEQ_ELEMENTO, NR_SEQ_APRESENTACAO, NM_ATRIBUTO_XML, NM_ATRIBUTO, IE_CRIAR_NULO, IE_OBRIGATORIO, IE_TIPO_ATRIBUTO, DS_MASCARA, NM_USUARIO_NREC, DT_ATUALIZACAO_NREC, NM_USUARIO, DT_ATUALIZACAO, NR_SEQ_ATRIB_ELEM, IE_CRIAR_ATRIBUTO, DS_CABECALHO, IE_CONTROLE_PB, IE_REMOVER_ESPACO_BRANCO, DS_NAMESPACE, NM_TABELA_DEF_BANCO, NM_ATRIBUTO_XML_PESQUISA, CD_EXP_OBSERVACAO, NM_TABELA_BASE, NM_ATRIBUTO_BASE, QT_TAMANHO, QT_DECIMAIS, CD_DOMINIO, NR_SEQ_ITEM_XSD ) VALUES (
344119, 75001, 30, 'codSuspPrinc', 'codSuspPrinc', 'N', 'N', 'VARCHAR2', NULL, 'apapandini'
,  TO_Date( '10/17/2018 09:01:43 ', 'MM/DD/YYYY HH:MI:SS '), 'apapandini',  TO_Date( '10/17/2018 09:01:43 ', 'MM/DD/YYYY HH:MI:SS ')
, NULL, 'S', NULL, 'N', NULL, NULL, NULL, 'CODSUSPPRINC', NULL, NULL, NULL, NULL, NULL
, NULL, NULL);
INSERT INTO XML_ATRIBUTO( NR_SEQUENCIA, NR_SEQ_ELEMENTO, NR_SEQ_APRESENTACAO, NM_ATRIBUTO_XML, NM_ATRIBUTO, IE_CRIAR_NULO, IE_OBRIGATORIO, IE_TIPO_ATRIBUTO, DS_MASCARA, NM_USUARIO_NREC, DT_ATUALIZACAO_NREC, NM_USUARIO, DT_ATUALIZACAO, NR_SEQ_ATRIB_ELEM, IE_CRIAR_ATRIBUTO, DS_CABECALHO, IE_CONTROLE_PB, IE_REMOVER_ESPACO_BRANCO, DS_NAMESPACE, NM_TABELA_DEF_BANCO, NM_ATRIBUTO_XML_PESQUISA, CD_EXP_OBSERVACAO, NM_TABELA_BASE, NM_ATRIBUTO_BASE, QT_TAMANHO, QT_DECIMAIS, CD_DOMINIO, NR_SEQ_ITEM_XSD ) VALUES (
344120, 75001, 40, 'valorPrinc', 'valorPrinc', 'N', 'N', 'NUMBER', NULL, 'apapandini'
,  TO_Date( '10/17/2018 09:01:43 ', 'MM/DD/YYYY HH:MI:SS '), 'apapandini',  TO_Date( '10/17/2018 09:01:43 ', 'MM/DD/YYYY HH:MI:SS ')
, NULL, 'S', NULL, 'N', NULL, NULL, NULL, 'VALORPRINC', NULL, NULL, NULL, NULL, NULL
, NULL, NULL);
INSERT INTO XML_ATRIBUTO( NR_SEQUENCIA, NR_SEQ_ELEMENTO, NR_SEQ_APRESENTACAO, NM_ATRIBUTO_XML, NM_ATRIBUTO, IE_CRIAR_NULO, IE_OBRIGATORIO, IE_TIPO_ATRIBUTO, DS_MASCARA, NM_USUARIO_NREC, DT_ATUALIZACAO_NREC, NM_USUARIO, DT_ATUALIZACAO, NR_SEQ_ATRIB_ELEM, IE_CRIAR_ATRIBUTO, DS_CABECALHO, IE_CONTROLE_PB, IE_REMOVER_ESPACO_BRANCO, DS_NAMESPACE, NM_TABELA_DEF_BANCO, NM_ATRIBUTO_XML_PESQUISA, CD_EXP_OBSERVACAO, NM_TABELA_BASE, NM_ATRIBUTO_BASE, QT_TAMANHO, QT_DECIMAIS, CD_DOMINIO, NR_SEQ_ITEM_XSD ) VALUES (
344079, 74989, 2, 'Reinf', NULL, 'S', 'S', NULL, NULL, 'apapandini',  TO_Date( '10/17/2018 09:01:43 ', 'MM/DD/YYYY HH:MI:SS ')
, 'apapandini',  TO_Date( '10/17/2018 09:01:43 ', 'MM/DD/YYYY HH:MI:SS '), 74990
, 'S', 'xmlns="http://www.reinf.esocial.gov.br/schemas/evtPrestadorServicos/v1_04_00"'
, 'N', NULL, NULL, NULL, 'REINF', NULL, NULL, NULL, NULL, NULL, NULL, NULL);
INSERT INTO XML_ATRIBUTO( NR_SEQUENCIA, NR_SEQ_ELEMENTO, NR_SEQ_APRESENTACAO, NM_ATRIBUTO_XML, NM_ATRIBUTO, IE_CRIAR_NULO, IE_OBRIGATORIO, IE_TIPO_ATRIBUTO, DS_MASCARA, NM_USUARIO_NREC, DT_ATUALIZACAO_NREC, NM_USUARIO, DT_ATUALIZACAO, NR_SEQ_ATRIB_ELEM, IE_CRIAR_ATRIBUTO, DS_CABECALHO, IE_CONTROLE_PB, IE_REMOVER_ESPACO_BRANCO, DS_NAMESPACE, NM_TABELA_DEF_BANCO, NM_ATRIBUTO_XML_PESQUISA, CD_EXP_OBSERVACAO, NM_TABELA_BASE, NM_ATRIBUTO_BASE, QT_TAMANHO, QT_DECIMAIS, CD_DOMINIO, NR_SEQ_ITEM_XSD ) VALUES (
344080, 74990, 2, 'evtServPrest', NULL, 'S', 'S', NULL, NULL, 'apapandini',  TO_Date( '10/17/2018 09:01:43 ', 'MM/DD/YYYY HH:MI:SS ')
, 'apapandini',  TO_Date( '10/17/2018 09:01:43 ', 'MM/DD/YYYY HH:MI:SS '), 74991
, 'S', 'id=":nr_id"', 'N', NULL, NULL, NULL, 'EVTSERVPREST', NULL, NULL, NULL, NULL
, NULL, NULL, NULL);
INSERT INTO XML_ATRIBUTO( NR_SEQUENCIA, NR_SEQ_ELEMENTO, NR_SEQ_APRESENTACAO, NM_ATRIBUTO_XML, NM_ATRIBUTO, IE_CRIAR_NULO, IE_OBRIGATORIO, IE_TIPO_ATRIBUTO, DS_MASCARA, NM_USUARIO_NREC, DT_ATUALIZACAO_NREC, NM_USUARIO, DT_ATUALIZACAO, NR_SEQ_ATRIB_ELEM, IE_CRIAR_ATRIBUTO, DS_CABECALHO, IE_CONTROLE_PB, IE_REMOVER_ESPACO_BRANCO, DS_NAMESPACE, NM_TABELA_DEF_BANCO, NM_ATRIBUTO_XML_PESQUISA, CD_EXP_OBSERVACAO, NM_TABELA_BASE, NM_ATRIBUTO_BASE, QT_TAMANHO, QT_DECIMAIS, CD_DOMINIO, NR_SEQ_ITEM_XSD ) VALUES (
344081, 74991, 17, 'infoServPrest', NULL, 'S', 'S', NULL, NULL, 'apapandini',  TO_Date( '10/17/2018 09:01:43 ', 'MM/DD/YYYY HH:MI:SS ')
, 'apapandini',  TO_Date( '10/17/2018 09:01:43 ', 'MM/DD/YYYY HH:MI:SS '), 74992
, 'S', NULL, 'N', NULL, NULL, NULL, 'INFOSERVPREST', NULL, NULL, NULL, NULL, NULL
, NULL, NULL);
INSERT INTO XML_ATRIBUTO( NR_SEQUENCIA, NR_SEQ_ELEMENTO, NR_SEQ_APRESENTACAO, NM_ATRIBUTO_XML, NM_ATRIBUTO, IE_CRIAR_NULO, IE_OBRIGATORIO, IE_TIPO_ATRIBUTO, DS_MASCARA, NM_USUARIO_NREC, DT_ATUALIZACAO_NREC, NM_USUARIO, DT_ATUALIZACAO, NR_SEQ_ATRIB_ELEM, IE_CRIAR_ATRIBUTO, DS_CABECALHO, IE_CONTROLE_PB, IE_REMOVER_ESPACO_BRANCO, DS_NAMESPACE, NM_TABELA_DEF_BANCO, NM_ATRIBUTO_XML_PESQUISA, CD_EXP_OBSERVACAO, NM_TABELA_BASE, NM_ATRIBUTO_BASE, QT_TAMANHO, QT_DECIMAIS, CD_DOMINIO, NR_SEQ_ITEM_XSD ) VALUES (
344082, 74991, 5, 'ideEvento', NULL, 'S', 'S', NULL, NULL, 'apapandini',  TO_Date( '10/17/2018 09:01:43 ', 'MM/DD/YYYY HH:MI:SS ')
, 'apapandini',  TO_Date( '10/17/2018 09:01:43 ', 'MM/DD/YYYY HH:MI:SS '), 74999
, 'S', NULL, 'N', NULL, NULL, NULL, 'IDEEVENTO', NULL, NULL, NULL, NULL, NULL, NULL
, NULL);
INSERT INTO XML_ATRIBUTO( NR_SEQUENCIA, NR_SEQ_ELEMENTO, NR_SEQ_APRESENTACAO, NM_ATRIBUTO_XML, NM_ATRIBUTO, IE_CRIAR_NULO, IE_OBRIGATORIO, IE_TIPO_ATRIBUTO, DS_MASCARA, NM_USUARIO_NREC, DT_ATUALIZACAO_NREC, NM_USUARIO, DT_ATUALIZACAO, NR_SEQ_ATRIB_ELEM, IE_CRIAR_ATRIBUTO, DS_CABECALHO, IE_CONTROLE_PB, IE_REMOVER_ESPACO_BRANCO, DS_NAMESPACE, NM_TABELA_DEF_BANCO, NM_ATRIBUTO_XML_PESQUISA, CD_EXP_OBSERVACAO, NM_TABELA_BASE, NM_ATRIBUTO_BASE, QT_TAMANHO, QT_DECIMAIS, CD_DOMINIO, NR_SEQ_ITEM_XSD ) VALUES (
344083, 74991, 13, 'ideContri', NULL, 'S', 'S', NULL, NULL, 'apapandini',  TO_Date( '10/17/2018 09:01:43 ', 'MM/DD/YYYY HH:MI:SS ')
, 'apapandini',  TO_Date( '10/17/2018 09:01:43 ', 'MM/DD/YYYY HH:MI:SS '), 75000
, 'S', NULL, 'N', NULL, NULL, NULL, 'IDECONTRI', NULL, NULL, NULL, NULL, NULL, NULL
, NULL);
INSERT INTO XML_ATRIBUTO( NR_SEQUENCIA, NR_SEQ_ELEMENTO, NR_SEQ_APRESENTACAO, NM_ATRIBUTO_XML, NM_ATRIBUTO, IE_CRIAR_NULO, IE_OBRIGATORIO, IE_TIPO_ATRIBUTO, DS_MASCARA, NM_USUARIO_NREC, DT_ATUALIZACAO_NREC, NM_USUARIO, DT_ATUALIZACAO, NR_SEQ_ATRIB_ELEM, IE_CRIAR_ATRIBUTO, DS_CABECALHO, IE_CONTROLE_PB, IE_REMOVER_ESPACO_BRANCO, DS_NAMESPACE, NM_TABELA_DEF_BANCO, NM_ATRIBUTO_XML_PESQUISA, CD_EXP_OBSERVACAO, NM_TABELA_BASE, NM_ATRIBUTO_BASE, QT_TAMANHO, QT_DECIMAIS, CD_DOMINIO, NR_SEQ_ITEM_XSD ) VALUES (
344084, 74992, 19, 'ideEstabPrest', NULL, 'S', 'S', NULL, NULL, 'apapandini',  TO_Date( '10/17/2018 09:01:43 ', 'MM/DD/YYYY HH:MI:SS ')
, 'apapandini',  TO_Date( '10/17/2018 09:01:43 ', 'MM/DD/YYYY HH:MI:SS '), 74993
, 'S', NULL, 'N', NULL, NULL, NULL, 'IDEESTABPREST', NULL, NULL, NULL, NULL, NULL
, NULL, NULL);
INSERT INTO XML_ATRIBUTO( NR_SEQUENCIA, NR_SEQ_ELEMENTO, NR_SEQ_APRESENTACAO, NM_ATRIBUTO_XML, NM_ATRIBUTO, IE_CRIAR_NULO, IE_OBRIGATORIO, IE_TIPO_ATRIBUTO, DS_MASCARA, NM_USUARIO_NREC, DT_ATUALIZACAO_NREC, NM_USUARIO, DT_ATUALIZACAO, NR_SEQ_ATRIB_ELEM, IE_CRIAR_ATRIBUTO, DS_CABECALHO, IE_CONTROLE_PB, IE_REMOVER_ESPACO_BRANCO, DS_NAMESPACE, NM_TABELA_DEF_BANCO, NM_ATRIBUTO_XML_PESQUISA, CD_EXP_OBSERVACAO, NM_TABELA_BASE, NM_ATRIBUTO_BASE, QT_TAMANHO, QT_DECIMAIS, CD_DOMINIO, NR_SEQ_ITEM_XSD ) VALUES (
344085, 74993, 21, 'tpInscEstabPrest', 'tpInscEstabPrest', 'S', 'S', 'NUMBER', NULL
, 'apapandini',  TO_Date( '10/17/2018 09:01:43 ', 'MM/DD/YYYY HH:MI:SS '), 'apapandini'
,  TO_Date( '10/17/2018 09:01:43 ', 'MM/DD/YYYY HH:MI:SS '), NULL, 'S', NULL
, 'N', NULL, NULL, NULL, 'TPINSCESTABPREST', NULL, NULL, NULL, NULL, NULL, NULL, NULL);
INSERT INTO XML_ATRIBUTO( NR_SEQUENCIA, NR_SEQ_ELEMENTO, NR_SEQ_APRESENTACAO, NM_ATRIBUTO_XML, NM_ATRIBUTO, IE_CRIAR_NULO, IE_OBRIGATORIO, IE_TIPO_ATRIBUTO, DS_MASCARA, NM_USUARIO_NREC, DT_ATUALIZACAO_NREC, NM_USUARIO, DT_ATUALIZACAO, NR_SEQ_ATRIB_ELEM, IE_CRIAR_ATRIBUTO, DS_CABECALHO, IE_CONTROLE_PB, IE_REMOVER_ESPACO_BRANCO, DS_NAMESPACE, NM_TABELA_DEF_BANCO, NM_ATRIBUTO_XML_PESQUISA, CD_EXP_OBSERVACAO, NM_TABELA_BASE, NM_ATRIBUTO_BASE, QT_TAMANHO, QT_DECIMAIS, CD_DOMINIO, NR_SEQ_ITEM_XSD ) VALUES (
344086, 74993, 22, 'nrInscEstabPrest', 'nrInscEstabPrest', 'S', 'S', 'VARCHAR2', NULL
, 'apapandini',  TO_Date( '10/17/2018 09:01:43 ', 'MM/DD/YYYY HH:MI:SS '), 'apapandini'
,  TO_Date( '10/17/2018 09:01:43 ', 'MM/DD/YYYY HH:MI:SS '), NULL, 'S', NULL
, 'N', NULL, NULL, NULL, 'NRINSCESTABPREST', NULL, NULL, NULL, NULL, NULL, NULL, NULL);
INSERT INTO XML_ATRIBUTO( NR_SEQUENCIA, NR_SEQ_ELEMENTO, NR_SEQ_APRESENTACAO, NM_ATRIBUTO_XML, NM_ATRIBUTO, IE_CRIAR_NULO, IE_OBRIGATORIO, IE_TIPO_ATRIBUTO, DS_MASCARA, NM_USUARIO_NREC, DT_ATUALIZACAO_NREC, NM_USUARIO, DT_ATUALIZACAO, NR_SEQ_ATRIB_ELEM, IE_CRIAR_ATRIBUTO, DS_CABECALHO, IE_CONTROLE_PB, IE_REMOVER_ESPACO_BRANCO, DS_NAMESPACE, NM_TABELA_DEF_BANCO, NM_ATRIBUTO_XML_PESQUISA, CD_EXP_OBSERVACAO, NM_TABELA_BASE, NM_ATRIBUTO_BASE, QT_TAMANHO, QT_DECIMAIS, CD_DOMINIO, NR_SEQ_ITEM_XSD ) VALUES (
344087, 74993, 23, 'ideTomador', NULL, 'S', 'S', NULL, NULL, 'apapandini',  TO_Date( '10/17/2018 09:01:43 ', 'MM/DD/YYYY HH:MI:SS ')
, 'apapandini',  TO_Date( '10/17/2018 09:01:43 ', 'MM/DD/YYYY HH:MI:SS '), 74994
, 'S', NULL, 'N', NULL, NULL, NULL, 'IDETOMADOR', NULL, NULL, NULL, NULL, NULL, NULL
, NULL);
INSERT INTO XML_ATRIBUTO( NR_SEQUENCIA, NR_SEQ_ELEMENTO, NR_SEQ_APRESENTACAO, NM_ATRIBUTO_XML, NM_ATRIBUTO, IE_CRIAR_NULO, IE_OBRIGATORIO, IE_TIPO_ATRIBUTO, DS_MASCARA, NM_USUARIO_NREC, DT_ATUALIZACAO_NREC, NM_USUARIO, DT_ATUALIZACAO, NR_SEQ_ATRIB_ELEM, IE_CRIAR_ATRIBUTO, DS_CABECALHO, IE_CONTROLE_PB, IE_REMOVER_ESPACO_BRANCO, DS_NAMESPACE, NM_TABELA_DEF_BANCO, NM_ATRIBUTO_XML_PESQUISA, CD_EXP_OBSERVACAO, NM_TABELA_BASE, NM_ATRIBUTO_BASE, QT_TAMANHO, QT_DECIMAIS, CD_DOMINIO, NR_SEQ_ITEM_XSD ) VALUES (
344088, 74994, 25, 'tpInscTomador', 'tpInscTomador', 'S', 'S', 'NUMBER', NULL, 'apapandini'
,  TO_Date( '10/17/2018 09:01:43 ', 'MM/DD/YYYY HH:MI:SS '), 'apapandini',  TO_Date( '10/17/2018 09:01:43 ', 'MM/DD/YYYY HH:MI:SS ')
, NULL, 'S', NULL, 'N', NULL, NULL, NULL, 'TPINSCTOMADOR', NULL, NULL, NULL, NULL
, NULL, NULL, NULL);
INSERT INTO XML_ATRIBUTO( NR_SEQUENCIA, NR_SEQ_ELEMENTO, NR_SEQ_APRESENTACAO, NM_ATRIBUTO_XML, NM_ATRIBUTO, IE_CRIAR_NULO, IE_OBRIGATORIO, IE_TIPO_ATRIBUTO, DS_MASCARA, NM_USUARIO_NREC, DT_ATUALIZACAO_NREC, NM_USUARIO, DT_ATUALIZACAO, NR_SEQ_ATRIB_ELEM, IE_CRIAR_ATRIBUTO, DS_CABECALHO, IE_CONTROLE_PB, IE_REMOVER_ESPACO_BRANCO, DS_NAMESPACE, NM_TABELA_DEF_BANCO, NM_ATRIBUTO_XML_PESQUISA, CD_EXP_OBSERVACAO, NM_TABELA_BASE, NM_ATRIBUTO_BASE, QT_TAMANHO, QT_DECIMAIS, CD_DOMINIO, NR_SEQ_ITEM_XSD ) VALUES (
344089, 74994, 26, 'nrInscTomador', 'nrInscTomador', 'S', 'S', 'VARCHAR2', NULL, 'apapandini'
,  TO_Date( '10/17/2018 09:01:43 ', 'MM/DD/YYYY HH:MI:SS '), 'apapandini',  TO_Date( '10/17/2018 09:01:43 ', 'MM/DD/YYYY HH:MI:SS ')
, NULL, 'S', NULL, 'N', NULL, NULL, NULL, 'NRINSCTOMADOR', NULL, NULL, NULL, NULL
, NULL, NULL, NULL);
INSERT INTO XML_ATRIBUTO( NR_SEQUENCIA, NR_SEQ_ELEMENTO, NR_SEQ_APRESENTACAO, NM_ATRIBUTO_XML, NM_ATRIBUTO, IE_CRIAR_NULO, IE_OBRIGATORIO, IE_TIPO_ATRIBUTO, DS_MASCARA, NM_USUARIO_NREC, DT_ATUALIZACAO_NREC, NM_USUARIO, DT_ATUALIZACAO, NR_SEQ_ATRIB_ELEM, IE_CRIAR_ATRIBUTO, DS_CABECALHO, IE_CONTROLE_PB, IE_REMOVER_ESPACO_BRANCO, DS_NAMESPACE, NM_TABELA_DEF_BANCO, NM_ATRIBUTO_XML_PESQUISA, CD_EXP_OBSERVACAO, NM_TABELA_BASE, NM_ATRIBUTO_BASE, QT_TAMANHO, QT_DECIMAIS, CD_DOMINIO, NR_SEQ_ITEM_XSD ) VALUES (
344090, 74994, 27, 'indObra', 'indObra', 'S', 'S', 'NUMBER', NULL, 'apapandini',  TO_Date( '10/17/2018 09:01:43 ', 'MM/DD/YYYY HH:MI:SS ')
, 'apapandini',  TO_Date( '10/17/2018 09:01:43 ', 'MM/DD/YYYY HH:MI:SS '), NULL
, 'S', NULL, 'N', NULL, NULL, NULL, 'INDOBRA', NULL, NULL, NULL, NULL, NULL, NULL
, NULL);
INSERT INTO XML_ATRIBUTO( NR_SEQUENCIA, NR_SEQ_ELEMENTO, NR_SEQ_APRESENTACAO, NM_ATRIBUTO_XML, NM_ATRIBUTO, IE_CRIAR_NULO, IE_OBRIGATORIO, IE_TIPO_ATRIBUTO, DS_MASCARA, NM_USUARIO_NREC, DT_ATUALIZACAO_NREC, NM_USUARIO, DT_ATUALIZACAO, NR_SEQ_ATRIB_ELEM, IE_CRIAR_ATRIBUTO, DS_CABECALHO, IE_CONTROLE_PB, IE_REMOVER_ESPACO_BRANCO, DS_NAMESPACE, NM_TABELA_DEF_BANCO, NM_ATRIBUTO_XML_PESQUISA, CD_EXP_OBSERVACAO, NM_TABELA_BASE, NM_ATRIBUTO_BASE, QT_TAMANHO, QT_DECIMAIS, CD_DOMINIO, NR_SEQ_ITEM_XSD ) VALUES (
344091, 74994, 28, 'vlrTotalBruto', 'vlrTotalBruto', 'S', 'S', 'NUMBER', NULL, 'apapandini'
,  TO_Date( '10/17/2018 09:01:43 ', 'MM/DD/YYYY HH:MI:SS '), 'apapandini',  TO_Date( '10/17/2018 09:01:43 ', 'MM/DD/YYYY HH:MI:SS ')
, NULL, 'S', NULL, 'N', NULL, NULL, NULL, 'VLRTOTALBRUTO', NULL, NULL, NULL, NULL
, NULL, NULL, NULL);
INSERT INTO XML_ATRIBUTO( NR_SEQUENCIA, NR_SEQ_ELEMENTO, NR_SEQ_APRESENTACAO, NM_ATRIBUTO_XML, NM_ATRIBUTO, IE_CRIAR_NULO, IE_OBRIGATORIO, IE_TIPO_ATRIBUTO, DS_MASCARA, NM_USUARIO_NREC, DT_ATUALIZACAO_NREC, NM_USUARIO, DT_ATUALIZACAO, NR_SEQ_ATRIB_ELEM, IE_CRIAR_ATRIBUTO, DS_CABECALHO, IE_CONTROLE_PB, IE_REMOVER_ESPACO_BRANCO, DS_NAMESPACE, NM_TABELA_DEF_BANCO, NM_ATRIBUTO_XML_PESQUISA, CD_EXP_OBSERVACAO, NM_TABELA_BASE, NM_ATRIBUTO_BASE, QT_TAMANHO, QT_DECIMAIS, CD_DOMINIO, NR_SEQ_ITEM_XSD ) VALUES (
344092, 74994, 29, 'vlrTotalBaseRet', 'vlrTotalBaseRet', 'S', 'S', 'NUMBER', NULL
, 'apapandini',  TO_Date( '10/17/2018 09:01:43 ', 'MM/DD/YYYY HH:MI:SS '), 'apapandini'
,  TO_Date( '10/17/2018 09:01:43 ', 'MM/DD/YYYY HH:MI:SS '), NULL, 'S', NULL
, 'N', NULL, NULL, NULL, 'VLRTOTALBASERET', NULL, NULL, NULL, NULL, NULL, NULL, NULL);
INSERT INTO XML_ATRIBUTO( NR_SEQUENCIA, NR_SEQ_ELEMENTO, NR_SEQ_APRESENTACAO, NM_ATRIBUTO_XML, NM_ATRIBUTO, IE_CRIAR_NULO, IE_OBRIGATORIO, IE_TIPO_ATRIBUTO, DS_MASCARA, NM_USUARIO_NREC, DT_ATUALIZACAO_NREC, NM_USUARIO, DT_ATUALIZACAO, NR_SEQ_ATRIB_ELEM, IE_CRIAR_ATRIBUTO, DS_CABECALHO, IE_CONTROLE_PB, IE_REMOVER_ESPACO_BRANCO, DS_NAMESPACE, NM_TABELA_DEF_BANCO, NM_ATRIBUTO_XML_PESQUISA, CD_EXP_OBSERVACAO, NM_TABELA_BASE, NM_ATRIBUTO_BASE, QT_TAMANHO, QT_DECIMAIS, CD_DOMINIO, NR_SEQ_ITEM_XSD ) VALUES (
344093, 74994, 30, 'vlrTotalRetPrinc', 'vlrTotalRetPrinc', 'S', 'S', 'NUMBER', NULL
, 'apapandini',  TO_Date( '10/17/2018 09:01:43 ', 'MM/DD/YYYY HH:MI:SS '), 'apapandini'
,  TO_Date( '10/17/2018 09:01:43 ', 'MM/DD/YYYY HH:MI:SS '), NULL, 'S', NULL
, 'N', NULL, NULL, NULL, 'VLRTOTALRETPRINC', NULL, NULL, NULL, NULL, NULL, NULL, NULL);
INSERT INTO XML_ATRIBUTO( NR_SEQUENCIA, NR_SEQ_ELEMENTO, NR_SEQ_APRESENTACAO, NM_ATRIBUTO_XML, NM_ATRIBUTO, IE_CRIAR_NULO, IE_OBRIGATORIO, IE_TIPO_ATRIBUTO, DS_MASCARA, NM_USUARIO_NREC, DT_ATUALIZACAO_NREC, NM_USUARIO, DT_ATUALIZACAO, NR_SEQ_ATRIB_ELEM, IE_CRIAR_ATRIBUTO, DS_CABECALHO, IE_CONTROLE_PB, IE_REMOVER_ESPACO_BRANCO, DS_NAMESPACE, NM_TABELA_DEF_BANCO, NM_ATRIBUTO_XML_PESQUISA, CD_EXP_OBSERVACAO, NM_TABELA_BASE, NM_ATRIBUTO_BASE, QT_TAMANHO, QT_DECIMAIS, CD_DOMINIO, NR_SEQ_ITEM_XSD ) VALUES (
344094, 74994, 35, 'nfs', NULL, 'S', 'S', NULL, NULL, 'apapandini',  TO_Date( '10/17/2018 09:01:43 ', 'MM/DD/YYYY HH:MI:SS ')
, 'apapandini',  TO_Date( '10/17/2018 09:01:43 ', 'MM/DD/YYYY HH:MI:SS '), 74995
, 'S', NULL, 'N', NULL, NULL, NULL, 'NFS', NULL, NULL, NULL, NULL, NULL, NULL, NULL);
INSERT INTO XML_ATRIBUTO( NR_SEQUENCIA, NR_SEQ_ELEMENTO, NR_SEQ_APRESENTACAO, NM_ATRIBUTO_XML, NM_ATRIBUTO, IE_CRIAR_NULO, IE_OBRIGATORIO, IE_TIPO_ATRIBUTO, DS_MASCARA, NM_USUARIO_NREC, DT_ATUALIZACAO_NREC, NM_USUARIO, DT_ATUALIZACAO, NR_SEQ_ATRIB_ELEM, IE_CRIAR_ATRIBUTO, DS_CABECALHO, IE_CONTROLE_PB, IE_REMOVER_ESPACO_BRANCO, DS_NAMESPACE, NM_TABELA_DEF_BANCO, NM_ATRIBUTO_XML_PESQUISA, CD_EXP_OBSERVACAO, NM_TABELA_BASE, NM_ATRIBUTO_BASE, QT_TAMANHO, QT_DECIMAIS, CD_DOMINIO, NR_SEQ_ITEM_XSD ) VALUES (
344095, 74994, 36, 'infoProcRetPr', NULL, 'N', 'N', NULL, NULL, 'apapandini',  TO_Date( '10/17/2018 09:01:43 ', 'MM/DD/YYYY HH:MI:SS ')
, 'apapandini',  TO_Date( '10/17/2018 09:01:43 ', 'MM/DD/YYYY HH:MI:SS '), 75001
, 'S', NULL, 'N', NULL, NULL, NULL, 'INFOPROCRETPR', NULL, NULL, NULL, NULL, NULL
, NULL, NULL);
INSERT INTO XML_ATRIBUTO( NR_SEQUENCIA, NR_SEQ_ELEMENTO, NR_SEQ_APRESENTACAO, NM_ATRIBUTO_XML, NM_ATRIBUTO, IE_CRIAR_NULO, IE_OBRIGATORIO, IE_TIPO_ATRIBUTO, DS_MASCARA, NM_USUARIO_NREC, DT_ATUALIZACAO_NREC, NM_USUARIO, DT_ATUALIZACAO, NR_SEQ_ATRIB_ELEM, IE_CRIAR_ATRIBUTO, DS_CABECALHO, IE_CONTROLE_PB, IE_REMOVER_ESPACO_BRANCO, DS_NAMESPACE, NM_TABELA_DEF_BANCO, NM_ATRIBUTO_XML_PESQUISA, CD_EXP_OBSERVACAO, NM_TABELA_BASE, NM_ATRIBUTO_BASE, QT_TAMANHO, QT_DECIMAIS, CD_DOMINIO, NR_SEQ_ITEM_XSD ) VALUES (
344096, 74994, 31, 'vlrTotalNRetPrinc', 'vlrTotalNRetPrinc', 'N', 'N', 'NUMBER', NULL
, 'apapandini',  TO_Date( '10/17/2018 09:01:43 ', 'MM/DD/YYYY HH:MI:SS '), 'apapandini'
,  TO_Date( '10/17/2018 09:01:43 ', 'MM/DD/YYYY HH:MI:SS '), NULL, 'S', NULL
, 'N', NULL, NULL, NULL, 'VLRTOTALNRETPRINC', NULL, NULL, NULL, NULL, NULL, NULL, NULL);
INSERT INTO XML_ATRIBUTO( NR_SEQUENCIA, NR_SEQ_ELEMENTO, NR_SEQ_APRESENTACAO, NM_ATRIBUTO_XML, NM_ATRIBUTO, IE_CRIAR_NULO, IE_OBRIGATORIO, IE_TIPO_ATRIBUTO, DS_MASCARA, NM_USUARIO_NREC, DT_ATUALIZACAO_NREC, NM_USUARIO, DT_ATUALIZACAO, NR_SEQ_ATRIB_ELEM, IE_CRIAR_ATRIBUTO, DS_CABECALHO, IE_CONTROLE_PB, IE_REMOVER_ESPACO_BRANCO, DS_NAMESPACE, NM_TABELA_DEF_BANCO, NM_ATRIBUTO_XML_PESQUISA, CD_EXP_OBSERVACAO, NM_TABELA_BASE, NM_ATRIBUTO_BASE, QT_TAMANHO, QT_DECIMAIS, CD_DOMINIO, NR_SEQ_ITEM_XSD ) VALUES (
344097, 74995, 33, 'serie', 'serie', 'S', 'S', 'VARCHAR2', NULL, 'apapandini',  TO_Date( '10/17/2018 09:01:43 ', 'MM/DD/YYYY HH:MI:SS ')
, 'apapandini',  TO_Date( '10/17/2018 09:01:43 ', 'MM/DD/YYYY HH:MI:SS '), NULL
, 'S', NULL, 'N', NULL, NULL, NULL, 'SERIE', NULL, NULL, NULL, NULL, NULL, NULL, NULL);
INSERT INTO XML_ATRIBUTO( NR_SEQUENCIA, NR_SEQ_ELEMENTO, NR_SEQ_APRESENTACAO, NM_ATRIBUTO_XML, NM_ATRIBUTO, IE_CRIAR_NULO, IE_OBRIGATORIO, IE_TIPO_ATRIBUTO, DS_MASCARA, NM_USUARIO_NREC, DT_ATUALIZACAO_NREC, NM_USUARIO, DT_ATUALIZACAO, NR_SEQ_ATRIB_ELEM, IE_CRIAR_ATRIBUTO, DS_CABECALHO, IE_CONTROLE_PB, IE_REMOVER_ESPACO_BRANCO, DS_NAMESPACE, NM_TABELA_DEF_BANCO, NM_ATRIBUTO_XML_PESQUISA, CD_EXP_OBSERVACAO, NM_TABELA_BASE, NM_ATRIBUTO_BASE, QT_TAMANHO, QT_DECIMAIS, CD_DOMINIO, NR_SEQ_ITEM_XSD ) VALUES (
344098, 74995, 34, 'numDocto', 'numDocto', 'S', 'S', 'VARCHAR2', NULL, 'apapandini'
,  TO_Date( '10/17/2018 09:01:43 ', 'MM/DD/YYYY HH:MI:SS '), 'apapandini',  TO_Date( '10/17/2018 09:01:43 ', 'MM/DD/YYYY HH:MI:SS ')
, NULL, 'S', NULL, 'N', NULL, NULL, NULL, 'NUMDOCTO', NULL, NULL, NULL, NULL, NULL
, NULL, NULL);
INSERT INTO XML_ATRIBUTO( NR_SEQUENCIA, NR_SEQ_ELEMENTO, NR_SEQ_APRESENTACAO, NM_ATRIBUTO_XML, NM_ATRIBUTO, IE_CRIAR_NULO, IE_OBRIGATORIO, IE_TIPO_ATRIBUTO, DS_MASCARA, NM_USUARIO_NREC, DT_ATUALIZACAO_NREC, NM_USUARIO, DT_ATUALIZACAO, NR_SEQ_ATRIB_ELEM, IE_CRIAR_ATRIBUTO, DS_CABECALHO, IE_CONTROLE_PB, IE_REMOVER_ESPACO_BRANCO, DS_NAMESPACE, NM_TABELA_DEF_BANCO, NM_ATRIBUTO_XML_PESQUISA, CD_EXP_OBSERVACAO, NM_TABELA_BASE, NM_ATRIBUTO_BASE, QT_TAMANHO, QT_DECIMAIS, CD_DOMINIO, NR_SEQ_ITEM_XSD ) VALUES (
344099, 74995, 35, 'dtEmissaoNF', 'dtEmissaoNF', 'S', 'S', 'VARCHAR2', NULL, 'apapandini'
,  TO_Date( '10/17/2018 09:01:43 ', 'MM/DD/YYYY HH:MI:SS '), 'apapandini',  TO_Date( '10/17/2018 09:01:43 ', 'MM/DD/YYYY HH:MI:SS ')
, NULL, 'S', NULL, 'N', NULL, NULL, NULL, 'DTEMISSAONF', NULL, NULL, NULL, NULL, NULL
, NULL, NULL);
INSERT INTO XML_ATRIBUTO( NR_SEQUENCIA, NR_SEQ_ELEMENTO, NR_SEQ_APRESENTACAO, NM_ATRIBUTO_XML, NM_ATRIBUTO, IE_CRIAR_NULO, IE_OBRIGATORIO, IE_TIPO_ATRIBUTO, DS_MASCARA, NM_USUARIO_NREC, DT_ATUALIZACAO_NREC, NM_USUARIO, DT_ATUALIZACAO, NR_SEQ_ATRIB_ELEM, IE_CRIAR_ATRIBUTO, DS_CABECALHO, IE_CONTROLE_PB, IE_REMOVER_ESPACO_BRANCO, DS_NAMESPACE, NM_TABELA_DEF_BANCO, NM_ATRIBUTO_XML_PESQUISA, CD_EXP_OBSERVACAO, NM_TABELA_BASE, NM_ATRIBUTO_BASE, QT_TAMANHO, QT_DECIMAIS, CD_DOMINIO, NR_SEQ_ITEM_XSD ) VALUES (
344100, 74995, 36, 'vlrBruto', 'vlrBruto', 'S', 'S', 'NUMBER', NULL, 'apapandini'
,  TO_Date( '10/17/2018 09:01:43 ', 'MM/DD/YYYY HH:MI:SS '), 'apapandini',  TO_Date( '10/17/2018 09:01:43 ', 'MM/DD/YYYY HH:MI:SS ')
, NULL, 'S', NULL, 'N', NULL, NULL, NULL, 'VLRBRUTO', NULL, NULL, NULL, NULL, NULL
, NULL, NULL);
INSERT INTO XML_ATRIBUTO( NR_SEQUENCIA, NR_SEQ_ELEMENTO, NR_SEQ_APRESENTACAO, NM_ATRIBUTO_XML, NM_ATRIBUTO, IE_CRIAR_NULO, IE_OBRIGATORIO, IE_TIPO_ATRIBUTO, DS_MASCARA, NM_USUARIO_NREC, DT_ATUALIZACAO_NREC, NM_USUARIO, DT_ATUALIZACAO, NR_SEQ_ATRIB_ELEM, IE_CRIAR_ATRIBUTO, DS_CABECALHO, IE_CONTROLE_PB, IE_REMOVER_ESPACO_BRANCO, DS_NAMESPACE, NM_TABELA_DEF_BANCO, NM_ATRIBUTO_XML_PESQUISA, CD_EXP_OBSERVACAO, NM_TABELA_BASE, NM_ATRIBUTO_BASE, QT_TAMANHO, QT_DECIMAIS, CD_DOMINIO, NR_SEQ_ITEM_XSD ) VALUES (
344101, 74995, 37, 'obs', 'obs', 'S', 'N', 'VARCHAR2', NULL, 'apapandini',  TO_Date( '10/17/2018 09:01:43 ', 'MM/DD/YYYY HH:MI:SS ')
, 'apapandini',  TO_Date( '10/17/2018 09:01:43 ', 'MM/DD/YYYY HH:MI:SS '), NULL
, 'S', NULL, 'N', NULL, NULL, NULL, 'OBS', NULL, NULL, NULL, NULL, NULL, NULL, NULL);
INSERT INTO XML_ATRIBUTO( NR_SEQUENCIA, NR_SEQ_ELEMENTO, NR_SEQ_APRESENTACAO, NM_ATRIBUTO_XML, NM_ATRIBUTO, IE_CRIAR_NULO, IE_OBRIGATORIO, IE_TIPO_ATRIBUTO, DS_MASCARA, NM_USUARIO_NREC, DT_ATUALIZACAO_NREC, NM_USUARIO, DT_ATUALIZACAO, NR_SEQ_ATRIB_ELEM, IE_CRIAR_ATRIBUTO, DS_CABECALHO, IE_CONTROLE_PB, IE_REMOVER_ESPACO_BRANCO, DS_NAMESPACE, NM_TABELA_DEF_BANCO, NM_ATRIBUTO_XML_PESQUISA, CD_EXP_OBSERVACAO, NM_TABELA_BASE, NM_ATRIBUTO_BASE, QT_TAMANHO, QT_DECIMAIS, CD_DOMINIO, NR_SEQ_ITEM_XSD ) VALUES (
344102, 74995, 38, 'infoTpServ', NULL, 'S', 'S', NULL, NULL, 'apapandini',  TO_Date( '10/17/2018 09:01:43 ', 'MM/DD/YYYY HH:MI:SS ')
, 'apapandini',  TO_Date( '10/17/2018 09:01:43 ', 'MM/DD/YYYY HH:MI:SS '), 74996
, 'S', NULL, 'N', NULL, NULL, NULL, 'INFOTPSERV', NULL, NULL, NULL, NULL, NULL, NULL
, NULL);

--	FIM XML 102453
--	INICIO XML 102454
INSERT INTO XML_PROJETO( NR_SEQUENCIA, DS_PROJETO, DT_ATUALIZACAO, NM_USUARIO, DT_ATUALIZACAO_NREC, NM_USUARIO_NREC, DS_CABECALHO, DS_OBSERVACAO, IE_TIPO_COMPLEXO, NR_SEQ_PROJ_COMPLEXO, IE_HOSP_PLS, DS_VERSAO, IE_TISS, IE_SITUACAO, IE_GERAR_QUEBRA ) VALUES (
102454, 'SPED - REINF R2060 INCLUSÃO V.1.4.00',  TO_Date( '10/17/2018 01:26:35 ', 'MM/DD/YYYY HH:MI:SS ')
, 'apapandini',  TO_Date( '10/17/2018 10:24:19 ', 'MM/DD/YYYY HH:MI:SS '), 'apapandini'
, NULL, NULL, 'N', NULL, 'H', NULL, 'N', 'I', NULL);

INSERT INTO XML_ELEMENTO( NR_SEQUENCIA, NR_SEQ_APRESENTACAO, NR_SEQ_PROJETO, NM_ELEMENTO, DS_ELEMENTO, DS_CABECALHO, DS_SQL, DS_GRUPO, NM_USUARIO, DT_ATUALIZACAO, IE_CRIAR_NULO, NM_USUARIO_NREC, DT_ATUALIZACAO_NREC, IE_TIPO_ELEMENTO, IE_CRIAR_ELEMENTO, IE_TIPO_COMPLEXO, DS_SQL_2, DS_NAMESPACE, QT_MIN_OCOR, QT_MAX_OCOR, NR_SEQ_ITEM_XSD ) VALUES (
75002, 1, 102454, 'Reinf', 'Reinf', 'xmlns="http://www.reinf.esocial.gov.br/schemas/envioLoteEventos/v1_04_00"'
, 'SELECT 	 (''ID'' || ''1'' || rpad(substr(e.cd_cgc,1,8), 14, ''0'') || TO_CHAR(SYSDATE,''YYYYMMDD'') || TO_CHAR(SYSDATE,''HHMMSS'')  ||''00001'') nr_id,
	 f.ie_ind_retif  indRetif,
	 f.NR_RECIBO nrRecibo,
	 TO_CHAR(f.dt_competencia, ''rrrr-mm'') perApur,
	 f.CD_IDENT_AMBIENTE  tpAmb,
	 ''1'' procEmi,
	 (SELECT MAX(CD_VERSAO) cd FROM APLICACAO_TASY_VERSAO) verProc
FROM 	 estabelecimento e,
	 FIS_REINF_R2060 f
WHERE	 e.cd_estabelecimento = f.cd_estabelecimento
AND 	 f.nr_sequencia  = :nr_sequencia'
, NULL, 'apapandini',  TO_Date( '10/17/2018 10:24:19 ', 'MM/DD/YYYY HH:MI:SS ')
, 'S', 'apapandini',  TO_Date( '10/17/2018 10:24:19 ', 'MM/DD/YYYY HH:MI:SS ')
, 'E', 'S', 'S', NULL, NULL, NULL, NULL, NULL);
INSERT INTO XML_ELEMENTO( NR_SEQUENCIA, NR_SEQ_APRESENTACAO, NR_SEQ_PROJETO, NM_ELEMENTO, DS_ELEMENTO, DS_CABECALHO, DS_SQL, DS_GRUPO, NM_USUARIO, DT_ATUALIZACAO, IE_CRIAR_NULO, NM_USUARIO_NREC, DT_ATUALIZACAO_NREC, IE_TIPO_ELEMENTO, IE_CRIAR_ELEMENTO, IE_TIPO_COMPLEXO, DS_SQL_2, DS_NAMESPACE, QT_MIN_OCOR, QT_MAX_OCOR, NR_SEQ_ITEM_XSD ) VALUES (
75003, 10, 102454, 'evtCPRB', 'evtCPRB', NULL, NULL, NULL, 'apapandini',  TO_Date( '10/17/2018 10:24:19 ', 'MM/DD/YYYY HH:MI:SS ')
, 'S', 'apapandini',  TO_Date( '10/17/2018 10:24:19 ', 'MM/DD/YYYY HH:MI:SS ')
, 'E', 'S', 'S', NULL, NULL, NULL, NULL, NULL);
INSERT INTO XML_ELEMENTO( NR_SEQUENCIA, NR_SEQ_APRESENTACAO, NR_SEQ_PROJETO, NM_ELEMENTO, DS_ELEMENTO, DS_CABECALHO, DS_SQL, DS_GRUPO, NM_USUARIO, DT_ATUALIZACAO, IE_CRIAR_NULO, NM_USUARIO_NREC, DT_ATUALIZACAO_NREC, IE_TIPO_ELEMENTO, IE_CRIAR_ELEMENTO, IE_TIPO_COMPLEXO, DS_SQL_2, DS_NAMESPACE, QT_MIN_OCOR, QT_MAX_OCOR, NR_SEQ_ITEM_XSD ) VALUES (
75004, 10, 102454, 'ideEstab', 'ideEstab', NULL, 'select	''1'' tpInscEstab,
	 e.cd_cgc nrInscEstab,
	 Campo_Mascara_casas(VL_REC_BRUTA,2) vlrRecBrutaTotal,
	 Campo_Mascara_casas(VL_CPA_APUR,2) vlrCPApurTotal
FROM 	 estabelecimento e,
	 FIS_REINF_R2060 f
WHERE	 e.cd_estabelecimento = f.cd_estabelecimento
AND 	 f.nr_sequencia  = :nr_sequencia'
, NULL, 'apapandini',  TO_Date( '10/17/2018 10:24:19 ', 'MM/DD/YYYY HH:MI:SS ')
, 'N', 'apapandini',  TO_Date( '10/17/2018 10:24:19 ', 'MM/DD/YYYY HH:MI:SS ')
, 'E', 'S', 'S', NULL, NULL, NULL, NULL, NULL);
INSERT INTO XML_ELEMENTO( NR_SEQUENCIA, NR_SEQ_APRESENTACAO, NR_SEQ_PROJETO, NM_ELEMENTO, DS_ELEMENTO, DS_CABECALHO, DS_SQL, DS_GRUPO, NM_USUARIO, DT_ATUALIZACAO, IE_CRIAR_NULO, NM_USUARIO_NREC, DT_ATUALIZACAO_NREC, IE_TIPO_ELEMENTO, IE_CRIAR_ELEMENTO, IE_TIPO_COMPLEXO, DS_SQL_2, DS_NAMESPACE, QT_MIN_OCOR, QT_MAX_OCOR, NR_SEQ_ITEM_XSD ) VALUES (
75005, 10, 102454, 'ideEvento', 'ideEvento', NULL, NULL, NULL, 'apapandini',  TO_Date( '10/17/2018 10:24:19 ', 'MM/DD/YYYY HH:MI:SS ')
, 'S', 'apapandini',  TO_Date( '10/17/2018 10:24:19 ', 'MM/DD/YYYY HH:MI:SS ')
, 'E', 'S', 'S', NULL, NULL, NULL, NULL, NULL);
INSERT INTO XML_ELEMENTO( NR_SEQUENCIA, NR_SEQ_APRESENTACAO, NR_SEQ_PROJETO, NM_ELEMENTO, DS_ELEMENTO, DS_CABECALHO, DS_SQL, DS_GRUPO, NM_USUARIO, DT_ATUALIZACAO, IE_CRIAR_NULO, NM_USUARIO_NREC, DT_ATUALIZACAO_NREC, IE_TIPO_ELEMENTO, IE_CRIAR_ELEMENTO, IE_TIPO_COMPLEXO, DS_SQL_2, DS_NAMESPACE, QT_MIN_OCOR, QT_MAX_OCOR, NR_SEQ_ITEM_XSD ) VALUES (
75006, 10, 102454, 'ideContri', 'ideContri', NULL, 'select   ''1'' tpInsc,
	 substr(e.cd_cgc,1,8) nrInsc
FROM 	 estabelecimento e,
	 FIS_REINF_R2060 f
WHERE	 e.cd_estabelecimento = f.cd_estabelecimento
AND 	 f.nr_sequencia  = :nr_sequencia'
, NULL, 'apapandini',  TO_Date( '10/17/2018 10:24:19 ', 'MM/DD/YYYY HH:MI:SS ')
, 'N', 'apapandini',  TO_Date( '10/17/2018 10:24:19 ', 'MM/DD/YYYY HH:MI:SS ')
, 'E', 'S', 'S', NULL, NULL, NULL, NULL, NULL);
INSERT INTO XML_ELEMENTO( NR_SEQUENCIA, NR_SEQ_APRESENTACAO, NR_SEQ_PROJETO, NM_ELEMENTO, DS_ELEMENTO, DS_CABECALHO, DS_SQL, DS_GRUPO, NM_USUARIO, DT_ATUALIZACAO, IE_CRIAR_NULO, NM_USUARIO_NREC, DT_ATUALIZACAO_NREC, IE_TIPO_ELEMENTO, IE_CRIAR_ELEMENTO, IE_TIPO_COMPLEXO, DS_SQL_2, DS_NAMESPACE, QT_MIN_OCOR, QT_MAX_OCOR, NR_SEQ_ITEM_XSD ) VALUES (
75007, 10, 102454, 'infoCPRB', 'infoCPRB', NULL, NULL, NULL, 'apapandini',  TO_Date( '10/17/2018 10:24:19 ', 'MM/DD/YYYY HH:MI:SS ')
, 'N', 'apapandini',  TO_Date( '10/17/2018 10:24:19 ', 'MM/DD/YYYY HH:MI:SS ')
, 'E', 'S', 'S', NULL, NULL, NULL, NULL, NULL);
INSERT INTO XML_ELEMENTO( NR_SEQUENCIA, NR_SEQ_APRESENTACAO, NR_SEQ_PROJETO, NM_ELEMENTO, DS_ELEMENTO, DS_CABECALHO, DS_SQL, DS_GRUPO, NM_USUARIO, DT_ATUALIZACAO, IE_CRIAR_NULO, NM_USUARIO_NREC, DT_ATUALIZACAO_NREC, IE_TIPO_ELEMENTO, IE_CRIAR_ELEMENTO, IE_TIPO_COMPLEXO, DS_SQL_2, DS_NAMESPACE, QT_MIN_OCOR, QT_MAX_OCOR, NR_SEQ_ITEM_XSD ) VALUES (
75008, 10, 102454, 'tipoCod', 'tipoCod', NULL, 'select   ''00000025'' codAtivEcon,
         Campo_Mascara_casas(0,2) vlrExcRecBruta,
	 Campo_Mascara_casas(0,2) vlrAdicRecBruta,
	 Campo_Mascara_casas(VL_REC_BRUTA,2) vlrRecBrutaAtiv,
	 Campo_Mascara_casas(VL_REC_BRUTA,2) vlrBcCPRB,
	 Campo_Mascara_casas(VL_CPA_APUR,2) vlrCPRBapur
FROM 	 estabelecimento e,
	 FIS_REINF_R2060 f
WHERE	 e.cd_estabelecimento = f.cd_estabelecimento
AND 	 f.nr_sequencia  = :nr_sequencia'
, NULL, 'apapandini',  TO_Date( '10/17/2018 10:24:19 ', 'MM/DD/YYYY HH:MI:SS ')
, 'N', 'apapandini',  TO_Date( '10/17/2018 10:24:19 ', 'MM/DD/YYYY HH:MI:SS ')
, 'E', 'S', 'S', NULL, NULL, NULL, NULL, NULL);
INSERT INTO XML_ELEMENTO( NR_SEQUENCIA, NR_SEQ_APRESENTACAO, NR_SEQ_PROJETO, NM_ELEMENTO, DS_ELEMENTO, DS_CABECALHO, DS_SQL, DS_GRUPO, NM_USUARIO, DT_ATUALIZACAO, IE_CRIAR_NULO, NM_USUARIO_NREC, DT_ATUALIZACAO_NREC, IE_TIPO_ELEMENTO, IE_CRIAR_ELEMENTO, IE_TIPO_COMPLEXO, DS_SQL_2, DS_NAMESPACE, QT_MIN_OCOR, QT_MAX_OCOR, NR_SEQ_ITEM_XSD ) VALUES (
75009, 10, 102454, 'tipoAjuste', 'tipoAjuste', NULL, 'select 1
from dual
where 1 = 2'
, NULL, 'apapandini',  TO_Date( '10/17/2018 10:24:19 ', 'MM/DD/YYYY HH:MI:SS ')
, 'N', 'apapandini',  TO_Date( '10/17/2018 10:24:19 ', 'MM/DD/YYYY HH:MI:SS ')
, 'E', 'S', 'S', NULL, NULL, NULL, NULL, NULL);
INSERT INTO XML_ELEMENTO( NR_SEQUENCIA, NR_SEQ_APRESENTACAO, NR_SEQ_PROJETO, NM_ELEMENTO, DS_ELEMENTO, DS_CABECALHO, DS_SQL, DS_GRUPO, NM_USUARIO, DT_ATUALIZACAO, IE_CRIAR_NULO, NM_USUARIO_NREC, DT_ATUALIZACAO_NREC, IE_TIPO_ELEMENTO, IE_CRIAR_ELEMENTO, IE_TIPO_COMPLEXO, DS_SQL_2, DS_NAMESPACE, QT_MIN_OCOR, QT_MAX_OCOR, NR_SEQ_ITEM_XSD ) VALUES (
75010, 10, 102454, 'infoProc', 'infoProc', NULL, 'select 1
from dual
where 1 = 2'
, NULL, 'apapandini',  TO_Date( '10/17/2018 10:24:19 ', 'MM/DD/YYYY HH:MI:SS ')
, 'N', 'apapandini',  TO_Date( '10/17/2018 10:24:19 ', 'MM/DD/YYYY HH:MI:SS ')
, 'E', 'S', 'S', NULL, NULL, NULL, NULL, NULL);
INSERT INTO XML_ELEMENTO( NR_SEQUENCIA, NR_SEQ_APRESENTACAO, NR_SEQ_PROJETO, NM_ELEMENTO, DS_ELEMENTO, DS_CABECALHO, DS_SQL, DS_GRUPO, NM_USUARIO, DT_ATUALIZACAO, IE_CRIAR_NULO, NM_USUARIO_NREC, DT_ATUALIZACAO_NREC, IE_TIPO_ELEMENTO, IE_CRIAR_ELEMENTO, IE_TIPO_COMPLEXO, DS_SQL_2, DS_NAMESPACE, QT_MIN_OCOR, QT_MAX_OCOR, NR_SEQ_ITEM_XSD ) VALUES (
75011, 1, 102454, 'loteEventos', 'loteEventos', NULL, NULL, NULL, 'apapandini',  TO_Date( '10/17/2018 10:24:19 ', 'MM/DD/YYYY HH:MI:SS ')
, 'S', 'apapandini',  TO_Date( '10/17/2018 10:24:19 ', 'MM/DD/YYYY HH:MI:SS ')
, 'E', 'S', 'S', NULL, NULL, NULL, NULL, NULL);
INSERT INTO XML_ELEMENTO( NR_SEQUENCIA, NR_SEQ_APRESENTACAO, NR_SEQ_PROJETO, NM_ELEMENTO, DS_ELEMENTO, DS_CABECALHO, DS_SQL, DS_GRUPO, NM_USUARIO, DT_ATUALIZACAO, IE_CRIAR_NULO, NM_USUARIO_NREC, DT_ATUALIZACAO_NREC, IE_TIPO_ELEMENTO, IE_CRIAR_ELEMENTO, IE_TIPO_COMPLEXO, DS_SQL_2, DS_NAMESPACE, QT_MIN_OCOR, QT_MAX_OCOR, NR_SEQ_ITEM_XSD ) VALUES (
75012, 10, 102454, 'Evento', 'Evento', NULL, NULL, NULL, 'apapandini',  TO_Date( '10/17/2018 10:24:19 ', 'MM/DD/YYYY HH:MI:SS ')
, 'S', 'apapandini',  TO_Date( '10/17/2018 10:24:19 ', 'MM/DD/YYYY HH:MI:SS ')
, 'E', 'S', 'S', NULL, NULL, NULL, NULL, NULL);
INSERT INTO XML_ELEMENTO( NR_SEQUENCIA, NR_SEQ_APRESENTACAO, NR_SEQ_PROJETO, NM_ELEMENTO, DS_ELEMENTO, DS_CABECALHO, DS_SQL, DS_GRUPO, NM_USUARIO, DT_ATUALIZACAO, IE_CRIAR_NULO, NM_USUARIO_NREC, DT_ATUALIZACAO_NREC, IE_TIPO_ELEMENTO, IE_CRIAR_ELEMENTO, IE_TIPO_COMPLEXO, DS_SQL_2, DS_NAMESPACE, QT_MIN_OCOR, QT_MAX_OCOR, NR_SEQ_ITEM_XSD ) VALUES (
75013, 1, 102454, 'Reinf', 'Reinf', NULL, NULL, NULL, 'apapandini',  TO_Date( '10/17/2018 10:24:19 ', 'MM/DD/YYYY HH:MI:SS ')
, 'S', 'apapandini',  TO_Date( '10/17/2018 10:24:19 ', 'MM/DD/YYYY HH:MI:SS ')
, 'E', 'S', 'S', NULL, NULL, NULL, NULL, NULL);

INSERT INTO XML_ATRIBUTO( NR_SEQUENCIA, NR_SEQ_ELEMENTO, NR_SEQ_APRESENTACAO, NM_ATRIBUTO_XML, NM_ATRIBUTO, IE_CRIAR_NULO, IE_OBRIGATORIO, IE_TIPO_ATRIBUTO, DS_MASCARA, NM_USUARIO_NREC, DT_ATUALIZACAO_NREC, NM_USUARIO, DT_ATUALIZACAO, NR_SEQ_ATRIB_ELEM, IE_CRIAR_ATRIBUTO, DS_CABECALHO, IE_CONTROLE_PB, IE_REMOVER_ESPACO_BRANCO, DS_NAMESPACE, NM_TABELA_DEF_BANCO, NM_ATRIBUTO_XML_PESQUISA, CD_EXP_OBSERVACAO, NM_TABELA_BASE, NM_ATRIBUTO_BASE, QT_TAMANHO, QT_DECIMAIS, CD_DOMINIO, NR_SEQ_ITEM_XSD ) VALUES (
344125, 75002, 1, 'loteEventos', NULL, 'S', 'S', NULL, NULL, 'apapandini',  TO_Date( '10/17/2018 10:24:19 ', 'MM/DD/YYYY HH:MI:SS ')
, 'apapandini',  TO_Date( '10/17/2018 10:24:19 ', 'MM/DD/YYYY HH:MI:SS '), 75011
, 'S', NULL, 'N', NULL, NULL, NULL, 'LOTEEVENTOS', NULL, NULL, NULL, NULL, NULL, NULL
, NULL);
INSERT INTO XML_ATRIBUTO( NR_SEQUENCIA, NR_SEQ_ELEMENTO, NR_SEQ_APRESENTACAO, NM_ATRIBUTO_XML, NM_ATRIBUTO, IE_CRIAR_NULO, IE_OBRIGATORIO, IE_TIPO_ATRIBUTO, DS_MASCARA, NM_USUARIO_NREC, DT_ATUALIZACAO_NREC, NM_USUARIO, DT_ATUALIZACAO, NR_SEQ_ATRIB_ELEM, IE_CRIAR_ATRIBUTO, DS_CABECALHO, IE_CONTROLE_PB, IE_REMOVER_ESPACO_BRANCO, DS_NAMESPACE, NM_TABELA_DEF_BANCO, NM_ATRIBUTO_XML_PESQUISA, CD_EXP_OBSERVACAO, NM_TABELA_BASE, NM_ATRIBUTO_BASE, QT_TAMANHO, QT_DECIMAIS, CD_DOMINIO, NR_SEQ_ITEM_XSD ) VALUES (
344126, 75003, 10, 'ideEvento', 'ideEvento', 'S', 'S', NULL, NULL, 'apapandini',  TO_Date( '10/17/2018 10:24:20 ', 'MM/DD/YYYY HH:MI:SS ')
, 'apapandini',  TO_Date( '10/17/2018 10:24:20 ', 'MM/DD/YYYY HH:MI:SS '), 75005
, 'S', NULL, 'N', NULL, NULL, NULL, 'IDEEVENTO', NULL, NULL, NULL, NULL, NULL, NULL
, NULL);
INSERT INTO XML_ATRIBUTO( NR_SEQUENCIA, NR_SEQ_ELEMENTO, NR_SEQ_APRESENTACAO, NM_ATRIBUTO_XML, NM_ATRIBUTO, IE_CRIAR_NULO, IE_OBRIGATORIO, IE_TIPO_ATRIBUTO, DS_MASCARA, NM_USUARIO_NREC, DT_ATUALIZACAO_NREC, NM_USUARIO, DT_ATUALIZACAO, NR_SEQ_ATRIB_ELEM, IE_CRIAR_ATRIBUTO, DS_CABECALHO, IE_CONTROLE_PB, IE_REMOVER_ESPACO_BRANCO, DS_NAMESPACE, NM_TABELA_DEF_BANCO, NM_ATRIBUTO_XML_PESQUISA, CD_EXP_OBSERVACAO, NM_TABELA_BASE, NM_ATRIBUTO_BASE, QT_TAMANHO, QT_DECIMAIS, CD_DOMINIO, NR_SEQ_ITEM_XSD ) VALUES (
344127, 75003, 20, 'ideContri', 'ideContri', 'S', 'S', NULL, NULL, 'apapandini',  TO_Date( '10/17/2018 10:24:20 ', 'MM/DD/YYYY HH:MI:SS ')
, 'apapandini',  TO_Date( '10/17/2018 10:24:20 ', 'MM/DD/YYYY HH:MI:SS '), 75006
, 'S', NULL, 'N', NULL, NULL, NULL, 'IDECONTRI', NULL, NULL, NULL, NULL, NULL, NULL
, NULL);
INSERT INTO XML_ATRIBUTO( NR_SEQUENCIA, NR_SEQ_ELEMENTO, NR_SEQ_APRESENTACAO, NM_ATRIBUTO_XML, NM_ATRIBUTO, IE_CRIAR_NULO, IE_OBRIGATORIO, IE_TIPO_ATRIBUTO, DS_MASCARA, NM_USUARIO_NREC, DT_ATUALIZACAO_NREC, NM_USUARIO, DT_ATUALIZACAO, NR_SEQ_ATRIB_ELEM, IE_CRIAR_ATRIBUTO, DS_CABECALHO, IE_CONTROLE_PB, IE_REMOVER_ESPACO_BRANCO, DS_NAMESPACE, NM_TABELA_DEF_BANCO, NM_ATRIBUTO_XML_PESQUISA, CD_EXP_OBSERVACAO, NM_TABELA_BASE, NM_ATRIBUTO_BASE, QT_TAMANHO, QT_DECIMAIS, CD_DOMINIO, NR_SEQ_ITEM_XSD ) VALUES (
344128, 75003, 30, 'infoCPRB', 'infoCPRB', 'S', 'S', NULL, NULL, 'apapandini',  TO_Date( '10/17/2018 10:24:20 ', 'MM/DD/YYYY HH:MI:SS ')
, 'apapandini',  TO_Date( '10/17/2018 10:24:20 ', 'MM/DD/YYYY HH:MI:SS '), 75007
, 'S', NULL, 'N', NULL, NULL, NULL, 'INFOCPRB', NULL, NULL, NULL, NULL, NULL, NULL
, NULL);
INSERT INTO XML_ATRIBUTO( NR_SEQUENCIA, NR_SEQ_ELEMENTO, NR_SEQ_APRESENTACAO, NM_ATRIBUTO_XML, NM_ATRIBUTO, IE_CRIAR_NULO, IE_OBRIGATORIO, IE_TIPO_ATRIBUTO, DS_MASCARA, NM_USUARIO_NREC, DT_ATUALIZACAO_NREC, NM_USUARIO, DT_ATUALIZACAO, NR_SEQ_ATRIB_ELEM, IE_CRIAR_ATRIBUTO, DS_CABECALHO, IE_CONTROLE_PB, IE_REMOVER_ESPACO_BRANCO, DS_NAMESPACE, NM_TABELA_DEF_BANCO, NM_ATRIBUTO_XML_PESQUISA, CD_EXP_OBSERVACAO, NM_TABELA_BASE, NM_ATRIBUTO_BASE, QT_TAMANHO, QT_DECIMAIS, CD_DOMINIO, NR_SEQ_ITEM_XSD ) VALUES (
344129, 75004, 10, 'tpInscEstab', 'tpInscEstab', 'N', 'N', NULL, NULL, 'apapandini'
,  TO_Date( '10/17/2018 10:24:20 ', 'MM/DD/YYYY HH:MI:SS '), 'apapandini',  TO_Date( '10/17/2018 10:24:20 ', 'MM/DD/YYYY HH:MI:SS ')
, NULL, 'S', NULL, 'N', NULL, NULL, NULL, 'TPINSCESTAB', NULL, NULL, NULL, NULL, NULL
, NULL, NULL);
INSERT INTO XML_ATRIBUTO( NR_SEQUENCIA, NR_SEQ_ELEMENTO, NR_SEQ_APRESENTACAO, NM_ATRIBUTO_XML, NM_ATRIBUTO, IE_CRIAR_NULO, IE_OBRIGATORIO, IE_TIPO_ATRIBUTO, DS_MASCARA, NM_USUARIO_NREC, DT_ATUALIZACAO_NREC, NM_USUARIO, DT_ATUALIZACAO, NR_SEQ_ATRIB_ELEM, IE_CRIAR_ATRIBUTO, DS_CABECALHO, IE_CONTROLE_PB, IE_REMOVER_ESPACO_BRANCO, DS_NAMESPACE, NM_TABELA_DEF_BANCO, NM_ATRIBUTO_XML_PESQUISA, CD_EXP_OBSERVACAO, NM_TABELA_BASE, NM_ATRIBUTO_BASE, QT_TAMANHO, QT_DECIMAIS, CD_DOMINIO, NR_SEQ_ITEM_XSD ) VALUES (
344130, 75004, 20, 'nrInscEstab', 'nrInscEstab', 'N', 'N', NULL, NULL, 'apapandini'
,  TO_Date( '10/17/2018 10:24:20 ', 'MM/DD/YYYY HH:MI:SS '), 'apapandini',  TO_Date( '10/17/2018 10:24:20 ', 'MM/DD/YYYY HH:MI:SS ')
, NULL, 'S', NULL, 'N', NULL, NULL, NULL, 'NRINSCESTAB', NULL, NULL, NULL, NULL, NULL
, NULL, NULL);
INSERT INTO XML_ATRIBUTO( NR_SEQUENCIA, NR_SEQ_ELEMENTO, NR_SEQ_APRESENTACAO, NM_ATRIBUTO_XML, NM_ATRIBUTO, IE_CRIAR_NULO, IE_OBRIGATORIO, IE_TIPO_ATRIBUTO, DS_MASCARA, NM_USUARIO_NREC, DT_ATUALIZACAO_NREC, NM_USUARIO, DT_ATUALIZACAO, NR_SEQ_ATRIB_ELEM, IE_CRIAR_ATRIBUTO, DS_CABECALHO, IE_CONTROLE_PB, IE_REMOVER_ESPACO_BRANCO, DS_NAMESPACE, NM_TABELA_DEF_BANCO, NM_ATRIBUTO_XML_PESQUISA, CD_EXP_OBSERVACAO, NM_TABELA_BASE, NM_ATRIBUTO_BASE, QT_TAMANHO, QT_DECIMAIS, CD_DOMINIO, NR_SEQ_ITEM_XSD ) VALUES (
344131, 75004, 30, 'vlrRecBrutaTotal', 'vlrRecBrutaTotal', 'N', 'N', NULL, NULL, 'apapandini'
,  TO_Date( '10/17/2018 10:24:20 ', 'MM/DD/YYYY HH:MI:SS '), 'apapandini',  TO_Date( '10/17/2018 10:24:20 ', 'MM/DD/YYYY HH:MI:SS ')
, NULL, 'S', NULL, 'N', NULL, NULL, NULL, 'VLRRECBRUTATOTAL', NULL, NULL, NULL, NULL
, NULL, NULL, NULL);
INSERT INTO XML_ATRIBUTO( NR_SEQUENCIA, NR_SEQ_ELEMENTO, NR_SEQ_APRESENTACAO, NM_ATRIBUTO_XML, NM_ATRIBUTO, IE_CRIAR_NULO, IE_OBRIGATORIO, IE_TIPO_ATRIBUTO, DS_MASCARA, NM_USUARIO_NREC, DT_ATUALIZACAO_NREC, NM_USUARIO, DT_ATUALIZACAO, NR_SEQ_ATRIB_ELEM, IE_CRIAR_ATRIBUTO, DS_CABECALHO, IE_CONTROLE_PB, IE_REMOVER_ESPACO_BRANCO, DS_NAMESPACE, NM_TABELA_DEF_BANCO, NM_ATRIBUTO_XML_PESQUISA, CD_EXP_OBSERVACAO, NM_TABELA_BASE, NM_ATRIBUTO_BASE, QT_TAMANHO, QT_DECIMAIS, CD_DOMINIO, NR_SEQ_ITEM_XSD ) VALUES (
344132, 75004, 40, 'vlrCPApurTotal', 'vlrCPApurTotal', 'N', 'N', NULL, NULL, 'apapandini'
,  TO_Date( '10/17/2018 10:24:20 ', 'MM/DD/YYYY HH:MI:SS '), 'apapandini',  TO_Date( '10/17/2018 10:24:20 ', 'MM/DD/YYYY HH:MI:SS ')
, NULL, 'S', NULL, 'N', NULL, NULL, NULL, 'VLRCPAPURTOTAL', NULL, NULL, NULL, NULL
, NULL, NULL, NULL);
INSERT INTO XML_ATRIBUTO( NR_SEQUENCIA, NR_SEQ_ELEMENTO, NR_SEQ_APRESENTACAO, NM_ATRIBUTO_XML, NM_ATRIBUTO, IE_CRIAR_NULO, IE_OBRIGATORIO, IE_TIPO_ATRIBUTO, DS_MASCARA, NM_USUARIO_NREC, DT_ATUALIZACAO_NREC, NM_USUARIO, DT_ATUALIZACAO, NR_SEQ_ATRIB_ELEM, IE_CRIAR_ATRIBUTO, DS_CABECALHO, IE_CONTROLE_PB, IE_REMOVER_ESPACO_BRANCO, DS_NAMESPACE, NM_TABELA_DEF_BANCO, NM_ATRIBUTO_XML_PESQUISA, CD_EXP_OBSERVACAO, NM_TABELA_BASE, NM_ATRIBUTO_BASE, QT_TAMANHO, QT_DECIMAIS, CD_DOMINIO, NR_SEQ_ITEM_XSD ) VALUES (
344133, 75004, 50, 'tipoCod', 'tipoCod', 'N', 'N', NULL, NULL, 'apapandini',  TO_Date( '10/17/2018 10:24:20 ', 'MM/DD/YYYY HH:MI:SS ')
, 'apapandini',  TO_Date( '10/17/2018 10:24:20 ', 'MM/DD/YYYY HH:MI:SS '), 75008
, 'S', NULL, 'N', NULL, NULL, NULL, 'TIPOCOD', NULL, NULL, NULL, NULL, NULL, NULL
, NULL);
INSERT INTO XML_ATRIBUTO( NR_SEQUENCIA, NR_SEQ_ELEMENTO, NR_SEQ_APRESENTACAO, NM_ATRIBUTO_XML, NM_ATRIBUTO, IE_CRIAR_NULO, IE_OBRIGATORIO, IE_TIPO_ATRIBUTO, DS_MASCARA, NM_USUARIO_NREC, DT_ATUALIZACAO_NREC, NM_USUARIO, DT_ATUALIZACAO, NR_SEQ_ATRIB_ELEM, IE_CRIAR_ATRIBUTO, DS_CABECALHO, IE_CONTROLE_PB, IE_REMOVER_ESPACO_BRANCO, DS_NAMESPACE, NM_TABELA_DEF_BANCO, NM_ATRIBUTO_XML_PESQUISA, CD_EXP_OBSERVACAO, NM_TABELA_BASE, NM_ATRIBUTO_BASE, QT_TAMANHO, QT_DECIMAIS, CD_DOMINIO, NR_SEQ_ITEM_XSD ) VALUES (
344134, 75005, 10, 'indRetif', 'indRetif', 'N', 'N', NULL, NULL, 'apapandini',  TO_Date( '10/17/2018 10:24:20 ', 'MM/DD/YYYY HH:MI:SS ')
, 'apapandini',  TO_Date( '10/17/2018 10:24:20 ', 'MM/DD/YYYY HH:MI:SS '), NULL
, 'S', NULL, 'N', NULL, NULL, NULL, 'INDRETIF', NULL, NULL, NULL, NULL, NULL, NULL
, NULL);
INSERT INTO XML_ATRIBUTO( NR_SEQUENCIA, NR_SEQ_ELEMENTO, NR_SEQ_APRESENTACAO, NM_ATRIBUTO_XML, NM_ATRIBUTO, IE_CRIAR_NULO, IE_OBRIGATORIO, IE_TIPO_ATRIBUTO, DS_MASCARA, NM_USUARIO_NREC, DT_ATUALIZACAO_NREC, NM_USUARIO, DT_ATUALIZACAO, NR_SEQ_ATRIB_ELEM, IE_CRIAR_ATRIBUTO, DS_CABECALHO, IE_CONTROLE_PB, IE_REMOVER_ESPACO_BRANCO, DS_NAMESPACE, NM_TABELA_DEF_BANCO, NM_ATRIBUTO_XML_PESQUISA, CD_EXP_OBSERVACAO, NM_TABELA_BASE, NM_ATRIBUTO_BASE, QT_TAMANHO, QT_DECIMAIS, CD_DOMINIO, NR_SEQ_ITEM_XSD ) VALUES (
344135, 75005, 20, 'nrRecibo', 'nrRecibo', 'N', 'N', NULL, NULL, 'apapandini',  TO_Date( '10/17/2018 10:24:20 ', 'MM/DD/YYYY HH:MI:SS ')
, 'apapandini',  TO_Date( '10/17/2018 10:24:20 ', 'MM/DD/YYYY HH:MI:SS '), NULL
, 'S', NULL, 'N', NULL, NULL, NULL, 'NRRECIBO', NULL, NULL, NULL, NULL, NULL, NULL
, NULL);
INSERT INTO XML_ATRIBUTO( NR_SEQUENCIA, NR_SEQ_ELEMENTO, NR_SEQ_APRESENTACAO, NM_ATRIBUTO_XML, NM_ATRIBUTO, IE_CRIAR_NULO, IE_OBRIGATORIO, IE_TIPO_ATRIBUTO, DS_MASCARA, NM_USUARIO_NREC, DT_ATUALIZACAO_NREC, NM_USUARIO, DT_ATUALIZACAO, NR_SEQ_ATRIB_ELEM, IE_CRIAR_ATRIBUTO, DS_CABECALHO, IE_CONTROLE_PB, IE_REMOVER_ESPACO_BRANCO, DS_NAMESPACE, NM_TABELA_DEF_BANCO, NM_ATRIBUTO_XML_PESQUISA, CD_EXP_OBSERVACAO, NM_TABELA_BASE, NM_ATRIBUTO_BASE, QT_TAMANHO, QT_DECIMAIS, CD_DOMINIO, NR_SEQ_ITEM_XSD ) VALUES (
344136, 75005, 30, 'perApur', 'perApur', 'N', 'N', NULL, NULL, 'apapandini',  TO_Date( '10/17/2018 10:24:20 ', 'MM/DD/YYYY HH:MI:SS ')
, 'apapandini',  TO_Date( '10/17/2018 10:24:20 ', 'MM/DD/YYYY HH:MI:SS '), NULL
, 'S', NULL, 'N', NULL, NULL, NULL, 'PERAPUR', NULL, NULL, NULL, NULL, NULL, NULL
, NULL);
INSERT INTO XML_ATRIBUTO( NR_SEQUENCIA, NR_SEQ_ELEMENTO, NR_SEQ_APRESENTACAO, NM_ATRIBUTO_XML, NM_ATRIBUTO, IE_CRIAR_NULO, IE_OBRIGATORIO, IE_TIPO_ATRIBUTO, DS_MASCARA, NM_USUARIO_NREC, DT_ATUALIZACAO_NREC, NM_USUARIO, DT_ATUALIZACAO, NR_SEQ_ATRIB_ELEM, IE_CRIAR_ATRIBUTO, DS_CABECALHO, IE_CONTROLE_PB, IE_REMOVER_ESPACO_BRANCO, DS_NAMESPACE, NM_TABELA_DEF_BANCO, NM_ATRIBUTO_XML_PESQUISA, CD_EXP_OBSERVACAO, NM_TABELA_BASE, NM_ATRIBUTO_BASE, QT_TAMANHO, QT_DECIMAIS, CD_DOMINIO, NR_SEQ_ITEM_XSD ) VALUES (
344137, 75005, 40, 'tpAmb', 'tpAmb', 'N', 'N', NULL, NULL, 'apapandini',  TO_Date( '10/17/2018 10:24:20 ', 'MM/DD/YYYY HH:MI:SS ')
, 'apapandini',  TO_Date( '10/17/2018 10:24:20 ', 'MM/DD/YYYY HH:MI:SS '), NULL
, 'S', NULL, 'N', NULL, NULL, NULL, 'TPAMB', NULL, NULL, NULL, NULL, NULL, NULL, NULL);
INSERT INTO XML_ATRIBUTO( NR_SEQUENCIA, NR_SEQ_ELEMENTO, NR_SEQ_APRESENTACAO, NM_ATRIBUTO_XML, NM_ATRIBUTO, IE_CRIAR_NULO, IE_OBRIGATORIO, IE_TIPO_ATRIBUTO, DS_MASCARA, NM_USUARIO_NREC, DT_ATUALIZACAO_NREC, NM_USUARIO, DT_ATUALIZACAO, NR_SEQ_ATRIB_ELEM, IE_CRIAR_ATRIBUTO, DS_CABECALHO, IE_CONTROLE_PB, IE_REMOVER_ESPACO_BRANCO, DS_NAMESPACE, NM_TABELA_DEF_BANCO, NM_ATRIBUTO_XML_PESQUISA, CD_EXP_OBSERVACAO, NM_TABELA_BASE, NM_ATRIBUTO_BASE, QT_TAMANHO, QT_DECIMAIS, CD_DOMINIO, NR_SEQ_ITEM_XSD ) VALUES (
344138, 75005, 50, 'procEmi', 'procEmi', 'N', 'N', NULL, NULL, 'apapandini',  TO_Date( '10/17/2018 10:24:20 ', 'MM/DD/YYYY HH:MI:SS ')
, 'apapandini',  TO_Date( '10/17/2018 10:24:20 ', 'MM/DD/YYYY HH:MI:SS '), NULL
, 'S', NULL, 'N', NULL, NULL, NULL, 'PROCEMI', NULL, NULL, NULL, NULL, NULL, NULL
, NULL);
INSERT INTO XML_ATRIBUTO( NR_SEQUENCIA, NR_SEQ_ELEMENTO, NR_SEQ_APRESENTACAO, NM_ATRIBUTO_XML, NM_ATRIBUTO, IE_CRIAR_NULO, IE_OBRIGATORIO, IE_TIPO_ATRIBUTO, DS_MASCARA, NM_USUARIO_NREC, DT_ATUALIZACAO_NREC, NM_USUARIO, DT_ATUALIZACAO, NR_SEQ_ATRIB_ELEM, IE_CRIAR_ATRIBUTO, DS_CABECALHO, IE_CONTROLE_PB, IE_REMOVER_ESPACO_BRANCO, DS_NAMESPACE, NM_TABELA_DEF_BANCO, NM_ATRIBUTO_XML_PESQUISA, CD_EXP_OBSERVACAO, NM_TABELA_BASE, NM_ATRIBUTO_BASE, QT_TAMANHO, QT_DECIMAIS, CD_DOMINIO, NR_SEQ_ITEM_XSD ) VALUES (
344139, 75005, 60, 'verProc', 'verProc', 'N', 'N', NULL, NULL, 'apapandini',  TO_Date( '10/17/2018 10:24:20 ', 'MM/DD/YYYY HH:MI:SS ')
, 'apapandini',  TO_Date( '10/17/2018 10:24:20 ', 'MM/DD/YYYY HH:MI:SS '), NULL
, 'S', NULL, 'N', NULL, NULL, NULL, 'VERPROC', NULL, NULL, NULL, NULL, NULL, NULL
, NULL);
INSERT INTO XML_ATRIBUTO( NR_SEQUENCIA, NR_SEQ_ELEMENTO, NR_SEQ_APRESENTACAO, NM_ATRIBUTO_XML, NM_ATRIBUTO, IE_CRIAR_NULO, IE_OBRIGATORIO, IE_TIPO_ATRIBUTO, DS_MASCARA, NM_USUARIO_NREC, DT_ATUALIZACAO_NREC, NM_USUARIO, DT_ATUALIZACAO, NR_SEQ_ATRIB_ELEM, IE_CRIAR_ATRIBUTO, DS_CABECALHO, IE_CONTROLE_PB, IE_REMOVER_ESPACO_BRANCO, DS_NAMESPACE, NM_TABELA_DEF_BANCO, NM_ATRIBUTO_XML_PESQUISA, CD_EXP_OBSERVACAO, NM_TABELA_BASE, NM_ATRIBUTO_BASE, QT_TAMANHO, QT_DECIMAIS, CD_DOMINIO, NR_SEQ_ITEM_XSD ) VALUES (
344140, 75006, 10, 'tpInsc', 'tpInsc', 'N', 'N', NULL, NULL, 'apapandini',  TO_Date( '10/17/2018 10:24:20 ', 'MM/DD/YYYY HH:MI:SS ')
, 'apapandini',  TO_Date( '10/17/2018 10:24:20 ', 'MM/DD/YYYY HH:MI:SS '), NULL
, 'S', NULL, 'N', NULL, NULL, NULL, 'TPINSC', NULL, NULL, NULL, NULL, NULL, NULL, NULL);
INSERT INTO XML_ATRIBUTO( NR_SEQUENCIA, NR_SEQ_ELEMENTO, NR_SEQ_APRESENTACAO, NM_ATRIBUTO_XML, NM_ATRIBUTO, IE_CRIAR_NULO, IE_OBRIGATORIO, IE_TIPO_ATRIBUTO, DS_MASCARA, NM_USUARIO_NREC, DT_ATUALIZACAO_NREC, NM_USUARIO, DT_ATUALIZACAO, NR_SEQ_ATRIB_ELEM, IE_CRIAR_ATRIBUTO, DS_CABECALHO, IE_CONTROLE_PB, IE_REMOVER_ESPACO_BRANCO, DS_NAMESPACE, NM_TABELA_DEF_BANCO, NM_ATRIBUTO_XML_PESQUISA, CD_EXP_OBSERVACAO, NM_TABELA_BASE, NM_ATRIBUTO_BASE, QT_TAMANHO, QT_DECIMAIS, CD_DOMINIO, NR_SEQ_ITEM_XSD ) VALUES (
344141, 75006, 20, 'nrInsc', 'nrInsc', 'N', 'N', NULL, NULL, 'apapandini',  TO_Date( '10/17/2018 10:24:20 ', 'MM/DD/YYYY HH:MI:SS ')
, 'apapandini',  TO_Date( '10/17/2018 10:24:20 ', 'MM/DD/YYYY HH:MI:SS '), NULL
, 'S', NULL, 'N', NULL, NULL, NULL, 'NRINSC', NULL, NULL, NULL, NULL, NULL, NULL, NULL);
INSERT INTO XML_ATRIBUTO( NR_SEQUENCIA, NR_SEQ_ELEMENTO, NR_SEQ_APRESENTACAO, NM_ATRIBUTO_XML, NM_ATRIBUTO, IE_CRIAR_NULO, IE_OBRIGATORIO, IE_TIPO_ATRIBUTO, DS_MASCARA, NM_USUARIO_NREC, DT_ATUALIZACAO_NREC, NM_USUARIO, DT_ATUALIZACAO, NR_SEQ_ATRIB_ELEM, IE_CRIAR_ATRIBUTO, DS_CABECALHO, IE_CONTROLE_PB, IE_REMOVER_ESPACO_BRANCO, DS_NAMESPACE, NM_TABELA_DEF_BANCO, NM_ATRIBUTO_XML_PESQUISA, CD_EXP_OBSERVACAO, NM_TABELA_BASE, NM_ATRIBUTO_BASE, QT_TAMANHO, QT_DECIMAIS, CD_DOMINIO, NR_SEQ_ITEM_XSD ) VALUES (
344142, 75007, 10, 'ideEstab', 'ideEstab', 'N', 'N', NULL, NULL, 'apapandini',  TO_Date( '10/17/2018 10:24:20 ', 'MM/DD/YYYY HH:MI:SS ')
, 'apapandini',  TO_Date( '10/17/2018 10:24:20 ', 'MM/DD/YYYY HH:MI:SS '), 75004
, 'S', NULL, 'N', NULL, NULL, NULL, 'IDEESTAB', NULL, NULL, NULL, NULL, NULL, NULL
, NULL);
INSERT INTO XML_ATRIBUTO( NR_SEQUENCIA, NR_SEQ_ELEMENTO, NR_SEQ_APRESENTACAO, NM_ATRIBUTO_XML, NM_ATRIBUTO, IE_CRIAR_NULO, IE_OBRIGATORIO, IE_TIPO_ATRIBUTO, DS_MASCARA, NM_USUARIO_NREC, DT_ATUALIZACAO_NREC, NM_USUARIO, DT_ATUALIZACAO, NR_SEQ_ATRIB_ELEM, IE_CRIAR_ATRIBUTO, DS_CABECALHO, IE_CONTROLE_PB, IE_REMOVER_ESPACO_BRANCO, DS_NAMESPACE, NM_TABELA_DEF_BANCO, NM_ATRIBUTO_XML_PESQUISA, CD_EXP_OBSERVACAO, NM_TABELA_BASE, NM_ATRIBUTO_BASE, QT_TAMANHO, QT_DECIMAIS, CD_DOMINIO, NR_SEQ_ITEM_XSD ) VALUES (
344143, 75008, 10, 'codAtivEcon', 'codAtivEcon', 'N', 'N', NULL, NULL, 'apapandini'
,  TO_Date( '10/17/2018 10:24:20 ', 'MM/DD/YYYY HH:MI:SS '), 'apapandini',  TO_Date( '10/17/2018 10:24:20 ', 'MM/DD/YYYY HH:MI:SS ')
, NULL, 'S', NULL, 'N', NULL, NULL, NULL, 'CODATIVECON', NULL, NULL, NULL, NULL, NULL
, NULL, NULL);
INSERT INTO XML_ATRIBUTO( NR_SEQUENCIA, NR_SEQ_ELEMENTO, NR_SEQ_APRESENTACAO, NM_ATRIBUTO_XML, NM_ATRIBUTO, IE_CRIAR_NULO, IE_OBRIGATORIO, IE_TIPO_ATRIBUTO, DS_MASCARA, NM_USUARIO_NREC, DT_ATUALIZACAO_NREC, NM_USUARIO, DT_ATUALIZACAO, NR_SEQ_ATRIB_ELEM, IE_CRIAR_ATRIBUTO, DS_CABECALHO, IE_CONTROLE_PB, IE_REMOVER_ESPACO_BRANCO, DS_NAMESPACE, NM_TABELA_DEF_BANCO, NM_ATRIBUTO_XML_PESQUISA, CD_EXP_OBSERVACAO, NM_TABELA_BASE, NM_ATRIBUTO_BASE, QT_TAMANHO, QT_DECIMAIS, CD_DOMINIO, NR_SEQ_ITEM_XSD ) VALUES (
344144, 75008, 20, 'vlrRecBrutaAtiv', 'vlrRecBrutaAtiv', 'N', 'N', NULL, NULL, 'apapandini'
,  TO_Date( '10/17/2018 10:24:20 ', 'MM/DD/YYYY HH:MI:SS '), 'apapandini',  TO_Date( '10/17/2018 10:24:20 ', 'MM/DD/YYYY HH:MI:SS ')
, NULL, 'S', NULL, 'N', NULL, NULL, NULL, 'VLRRECBRUTAATIV', NULL, NULL, NULL, NULL
, NULL, NULL, NULL);
INSERT INTO XML_ATRIBUTO( NR_SEQUENCIA, NR_SEQ_ELEMENTO, NR_SEQ_APRESENTACAO, NM_ATRIBUTO_XML, NM_ATRIBUTO, IE_CRIAR_NULO, IE_OBRIGATORIO, IE_TIPO_ATRIBUTO, DS_MASCARA, NM_USUARIO_NREC, DT_ATUALIZACAO_NREC, NM_USUARIO, DT_ATUALIZACAO, NR_SEQ_ATRIB_ELEM, IE_CRIAR_ATRIBUTO, DS_CABECALHO, IE_CONTROLE_PB, IE_REMOVER_ESPACO_BRANCO, DS_NAMESPACE, NM_TABELA_DEF_BANCO, NM_ATRIBUTO_XML_PESQUISA, CD_EXP_OBSERVACAO, NM_TABELA_BASE, NM_ATRIBUTO_BASE, QT_TAMANHO, QT_DECIMAIS, CD_DOMINIO, NR_SEQ_ITEM_XSD ) VALUES (
344145, 75008, 30, 'vlrExcRecBruta', 'vlrExcRecBruta', 'N', 'N', NULL, NULL, 'apapandini'
,  TO_Date( '10/17/2018 10:24:20 ', 'MM/DD/YYYY HH:MI:SS '), 'apapandini',  TO_Date( '10/17/2018 10:24:20 ', 'MM/DD/YYYY HH:MI:SS ')
, NULL, 'S', NULL, 'N', NULL, NULL, NULL, 'VLREXCRECBRUTA', NULL, NULL, NULL, NULL
, NULL, NULL, NULL);
INSERT INTO XML_ATRIBUTO( NR_SEQUENCIA, NR_SEQ_ELEMENTO, NR_SEQ_APRESENTACAO, NM_ATRIBUTO_XML, NM_ATRIBUTO, IE_CRIAR_NULO, IE_OBRIGATORIO, IE_TIPO_ATRIBUTO, DS_MASCARA, NM_USUARIO_NREC, DT_ATUALIZACAO_NREC, NM_USUARIO, DT_ATUALIZACAO, NR_SEQ_ATRIB_ELEM, IE_CRIAR_ATRIBUTO, DS_CABECALHO, IE_CONTROLE_PB, IE_REMOVER_ESPACO_BRANCO, DS_NAMESPACE, NM_TABELA_DEF_BANCO, NM_ATRIBUTO_XML_PESQUISA, CD_EXP_OBSERVACAO, NM_TABELA_BASE, NM_ATRIBUTO_BASE, QT_TAMANHO, QT_DECIMAIS, CD_DOMINIO, NR_SEQ_ITEM_XSD ) VALUES (
344146, 75008, 40, 'vlrAdicRecBruta', 'vlrAdicRecBruta', 'N', 'N', NULL, NULL, 'apapandini'
,  TO_Date( '10/17/2018 10:24:20 ', 'MM/DD/YYYY HH:MI:SS '), 'apapandini',  TO_Date( '10/17/2018 10:24:20 ', 'MM/DD/YYYY HH:MI:SS ')
, NULL, 'S', NULL, 'N', NULL, NULL, NULL, 'VLRADICRECBRUTA', NULL, NULL, NULL, NULL
, NULL, NULL, NULL);
INSERT INTO XML_ATRIBUTO( NR_SEQUENCIA, NR_SEQ_ELEMENTO, NR_SEQ_APRESENTACAO, NM_ATRIBUTO_XML, NM_ATRIBUTO, IE_CRIAR_NULO, IE_OBRIGATORIO, IE_TIPO_ATRIBUTO, DS_MASCARA, NM_USUARIO_NREC, DT_ATUALIZACAO_NREC, NM_USUARIO, DT_ATUALIZACAO, NR_SEQ_ATRIB_ELEM, IE_CRIAR_ATRIBUTO, DS_CABECALHO, IE_CONTROLE_PB, IE_REMOVER_ESPACO_BRANCO, DS_NAMESPACE, NM_TABELA_DEF_BANCO, NM_ATRIBUTO_XML_PESQUISA, CD_EXP_OBSERVACAO, NM_TABELA_BASE, NM_ATRIBUTO_BASE, QT_TAMANHO, QT_DECIMAIS, CD_DOMINIO, NR_SEQ_ITEM_XSD ) VALUES (
344147, 75008, 50, 'vlrBcCPRB', 'vlrBcCPRB', 'N', 'N', NULL, NULL, 'apapandini',  TO_Date( '10/17/2018 10:24:20 ', 'MM/DD/YYYY HH:MI:SS ')
, 'apapandini',  TO_Date( '10/17/2018 10:24:20 ', 'MM/DD/YYYY HH:MI:SS '), NULL
, 'S', NULL, 'N', NULL, NULL, NULL, 'VLRBCCPRB', NULL, NULL, NULL, NULL, NULL, NULL
, NULL);
INSERT INTO XML_ATRIBUTO( NR_SEQUENCIA, NR_SEQ_ELEMENTO, NR_SEQ_APRESENTACAO, NM_ATRIBUTO_XML, NM_ATRIBUTO, IE_CRIAR_NULO, IE_OBRIGATORIO, IE_TIPO_ATRIBUTO, DS_MASCARA, NM_USUARIO_NREC, DT_ATUALIZACAO_NREC, NM_USUARIO, DT_ATUALIZACAO, NR_SEQ_ATRIB_ELEM, IE_CRIAR_ATRIBUTO, DS_CABECALHO, IE_CONTROLE_PB, IE_REMOVER_ESPACO_BRANCO, DS_NAMESPACE, NM_TABELA_DEF_BANCO, NM_ATRIBUTO_XML_PESQUISA, CD_EXP_OBSERVACAO, NM_TABELA_BASE, NM_ATRIBUTO_BASE, QT_TAMANHO, QT_DECIMAIS, CD_DOMINIO, NR_SEQ_ITEM_XSD ) VALUES (
344148, 75008, 60, 'vlrCPRBapur', 'vlrCPRBapur', 'N', 'N', NULL, NULL, 'apapandini'
,  TO_Date( '10/17/2018 10:24:20 ', 'MM/DD/YYYY HH:MI:SS '), 'apapandini',  TO_Date( '10/17/2018 10:24:20 ', 'MM/DD/YYYY HH:MI:SS ')
, NULL, 'S', NULL, 'N', NULL, NULL, NULL, 'VLRCPRBAPUR', NULL, NULL, NULL, NULL, NULL
, NULL, NULL);
INSERT INTO XML_ATRIBUTO( NR_SEQUENCIA, NR_SEQ_ELEMENTO, NR_SEQ_APRESENTACAO, NM_ATRIBUTO_XML, NM_ATRIBUTO, IE_CRIAR_NULO, IE_OBRIGATORIO, IE_TIPO_ATRIBUTO, DS_MASCARA, NM_USUARIO_NREC, DT_ATUALIZACAO_NREC, NM_USUARIO, DT_ATUALIZACAO, NR_SEQ_ATRIB_ELEM, IE_CRIAR_ATRIBUTO, DS_CABECALHO, IE_CONTROLE_PB, IE_REMOVER_ESPACO_BRANCO, DS_NAMESPACE, NM_TABELA_DEF_BANCO, NM_ATRIBUTO_XML_PESQUISA, CD_EXP_OBSERVACAO, NM_TABELA_BASE, NM_ATRIBUTO_BASE, QT_TAMANHO, QT_DECIMAIS, CD_DOMINIO, NR_SEQ_ITEM_XSD ) VALUES (
344149, 75008, 70, 'tipoAjuste', 'tipoAjuste', 'N', 'N', NULL, NULL, 'apapandini'
,  TO_Date( '10/17/2018 10:24:20 ', 'MM/DD/YYYY HH:MI:SS '), 'apapandini',  TO_Date( '10/17/2018 10:24:20 ', 'MM/DD/YYYY HH:MI:SS ')
, 75009, 'S', NULL, 'N', NULL, NULL, NULL, 'TIPOAJUSTE', NULL, NULL, NULL, NULL, NULL
, NULL, NULL);
INSERT INTO XML_ATRIBUTO( NR_SEQUENCIA, NR_SEQ_ELEMENTO, NR_SEQ_APRESENTACAO, NM_ATRIBUTO_XML, NM_ATRIBUTO, IE_CRIAR_NULO, IE_OBRIGATORIO, IE_TIPO_ATRIBUTO, DS_MASCARA, NM_USUARIO_NREC, DT_ATUALIZACAO_NREC, NM_USUARIO, DT_ATUALIZACAO, NR_SEQ_ATRIB_ELEM, IE_CRIAR_ATRIBUTO, DS_CABECALHO, IE_CONTROLE_PB, IE_REMOVER_ESPACO_BRANCO, DS_NAMESPACE, NM_TABELA_DEF_BANCO, NM_ATRIBUTO_XML_PESQUISA, CD_EXP_OBSERVACAO, NM_TABELA_BASE, NM_ATRIBUTO_BASE, QT_TAMANHO, QT_DECIMAIS, CD_DOMINIO, NR_SEQ_ITEM_XSD ) VALUES (
344150, 75008, 80, 'infoProc', 'infoProc', 'N', 'N', NULL, NULL, 'apapandini',  TO_Date( '10/17/2018 10:24:20 ', 'MM/DD/YYYY HH:MI:SS ')
, 'apapandini',  TO_Date( '10/17/2018 10:24:20 ', 'MM/DD/YYYY HH:MI:SS '), 75010
, 'S', NULL, 'N', NULL, NULL, NULL, 'INFOPROC', NULL, NULL, NULL, NULL, NULL, NULL
, NULL);
INSERT INTO XML_ATRIBUTO( NR_SEQUENCIA, NR_SEQ_ELEMENTO, NR_SEQ_APRESENTACAO, NM_ATRIBUTO_XML, NM_ATRIBUTO, IE_CRIAR_NULO, IE_OBRIGATORIO, IE_TIPO_ATRIBUTO, DS_MASCARA, NM_USUARIO_NREC, DT_ATUALIZACAO_NREC, NM_USUARIO, DT_ATUALIZACAO, NR_SEQ_ATRIB_ELEM, IE_CRIAR_ATRIBUTO, DS_CABECALHO, IE_CONTROLE_PB, IE_REMOVER_ESPACO_BRANCO, DS_NAMESPACE, NM_TABELA_DEF_BANCO, NM_ATRIBUTO_XML_PESQUISA, CD_EXP_OBSERVACAO, NM_TABELA_BASE, NM_ATRIBUTO_BASE, QT_TAMANHO, QT_DECIMAIS, CD_DOMINIO, NR_SEQ_ITEM_XSD ) VALUES (
344151, 75009, 10, 'tpAjuste', 'tpAjuste', 'N', 'N', NULL, NULL, 'apapandini',  TO_Date( '10/17/2018 10:24:20 ', 'MM/DD/YYYY HH:MI:SS ')
, 'apapandini',  TO_Date( '10/17/2018 10:24:20 ', 'MM/DD/YYYY HH:MI:SS '), NULL
, 'S', NULL, 'N', NULL, NULL, NULL, 'TPAJUSTE', NULL, NULL, NULL, NULL, NULL, NULL
, NULL);
INSERT INTO XML_ATRIBUTO( NR_SEQUENCIA, NR_SEQ_ELEMENTO, NR_SEQ_APRESENTACAO, NM_ATRIBUTO_XML, NM_ATRIBUTO, IE_CRIAR_NULO, IE_OBRIGATORIO, IE_TIPO_ATRIBUTO, DS_MASCARA, NM_USUARIO_NREC, DT_ATUALIZACAO_NREC, NM_USUARIO, DT_ATUALIZACAO, NR_SEQ_ATRIB_ELEM, IE_CRIAR_ATRIBUTO, DS_CABECALHO, IE_CONTROLE_PB, IE_REMOVER_ESPACO_BRANCO, DS_NAMESPACE, NM_TABELA_DEF_BANCO, NM_ATRIBUTO_XML_PESQUISA, CD_EXP_OBSERVACAO, NM_TABELA_BASE, NM_ATRIBUTO_BASE, QT_TAMANHO, QT_DECIMAIS, CD_DOMINIO, NR_SEQ_ITEM_XSD ) VALUES (
344152, 75009, 20, 'codAjuste', 'codAjuste', 'N', 'N', NULL, NULL, 'apapandini',  TO_Date( '10/17/2018 10:24:20 ', 'MM/DD/YYYY HH:MI:SS ')
, 'apapandini',  TO_Date( '10/17/2018 10:24:20 ', 'MM/DD/YYYY HH:MI:SS '), NULL
, 'S', NULL, 'N', NULL, NULL, NULL, 'CODAJUSTE', NULL, NULL, NULL, NULL, NULL, NULL
, NULL);
INSERT INTO XML_ATRIBUTO( NR_SEQUENCIA, NR_SEQ_ELEMENTO, NR_SEQ_APRESENTACAO, NM_ATRIBUTO_XML, NM_ATRIBUTO, IE_CRIAR_NULO, IE_OBRIGATORIO, IE_TIPO_ATRIBUTO, DS_MASCARA, NM_USUARIO_NREC, DT_ATUALIZACAO_NREC, NM_USUARIO, DT_ATUALIZACAO, NR_SEQ_ATRIB_ELEM, IE_CRIAR_ATRIBUTO, DS_CABECALHO, IE_CONTROLE_PB, IE_REMOVER_ESPACO_BRANCO, DS_NAMESPACE, NM_TABELA_DEF_BANCO, NM_ATRIBUTO_XML_PESQUISA, CD_EXP_OBSERVACAO, NM_TABELA_BASE, NM_ATRIBUTO_BASE, QT_TAMANHO, QT_DECIMAIS, CD_DOMINIO, NR_SEQ_ITEM_XSD ) VALUES (
344153, 75009, 30, 'vlrAjuste', 'vlrAjuste', 'N', 'N', NULL, NULL, 'apapandini',  TO_Date( '10/17/2018 10:24:20 ', 'MM/DD/YYYY HH:MI:SS ')
, 'apapandini',  TO_Date( '10/17/2018 10:24:20 ', 'MM/DD/YYYY HH:MI:SS '), NULL
, 'S', NULL, 'N', NULL, NULL, NULL, 'VLRAJUSTE', NULL, NULL, NULL, NULL, NULL, NULL
, NULL);
INSERT INTO XML_ATRIBUTO( NR_SEQUENCIA, NR_SEQ_ELEMENTO, NR_SEQ_APRESENTACAO, NM_ATRIBUTO_XML, NM_ATRIBUTO, IE_CRIAR_NULO, IE_OBRIGATORIO, IE_TIPO_ATRIBUTO, DS_MASCARA, NM_USUARIO_NREC, DT_ATUALIZACAO_NREC, NM_USUARIO, DT_ATUALIZACAO, NR_SEQ_ATRIB_ELEM, IE_CRIAR_ATRIBUTO, DS_CABECALHO, IE_CONTROLE_PB, IE_REMOVER_ESPACO_BRANCO, DS_NAMESPACE, NM_TABELA_DEF_BANCO, NM_ATRIBUTO_XML_PESQUISA, CD_EXP_OBSERVACAO, NM_TABELA_BASE, NM_ATRIBUTO_BASE, QT_TAMANHO, QT_DECIMAIS, CD_DOMINIO, NR_SEQ_ITEM_XSD ) VALUES (
344154, 75009, 40, 'descAjuste', 'descAjuste', 'N', 'N', NULL, NULL, 'apapandini'
,  TO_Date( '10/17/2018 10:24:20 ', 'MM/DD/YYYY HH:MI:SS '), 'apapandini',  TO_Date( '10/17/2018 10:24:20 ', 'MM/DD/YYYY HH:MI:SS ')
, NULL, 'S', NULL, 'N', NULL, NULL, NULL, 'DESCAJUSTE', NULL, NULL, NULL, NULL, NULL
, NULL, NULL);
INSERT INTO XML_ATRIBUTO( NR_SEQUENCIA, NR_SEQ_ELEMENTO, NR_SEQ_APRESENTACAO, NM_ATRIBUTO_XML, NM_ATRIBUTO, IE_CRIAR_NULO, IE_OBRIGATORIO, IE_TIPO_ATRIBUTO, DS_MASCARA, NM_USUARIO_NREC, DT_ATUALIZACAO_NREC, NM_USUARIO, DT_ATUALIZACAO, NR_SEQ_ATRIB_ELEM, IE_CRIAR_ATRIBUTO, DS_CABECALHO, IE_CONTROLE_PB, IE_REMOVER_ESPACO_BRANCO, DS_NAMESPACE, NM_TABELA_DEF_BANCO, NM_ATRIBUTO_XML_PESQUISA, CD_EXP_OBSERVACAO, NM_TABELA_BASE, NM_ATRIBUTO_BASE, QT_TAMANHO, QT_DECIMAIS, CD_DOMINIO, NR_SEQ_ITEM_XSD ) VALUES (
344155, 75009, 50, 'dtAjuste', 'dtAjuste', 'N', 'N', NULL, NULL, 'apapandini',  TO_Date( '10/17/2018 10:24:20 ', 'MM/DD/YYYY HH:MI:SS ')
, 'apapandini',  TO_Date( '10/17/2018 10:24:20 ', 'MM/DD/YYYY HH:MI:SS '), NULL
, 'S', NULL, 'N', NULL, NULL, NULL, 'DTAJUSTE', NULL, NULL, NULL, NULL, NULL, NULL
, NULL);
INSERT INTO XML_ATRIBUTO( NR_SEQUENCIA, NR_SEQ_ELEMENTO, NR_SEQ_APRESENTACAO, NM_ATRIBUTO_XML, NM_ATRIBUTO, IE_CRIAR_NULO, IE_OBRIGATORIO, IE_TIPO_ATRIBUTO, DS_MASCARA, NM_USUARIO_NREC, DT_ATUALIZACAO_NREC, NM_USUARIO, DT_ATUALIZACAO, NR_SEQ_ATRIB_ELEM, IE_CRIAR_ATRIBUTO, DS_CABECALHO, IE_CONTROLE_PB, IE_REMOVER_ESPACO_BRANCO, DS_NAMESPACE, NM_TABELA_DEF_BANCO, NM_ATRIBUTO_XML_PESQUISA, CD_EXP_OBSERVACAO, NM_TABELA_BASE, NM_ATRIBUTO_BASE, QT_TAMANHO, QT_DECIMAIS, CD_DOMINIO, NR_SEQ_ITEM_XSD ) VALUES (
344156, 75010, 10, 'tpProc', 'tpProc', 'N', 'N', NULL, NULL, 'apapandini',  TO_Date( '10/17/2018 10:24:20 ', 'MM/DD/YYYY HH:MI:SS ')
, 'apapandini',  TO_Date( '10/17/2018 10:24:20 ', 'MM/DD/YYYY HH:MI:SS '), NULL
, 'S', NULL, 'N', NULL, NULL, NULL, 'TPPROC', NULL, NULL, NULL, NULL, NULL, NULL, NULL);
INSERT INTO XML_ATRIBUTO( NR_SEQUENCIA, NR_SEQ_ELEMENTO, NR_SEQ_APRESENTACAO, NM_ATRIBUTO_XML, NM_ATRIBUTO, IE_CRIAR_NULO, IE_OBRIGATORIO, IE_TIPO_ATRIBUTO, DS_MASCARA, NM_USUARIO_NREC, DT_ATUALIZACAO_NREC, NM_USUARIO, DT_ATUALIZACAO, NR_SEQ_ATRIB_ELEM, IE_CRIAR_ATRIBUTO, DS_CABECALHO, IE_CONTROLE_PB, IE_REMOVER_ESPACO_BRANCO, DS_NAMESPACE, NM_TABELA_DEF_BANCO, NM_ATRIBUTO_XML_PESQUISA, CD_EXP_OBSERVACAO, NM_TABELA_BASE, NM_ATRIBUTO_BASE, QT_TAMANHO, QT_DECIMAIS, CD_DOMINIO, NR_SEQ_ITEM_XSD ) VALUES (
344157, 75010, 20, 'nrProc', 'nrProc', 'N', 'N', NULL, NULL, 'apapandini',  TO_Date( '10/17/2018 10:24:20 ', 'MM/DD/YYYY HH:MI:SS ')
, 'apapandini',  TO_Date( '10/17/2018 10:24:20 ', 'MM/DD/YYYY HH:MI:SS '), NULL
, 'S', NULL, 'N', NULL, NULL, NULL, 'NRPROC', NULL, NULL, NULL, NULL, NULL, NULL, NULL);
INSERT INTO XML_ATRIBUTO( NR_SEQUENCIA, NR_SEQ_ELEMENTO, NR_SEQ_APRESENTACAO, NM_ATRIBUTO_XML, NM_ATRIBUTO, IE_CRIAR_NULO, IE_OBRIGATORIO, IE_TIPO_ATRIBUTO, DS_MASCARA, NM_USUARIO_NREC, DT_ATUALIZACAO_NREC, NM_USUARIO, DT_ATUALIZACAO, NR_SEQ_ATRIB_ELEM, IE_CRIAR_ATRIBUTO, DS_CABECALHO, IE_CONTROLE_PB, IE_REMOVER_ESPACO_BRANCO, DS_NAMESPACE, NM_TABELA_DEF_BANCO, NM_ATRIBUTO_XML_PESQUISA, CD_EXP_OBSERVACAO, NM_TABELA_BASE, NM_ATRIBUTO_BASE, QT_TAMANHO, QT_DECIMAIS, CD_DOMINIO, NR_SEQ_ITEM_XSD ) VALUES (
344158, 75010, 30, 'codSusp', 'codSusp', 'N', 'N', NULL, NULL, 'apapandini',  TO_Date( '10/17/2018 10:24:20 ', 'MM/DD/YYYY HH:MI:SS ')
, 'apapandini',  TO_Date( '10/17/2018 10:24:20 ', 'MM/DD/YYYY HH:MI:SS '), NULL
, 'S', NULL, 'N', NULL, NULL, NULL, 'CODSUSP', NULL, NULL, NULL, NULL, NULL, NULL
, NULL);
INSERT INTO XML_ATRIBUTO( NR_SEQUENCIA, NR_SEQ_ELEMENTO, NR_SEQ_APRESENTACAO, NM_ATRIBUTO_XML, NM_ATRIBUTO, IE_CRIAR_NULO, IE_OBRIGATORIO, IE_TIPO_ATRIBUTO, DS_MASCARA, NM_USUARIO_NREC, DT_ATUALIZACAO_NREC, NM_USUARIO, DT_ATUALIZACAO, NR_SEQ_ATRIB_ELEM, IE_CRIAR_ATRIBUTO, DS_CABECALHO, IE_CONTROLE_PB, IE_REMOVER_ESPACO_BRANCO, DS_NAMESPACE, NM_TABELA_DEF_BANCO, NM_ATRIBUTO_XML_PESQUISA, CD_EXP_OBSERVACAO, NM_TABELA_BASE, NM_ATRIBUTO_BASE, QT_TAMANHO, QT_DECIMAIS, CD_DOMINIO, NR_SEQ_ITEM_XSD ) VALUES (
344159, 75010, 40, 'vlrCPRBSusp', 'vlrCPRBSusp', 'N', 'N', NULL, NULL, 'apapandini'
,  TO_Date( '10/17/2018 10:24:20 ', 'MM/DD/YYYY HH:MI:SS '), 'apapandini',  TO_Date( '10/17/2018 10:24:20 ', 'MM/DD/YYYY HH:MI:SS ')
, NULL, 'S', NULL, 'N', NULL, NULL, NULL, 'VLRCPRBSUSP', NULL, NULL, NULL, NULL, NULL
, NULL, NULL);
INSERT INTO XML_ATRIBUTO( NR_SEQUENCIA, NR_SEQ_ELEMENTO, NR_SEQ_APRESENTACAO, NM_ATRIBUTO_XML, NM_ATRIBUTO, IE_CRIAR_NULO, IE_OBRIGATORIO, IE_TIPO_ATRIBUTO, DS_MASCARA, NM_USUARIO_NREC, DT_ATUALIZACAO_NREC, NM_USUARIO, DT_ATUALIZACAO, NR_SEQ_ATRIB_ELEM, IE_CRIAR_ATRIBUTO, DS_CABECALHO, IE_CONTROLE_PB, IE_REMOVER_ESPACO_BRANCO, DS_NAMESPACE, NM_TABELA_DEF_BANCO, NM_ATRIBUTO_XML_PESQUISA, CD_EXP_OBSERVACAO, NM_TABELA_BASE, NM_ATRIBUTO_BASE, QT_TAMANHO, QT_DECIMAIS, CD_DOMINIO, NR_SEQ_ITEM_XSD ) VALUES (
344160, 75011, 1, 'evento', NULL, 'S', 'S', 'VARCHAR2', NULL, 'apapandini',  TO_Date( '10/17/2018 10:24:20 ', 'MM/DD/YYYY HH:MI:SS ')
, 'apapandini',  TO_Date( '10/17/2018 10:24:20 ', 'MM/DD/YYYY HH:MI:SS '), 75012
, 'S', 'id=":nr_id"', 'N', NULL, NULL, NULL, 'EVENTO', NULL, NULL, NULL, NULL, NULL
, NULL, NULL);
INSERT INTO XML_ATRIBUTO( NR_SEQUENCIA, NR_SEQ_ELEMENTO, NR_SEQ_APRESENTACAO, NM_ATRIBUTO_XML, NM_ATRIBUTO, IE_CRIAR_NULO, IE_OBRIGATORIO, IE_TIPO_ATRIBUTO, DS_MASCARA, NM_USUARIO_NREC, DT_ATUALIZACAO_NREC, NM_USUARIO, DT_ATUALIZACAO, NR_SEQ_ATRIB_ELEM, IE_CRIAR_ATRIBUTO, DS_CABECALHO, IE_CONTROLE_PB, IE_REMOVER_ESPACO_BRANCO, DS_NAMESPACE, NM_TABELA_DEF_BANCO, NM_ATRIBUTO_XML_PESQUISA, CD_EXP_OBSERVACAO, NM_TABELA_BASE, NM_ATRIBUTO_BASE, QT_TAMANHO, QT_DECIMAIS, CD_DOMINIO, NR_SEQ_ITEM_XSD ) VALUES (
344161, 75012, 1, 'Reinf', NULL, 'S', 'S', NULL, NULL, 'apapandini',  TO_Date( '10/17/2018 10:24:20 ', 'MM/DD/YYYY HH:MI:SS ')
, 'apapandini',  TO_Date( '10/17/2018 10:24:20 ', 'MM/DD/YYYY HH:MI:SS '), 75013
, 'S', 'xmlns="http://www.reinf.esocial.gov.br/schemas/evtInfoCPRB/v1_04_00"', 'N'
, NULL, NULL, NULL, 'REINF', NULL, NULL, NULL, NULL, NULL, NULL, NULL);
INSERT INTO XML_ATRIBUTO( NR_SEQUENCIA, NR_SEQ_ELEMENTO, NR_SEQ_APRESENTACAO, NM_ATRIBUTO_XML, NM_ATRIBUTO, IE_CRIAR_NULO, IE_OBRIGATORIO, IE_TIPO_ATRIBUTO, DS_MASCARA, NM_USUARIO_NREC, DT_ATUALIZACAO_NREC, NM_USUARIO, DT_ATUALIZACAO, NR_SEQ_ATRIB_ELEM, IE_CRIAR_ATRIBUTO, DS_CABECALHO, IE_CONTROLE_PB, IE_REMOVER_ESPACO_BRANCO, DS_NAMESPACE, NM_TABELA_DEF_BANCO, NM_ATRIBUTO_XML_PESQUISA, CD_EXP_OBSERVACAO, NM_TABELA_BASE, NM_ATRIBUTO_BASE, QT_TAMANHO, QT_DECIMAIS, CD_DOMINIO, NR_SEQ_ITEM_XSD ) VALUES (
344162, 75013, 10, 'evtCPRB', 'evtCPRB', 'N', 'S', NULL, NULL, 'apapandini',  TO_Date( '10/17/2018 10:24:20 ', 'MM/DD/YYYY HH:MI:SS ')
, 'apapandini',  TO_Date( '10/17/2018 10:24:20 ', 'MM/DD/YYYY HH:MI:SS '), 75003
, 'S', 'id=":nr_id"', 'N', NULL, NULL, NULL, 'EVTCPRB', NULL, NULL, NULL, NULL, NULL
, NULL, NULL);

--	FIM XML 102454
--	INICIO XML 102455
INSERT INTO XML_PROJETO( NR_SEQUENCIA, DS_PROJETO, DT_ATUALIZACAO, NM_USUARIO, DT_ATUALIZACAO_NREC, NM_USUARIO_NREC, DS_CABECALHO, DS_OBSERVACAO, IE_TIPO_COMPLEXO, NR_SEQ_PROJ_COMPLEXO, IE_HOSP_PLS, DS_VERSAO, IE_TISS, IE_SITUACAO, IE_GERAR_QUEBRA ) VALUES (
102455, 'SPED - REINF R2098 INCLUSÃO - V1.4.00',  TO_Date( '10/17/2018 02:22:39 ', 'MM/DD/YYYY HH:MI:SS ')
, 'apapandini',  TO_Date( '10/17/2018 02:19:24 ', 'MM/DD/YYYY HH:MI:SS '), 'apapandini'
, NULL, NULL, 'N', NULL, 'H', NULL, 'N', 'I', NULL);

INSERT INTO XML_ELEMENTO( NR_SEQUENCIA, NR_SEQ_APRESENTACAO, NR_SEQ_PROJETO, NM_ELEMENTO, DS_ELEMENTO, DS_CABECALHO, DS_SQL, DS_GRUPO, NM_USUARIO, DT_ATUALIZACAO, IE_CRIAR_NULO, NM_USUARIO_NREC, DT_ATUALIZACAO_NREC, IE_TIPO_ELEMENTO, IE_CRIAR_ELEMENTO, IE_TIPO_COMPLEXO, DS_SQL_2, DS_NAMESPACE, QT_MIN_OCOR, QT_MAX_OCOR, NR_SEQ_ITEM_XSD ) VALUES (
75015, 3, 102455, 'loteEventos', 'loteEventos', NULL, NULL, NULL, 'apapandini',  TO_Date( '10/17/2018 02:19:24 ', 'MM/DD/YYYY HH:MI:SS ')
, 'S', 'apapandini',  TO_Date( '10/17/2018 02:19:24 ', 'MM/DD/YYYY HH:MI:SS ')
, 'E', 'S', 'S', NULL, NULL, NULL, NULL, NULL);
INSERT INTO XML_ELEMENTO( NR_SEQUENCIA, NR_SEQ_APRESENTACAO, NR_SEQ_PROJETO, NM_ELEMENTO, DS_ELEMENTO, DS_CABECALHO, DS_SQL, DS_GRUPO, NM_USUARIO, DT_ATUALIZACAO, IE_CRIAR_NULO, NM_USUARIO_NREC, DT_ATUALIZACAO_NREC, IE_TIPO_ELEMENTO, IE_CRIAR_ELEMENTO, IE_TIPO_COMPLEXO, DS_SQL_2, DS_NAMESPACE, QT_MIN_OCOR, QT_MAX_OCOR, NR_SEQ_ITEM_XSD ) VALUES (
75016, 11, 102455, 'ideContri', 'ideContri', NULL, NULL, NULL, 'apapandini',  TO_Date( '10/17/2018 02:19:24 ', 'MM/DD/YYYY HH:MI:SS ')
, 'S', 'apapandini',  TO_Date( '10/17/2018 02:19:24 ', 'MM/DD/YYYY HH:MI:SS ')
, 'E', 'S', 'S', NULL, NULL, NULL, NULL, NULL);
INSERT INTO XML_ELEMENTO( NR_SEQUENCIA, NR_SEQ_APRESENTACAO, NR_SEQ_PROJETO, NM_ELEMENTO, DS_ELEMENTO, DS_CABECALHO, DS_SQL, DS_GRUPO, NM_USUARIO, DT_ATUALIZACAO, IE_CRIAR_NULO, NM_USUARIO_NREC, DT_ATUALIZACAO_NREC, IE_TIPO_ELEMENTO, IE_CRIAR_ELEMENTO, IE_TIPO_COMPLEXO, DS_SQL_2, DS_NAMESPACE, QT_MIN_OCOR, QT_MAX_OCOR, NR_SEQ_ITEM_XSD ) VALUES (
75017, 10, 102455, 'Evento', 'Evento', NULL, NULL, NULL, 'apapandini',  TO_Date( '10/17/2018 02:19:24 ', 'MM/DD/YYYY HH:MI:SS ')
, 'S', 'apapandini',  TO_Date( '10/17/2018 02:19:24 ', 'MM/DD/YYYY HH:MI:SS ')
, 'E', 'S', 'S', NULL, NULL, NULL, NULL, NULL);
INSERT INTO XML_ELEMENTO( NR_SEQUENCIA, NR_SEQ_APRESENTACAO, NR_SEQ_PROJETO, NM_ELEMENTO, DS_ELEMENTO, DS_CABECALHO, DS_SQL, DS_GRUPO, NM_USUARIO, DT_ATUALIZACAO, IE_CRIAR_NULO, NM_USUARIO_NREC, DT_ATUALIZACAO_NREC, IE_TIPO_ELEMENTO, IE_CRIAR_ELEMENTO, IE_TIPO_COMPLEXO, DS_SQL_2, DS_NAMESPACE, QT_MIN_OCOR, QT_MAX_OCOR, NR_SEQ_ITEM_XSD ) VALUES (
75018, 34, 102455, 'Reinf', 'Reinf', NULL, NULL, NULL, 'apapandini',  TO_Date( '10/17/2018 02:19:24 ', 'MM/DD/YYYY HH:MI:SS ')
, 'S', 'apapandini',  TO_Date( '10/17/2018 02:19:24 ', 'MM/DD/YYYY HH:MI:SS ')
, 'E', 'S', 'S', NULL, NULL, NULL, NULL, NULL);
INSERT INTO XML_ELEMENTO( NR_SEQUENCIA, NR_SEQ_APRESENTACAO, NR_SEQ_PROJETO, NM_ELEMENTO, DS_ELEMENTO, DS_CABECALHO, DS_SQL, DS_GRUPO, NM_USUARIO, DT_ATUALIZACAO, IE_CRIAR_NULO, NM_USUARIO_NREC, DT_ATUALIZACAO_NREC, IE_TIPO_ELEMENTO, IE_CRIAR_ELEMENTO, IE_TIPO_COMPLEXO, DS_SQL_2, DS_NAMESPACE, QT_MIN_OCOR, QT_MAX_OCOR, NR_SEQ_ITEM_XSD ) VALUES (
75019, 39, 102455, 'evtReabreEvPer', 'evtReabreEvPer', NULL, NULL, NULL, 'apapandini'
,  TO_Date( '10/17/2018 02:19:24 ', 'MM/DD/YYYY HH:MI:SS '), 'S', 'apapandini'
,  TO_Date( '10/17/2018 02:19:24 ', 'MM/DD/YYYY HH:MI:SS '), 'E', 'S', 'S'
, NULL, NULL, NULL, NULL, NULL);
INSERT INTO XML_ELEMENTO( NR_SEQUENCIA, NR_SEQ_APRESENTACAO, NR_SEQ_PROJETO, NM_ELEMENTO, DS_ELEMENTO, DS_CABECALHO, DS_SQL, DS_GRUPO, NM_USUARIO, DT_ATUALIZACAO, IE_CRIAR_NULO, NM_USUARIO_NREC, DT_ATUALIZACAO_NREC, IE_TIPO_ELEMENTO, IE_CRIAR_ELEMENTO, IE_TIPO_COMPLEXO, DS_SQL_2, DS_NAMESPACE, QT_MIN_OCOR, QT_MAX_OCOR, NR_SEQ_ITEM_XSD ) VALUES (
75020, 6, 102455, 'ideEvento', 'ideEvento', NULL, NULL, NULL, 'apapandini',  TO_Date( '10/17/2018 02:19:24 ', 'MM/DD/YYYY HH:MI:SS ')
, 'S', 'apapandini',  TO_Date( '10/17/2018 02:19:24 ', 'MM/DD/YYYY HH:MI:SS ')
, 'E', 'S', 'S', NULL, NULL, NULL, NULL, NULL);
INSERT INTO XML_ELEMENTO( NR_SEQUENCIA, NR_SEQ_APRESENTACAO, NR_SEQ_PROJETO, NM_ELEMENTO, DS_ELEMENTO, DS_CABECALHO, DS_SQL, DS_GRUPO, NM_USUARIO, DT_ATUALIZACAO, IE_CRIAR_NULO, NM_USUARIO_NREC, DT_ATUALIZACAO_NREC, IE_TIPO_ELEMENTO, IE_CRIAR_ELEMENTO, IE_TIPO_COMPLEXO, DS_SQL_2, DS_NAMESPACE, QT_MIN_OCOR, QT_MAX_OCOR, NR_SEQ_ITEM_XSD ) VALUES (
75021, 1, 102455, 'Reinf', 'Reinf', 'xmlns="http://www.reinf.esocial.gov.br/schemas/envioLoteEventos/v1_04_00"'
, 'SELECT  (''ID'' || ''1'' || rpad(substr(e.cd_cgc,1,8), 14, ''0'') || TO_CHAR(SYSDATE,''YYYYMMDD'') || TO_CHAR(SYSDATE,''HHMMSS'')  ||''00001'') nr_id,
	TO_CHAR( f.dt_apuracao, ''rrrr-mm'') perApur,
	f.IE_TIPO_AMBIENTE tpAmb,
	''1''  procEmi,
	(SELECT MAX(CD_VERSAO) cd FROM APLICACAO_TASY_VERSAO) verProc,
	''1''  tpInsc,
	substr(e.cd_cgc,1,8)   nrInsc
FROM 	estabelecimento e,
	FIS_REINF_R2098 f
WHERE 	e.cd_estabelecimento = f.cd_estabelecimento
AND 	f.nr_sequencia  = :nr_sequencia'
, NULL, 'apapandini',  TO_Date( '10/17/2018 02:19:24 ', 'MM/DD/YYYY HH:MI:SS ')
, 'S', 'apapandini',  TO_Date( '10/17/2018 02:19:24 ', 'MM/DD/YYYY HH:MI:SS ')
, 'E', 'S', 'S', NULL, NULL, NULL, NULL, NULL);

INSERT INTO XML_ATRIBUTO( NR_SEQUENCIA, NR_SEQ_ELEMENTO, NR_SEQ_APRESENTACAO, NM_ATRIBUTO_XML, NM_ATRIBUTO, IE_CRIAR_NULO, IE_OBRIGATORIO, IE_TIPO_ATRIBUTO, DS_MASCARA, NM_USUARIO_NREC, DT_ATUALIZACAO_NREC, NM_USUARIO, DT_ATUALIZACAO, NR_SEQ_ATRIB_ELEM, IE_CRIAR_ATRIBUTO, DS_CABECALHO, IE_CONTROLE_PB, IE_REMOVER_ESPACO_BRANCO, DS_NAMESPACE, NM_TABELA_DEF_BANCO, NM_ATRIBUTO_XML_PESQUISA, CD_EXP_OBSERVACAO, NM_TABELA_BASE, NM_ATRIBUTO_BASE, QT_TAMANHO, QT_DECIMAIS, CD_DOMINIO, NR_SEQ_ITEM_XSD ) VALUES (
344177, 75015, 4, 'evento', NULL, 'S', 'S', 'VARCHAR2', NULL, 'apapandini',  TO_Date( '10/17/2018 02:19:24 ', 'MM/DD/YYYY HH:MI:SS ')
, 'apapandini',  TO_Date( '10/17/2018 02:19:24 ', 'MM/DD/YYYY HH:MI:SS '), 75017
, 'S', 'id=":nr_id"', 'N', NULL, NULL, NULL, 'EVENTO', NULL, NULL, NULL, NULL, NULL
, NULL, NULL);
INSERT INTO XML_ATRIBUTO( NR_SEQUENCIA, NR_SEQ_ELEMENTO, NR_SEQ_APRESENTACAO, NM_ATRIBUTO_XML, NM_ATRIBUTO, IE_CRIAR_NULO, IE_OBRIGATORIO, IE_TIPO_ATRIBUTO, DS_MASCARA, NM_USUARIO_NREC, DT_ATUALIZACAO_NREC, NM_USUARIO, DT_ATUALIZACAO, NR_SEQ_ATRIB_ELEM, IE_CRIAR_ATRIBUTO, DS_CABECALHO, IE_CONTROLE_PB, IE_REMOVER_ESPACO_BRANCO, DS_NAMESPACE, NM_TABELA_DEF_BANCO, NM_ATRIBUTO_XML_PESQUISA, CD_EXP_OBSERVACAO, NM_TABELA_BASE, NM_ATRIBUTO_BASE, QT_TAMANHO, QT_DECIMAIS, CD_DOMINIO, NR_SEQ_ITEM_XSD ) VALUES (
344178, 75016, 12, 'tpInsc', 'tpInsc', 'S', 'S', 'VARCHAR2', NULL, 'apapandini',  TO_Date( '10/17/2018 02:19:24 ', 'MM/DD/YYYY HH:MI:SS ')
, 'apapandini',  TO_Date( '10/17/2018 02:19:24 ', 'MM/DD/YYYY HH:MI:SS '), NULL
, 'S', NULL, 'N', NULL, NULL, NULL, 'TPINSC', NULL, NULL, NULL, NULL, NULL, NULL, NULL);
INSERT INTO XML_ATRIBUTO( NR_SEQUENCIA, NR_SEQ_ELEMENTO, NR_SEQ_APRESENTACAO, NM_ATRIBUTO_XML, NM_ATRIBUTO, IE_CRIAR_NULO, IE_OBRIGATORIO, IE_TIPO_ATRIBUTO, DS_MASCARA, NM_USUARIO_NREC, DT_ATUALIZACAO_NREC, NM_USUARIO, DT_ATUALIZACAO, NR_SEQ_ATRIB_ELEM, IE_CRIAR_ATRIBUTO, DS_CABECALHO, IE_CONTROLE_PB, IE_REMOVER_ESPACO_BRANCO, DS_NAMESPACE, NM_TABELA_DEF_BANCO, NM_ATRIBUTO_XML_PESQUISA, CD_EXP_OBSERVACAO, NM_TABELA_BASE, NM_ATRIBUTO_BASE, QT_TAMANHO, QT_DECIMAIS, CD_DOMINIO, NR_SEQ_ITEM_XSD ) VALUES (
344179, 75016, 13, 'nrInsc', 'nrInsc', 'S', 'S', 'VARCHAR2', NULL, 'apapandini',  TO_Date( '10/17/2018 02:19:24 ', 'MM/DD/YYYY HH:MI:SS ')
, 'apapandini',  TO_Date( '10/17/2018 02:19:24 ', 'MM/DD/YYYY HH:MI:SS '), NULL
, 'S', NULL, 'N', NULL, NULL, NULL, 'NRINSC', NULL, NULL, NULL, NULL, NULL, NULL, NULL);
INSERT INTO XML_ATRIBUTO( NR_SEQUENCIA, NR_SEQ_ELEMENTO, NR_SEQ_APRESENTACAO, NM_ATRIBUTO_XML, NM_ATRIBUTO, IE_CRIAR_NULO, IE_OBRIGATORIO, IE_TIPO_ATRIBUTO, DS_MASCARA, NM_USUARIO_NREC, DT_ATUALIZACAO_NREC, NM_USUARIO, DT_ATUALIZACAO, NR_SEQ_ATRIB_ELEM, IE_CRIAR_ATRIBUTO, DS_CABECALHO, IE_CONTROLE_PB, IE_REMOVER_ESPACO_BRANCO, DS_NAMESPACE, NM_TABELA_DEF_BANCO, NM_ATRIBUTO_XML_PESQUISA, CD_EXP_OBSERVACAO, NM_TABELA_BASE, NM_ATRIBUTO_BASE, QT_TAMANHO, QT_DECIMAIS, CD_DOMINIO, NR_SEQ_ITEM_XSD ) VALUES (
344180, 75017, 33, 'Reinf', NULL, 'S', 'S', NULL, NULL, 'apapandini',  TO_Date( '10/17/2018 02:19:24 ', 'MM/DD/YYYY HH:MI:SS ')
, 'apapandini',  TO_Date( '10/17/2018 02:19:24 ', 'MM/DD/YYYY HH:MI:SS '), 75018
, 'S', 'xmlns="http://www.reinf.esocial.gov.br/schemas/evtReabreEvPer/v1_04_00"', 'N'
, NULL, NULL, NULL, 'REINF', NULL, NULL, NULL, NULL, NULL, NULL, NULL);
INSERT INTO XML_ATRIBUTO( NR_SEQUENCIA, NR_SEQ_ELEMENTO, NR_SEQ_APRESENTACAO, NM_ATRIBUTO_XML, NM_ATRIBUTO, IE_CRIAR_NULO, IE_OBRIGATORIO, IE_TIPO_ATRIBUTO, DS_MASCARA, NM_USUARIO_NREC, DT_ATUALIZACAO_NREC, NM_USUARIO, DT_ATUALIZACAO, NR_SEQ_ATRIB_ELEM, IE_CRIAR_ATRIBUTO, DS_CABECALHO, IE_CONTROLE_PB, IE_REMOVER_ESPACO_BRANCO, DS_NAMESPACE, NM_TABELA_DEF_BANCO, NM_ATRIBUTO_XML_PESQUISA, CD_EXP_OBSERVACAO, NM_TABELA_BASE, NM_ATRIBUTO_BASE, QT_TAMANHO, QT_DECIMAIS, CD_DOMINIO, NR_SEQ_ITEM_XSD ) VALUES (
344181, 75018, 36, 'evtReabreEvPer', NULL, 'S', 'S', NULL, NULL, 'apapandini',  TO_Date( '10/17/2018 02:19:24 ', 'MM/DD/YYYY HH:MI:SS ')
, 'apapandini',  TO_Date( '10/17/2018 02:19:24 ', 'MM/DD/YYYY HH:MI:SS '), 75019
, 'S', 'id=":nr_id"', 'N', NULL, NULL, NULL, 'EVTREABREEVPER', NULL, NULL, NULL, NULL
, NULL, NULL, NULL);
INSERT INTO XML_ATRIBUTO( NR_SEQUENCIA, NR_SEQ_ELEMENTO, NR_SEQ_APRESENTACAO, NM_ATRIBUTO_XML, NM_ATRIBUTO, IE_CRIAR_NULO, IE_OBRIGATORIO, IE_TIPO_ATRIBUTO, DS_MASCARA, NM_USUARIO_NREC, DT_ATUALIZACAO_NREC, NM_USUARIO, DT_ATUALIZACAO, NR_SEQ_ATRIB_ELEM, IE_CRIAR_ATRIBUTO, DS_CABECALHO, IE_CONTROLE_PB, IE_REMOVER_ESPACO_BRANCO, DS_NAMESPACE, NM_TABELA_DEF_BANCO, NM_ATRIBUTO_XML_PESQUISA, CD_EXP_OBSERVACAO, NM_TABELA_BASE, NM_ATRIBUTO_BASE, QT_TAMANHO, QT_DECIMAIS, CD_DOMINIO, NR_SEQ_ITEM_XSD ) VALUES (
344182, 75019, 5, 'ideEvento', NULL, 'S', 'S', NULL, NULL, 'apapandini',  TO_Date( '10/17/2018 02:19:24 ', 'MM/DD/YYYY HH:MI:SS ')
, 'apapandini',  TO_Date( '10/17/2018 02:19:24 ', 'MM/DD/YYYY HH:MI:SS '), 75020
, 'S', NULL, 'N', NULL, NULL, NULL, 'IDEEVENTO', NULL, NULL, NULL, NULL, NULL, NULL
, NULL);
INSERT INTO XML_ATRIBUTO( NR_SEQUENCIA, NR_SEQ_ELEMENTO, NR_SEQ_APRESENTACAO, NM_ATRIBUTO_XML, NM_ATRIBUTO, IE_CRIAR_NULO, IE_OBRIGATORIO, IE_TIPO_ATRIBUTO, DS_MASCARA, NM_USUARIO_NREC, DT_ATUALIZACAO_NREC, NM_USUARIO, DT_ATUALIZACAO, NR_SEQ_ATRIB_ELEM, IE_CRIAR_ATRIBUTO, DS_CABECALHO, IE_CONTROLE_PB, IE_REMOVER_ESPACO_BRANCO, DS_NAMESPACE, NM_TABELA_DEF_BANCO, NM_ATRIBUTO_XML_PESQUISA, CD_EXP_OBSERVACAO, NM_TABELA_BASE, NM_ATRIBUTO_BASE, QT_TAMANHO, QT_DECIMAIS, CD_DOMINIO, NR_SEQ_ITEM_XSD ) VALUES (
344183, 75019, 10, 'ideContri', NULL, 'S', 'S', NULL, NULL, 'apapandini',  TO_Date( '10/17/2018 02:19:24 ', 'MM/DD/YYYY HH:MI:SS ')
, 'apapandini',  TO_Date( '10/17/2018 02:19:24 ', 'MM/DD/YYYY HH:MI:SS '), 75016
, 'S', NULL, 'N', NULL, NULL, NULL, 'IDECONTRI', NULL, NULL, NULL, NULL, NULL, NULL
, NULL);
INSERT INTO XML_ATRIBUTO( NR_SEQUENCIA, NR_SEQ_ELEMENTO, NR_SEQ_APRESENTACAO, NM_ATRIBUTO_XML, NM_ATRIBUTO, IE_CRIAR_NULO, IE_OBRIGATORIO, IE_TIPO_ATRIBUTO, DS_MASCARA, NM_USUARIO_NREC, DT_ATUALIZACAO_NREC, NM_USUARIO, DT_ATUALIZACAO, NR_SEQ_ATRIB_ELEM, IE_CRIAR_ATRIBUTO, DS_CABECALHO, IE_CONTROLE_PB, IE_REMOVER_ESPACO_BRANCO, DS_NAMESPACE, NM_TABELA_DEF_BANCO, NM_ATRIBUTO_XML_PESQUISA, CD_EXP_OBSERVACAO, NM_TABELA_BASE, NM_ATRIBUTO_BASE, QT_TAMANHO, QT_DECIMAIS, CD_DOMINIO, NR_SEQ_ITEM_XSD ) VALUES (
344184, 75020, 7, 'tpAmb', 'tpAmb', 'S', 'S', 'VARCHAR2', NULL, 'apapandini',  TO_Date( '10/17/2018 02:19:24 ', 'MM/DD/YYYY HH:MI:SS ')
, 'apapandini',  TO_Date( '10/17/2018 02:19:24 ', 'MM/DD/YYYY HH:MI:SS '), NULL
, 'S', NULL, 'N', NULL, NULL, NULL, 'TPAMB', NULL, NULL, NULL, NULL, NULL, NULL, NULL);
INSERT INTO XML_ATRIBUTO( NR_SEQUENCIA, NR_SEQ_ELEMENTO, NR_SEQ_APRESENTACAO, NM_ATRIBUTO_XML, NM_ATRIBUTO, IE_CRIAR_NULO, IE_OBRIGATORIO, IE_TIPO_ATRIBUTO, DS_MASCARA, NM_USUARIO_NREC, DT_ATUALIZACAO_NREC, NM_USUARIO, DT_ATUALIZACAO, NR_SEQ_ATRIB_ELEM, IE_CRIAR_ATRIBUTO, DS_CABECALHO, IE_CONTROLE_PB, IE_REMOVER_ESPACO_BRANCO, DS_NAMESPACE, NM_TABELA_DEF_BANCO, NM_ATRIBUTO_XML_PESQUISA, CD_EXP_OBSERVACAO, NM_TABELA_BASE, NM_ATRIBUTO_BASE, QT_TAMANHO, QT_DECIMAIS, CD_DOMINIO, NR_SEQ_ITEM_XSD ) VALUES (
344185, 75020, 8, 'procEmi', 'procEmi', 'S', 'S', 'VARCHAR2', NULL, 'apapandini',  TO_Date( '10/17/2018 02:19:24 ', 'MM/DD/YYYY HH:MI:SS ')
, 'apapandini',  TO_Date( '10/17/2018 02:19:24 ', 'MM/DD/YYYY HH:MI:SS '), NULL
, 'S', NULL, 'N', NULL, NULL, NULL, 'PROCEMI', NULL, NULL, NULL, NULL, NULL, NULL
, NULL);
INSERT INTO XML_ATRIBUTO( NR_SEQUENCIA, NR_SEQ_ELEMENTO, NR_SEQ_APRESENTACAO, NM_ATRIBUTO_XML, NM_ATRIBUTO, IE_CRIAR_NULO, IE_OBRIGATORIO, IE_TIPO_ATRIBUTO, DS_MASCARA, NM_USUARIO_NREC, DT_ATUALIZACAO_NREC, NM_USUARIO, DT_ATUALIZACAO, NR_SEQ_ATRIB_ELEM, IE_CRIAR_ATRIBUTO, DS_CABECALHO, IE_CONTROLE_PB, IE_REMOVER_ESPACO_BRANCO, DS_NAMESPACE, NM_TABELA_DEF_BANCO, NM_ATRIBUTO_XML_PESQUISA, CD_EXP_OBSERVACAO, NM_TABELA_BASE, NM_ATRIBUTO_BASE, QT_TAMANHO, QT_DECIMAIS, CD_DOMINIO, NR_SEQ_ITEM_XSD ) VALUES (
344186, 75020, 9, 'verProc', 'verProc', 'S', 'S', 'VARCHAR2', NULL, 'apapandini',  TO_Date( '10/17/2018 02:19:24 ', 'MM/DD/YYYY HH:MI:SS ')
, 'apapandini',  TO_Date( '10/17/2018 02:19:24 ', 'MM/DD/YYYY HH:MI:SS '), NULL
, 'S', NULL, 'N', NULL, NULL, NULL, 'VERPROC', NULL, NULL, NULL, NULL, NULL, NULL
, NULL);
INSERT INTO XML_ATRIBUTO( NR_SEQUENCIA, NR_SEQ_ELEMENTO, NR_SEQ_APRESENTACAO, NM_ATRIBUTO_XML, NM_ATRIBUTO, IE_CRIAR_NULO, IE_OBRIGATORIO, IE_TIPO_ATRIBUTO, DS_MASCARA, NM_USUARIO_NREC, DT_ATUALIZACAO_NREC, NM_USUARIO, DT_ATUALIZACAO, NR_SEQ_ATRIB_ELEM, IE_CRIAR_ATRIBUTO, DS_CABECALHO, IE_CONTROLE_PB, IE_REMOVER_ESPACO_BRANCO, DS_NAMESPACE, NM_TABELA_DEF_BANCO, NM_ATRIBUTO_XML_PESQUISA, CD_EXP_OBSERVACAO, NM_TABELA_BASE, NM_ATRIBUTO_BASE, QT_TAMANHO, QT_DECIMAIS, CD_DOMINIO, NR_SEQ_ITEM_XSD ) VALUES (
344187, 75020, 6, 'perApur', 'perApur', 'S', 'S', 'VARCHAR2', NULL, 'apapandini',  TO_Date( '10/17/2018 02:19:24 ', 'MM/DD/YYYY HH:MI:SS ')
, 'apapandini',  TO_Date( '10/17/2018 02:19:24 ', 'MM/DD/YYYY HH:MI:SS '), NULL
, 'S', NULL, 'N', NULL, NULL, NULL, 'PERAPUR', NULL, NULL, NULL, NULL, NULL, NULL
, NULL);
INSERT INTO XML_ATRIBUTO( NR_SEQUENCIA, NR_SEQ_ELEMENTO, NR_SEQ_APRESENTACAO, NM_ATRIBUTO_XML, NM_ATRIBUTO, IE_CRIAR_NULO, IE_OBRIGATORIO, IE_TIPO_ATRIBUTO, DS_MASCARA, NM_USUARIO_NREC, DT_ATUALIZACAO_NREC, NM_USUARIO, DT_ATUALIZACAO, NR_SEQ_ATRIB_ELEM, IE_CRIAR_ATRIBUTO, DS_CABECALHO, IE_CONTROLE_PB, IE_REMOVER_ESPACO_BRANCO, DS_NAMESPACE, NM_TABELA_DEF_BANCO, NM_ATRIBUTO_XML_PESQUISA, CD_EXP_OBSERVACAO, NM_TABELA_BASE, NM_ATRIBUTO_BASE, QT_TAMANHO, QT_DECIMAIS, CD_DOMINIO, NR_SEQ_ITEM_XSD ) VALUES (
344188, 75021, 2, 'loteEventos', NULL, 'S', 'S', NULL, NULL, 'apapandini',  TO_Date( '10/17/2018 02:19:24 ', 'MM/DD/YYYY HH:MI:SS ')
, 'apapandini',  TO_Date( '10/17/2018 02:19:24 ', 'MM/DD/YYYY HH:MI:SS '), 75015
, 'S', NULL, 'N', NULL, NULL, NULL, 'LOTEEVENTOS', NULL, NULL, NULL, NULL, NULL, NULL
, NULL);

--	FIM XML 102455
--	INICIO XML 102456
INSERT INTO XML_PROJETO( NR_SEQUENCIA, DS_PROJETO, DT_ATUALIZACAO, NM_USUARIO, DT_ATUALIZACAO_NREC, NM_USUARIO_NREC, DS_CABECALHO, DS_OBSERVACAO, IE_TIPO_COMPLEXO, NR_SEQ_PROJ_COMPLEXO, IE_HOSP_PLS, DS_VERSAO, IE_TISS, IE_SITUACAO, IE_GERAR_QUEBRA ) VALUES (
102456, 'SPED - REINF R2099 INCLUSÃO - V1.4.00',  TO_Date( '10/17/2018 04:29:11 ', 'MM/DD/YYYY HH:MI:SS ')
, 'apapandini',  TO_Date( '10/17/2018 02:22:57 ', 'MM/DD/YYYY HH:MI:SS '), 'apapandini'
, NULL, NULL, 'N', NULL, 'H', NULL, 'N', 'I', NULL);

INSERT INTO XML_ELEMENTO( NR_SEQUENCIA, NR_SEQ_APRESENTACAO, NR_SEQ_PROJETO, NM_ELEMENTO, DS_ELEMENTO, DS_CABECALHO, DS_SQL, DS_GRUPO, NM_USUARIO, DT_ATUALIZACAO, IE_CRIAR_NULO, NM_USUARIO_NREC, DT_ATUALIZACAO_NREC, IE_TIPO_ELEMENTO, IE_CRIAR_ELEMENTO, IE_TIPO_COMPLEXO, DS_SQL_2, DS_NAMESPACE, QT_MIN_OCOR, QT_MAX_OCOR, NR_SEQ_ITEM_XSD ) VALUES (
75022, 3, 102456, 'loteEventos', 'loteEventos', NULL, NULL, NULL, 'apapandini',  TO_Date( '10/17/2018 02:22:57 ', 'MM/DD/YYYY HH:MI:SS ')
, 'S', 'apapandini',  TO_Date( '10/17/2018 02:22:57 ', 'MM/DD/YYYY HH:MI:SS ')
, 'E', 'S', 'S', NULL, NULL, NULL, NULL, NULL);
INSERT INTO XML_ELEMENTO( NR_SEQUENCIA, NR_SEQ_APRESENTACAO, NR_SEQ_PROJETO, NM_ELEMENTO, DS_ELEMENTO, DS_CABECALHO, DS_SQL, DS_GRUPO, NM_USUARIO, DT_ATUALIZACAO, IE_CRIAR_NULO, NM_USUARIO_NREC, DT_ATUALIZACAO_NREC, IE_TIPO_ELEMENTO, IE_CRIAR_ELEMENTO, IE_TIPO_COMPLEXO, DS_SQL_2, DS_NAMESPACE, QT_MIN_OCOR, QT_MAX_OCOR, NR_SEQ_ITEM_XSD ) VALUES (
75023, 11, 102456, 'ideContri', 'ideContri', NULL, NULL, NULL, 'apapandini',  TO_Date( '10/17/2018 02:22:57 ', 'MM/DD/YYYY HH:MI:SS ')
, 'S', 'apapandini',  TO_Date( '10/17/2018 02:22:57 ', 'MM/DD/YYYY HH:MI:SS ')
, 'E', 'S', 'S', NULL, NULL, NULL, NULL, NULL);
INSERT INTO XML_ELEMENTO( NR_SEQUENCIA, NR_SEQ_APRESENTACAO, NR_SEQ_PROJETO, NM_ELEMENTO, DS_ELEMENTO, DS_CABECALHO, DS_SQL, DS_GRUPO, NM_USUARIO, DT_ATUALIZACAO, IE_CRIAR_NULO, NM_USUARIO_NREC, DT_ATUALIZACAO_NREC, IE_TIPO_ELEMENTO, IE_CRIAR_ELEMENTO, IE_TIPO_COMPLEXO, DS_SQL_2, DS_NAMESPACE, QT_MIN_OCOR, QT_MAX_OCOR, NR_SEQ_ITEM_XSD ) VALUES (
75024, 10, 102456, 'Evento', 'Evento', NULL, NULL, NULL, 'apapandini',  TO_Date( '10/17/2018 02:22:57 ', 'MM/DD/YYYY HH:MI:SS ')
, 'S', 'apapandini',  TO_Date( '10/17/2018 02:22:57 ', 'MM/DD/YYYY HH:MI:SS ')
, 'E', 'S', 'S', NULL, NULL, NULL, NULL, NULL);
INSERT INTO XML_ELEMENTO( NR_SEQUENCIA, NR_SEQ_APRESENTACAO, NR_SEQ_PROJETO, NM_ELEMENTO, DS_ELEMENTO, DS_CABECALHO, DS_SQL, DS_GRUPO, NM_USUARIO, DT_ATUALIZACAO, IE_CRIAR_NULO, NM_USUARIO_NREC, DT_ATUALIZACAO_NREC, IE_TIPO_ELEMENTO, IE_CRIAR_ELEMENTO, IE_TIPO_COMPLEXO, DS_SQL_2, DS_NAMESPACE, QT_MIN_OCOR, QT_MAX_OCOR, NR_SEQ_ITEM_XSD ) VALUES (
75025, 34, 102456, 'Reinf', 'Reinf', NULL, NULL, NULL, 'apapandini',  TO_Date( '10/17/2018 02:22:57 ', 'MM/DD/YYYY HH:MI:SS ')
, 'S', 'apapandini',  TO_Date( '10/17/2018 02:22:57 ', 'MM/DD/YYYY HH:MI:SS ')
, 'E', 'S', 'S', NULL, NULL, NULL, NULL, NULL);
INSERT INTO XML_ELEMENTO( NR_SEQUENCIA, NR_SEQ_APRESENTACAO, NR_SEQ_PROJETO, NM_ELEMENTO, DS_ELEMENTO, DS_CABECALHO, DS_SQL, DS_GRUPO, NM_USUARIO, DT_ATUALIZACAO, IE_CRIAR_NULO, NM_USUARIO_NREC, DT_ATUALIZACAO_NREC, IE_TIPO_ELEMENTO, IE_CRIAR_ELEMENTO, IE_TIPO_COMPLEXO, DS_SQL_2, DS_NAMESPACE, QT_MIN_OCOR, QT_MAX_OCOR, NR_SEQ_ITEM_XSD ) VALUES (
75026, 39, 102456, 'evtFechaEvPer', 'evtFechaEvPer', NULL, NULL, NULL, 'apapandini'
,  TO_Date( '10/17/2018 02:22:57 ', 'MM/DD/YYYY HH:MI:SS '), 'S', 'apapandini'
,  TO_Date( '10/17/2018 02:22:57 ', 'MM/DD/YYYY HH:MI:SS '), 'E', 'S', 'S'
, NULL, NULL, NULL, NULL, NULL);
INSERT INTO XML_ELEMENTO( NR_SEQUENCIA, NR_SEQ_APRESENTACAO, NR_SEQ_PROJETO, NM_ELEMENTO, DS_ELEMENTO, DS_CABECALHO, DS_SQL, DS_GRUPO, NM_USUARIO, DT_ATUALIZACAO, IE_CRIAR_NULO, NM_USUARIO_NREC, DT_ATUALIZACAO_NREC, IE_TIPO_ELEMENTO, IE_CRIAR_ELEMENTO, IE_TIPO_COMPLEXO, DS_SQL_2, DS_NAMESPACE, QT_MIN_OCOR, QT_MAX_OCOR, NR_SEQ_ITEM_XSD ) VALUES (
75027, 6, 102456, 'ideEvento', 'ideEvento', NULL, NULL, NULL, 'apapandini',  TO_Date( '10/17/2018 02:22:57 ', 'MM/DD/YYYY HH:MI:SS ')
, 'S', 'apapandini',  TO_Date( '10/17/2018 02:22:57 ', 'MM/DD/YYYY HH:MI:SS ')
, 'E', 'S', 'S', NULL, NULL, NULL, NULL, NULL);
INSERT INTO XML_ELEMENTO( NR_SEQUENCIA, NR_SEQ_APRESENTACAO, NR_SEQ_PROJETO, NM_ELEMENTO, DS_ELEMENTO, DS_CABECALHO, DS_SQL, DS_GRUPO, NM_USUARIO, DT_ATUALIZACAO, IE_CRIAR_NULO, NM_USUARIO_NREC, DT_ATUALIZACAO_NREC, IE_TIPO_ELEMENTO, IE_CRIAR_ELEMENTO, IE_TIPO_COMPLEXO, DS_SQL_2, DS_NAMESPACE, QT_MIN_OCOR, QT_MAX_OCOR, NR_SEQ_ITEM_XSD ) VALUES (
75028, 1, 102456, 'Reinf', 'Reinf', 'xmlns="http://www.reinf.esocial.gov.br/schemas/envioLoteEventos/v1_04_00"'
, 'SELECT 	(''ID'' || ''1'' || rpad(substr(e.cd_cgc,1,8), 14, ''0'') || TO_CHAR(SYSDATE,''YYYYMMDD'') || TO_CHAR(SYSDATE,''HHMMSS'')  ||''00001'') nr_id,
	TO_CHAR( f.dt_geracao, ''rrrr-mm'')   perApur,
	f.IE_TIPO_AMBIENTE  tpAmb,
	''1'' procEmi,
	(SELECT MAX(CD_VERSAO) cd FROM APLICACAO_TASY_VERSAO) verProc,
	''1''  tpInsc,
	substr(e.cd_cgc,1,8)  nrInsc,
	RPAD( SUBSTR(ELIMINA_CARACTERE_ESPECIAL((SELECT nm_pessoa_fisica FROM pessoa_fisica WHERE cd_pessoa_fisica = (SELECT em.cd_contabilista cd_contabilista FROM estabelecimento es, empresa em WHERE es.cd_empresa = em.cd_empresa AND cd_estabelecimento = e.cd_estabelecimento))),1,70),70,'' '') nmResp,
	(SELECT nr_cpf FROM pessoa_fisica WHERE cd_pessoa_fisica = (SELECT em.cd_contabilista cd_contabilista FROM estabelecimento es, empresa em WHERE es.cd_empresa = em.cd_empresa AND cd_estabelecimento = e.cd_estabelecimento)) cpfResp,
	SUBSTR(obter_dados_pf_pj(NULL,e.cd_cgc,''DDT'')||obter_dados_pf_pj(NULL,e.cd_cgc,''T''),1,13) telefone,
	RPAD(SUBSTR(obter_dados_pf_pj_estab(e.cd_estabelecimento, NULL, e.cd_cgc, ''M''),1,60),60,'' '') email,
	f.IE_CONTRAT_SERV_PREV  evtServTm,
	f.IE_PREST_SERV_PREV evtServPr,
	''N'' evtAssDespRec,
	f.ie_possui_repasse evtAssDespRep,
	''N'' evtComProd,
	''N'' evtCPRB,
	f.IE_INF_PGMTO evtPgtos,
	(select to_char(a.dt_geracao, ''rrrr-mm'')
	from   fis_reinf_r2099 a
	where  a.nr_sequencia  = f.nr_sequencia
	and    ie_contrat_serv_prev = ''N''
	and    ie_prest_serv_prev = ''N''
	and    ie_possui_repasse = ''N''
	and    ie_inf_pgmto = ''N'') compSemMovto
FROM 	estabelecimento e,
	FIS_REINF_R2099 f
WHERE	 e.cd_estabelecimento = f.cd_estabelecimento
AND 	f.nr_sequencia  = :nr_sequencia'
, NULL, 'apapandini',  TO_Date( '10/17/2018 02:22:57 ', 'MM/DD/YYYY HH:MI:SS ')
, 'S', 'apapandini',  TO_Date( '10/17/2018 02:22:57 ', 'MM/DD/YYYY HH:MI:SS ')
, 'E', 'S', 'S', NULL, NULL, NULL, NULL, NULL);
INSERT INTO XML_ELEMENTO( NR_SEQUENCIA, NR_SEQ_APRESENTACAO, NR_SEQ_PROJETO, NM_ELEMENTO, DS_ELEMENTO, DS_CABECALHO, DS_SQL, DS_GRUPO, NM_USUARIO, DT_ATUALIZACAO, IE_CRIAR_NULO, NM_USUARIO_NREC, DT_ATUALIZACAO_NREC, IE_TIPO_ELEMENTO, IE_CRIAR_ELEMENTO, IE_TIPO_COMPLEXO, DS_SQL_2, DS_NAMESPACE, QT_MIN_OCOR, QT_MAX_OCOR, NR_SEQ_ITEM_XSD ) VALUES (
75029, 50, 102456, 'ideRespInf', 'ideRespInf', NULL, NULL, NULL, 'apapandini',  TO_Date( '10/17/2018 02:22:57 ', 'MM/DD/YYYY HH:MI:SS ')
, 'S', 'apapandini',  TO_Date( '10/17/2018 02:22:57 ', 'MM/DD/YYYY HH:MI:SS ')
, 'E', 'S', 'S', NULL, NULL, NULL, NULL, NULL);
INSERT INTO XML_ELEMENTO( NR_SEQUENCIA, NR_SEQ_APRESENTACAO, NR_SEQ_PROJETO, NM_ELEMENTO, DS_ELEMENTO, DS_CABECALHO, DS_SQL, DS_GRUPO, NM_USUARIO, DT_ATUALIZACAO, IE_CRIAR_NULO, NM_USUARIO_NREC, DT_ATUALIZACAO_NREC, IE_TIPO_ELEMENTO, IE_CRIAR_ELEMENTO, IE_TIPO_COMPLEXO, DS_SQL_2, DS_NAMESPACE, QT_MIN_OCOR, QT_MAX_OCOR, NR_SEQ_ITEM_XSD ) VALUES (
75030, 56, 102456, 'infoFech', 'infoFech', NULL, NULL, NULL, 'apapandini',  TO_Date( '10/17/2018 02:22:57 ', 'MM/DD/YYYY HH:MI:SS ')
, 'S', 'apapandini',  TO_Date( '10/17/2018 02:22:57 ', 'MM/DD/YYYY HH:MI:SS ')
, 'E', 'S', 'S', NULL, NULL, NULL, NULL, NULL);

INSERT INTO XML_ATRIBUTO( NR_SEQUENCIA, NR_SEQ_ELEMENTO, NR_SEQ_APRESENTACAO, NM_ATRIBUTO_XML, NM_ATRIBUTO, IE_CRIAR_NULO, IE_OBRIGATORIO, IE_TIPO_ATRIBUTO, DS_MASCARA, NM_USUARIO_NREC, DT_ATUALIZACAO_NREC, NM_USUARIO, DT_ATUALIZACAO, NR_SEQ_ATRIB_ELEM, IE_CRIAR_ATRIBUTO, DS_CABECALHO, IE_CONTROLE_PB, IE_REMOVER_ESPACO_BRANCO, DS_NAMESPACE, NM_TABELA_DEF_BANCO, NM_ATRIBUTO_XML_PESQUISA, CD_EXP_OBSERVACAO, NM_TABELA_BASE, NM_ATRIBUTO_BASE, QT_TAMANHO, QT_DECIMAIS, CD_DOMINIO, NR_SEQ_ITEM_XSD ) VALUES (
344189, 75022, 4, 'evento', NULL, 'S', 'S', 'VARCHAR2', NULL, 'apapandini',  TO_Date( '10/17/2018 02:22:57 ', 'MM/DD/YYYY HH:MI:SS ')
, 'apapandini',  TO_Date( '10/17/2018 02:22:57 ', 'MM/DD/YYYY HH:MI:SS '), 75024
, 'S', 'id=":nr_id"', 'N', NULL, NULL, NULL, 'EVENTO', NULL, NULL, NULL, NULL, NULL
, NULL, NULL);
INSERT INTO XML_ATRIBUTO( NR_SEQUENCIA, NR_SEQ_ELEMENTO, NR_SEQ_APRESENTACAO, NM_ATRIBUTO_XML, NM_ATRIBUTO, IE_CRIAR_NULO, IE_OBRIGATORIO, IE_TIPO_ATRIBUTO, DS_MASCARA, NM_USUARIO_NREC, DT_ATUALIZACAO_NREC, NM_USUARIO, DT_ATUALIZACAO, NR_SEQ_ATRIB_ELEM, IE_CRIAR_ATRIBUTO, DS_CABECALHO, IE_CONTROLE_PB, IE_REMOVER_ESPACO_BRANCO, DS_NAMESPACE, NM_TABELA_DEF_BANCO, NM_ATRIBUTO_XML_PESQUISA, CD_EXP_OBSERVACAO, NM_TABELA_BASE, NM_ATRIBUTO_BASE, QT_TAMANHO, QT_DECIMAIS, CD_DOMINIO, NR_SEQ_ITEM_XSD ) VALUES (
344190, 75023, 12, 'tpInsc', 'tpInsc', 'S', 'S', 'VARCHAR2', NULL, 'apapandini',  TO_Date( '10/17/2018 02:22:57 ', 'MM/DD/YYYY HH:MI:SS ')
, 'apapandini',  TO_Date( '10/17/2018 02:22:57 ', 'MM/DD/YYYY HH:MI:SS '), NULL
, 'S', NULL, 'N', NULL, NULL, NULL, 'TPINSC', NULL, NULL, NULL, NULL, NULL, NULL, NULL);
INSERT INTO XML_ATRIBUTO( NR_SEQUENCIA, NR_SEQ_ELEMENTO, NR_SEQ_APRESENTACAO, NM_ATRIBUTO_XML, NM_ATRIBUTO, IE_CRIAR_NULO, IE_OBRIGATORIO, IE_TIPO_ATRIBUTO, DS_MASCARA, NM_USUARIO_NREC, DT_ATUALIZACAO_NREC, NM_USUARIO, DT_ATUALIZACAO, NR_SEQ_ATRIB_ELEM, IE_CRIAR_ATRIBUTO, DS_CABECALHO, IE_CONTROLE_PB, IE_REMOVER_ESPACO_BRANCO, DS_NAMESPACE, NM_TABELA_DEF_BANCO, NM_ATRIBUTO_XML_PESQUISA, CD_EXP_OBSERVACAO, NM_TABELA_BASE, NM_ATRIBUTO_BASE, QT_TAMANHO, QT_DECIMAIS, CD_DOMINIO, NR_SEQ_ITEM_XSD ) VALUES (
344191, 75023, 13, 'nrInsc', 'nrInsc', 'S', 'S', 'VARCHAR2', NULL, 'apapandini',  TO_Date( '10/17/2018 02:22:57 ', 'MM/DD/YYYY HH:MI:SS ')
, 'apapandini',  TO_Date( '10/17/2018 02:22:57 ', 'MM/DD/YYYY HH:MI:SS '), NULL
, 'S', NULL, 'N', NULL, NULL, NULL, 'NRINSC', NULL, NULL, NULL, NULL, NULL, NULL, NULL);
INSERT INTO XML_ATRIBUTO( NR_SEQUENCIA, NR_SEQ_ELEMENTO, NR_SEQ_APRESENTACAO, NM_ATRIBUTO_XML, NM_ATRIBUTO, IE_CRIAR_NULO, IE_OBRIGATORIO, IE_TIPO_ATRIBUTO, DS_MASCARA, NM_USUARIO_NREC, DT_ATUALIZACAO_NREC, NM_USUARIO, DT_ATUALIZACAO, NR_SEQ_ATRIB_ELEM, IE_CRIAR_ATRIBUTO, DS_CABECALHO, IE_CONTROLE_PB, IE_REMOVER_ESPACO_BRANCO, DS_NAMESPACE, NM_TABELA_DEF_BANCO, NM_ATRIBUTO_XML_PESQUISA, CD_EXP_OBSERVACAO, NM_TABELA_BASE, NM_ATRIBUTO_BASE, QT_TAMANHO, QT_DECIMAIS, CD_DOMINIO, NR_SEQ_ITEM_XSD ) VALUES (
344192, 75024, 33, 'Reinf', NULL, 'S', 'S', NULL, NULL, 'apapandini',  TO_Date( '10/17/2018 02:22:57 ', 'MM/DD/YYYY HH:MI:SS ')
, 'apapandini',  TO_Date( '10/17/2018 02:22:57 ', 'MM/DD/YYYY HH:MI:SS '), 75025
, 'S', 'xmlns="http://www.reinf.esocial.gov.br/schemas/evtFechamento/v1_04_00"', 'N'
, NULL, NULL, NULL, 'REINF', NULL, NULL, NULL, NULL, NULL, NULL, NULL);
INSERT INTO XML_ATRIBUTO( NR_SEQUENCIA, NR_SEQ_ELEMENTO, NR_SEQ_APRESENTACAO, NM_ATRIBUTO_XML, NM_ATRIBUTO, IE_CRIAR_NULO, IE_OBRIGATORIO, IE_TIPO_ATRIBUTO, DS_MASCARA, NM_USUARIO_NREC, DT_ATUALIZACAO_NREC, NM_USUARIO, DT_ATUALIZACAO, NR_SEQ_ATRIB_ELEM, IE_CRIAR_ATRIBUTO, DS_CABECALHO, IE_CONTROLE_PB, IE_REMOVER_ESPACO_BRANCO, DS_NAMESPACE, NM_TABELA_DEF_BANCO, NM_ATRIBUTO_XML_PESQUISA, CD_EXP_OBSERVACAO, NM_TABELA_BASE, NM_ATRIBUTO_BASE, QT_TAMANHO, QT_DECIMAIS, CD_DOMINIO, NR_SEQ_ITEM_XSD ) VALUES (
344193, 75025, 36, 'evtFechaEvPer', NULL, 'S', 'S', NULL, NULL, 'apapandini',  TO_Date( '10/17/2018 02:22:57 ', 'MM/DD/YYYY HH:MI:SS ')
, 'apapandini',  TO_Date( '10/17/2018 02:22:57 ', 'MM/DD/YYYY HH:MI:SS '), 75026
, 'S', 'id=":nr_id"', 'N', NULL, NULL, NULL, 'EVTFECHAEVPER', NULL, NULL, NULL, NULL
, NULL, NULL, NULL);
INSERT INTO XML_ATRIBUTO( NR_SEQUENCIA, NR_SEQ_ELEMENTO, NR_SEQ_APRESENTACAO, NM_ATRIBUTO_XML, NM_ATRIBUTO, IE_CRIAR_NULO, IE_OBRIGATORIO, IE_TIPO_ATRIBUTO, DS_MASCARA, NM_USUARIO_NREC, DT_ATUALIZACAO_NREC, NM_USUARIO, DT_ATUALIZACAO, NR_SEQ_ATRIB_ELEM, IE_CRIAR_ATRIBUTO, DS_CABECALHO, IE_CONTROLE_PB, IE_REMOVER_ESPACO_BRANCO, DS_NAMESPACE, NM_TABELA_DEF_BANCO, NM_ATRIBUTO_XML_PESQUISA, CD_EXP_OBSERVACAO, NM_TABELA_BASE, NM_ATRIBUTO_BASE, QT_TAMANHO, QT_DECIMAIS, CD_DOMINIO, NR_SEQ_ITEM_XSD ) VALUES (
344194, 75026, 5, 'ideEvento', NULL, 'S', 'S', NULL, NULL, 'apapandini',  TO_Date( '10/17/2018 02:22:57 ', 'MM/DD/YYYY HH:MI:SS ')
, 'apapandini',  TO_Date( '10/17/2018 02:22:57 ', 'MM/DD/YYYY HH:MI:SS '), 75027
, 'S', NULL, 'N', NULL, NULL, NULL, 'IDEEVENTO', NULL, NULL, NULL, NULL, NULL, NULL
, NULL);
INSERT INTO XML_ATRIBUTO( NR_SEQUENCIA, NR_SEQ_ELEMENTO, NR_SEQ_APRESENTACAO, NM_ATRIBUTO_XML, NM_ATRIBUTO, IE_CRIAR_NULO, IE_OBRIGATORIO, IE_TIPO_ATRIBUTO, DS_MASCARA, NM_USUARIO_NREC, DT_ATUALIZACAO_NREC, NM_USUARIO, DT_ATUALIZACAO, NR_SEQ_ATRIB_ELEM, IE_CRIAR_ATRIBUTO, DS_CABECALHO, IE_CONTROLE_PB, IE_REMOVER_ESPACO_BRANCO, DS_NAMESPACE, NM_TABELA_DEF_BANCO, NM_ATRIBUTO_XML_PESQUISA, CD_EXP_OBSERVACAO, NM_TABELA_BASE, NM_ATRIBUTO_BASE, QT_TAMANHO, QT_DECIMAIS, CD_DOMINIO, NR_SEQ_ITEM_XSD ) VALUES (
344195, 75026, 10, 'ideContri', NULL, 'S', 'S', NULL, NULL, 'apapandini',  TO_Date( '10/17/2018 02:22:57 ', 'MM/DD/YYYY HH:MI:SS ')
, 'apapandini',  TO_Date( '10/17/2018 02:22:57 ', 'MM/DD/YYYY HH:MI:SS '), 75023
, 'S', NULL, 'N', NULL, NULL, NULL, 'IDECONTRI', NULL, NULL, NULL, NULL, NULL, NULL
, NULL);
INSERT INTO XML_ATRIBUTO( NR_SEQUENCIA, NR_SEQ_ELEMENTO, NR_SEQ_APRESENTACAO, NM_ATRIBUTO_XML, NM_ATRIBUTO, IE_CRIAR_NULO, IE_OBRIGATORIO, IE_TIPO_ATRIBUTO, DS_MASCARA, NM_USUARIO_NREC, DT_ATUALIZACAO_NREC, NM_USUARIO, DT_ATUALIZACAO, NR_SEQ_ATRIB_ELEM, IE_CRIAR_ATRIBUTO, DS_CABECALHO, IE_CONTROLE_PB, IE_REMOVER_ESPACO_BRANCO, DS_NAMESPACE, NM_TABELA_DEF_BANCO, NM_ATRIBUTO_XML_PESQUISA, CD_EXP_OBSERVACAO, NM_TABELA_BASE, NM_ATRIBUTO_BASE, QT_TAMANHO, QT_DECIMAIS, CD_DOMINIO, NR_SEQ_ITEM_XSD ) VALUES (
344196, 75026, 50, 'ideRespInf', NULL, 'S', 'S', NULL, NULL, 'apapandini',  TO_Date( '10/17/2018 02:22:57 ', 'MM/DD/YYYY HH:MI:SS ')
, 'apapandini',  TO_Date( '10/17/2018 02:22:57 ', 'MM/DD/YYYY HH:MI:SS '), 75029
, 'S', NULL, 'N', NULL, NULL, NULL, 'IDERESPINF', NULL, NULL, NULL, NULL, NULL, NULL
, NULL);
INSERT INTO XML_ATRIBUTO( NR_SEQUENCIA, NR_SEQ_ELEMENTO, NR_SEQ_APRESENTACAO, NM_ATRIBUTO_XML, NM_ATRIBUTO, IE_CRIAR_NULO, IE_OBRIGATORIO, IE_TIPO_ATRIBUTO, DS_MASCARA, NM_USUARIO_NREC, DT_ATUALIZACAO_NREC, NM_USUARIO, DT_ATUALIZACAO, NR_SEQ_ATRIB_ELEM, IE_CRIAR_ATRIBUTO, DS_CABECALHO, IE_CONTROLE_PB, IE_REMOVER_ESPACO_BRANCO, DS_NAMESPACE, NM_TABELA_DEF_BANCO, NM_ATRIBUTO_XML_PESQUISA, CD_EXP_OBSERVACAO, NM_TABELA_BASE, NM_ATRIBUTO_BASE, QT_TAMANHO, QT_DECIMAIS, CD_DOMINIO, NR_SEQ_ITEM_XSD ) VALUES (
344197, 75026, 55, 'infoFech', NULL, 'S', 'S', NULL, NULL, 'apapandini',  TO_Date( '10/17/2018 02:22:57 ', 'MM/DD/YYYY HH:MI:SS ')
, 'apapandini',  TO_Date( '10/17/2018 02:22:57 ', 'MM/DD/YYYY HH:MI:SS '), 75030
, 'S', NULL, 'N', NULL, NULL, NULL, 'INFOFECH', NULL, NULL, NULL, NULL, NULL, NULL
, NULL);
INSERT INTO XML_ATRIBUTO( NR_SEQUENCIA, NR_SEQ_ELEMENTO, NR_SEQ_APRESENTACAO, NM_ATRIBUTO_XML, NM_ATRIBUTO, IE_CRIAR_NULO, IE_OBRIGATORIO, IE_TIPO_ATRIBUTO, DS_MASCARA, NM_USUARIO_NREC, DT_ATUALIZACAO_NREC, NM_USUARIO, DT_ATUALIZACAO, NR_SEQ_ATRIB_ELEM, IE_CRIAR_ATRIBUTO, DS_CABECALHO, IE_CONTROLE_PB, IE_REMOVER_ESPACO_BRANCO, DS_NAMESPACE, NM_TABELA_DEF_BANCO, NM_ATRIBUTO_XML_PESQUISA, CD_EXP_OBSERVACAO, NM_TABELA_BASE, NM_ATRIBUTO_BASE, QT_TAMANHO, QT_DECIMAIS, CD_DOMINIO, NR_SEQ_ITEM_XSD ) VALUES (
344198, 75027, 7, 'tpAmb', 'tpAmb', 'S', 'S', 'VARCHAR2', NULL, 'apapandini',  TO_Date( '10/17/2018 02:22:57 ', 'MM/DD/YYYY HH:MI:SS ')
, 'apapandini',  TO_Date( '10/17/2018 02:22:57 ', 'MM/DD/YYYY HH:MI:SS '), NULL
, 'S', NULL, 'N', NULL, NULL, NULL, 'TPAMB', NULL, NULL, NULL, NULL, NULL, NULL, NULL);
INSERT INTO XML_ATRIBUTO( NR_SEQUENCIA, NR_SEQ_ELEMENTO, NR_SEQ_APRESENTACAO, NM_ATRIBUTO_XML, NM_ATRIBUTO, IE_CRIAR_NULO, IE_OBRIGATORIO, IE_TIPO_ATRIBUTO, DS_MASCARA, NM_USUARIO_NREC, DT_ATUALIZACAO_NREC, NM_USUARIO, DT_ATUALIZACAO, NR_SEQ_ATRIB_ELEM, IE_CRIAR_ATRIBUTO, DS_CABECALHO, IE_CONTROLE_PB, IE_REMOVER_ESPACO_BRANCO, DS_NAMESPACE, NM_TABELA_DEF_BANCO, NM_ATRIBUTO_XML_PESQUISA, CD_EXP_OBSERVACAO, NM_TABELA_BASE, NM_ATRIBUTO_BASE, QT_TAMANHO, QT_DECIMAIS, CD_DOMINIO, NR_SEQ_ITEM_XSD ) VALUES (
344199, 75027, 8, 'procEmi', 'procEmi', 'S', 'S', 'VARCHAR2', NULL, 'apapandini',  TO_Date( '10/17/2018 02:22:57 ', 'MM/DD/YYYY HH:MI:SS ')
, 'apapandini',  TO_Date( '10/17/2018 02:22:57 ', 'MM/DD/YYYY HH:MI:SS '), NULL
, 'S', NULL, 'N', NULL, NULL, NULL, 'PROCEMI', NULL, NULL, NULL, NULL, NULL, NULL
, NULL);
INSERT INTO XML_ATRIBUTO( NR_SEQUENCIA, NR_SEQ_ELEMENTO, NR_SEQ_APRESENTACAO, NM_ATRIBUTO_XML, NM_ATRIBUTO, IE_CRIAR_NULO, IE_OBRIGATORIO, IE_TIPO_ATRIBUTO, DS_MASCARA, NM_USUARIO_NREC, DT_ATUALIZACAO_NREC, NM_USUARIO, DT_ATUALIZACAO, NR_SEQ_ATRIB_ELEM, IE_CRIAR_ATRIBUTO, DS_CABECALHO, IE_CONTROLE_PB, IE_REMOVER_ESPACO_BRANCO, DS_NAMESPACE, NM_TABELA_DEF_BANCO, NM_ATRIBUTO_XML_PESQUISA, CD_EXP_OBSERVACAO, NM_TABELA_BASE, NM_ATRIBUTO_BASE, QT_TAMANHO, QT_DECIMAIS, CD_DOMINIO, NR_SEQ_ITEM_XSD ) VALUES (
344200, 75027, 9, 'verProc', 'verProc', 'S', 'S', 'VARCHAR2', NULL, 'apapandini',  TO_Date( '10/17/2018 02:22:57 ', 'MM/DD/YYYY HH:MI:SS ')
, 'apapandini',  TO_Date( '10/17/2018 02:22:57 ', 'MM/DD/YYYY HH:MI:SS '), NULL
, 'S', NULL, 'N', NULL, NULL, NULL, 'VERPROC', NULL, NULL, NULL, NULL, NULL, NULL
, NULL);
INSERT INTO XML_ATRIBUTO( NR_SEQUENCIA, NR_SEQ_ELEMENTO, NR_SEQ_APRESENTACAO, NM_ATRIBUTO_XML, NM_ATRIBUTO, IE_CRIAR_NULO, IE_OBRIGATORIO, IE_TIPO_ATRIBUTO, DS_MASCARA, NM_USUARIO_NREC, DT_ATUALIZACAO_NREC, NM_USUARIO, DT_ATUALIZACAO, NR_SEQ_ATRIB_ELEM, IE_CRIAR_ATRIBUTO, DS_CABECALHO, IE_CONTROLE_PB, IE_REMOVER_ESPACO_BRANCO, DS_NAMESPACE, NM_TABELA_DEF_BANCO, NM_ATRIBUTO_XML_PESQUISA, CD_EXP_OBSERVACAO, NM_TABELA_BASE, NM_ATRIBUTO_BASE, QT_TAMANHO, QT_DECIMAIS, CD_DOMINIO, NR_SEQ_ITEM_XSD ) VALUES (
344201, 75027, 6, 'perApur', 'perApur', 'S', 'S', 'VARCHAR2', NULL, 'apapandini',  TO_Date( '10/17/2018 02:22:57 ', 'MM/DD/YYYY HH:MI:SS ')
, 'apapandini',  TO_Date( '10/17/2018 02:22:57 ', 'MM/DD/YYYY HH:MI:SS '), NULL
, 'S', NULL, 'N', NULL, NULL, NULL, 'PERAPUR', NULL, NULL, NULL, NULL, NULL, NULL
, NULL);
INSERT INTO XML_ATRIBUTO( NR_SEQUENCIA, NR_SEQ_ELEMENTO, NR_SEQ_APRESENTACAO, NM_ATRIBUTO_XML, NM_ATRIBUTO, IE_CRIAR_NULO, IE_OBRIGATORIO, IE_TIPO_ATRIBUTO, DS_MASCARA, NM_USUARIO_NREC, DT_ATUALIZACAO_NREC, NM_USUARIO, DT_ATUALIZACAO, NR_SEQ_ATRIB_ELEM, IE_CRIAR_ATRIBUTO, DS_CABECALHO, IE_CONTROLE_PB, IE_REMOVER_ESPACO_BRANCO, DS_NAMESPACE, NM_TABELA_DEF_BANCO, NM_ATRIBUTO_XML_PESQUISA, CD_EXP_OBSERVACAO, NM_TABELA_BASE, NM_ATRIBUTO_BASE, QT_TAMANHO, QT_DECIMAIS, CD_DOMINIO, NR_SEQ_ITEM_XSD ) VALUES (
344202, 75028, 2, 'loteEventos', NULL, 'S', 'S', NULL, NULL, 'apapandini',  TO_Date( '10/17/2018 02:22:57 ', 'MM/DD/YYYY HH:MI:SS ')
, 'apapandini',  TO_Date( '10/17/2018 02:22:57 ', 'MM/DD/YYYY HH:MI:SS '), 75022
, 'S', NULL, 'N', NULL, NULL, NULL, 'LOTEEVENTOS', NULL, NULL, NULL, NULL, NULL, NULL
, NULL);
INSERT INTO XML_ATRIBUTO( NR_SEQUENCIA, NR_SEQ_ELEMENTO, NR_SEQ_APRESENTACAO, NM_ATRIBUTO_XML, NM_ATRIBUTO, IE_CRIAR_NULO, IE_OBRIGATORIO, IE_TIPO_ATRIBUTO, DS_MASCARA, NM_USUARIO_NREC, DT_ATUALIZACAO_NREC, NM_USUARIO, DT_ATUALIZACAO, NR_SEQ_ATRIB_ELEM, IE_CRIAR_ATRIBUTO, DS_CABECALHO, IE_CONTROLE_PB, IE_REMOVER_ESPACO_BRANCO, DS_NAMESPACE, NM_TABELA_DEF_BANCO, NM_ATRIBUTO_XML_PESQUISA, CD_EXP_OBSERVACAO, NM_TABELA_BASE, NM_ATRIBUTO_BASE, QT_TAMANHO, QT_DECIMAIS, CD_DOMINIO, NR_SEQ_ITEM_XSD ) VALUES (
344203, 75029, 51, 'nmResp', 'nmResp', 'S', 'S', 'VARCHAR2', NULL, 'apapandini',  TO_Date( '10/17/2018 02:22:57 ', 'MM/DD/YYYY HH:MI:SS ')
, 'apapandini',  TO_Date( '10/17/2018 02:22:57 ', 'MM/DD/YYYY HH:MI:SS '), NULL
, 'S', NULL, 'N', NULL, NULL, NULL, 'NMRESP', NULL, NULL, NULL, NULL, NULL, NULL, NULL);
INSERT INTO XML_ATRIBUTO( NR_SEQUENCIA, NR_SEQ_ELEMENTO, NR_SEQ_APRESENTACAO, NM_ATRIBUTO_XML, NM_ATRIBUTO, IE_CRIAR_NULO, IE_OBRIGATORIO, IE_TIPO_ATRIBUTO, DS_MASCARA, NM_USUARIO_NREC, DT_ATUALIZACAO_NREC, NM_USUARIO, DT_ATUALIZACAO, NR_SEQ_ATRIB_ELEM, IE_CRIAR_ATRIBUTO, DS_CABECALHO, IE_CONTROLE_PB, IE_REMOVER_ESPACO_BRANCO, DS_NAMESPACE, NM_TABELA_DEF_BANCO, NM_ATRIBUTO_XML_PESQUISA, CD_EXP_OBSERVACAO, NM_TABELA_BASE, NM_ATRIBUTO_BASE, QT_TAMANHO, QT_DECIMAIS, CD_DOMINIO, NR_SEQ_ITEM_XSD ) VALUES (
344204, 75029, 52, 'cpfResp', 'cpfResp', 'S', 'S', 'VARCHAR2', NULL, 'apapandini'
,  TO_Date( '10/17/2018 02:22:57 ', 'MM/DD/YYYY HH:MI:SS '), 'apapandini',  TO_Date( '10/17/2018 02:22:57 ', 'MM/DD/YYYY HH:MI:SS ')
, NULL, 'S', NULL, 'N', NULL, NULL, NULL, 'CPFRESP', NULL, NULL, NULL, NULL, NULL
, NULL, NULL);
INSERT INTO XML_ATRIBUTO( NR_SEQUENCIA, NR_SEQ_ELEMENTO, NR_SEQ_APRESENTACAO, NM_ATRIBUTO_XML, NM_ATRIBUTO, IE_CRIAR_NULO, IE_OBRIGATORIO, IE_TIPO_ATRIBUTO, DS_MASCARA, NM_USUARIO_NREC, DT_ATUALIZACAO_NREC, NM_USUARIO, DT_ATUALIZACAO, NR_SEQ_ATRIB_ELEM, IE_CRIAR_ATRIBUTO, DS_CABECALHO, IE_CONTROLE_PB, IE_REMOVER_ESPACO_BRANCO, DS_NAMESPACE, NM_TABELA_DEF_BANCO, NM_ATRIBUTO_XML_PESQUISA, CD_EXP_OBSERVACAO, NM_TABELA_BASE, NM_ATRIBUTO_BASE, QT_TAMANHO, QT_DECIMAIS, CD_DOMINIO, NR_SEQ_ITEM_XSD ) VALUES (
344205, 75029, 53, 'telefone', 'telefone', 'S', 'N', 'VARCHAR2', NULL, 'apapandini'
,  TO_Date( '10/17/2018 02:22:57 ', 'MM/DD/YYYY HH:MI:SS '), 'apapandini',  TO_Date( '10/17/2018 02:22:57 ', 'MM/DD/YYYY HH:MI:SS ')
, NULL, 'S', NULL, 'N', NULL, NULL, NULL, 'TELEFONE', NULL, NULL, NULL, NULL, NULL
, NULL, NULL);
INSERT INTO XML_ATRIBUTO( NR_SEQUENCIA, NR_SEQ_ELEMENTO, NR_SEQ_APRESENTACAO, NM_ATRIBUTO_XML, NM_ATRIBUTO, IE_CRIAR_NULO, IE_OBRIGATORIO, IE_TIPO_ATRIBUTO, DS_MASCARA, NM_USUARIO_NREC, DT_ATUALIZACAO_NREC, NM_USUARIO, DT_ATUALIZACAO, NR_SEQ_ATRIB_ELEM, IE_CRIAR_ATRIBUTO, DS_CABECALHO, IE_CONTROLE_PB, IE_REMOVER_ESPACO_BRANCO, DS_NAMESPACE, NM_TABELA_DEF_BANCO, NM_ATRIBUTO_XML_PESQUISA, CD_EXP_OBSERVACAO, NM_TABELA_BASE, NM_ATRIBUTO_BASE, QT_TAMANHO, QT_DECIMAIS, CD_DOMINIO, NR_SEQ_ITEM_XSD ) VALUES (
344206, 75029, 54, 'email', 'email', 'S', 'N', 'VARCHAR2', NULL, 'apapandini',  TO_Date( '10/17/2018 02:22:57 ', 'MM/DD/YYYY HH:MI:SS ')
, 'apapandini',  TO_Date( '10/17/2018 02:22:57 ', 'MM/DD/YYYY HH:MI:SS '), NULL
, 'S', NULL, 'N', NULL, NULL, NULL, 'EMAIL', NULL, NULL, NULL, NULL, NULL, NULL, NULL);
INSERT INTO XML_ATRIBUTO( NR_SEQUENCIA, NR_SEQ_ELEMENTO, NR_SEQ_APRESENTACAO, NM_ATRIBUTO_XML, NM_ATRIBUTO, IE_CRIAR_NULO, IE_OBRIGATORIO, IE_TIPO_ATRIBUTO, DS_MASCARA, NM_USUARIO_NREC, DT_ATUALIZACAO_NREC, NM_USUARIO, DT_ATUALIZACAO, NR_SEQ_ATRIB_ELEM, IE_CRIAR_ATRIBUTO, DS_CABECALHO, IE_CONTROLE_PB, IE_REMOVER_ESPACO_BRANCO, DS_NAMESPACE, NM_TABELA_DEF_BANCO, NM_ATRIBUTO_XML_PESQUISA, CD_EXP_OBSERVACAO, NM_TABELA_BASE, NM_ATRIBUTO_BASE, QT_TAMANHO, QT_DECIMAIS, CD_DOMINIO, NR_SEQ_ITEM_XSD ) VALUES (
344207, 75030, 70, 'compSemMovto', 'compSemMovto', 'N', 'S', 'VARCHAR2', NULL, 'apapandini'
,  TO_Date( '10/17/2018 02:22:57 ', 'MM/DD/YYYY HH:MI:SS '), 'apapandini',  TO_Date( '10/17/2018 02:22:57 ', 'MM/DD/YYYY HH:MI:SS ')
, NULL, 'S', NULL, 'N', NULL, NULL, NULL, 'COMPSEMMOVTO', NULL, NULL, NULL, NULL, NULL
, NULL, NULL);
INSERT INTO XML_ATRIBUTO( NR_SEQUENCIA, NR_SEQ_ELEMENTO, NR_SEQ_APRESENTACAO, NM_ATRIBUTO_XML, NM_ATRIBUTO, IE_CRIAR_NULO, IE_OBRIGATORIO, IE_TIPO_ATRIBUTO, DS_MASCARA, NM_USUARIO_NREC, DT_ATUALIZACAO_NREC, NM_USUARIO, DT_ATUALIZACAO, NR_SEQ_ATRIB_ELEM, IE_CRIAR_ATRIBUTO, DS_CABECALHO, IE_CONTROLE_PB, IE_REMOVER_ESPACO_BRANCO, DS_NAMESPACE, NM_TABELA_DEF_BANCO, NM_ATRIBUTO_XML_PESQUISA, CD_EXP_OBSERVACAO, NM_TABELA_BASE, NM_ATRIBUTO_BASE, QT_TAMANHO, QT_DECIMAIS, CD_DOMINIO, NR_SEQ_ITEM_XSD ) VALUES (
344208, 75030, 56, 'evtServTm', 'evtServTm', 'S', 'S', 'VARCHAR2', NULL, 'apapandini'
,  TO_Date( '10/17/2018 02:22:57 ', 'MM/DD/YYYY HH:MI:SS '), 'apapandini',  TO_Date( '10/17/2018 02:22:57 ', 'MM/DD/YYYY HH:MI:SS ')
, NULL, 'S', NULL, 'N', NULL, NULL, NULL, 'EVTSERVTM', NULL, NULL, NULL, NULL, NULL
, NULL, NULL);
INSERT INTO XML_ATRIBUTO( NR_SEQUENCIA, NR_SEQ_ELEMENTO, NR_SEQ_APRESENTACAO, NM_ATRIBUTO_XML, NM_ATRIBUTO, IE_CRIAR_NULO, IE_OBRIGATORIO, IE_TIPO_ATRIBUTO, DS_MASCARA, NM_USUARIO_NREC, DT_ATUALIZACAO_NREC, NM_USUARIO, DT_ATUALIZACAO, NR_SEQ_ATRIB_ELEM, IE_CRIAR_ATRIBUTO, DS_CABECALHO, IE_CONTROLE_PB, IE_REMOVER_ESPACO_BRANCO, DS_NAMESPACE, NM_TABELA_DEF_BANCO, NM_ATRIBUTO_XML_PESQUISA, CD_EXP_OBSERVACAO, NM_TABELA_BASE, NM_ATRIBUTO_BASE, QT_TAMANHO, QT_DECIMAIS, CD_DOMINIO, NR_SEQ_ITEM_XSD ) VALUES (
344209, 75030, 57, 'evtServPr', 'evtServPr', 'S', 'S', 'VARCHAR2', NULL, 'apapandini'
,  TO_Date( '10/17/2018 02:22:57 ', 'MM/DD/YYYY HH:MI:SS '), 'apapandini',  TO_Date( '10/17/2018 02:22:57 ', 'MM/DD/YYYY HH:MI:SS ')
, NULL, 'S', NULL, 'N', NULL, NULL, NULL, 'EVTSERVPR', NULL, NULL, NULL, NULL, NULL
, NULL, NULL);
INSERT INTO XML_ATRIBUTO( NR_SEQUENCIA, NR_SEQ_ELEMENTO, NR_SEQ_APRESENTACAO, NM_ATRIBUTO_XML, NM_ATRIBUTO, IE_CRIAR_NULO, IE_OBRIGATORIO, IE_TIPO_ATRIBUTO, DS_MASCARA, NM_USUARIO_NREC, DT_ATUALIZACAO_NREC, NM_USUARIO, DT_ATUALIZACAO, NR_SEQ_ATRIB_ELEM, IE_CRIAR_ATRIBUTO, DS_CABECALHO, IE_CONTROLE_PB, IE_REMOVER_ESPACO_BRANCO, DS_NAMESPACE, NM_TABELA_DEF_BANCO, NM_ATRIBUTO_XML_PESQUISA, CD_EXP_OBSERVACAO, NM_TABELA_BASE, NM_ATRIBUTO_BASE, QT_TAMANHO, QT_DECIMAIS, CD_DOMINIO, NR_SEQ_ITEM_XSD ) VALUES (
344210, 75030, 58, 'evtAssDespRec', 'evtAssDespRec', 'S', 'S', 'VARCHAR2', NULL, 'apapandini'
,  TO_Date( '10/17/2018 02:22:57 ', 'MM/DD/YYYY HH:MI:SS '), 'apapandini',  TO_Date( '10/17/2018 02:22:57 ', 'MM/DD/YYYY HH:MI:SS ')
, NULL, 'S', NULL, 'N', NULL, NULL, NULL, 'EVTASSDESPREC', NULL, NULL, NULL, NULL
, NULL, NULL, NULL);
INSERT INTO XML_ATRIBUTO( NR_SEQUENCIA, NR_SEQ_ELEMENTO, NR_SEQ_APRESENTACAO, NM_ATRIBUTO_XML, NM_ATRIBUTO, IE_CRIAR_NULO, IE_OBRIGATORIO, IE_TIPO_ATRIBUTO, DS_MASCARA, NM_USUARIO_NREC, DT_ATUALIZACAO_NREC, NM_USUARIO, DT_ATUALIZACAO, NR_SEQ_ATRIB_ELEM, IE_CRIAR_ATRIBUTO, DS_CABECALHO, IE_CONTROLE_PB, IE_REMOVER_ESPACO_BRANCO, DS_NAMESPACE, NM_TABELA_DEF_BANCO, NM_ATRIBUTO_XML_PESQUISA, CD_EXP_OBSERVACAO, NM_TABELA_BASE, NM_ATRIBUTO_BASE, QT_TAMANHO, QT_DECIMAIS, CD_DOMINIO, NR_SEQ_ITEM_XSD ) VALUES (
344211, 75030, 59, 'evtAssDespRep', 'evtAssDespRep', 'S', 'S', 'VARCHAR2', NULL, 'apapandini'
,  TO_Date( '10/17/2018 02:22:57 ', 'MM/DD/YYYY HH:MI:SS '), 'apapandini',  TO_Date( '10/17/2018 02:22:57 ', 'MM/DD/YYYY HH:MI:SS ')
, NULL, 'S', NULL, 'N', NULL, NULL, NULL, 'EVTASSDESPREP', NULL, NULL, NULL, NULL
, NULL, NULL, NULL);
INSERT INTO XML_ATRIBUTO( NR_SEQUENCIA, NR_SEQ_ELEMENTO, NR_SEQ_APRESENTACAO, NM_ATRIBUTO_XML, NM_ATRIBUTO, IE_CRIAR_NULO, IE_OBRIGATORIO, IE_TIPO_ATRIBUTO, DS_MASCARA, NM_USUARIO_NREC, DT_ATUALIZACAO_NREC, NM_USUARIO, DT_ATUALIZACAO, NR_SEQ_ATRIB_ELEM, IE_CRIAR_ATRIBUTO, DS_CABECALHO, IE_CONTROLE_PB, IE_REMOVER_ESPACO_BRANCO, DS_NAMESPACE, NM_TABELA_DEF_BANCO, NM_ATRIBUTO_XML_PESQUISA, CD_EXP_OBSERVACAO, NM_TABELA_BASE, NM_ATRIBUTO_BASE, QT_TAMANHO, QT_DECIMAIS, CD_DOMINIO, NR_SEQ_ITEM_XSD ) VALUES (
344212, 75030, 60, 'evtComProd', 'evtComProd', 'S', 'S', 'VARCHAR2', NULL, 'apapandini'
,  TO_Date( '10/17/2018 02:22:57 ', 'MM/DD/YYYY HH:MI:SS '), 'apapandini',  TO_Date( '10/17/2018 02:22:57 ', 'MM/DD/YYYY HH:MI:SS ')
, NULL, 'S', NULL, 'N', NULL, NULL, NULL, 'EVTCOMPROD', NULL, NULL, NULL, NULL, NULL
, NULL, NULL);
INSERT INTO XML_ATRIBUTO( NR_SEQUENCIA, NR_SEQ_ELEMENTO, NR_SEQ_APRESENTACAO, NM_ATRIBUTO_XML, NM_ATRIBUTO, IE_CRIAR_NULO, IE_OBRIGATORIO, IE_TIPO_ATRIBUTO, DS_MASCARA, NM_USUARIO_NREC, DT_ATUALIZACAO_NREC, NM_USUARIO, DT_ATUALIZACAO, NR_SEQ_ATRIB_ELEM, IE_CRIAR_ATRIBUTO, DS_CABECALHO, IE_CONTROLE_PB, IE_REMOVER_ESPACO_BRANCO, DS_NAMESPACE, NM_TABELA_DEF_BANCO, NM_ATRIBUTO_XML_PESQUISA, CD_EXP_OBSERVACAO, NM_TABELA_BASE, NM_ATRIBUTO_BASE, QT_TAMANHO, QT_DECIMAIS, CD_DOMINIO, NR_SEQ_ITEM_XSD ) VALUES (
344213, 75030, 61, 'evtCPRB', 'evtCPRB', 'S', 'S', 'VARCHAR2', NULL, 'apapandini'
,  TO_Date( '10/17/2018 02:22:57 ', 'MM/DD/YYYY HH:MI:SS '), 'apapandini',  TO_Date( '10/17/2018 02:22:57 ', 'MM/DD/YYYY HH:MI:SS ')
, NULL, 'S', NULL, 'N', NULL, NULL, NULL, 'EVTCPRB', NULL, NULL, NULL, NULL, NULL
, NULL, NULL);
INSERT INTO XML_ATRIBUTO( NR_SEQUENCIA, NR_SEQ_ELEMENTO, NR_SEQ_APRESENTACAO, NM_ATRIBUTO_XML, NM_ATRIBUTO, IE_CRIAR_NULO, IE_OBRIGATORIO, IE_TIPO_ATRIBUTO, DS_MASCARA, NM_USUARIO_NREC, DT_ATUALIZACAO_NREC, NM_USUARIO, DT_ATUALIZACAO, NR_SEQ_ATRIB_ELEM, IE_CRIAR_ATRIBUTO, DS_CABECALHO, IE_CONTROLE_PB, IE_REMOVER_ESPACO_BRANCO, DS_NAMESPACE, NM_TABELA_DEF_BANCO, NM_ATRIBUTO_XML_PESQUISA, CD_EXP_OBSERVACAO, NM_TABELA_BASE, NM_ATRIBUTO_BASE, QT_TAMANHO, QT_DECIMAIS, CD_DOMINIO, NR_SEQ_ITEM_XSD ) VALUES (
344214, 75030, 63, 'evtPgtos', 'evtPgtos', 'S', 'S', 'VARCHAR2', NULL, 'apapandini'
,  TO_Date( '10/17/2018 02:22:57 ', 'MM/DD/YYYY HH:MI:SS '), 'apapandini',  TO_Date( '10/17/2018 02:22:57 ', 'MM/DD/YYYY HH:MI:SS ')
, NULL, 'S', NULL, 'N', NULL, NULL, NULL, 'EVTPGTOS', NULL, NULL, NULL, NULL, NULL
, NULL, NULL);

--	FIM XML 102456
--	INICIO XML 102457
INSERT INTO XML_PROJETO( NR_SEQUENCIA, DS_PROJETO, DT_ATUALIZACAO, NM_USUARIO, DT_ATUALIZACAO_NREC, NM_USUARIO_NREC, DS_CABECALHO, DS_OBSERVACAO, IE_TIPO_COMPLEXO, NR_SEQ_PROJ_COMPLEXO, IE_HOSP_PLS, DS_VERSAO, IE_TISS, IE_SITUACAO, IE_GERAR_QUEBRA ) VALUES (
102457, 'SPED - REINF R9000 INCLUSÃO - V1.4.00',  TO_Date( '10/17/2018 04:45:49 ', 'MM/DD/YYYY HH:MI:SS ')
, 'apapandini',  TO_Date( '10/17/2018 04:29:31 ', 'MM/DD/YYYY HH:MI:SS '), 'apapandini'
, NULL, NULL, 'N', NULL, 'H', NULL, 'N', 'I', NULL);

INSERT INTO XML_ELEMENTO( NR_SEQUENCIA, NR_SEQ_APRESENTACAO, NR_SEQ_PROJETO, NM_ELEMENTO, DS_ELEMENTO, DS_CABECALHO, DS_SQL, DS_GRUPO, NM_USUARIO, DT_ATUALIZACAO, IE_CRIAR_NULO, NM_USUARIO_NREC, DT_ATUALIZACAO_NREC, IE_TIPO_ELEMENTO, IE_CRIAR_ELEMENTO, IE_TIPO_COMPLEXO, DS_SQL_2, DS_NAMESPACE, QT_MIN_OCOR, QT_MAX_OCOR, NR_SEQ_ITEM_XSD ) VALUES (
75032, 3, 102457, 'loteEventos', 'loteEventos', NULL, NULL, NULL, 'apapandini',  TO_Date( '10/17/2018 04:29:31 ', 'MM/DD/YYYY HH:MI:SS ')
, 'S', 'apapandini',  TO_Date( '10/17/2018 04:29:31 ', 'MM/DD/YYYY HH:MI:SS ')
, 'E', 'S', 'S', NULL, NULL, NULL, NULL, NULL);
INSERT INTO XML_ELEMENTO( NR_SEQUENCIA, NR_SEQ_APRESENTACAO, NR_SEQ_PROJETO, NM_ELEMENTO, DS_ELEMENTO, DS_CABECALHO, DS_SQL, DS_GRUPO, NM_USUARIO, DT_ATUALIZACAO, IE_CRIAR_NULO, NM_USUARIO_NREC, DT_ATUALIZACAO_NREC, IE_TIPO_ELEMENTO, IE_CRIAR_ELEMENTO, IE_TIPO_COMPLEXO, DS_SQL_2, DS_NAMESPACE, QT_MIN_OCOR, QT_MAX_OCOR, NR_SEQ_ITEM_XSD ) VALUES (
75033, 11, 102457, 'ideContri', 'ideContri', NULL, NULL, NULL, 'apapandini',  TO_Date( '10/17/2018 04:29:31 ', 'MM/DD/YYYY HH:MI:SS ')
, 'S', 'apapandini',  TO_Date( '10/17/2018 04:29:31 ', 'MM/DD/YYYY HH:MI:SS ')
, 'E', 'S', 'S', NULL, NULL, NULL, NULL, NULL);
INSERT INTO XML_ELEMENTO( NR_SEQUENCIA, NR_SEQ_APRESENTACAO, NR_SEQ_PROJETO, NM_ELEMENTO, DS_ELEMENTO, DS_CABECALHO, DS_SQL, DS_GRUPO, NM_USUARIO, DT_ATUALIZACAO, IE_CRIAR_NULO, NM_USUARIO_NREC, DT_ATUALIZACAO_NREC, IE_TIPO_ELEMENTO, IE_CRIAR_ELEMENTO, IE_TIPO_COMPLEXO, DS_SQL_2, DS_NAMESPACE, QT_MIN_OCOR, QT_MAX_OCOR, NR_SEQ_ITEM_XSD ) VALUES (
75034, 10, 102457, 'Evento', 'Evento', NULL, NULL, NULL, 'apapandini',  TO_Date( '10/17/2018 04:29:31 ', 'MM/DD/YYYY HH:MI:SS ')
, 'S', 'apapandini',  TO_Date( '10/17/2018 04:29:31 ', 'MM/DD/YYYY HH:MI:SS ')
, 'E', 'S', 'S', NULL, NULL, NULL, NULL, NULL);
INSERT INTO XML_ELEMENTO( NR_SEQUENCIA, NR_SEQ_APRESENTACAO, NR_SEQ_PROJETO, NM_ELEMENTO, DS_ELEMENTO, DS_CABECALHO, DS_SQL, DS_GRUPO, NM_USUARIO, DT_ATUALIZACAO, IE_CRIAR_NULO, NM_USUARIO_NREC, DT_ATUALIZACAO_NREC, IE_TIPO_ELEMENTO, IE_CRIAR_ELEMENTO, IE_TIPO_COMPLEXO, DS_SQL_2, DS_NAMESPACE, QT_MIN_OCOR, QT_MAX_OCOR, NR_SEQ_ITEM_XSD ) VALUES (
75035, 34, 102457, 'Reinf', 'Reinf', NULL, NULL, NULL, 'apapandini',  TO_Date( '10/17/2018 04:29:31 ', 'MM/DD/YYYY HH:MI:SS ')
, 'S', 'apapandini',  TO_Date( '10/17/2018 04:29:31 ', 'MM/DD/YYYY HH:MI:SS ')
, 'E', 'S', 'S', NULL, NULL, NULL, NULL, NULL);
INSERT INTO XML_ELEMENTO( NR_SEQUENCIA, NR_SEQ_APRESENTACAO, NR_SEQ_PROJETO, NM_ELEMENTO, DS_ELEMENTO, DS_CABECALHO, DS_SQL, DS_GRUPO, NM_USUARIO, DT_ATUALIZACAO, IE_CRIAR_NULO, NM_USUARIO_NREC, DT_ATUALIZACAO_NREC, IE_TIPO_ELEMENTO, IE_CRIAR_ELEMENTO, IE_TIPO_COMPLEXO, DS_SQL_2, DS_NAMESPACE, QT_MIN_OCOR, QT_MAX_OCOR, NR_SEQ_ITEM_XSD ) VALUES (
75036, 39, 102457, 'evtExclusao', 'evtExclusao', NULL, NULL, NULL, 'apapandini',  TO_Date( '10/17/2018 04:29:31 ', 'MM/DD/YYYY HH:MI:SS ')
, 'S', 'apapandini',  TO_Date( '10/17/2018 04:29:31 ', 'MM/DD/YYYY HH:MI:SS ')
, 'E', 'S', 'S', NULL, NULL, NULL, NULL, NULL);
INSERT INTO XML_ELEMENTO( NR_SEQUENCIA, NR_SEQ_APRESENTACAO, NR_SEQ_PROJETO, NM_ELEMENTO, DS_ELEMENTO, DS_CABECALHO, DS_SQL, DS_GRUPO, NM_USUARIO, DT_ATUALIZACAO, IE_CRIAR_NULO, NM_USUARIO_NREC, DT_ATUALIZACAO_NREC, IE_TIPO_ELEMENTO, IE_CRIAR_ELEMENTO, IE_TIPO_COMPLEXO, DS_SQL_2, DS_NAMESPACE, QT_MIN_OCOR, QT_MAX_OCOR, NR_SEQ_ITEM_XSD ) VALUES (
75037, 6, 102457, 'ideEvento', 'ideEvento', NULL, NULL, NULL, 'apapandini',  TO_Date( '10/17/2018 04:29:31 ', 'MM/DD/YYYY HH:MI:SS ')
, 'S', 'apapandini',  TO_Date( '10/17/2018 04:29:31 ', 'MM/DD/YYYY HH:MI:SS ')
, 'E', 'S', 'S', NULL, NULL, NULL, NULL, NULL);
INSERT INTO XML_ELEMENTO( NR_SEQUENCIA, NR_SEQ_APRESENTACAO, NR_SEQ_PROJETO, NM_ELEMENTO, DS_ELEMENTO, DS_CABECALHO, DS_SQL, DS_GRUPO, NM_USUARIO, DT_ATUALIZACAO, IE_CRIAR_NULO, NM_USUARIO_NREC, DT_ATUALIZACAO_NREC, IE_TIPO_ELEMENTO, IE_CRIAR_ELEMENTO, IE_TIPO_COMPLEXO, DS_SQL_2, DS_NAMESPACE, QT_MIN_OCOR, QT_MAX_OCOR, NR_SEQ_ITEM_XSD ) VALUES (
75038, 1, 102457, 'Reinf', 'Reinf', 'xmlns="http://www.reinf.esocial.gov.br/schemas/envioLoteEventos/v1_04_00"'
, 'SELECT  (''ID'' || ''1'' || rpad(substr(e.cd_cgc,1,8), 14, ''0'') || TO_CHAR(SYSDATE,''YYYYMMDD'') || TO_CHAR(SYSDATE,''HHMMSS'')  ||''00001'') nr_id,
        f.IE_AMBIENTE  tpAmb,
        ''1'' procEmi,
        (SELECT MAX(CD_VERSAO) cd FROM APLICACAO_TASY_VERSAO) verProc,
        ''1''                          tpInsc,
        substr(e.cd_cgc,1,8)  nrInsc,
        f.IE_TIPO_EVENTO             tpEvento,
        f.NR_RECIBO nrRecEvt,
        TO_CHAR( f.dt_apuracao, ''rrrr-mm'')   perApur
FROM 	estabelecimento e,
	FIS_REINF_R9000 f
WHERE 	e.cd_estabelecimento = f.cd_estabelecimento
AND 	f.nr_sequencia  = :nr_sequencia'
, NULL, 'apapandini',  TO_Date( '10/17/2018 04:29:31 ', 'MM/DD/YYYY HH:MI:SS ')
, 'S', 'apapandini',  TO_Date( '10/17/2018 04:29:31 ', 'MM/DD/YYYY HH:MI:SS ')
, 'E', 'S', 'S', NULL, NULL, NULL, NULL, NULL);
INSERT INTO XML_ELEMENTO( NR_SEQUENCIA, NR_SEQ_APRESENTACAO, NR_SEQ_PROJETO, NM_ELEMENTO, DS_ELEMENTO, DS_CABECALHO, DS_SQL, DS_GRUPO, NM_USUARIO, DT_ATUALIZACAO, IE_CRIAR_NULO, NM_USUARIO_NREC, DT_ATUALIZACAO_NREC, IE_TIPO_ELEMENTO, IE_CRIAR_ELEMENTO, IE_TIPO_COMPLEXO, DS_SQL_2, DS_NAMESPACE, QT_MIN_OCOR, QT_MAX_OCOR, NR_SEQ_ITEM_XSD ) VALUES (
75039, 50, 102457, 'infoExclusao', 'infoExclusao', NULL, NULL, NULL, 'apapandini'
,  TO_Date( '10/17/2018 04:29:31 ', 'MM/DD/YYYY HH:MI:SS '), 'S', 'apapandini'
,  TO_Date( '10/17/2018 04:29:31 ', 'MM/DD/YYYY HH:MI:SS '), 'E', 'S', 'S'
, NULL, NULL, NULL, NULL, NULL);

INSERT INTO XML_ATRIBUTO( NR_SEQUENCIA, NR_SEQ_ELEMENTO, NR_SEQ_APRESENTACAO, NM_ATRIBUTO_XML, NM_ATRIBUTO, IE_CRIAR_NULO, IE_OBRIGATORIO, IE_TIPO_ATRIBUTO, DS_MASCARA, NM_USUARIO_NREC, DT_ATUALIZACAO_NREC, NM_USUARIO, DT_ATUALIZACAO, NR_SEQ_ATRIB_ELEM, IE_CRIAR_ATRIBUTO, DS_CABECALHO, IE_CONTROLE_PB, IE_REMOVER_ESPACO_BRANCO, DS_NAMESPACE, NM_TABELA_DEF_BANCO, NM_ATRIBUTO_XML_PESQUISA, CD_EXP_OBSERVACAO, NM_TABELA_BASE, NM_ATRIBUTO_BASE, QT_TAMANHO, QT_DECIMAIS, CD_DOMINIO, NR_SEQ_ITEM_XSD ) VALUES (
344245, 75032, 4, 'evento', NULL, 'S', 'S', 'VARCHAR2', NULL, 'apapandini',  TO_Date( '10/17/2018 04:29:31 ', 'MM/DD/YYYY HH:MI:SS ')
, 'apapandini',  TO_Date( '10/17/2018 04:29:31 ', 'MM/DD/YYYY HH:MI:SS '), 75034
, 'S', 'id=":nr_id"', 'N', NULL, NULL, NULL, 'EVENTO', NULL, NULL, NULL, NULL, NULL
, NULL, NULL);
INSERT INTO XML_ATRIBUTO( NR_SEQUENCIA, NR_SEQ_ELEMENTO, NR_SEQ_APRESENTACAO, NM_ATRIBUTO_XML, NM_ATRIBUTO, IE_CRIAR_NULO, IE_OBRIGATORIO, IE_TIPO_ATRIBUTO, DS_MASCARA, NM_USUARIO_NREC, DT_ATUALIZACAO_NREC, NM_USUARIO, DT_ATUALIZACAO, NR_SEQ_ATRIB_ELEM, IE_CRIAR_ATRIBUTO, DS_CABECALHO, IE_CONTROLE_PB, IE_REMOVER_ESPACO_BRANCO, DS_NAMESPACE, NM_TABELA_DEF_BANCO, NM_ATRIBUTO_XML_PESQUISA, CD_EXP_OBSERVACAO, NM_TABELA_BASE, NM_ATRIBUTO_BASE, QT_TAMANHO, QT_DECIMAIS, CD_DOMINIO, NR_SEQ_ITEM_XSD ) VALUES (
344246, 75033, 12, 'tpInsc', 'tpInsc', 'S', 'S', 'VARCHAR2', NULL, 'apapandini',  TO_Date( '10/17/2018 04:29:31 ', 'MM/DD/YYYY HH:MI:SS ')
, 'apapandini',  TO_Date( '10/17/2018 04:29:31 ', 'MM/DD/YYYY HH:MI:SS '), NULL
, 'S', NULL, 'N', NULL, NULL, NULL, 'TPINSC', NULL, NULL, NULL, NULL, NULL, NULL, NULL);
INSERT INTO XML_ATRIBUTO( NR_SEQUENCIA, NR_SEQ_ELEMENTO, NR_SEQ_APRESENTACAO, NM_ATRIBUTO_XML, NM_ATRIBUTO, IE_CRIAR_NULO, IE_OBRIGATORIO, IE_TIPO_ATRIBUTO, DS_MASCARA, NM_USUARIO_NREC, DT_ATUALIZACAO_NREC, NM_USUARIO, DT_ATUALIZACAO, NR_SEQ_ATRIB_ELEM, IE_CRIAR_ATRIBUTO, DS_CABECALHO, IE_CONTROLE_PB, IE_REMOVER_ESPACO_BRANCO, DS_NAMESPACE, NM_TABELA_DEF_BANCO, NM_ATRIBUTO_XML_PESQUISA, CD_EXP_OBSERVACAO, NM_TABELA_BASE, NM_ATRIBUTO_BASE, QT_TAMANHO, QT_DECIMAIS, CD_DOMINIO, NR_SEQ_ITEM_XSD ) VALUES (
344247, 75033, 13, 'nrInsc', 'nrInsc', 'S', 'S', 'VARCHAR2', NULL, 'apapandini',  TO_Date( '10/17/2018 04:29:31 ', 'MM/DD/YYYY HH:MI:SS ')
, 'apapandini',  TO_Date( '10/17/2018 04:29:31 ', 'MM/DD/YYYY HH:MI:SS '), NULL
, 'S', NULL, 'N', NULL, NULL, NULL, 'NRINSC', NULL, NULL, NULL, NULL, NULL, NULL, NULL);
INSERT INTO XML_ATRIBUTO( NR_SEQUENCIA, NR_SEQ_ELEMENTO, NR_SEQ_APRESENTACAO, NM_ATRIBUTO_XML, NM_ATRIBUTO, IE_CRIAR_NULO, IE_OBRIGATORIO, IE_TIPO_ATRIBUTO, DS_MASCARA, NM_USUARIO_NREC, DT_ATUALIZACAO_NREC, NM_USUARIO, DT_ATUALIZACAO, NR_SEQ_ATRIB_ELEM, IE_CRIAR_ATRIBUTO, DS_CABECALHO, IE_CONTROLE_PB, IE_REMOVER_ESPACO_BRANCO, DS_NAMESPACE, NM_TABELA_DEF_BANCO, NM_ATRIBUTO_XML_PESQUISA, CD_EXP_OBSERVACAO, NM_TABELA_BASE, NM_ATRIBUTO_BASE, QT_TAMANHO, QT_DECIMAIS, CD_DOMINIO, NR_SEQ_ITEM_XSD ) VALUES (
344248, 75034, 33, 'Reinf', NULL, 'S', 'S', NULL, NULL, 'apapandini',  TO_Date( '10/17/2018 04:29:31 ', 'MM/DD/YYYY HH:MI:SS ')
, 'apapandini',  TO_Date( '10/17/2018 04:29:31 ', 'MM/DD/YYYY HH:MI:SS '), 75035
, 'S', 'xmlns="http://www.reinf.esocial.gov.br/schemas/evtExclusao/v1_04_00"', 'N'
, NULL, NULL, NULL, 'REINF', NULL, NULL, NULL, NULL, NULL, NULL, NULL);
INSERT INTO XML_ATRIBUTO( NR_SEQUENCIA, NR_SEQ_ELEMENTO, NR_SEQ_APRESENTACAO, NM_ATRIBUTO_XML, NM_ATRIBUTO, IE_CRIAR_NULO, IE_OBRIGATORIO, IE_TIPO_ATRIBUTO, DS_MASCARA, NM_USUARIO_NREC, DT_ATUALIZACAO_NREC, NM_USUARIO, DT_ATUALIZACAO, NR_SEQ_ATRIB_ELEM, IE_CRIAR_ATRIBUTO, DS_CABECALHO, IE_CONTROLE_PB, IE_REMOVER_ESPACO_BRANCO, DS_NAMESPACE, NM_TABELA_DEF_BANCO, NM_ATRIBUTO_XML_PESQUISA, CD_EXP_OBSERVACAO, NM_TABELA_BASE, NM_ATRIBUTO_BASE, QT_TAMANHO, QT_DECIMAIS, CD_DOMINIO, NR_SEQ_ITEM_XSD ) VALUES (
344249, 75035, 36, 'evtExclusao', NULL, 'S', 'S', NULL, NULL, 'apapandini',  TO_Date( '10/17/2018 04:29:31 ', 'MM/DD/YYYY HH:MI:SS ')
, 'apapandini',  TO_Date( '10/17/2018 04:29:31 ', 'MM/DD/YYYY HH:MI:SS '), 75036
, 'S', 'id=":nr_id"', 'N', NULL, NULL, NULL, 'EVTEXCLUSAO', NULL, NULL, NULL, NULL
, NULL, NULL, NULL);
INSERT INTO XML_ATRIBUTO( NR_SEQUENCIA, NR_SEQ_ELEMENTO, NR_SEQ_APRESENTACAO, NM_ATRIBUTO_XML, NM_ATRIBUTO, IE_CRIAR_NULO, IE_OBRIGATORIO, IE_TIPO_ATRIBUTO, DS_MASCARA, NM_USUARIO_NREC, DT_ATUALIZACAO_NREC, NM_USUARIO, DT_ATUALIZACAO, NR_SEQ_ATRIB_ELEM, IE_CRIAR_ATRIBUTO, DS_CABECALHO, IE_CONTROLE_PB, IE_REMOVER_ESPACO_BRANCO, DS_NAMESPACE, NM_TABELA_DEF_BANCO, NM_ATRIBUTO_XML_PESQUISA, CD_EXP_OBSERVACAO, NM_TABELA_BASE, NM_ATRIBUTO_BASE, QT_TAMANHO, QT_DECIMAIS, CD_DOMINIO, NR_SEQ_ITEM_XSD ) VALUES (
344250, 75036, 5, 'ideEvento', NULL, 'S', 'S', NULL, NULL, 'apapandini',  TO_Date( '10/17/2018 04:29:31 ', 'MM/DD/YYYY HH:MI:SS ')
, 'apapandini',  TO_Date( '10/17/2018 04:29:31 ', 'MM/DD/YYYY HH:MI:SS '), 75037
, 'S', NULL, 'N', NULL, NULL, NULL, 'IDEEVENTO', NULL, NULL, NULL, NULL, NULL, NULL
, NULL);
INSERT INTO XML_ATRIBUTO( NR_SEQUENCIA, NR_SEQ_ELEMENTO, NR_SEQ_APRESENTACAO, NM_ATRIBUTO_XML, NM_ATRIBUTO, IE_CRIAR_NULO, IE_OBRIGATORIO, IE_TIPO_ATRIBUTO, DS_MASCARA, NM_USUARIO_NREC, DT_ATUALIZACAO_NREC, NM_USUARIO, DT_ATUALIZACAO, NR_SEQ_ATRIB_ELEM, IE_CRIAR_ATRIBUTO, DS_CABECALHO, IE_CONTROLE_PB, IE_REMOVER_ESPACO_BRANCO, DS_NAMESPACE, NM_TABELA_DEF_BANCO, NM_ATRIBUTO_XML_PESQUISA, CD_EXP_OBSERVACAO, NM_TABELA_BASE, NM_ATRIBUTO_BASE, QT_TAMANHO, QT_DECIMAIS, CD_DOMINIO, NR_SEQ_ITEM_XSD ) VALUES (
344251, 75036, 10, 'ideContri', NULL, 'S', 'S', NULL, NULL, 'apapandini',  TO_Date( '10/17/2018 04:29:31 ', 'MM/DD/YYYY HH:MI:SS ')
, 'apapandini',  TO_Date( '10/17/2018 04:29:31 ', 'MM/DD/YYYY HH:MI:SS '), 75033
, 'S', NULL, 'N', NULL, NULL, NULL, 'IDECONTRI', NULL, NULL, NULL, NULL, NULL, NULL
, NULL);
INSERT INTO XML_ATRIBUTO( NR_SEQUENCIA, NR_SEQ_ELEMENTO, NR_SEQ_APRESENTACAO, NM_ATRIBUTO_XML, NM_ATRIBUTO, IE_CRIAR_NULO, IE_OBRIGATORIO, IE_TIPO_ATRIBUTO, DS_MASCARA, NM_USUARIO_NREC, DT_ATUALIZACAO_NREC, NM_USUARIO, DT_ATUALIZACAO, NR_SEQ_ATRIB_ELEM, IE_CRIAR_ATRIBUTO, DS_CABECALHO, IE_CONTROLE_PB, IE_REMOVER_ESPACO_BRANCO, DS_NAMESPACE, NM_TABELA_DEF_BANCO, NM_ATRIBUTO_XML_PESQUISA, CD_EXP_OBSERVACAO, NM_TABELA_BASE, NM_ATRIBUTO_BASE, QT_TAMANHO, QT_DECIMAIS, CD_DOMINIO, NR_SEQ_ITEM_XSD ) VALUES (
344252, 75036, 50, 'infoExclusao', NULL, 'S', 'S', NULL, NULL, 'apapandini',  TO_Date( '10/17/2018 04:29:31 ', 'MM/DD/YYYY HH:MI:SS ')
, 'apapandini',  TO_Date( '10/17/2018 04:29:31 ', 'MM/DD/YYYY HH:MI:SS '), 75039
, 'S', NULL, 'N', NULL, NULL, NULL, 'INFOEXCLUSAO', NULL, NULL, NULL, NULL, NULL, NULL
, NULL);
INSERT INTO XML_ATRIBUTO( NR_SEQUENCIA, NR_SEQ_ELEMENTO, NR_SEQ_APRESENTACAO, NM_ATRIBUTO_XML, NM_ATRIBUTO, IE_CRIAR_NULO, IE_OBRIGATORIO, IE_TIPO_ATRIBUTO, DS_MASCARA, NM_USUARIO_NREC, DT_ATUALIZACAO_NREC, NM_USUARIO, DT_ATUALIZACAO, NR_SEQ_ATRIB_ELEM, IE_CRIAR_ATRIBUTO, DS_CABECALHO, IE_CONTROLE_PB, IE_REMOVER_ESPACO_BRANCO, DS_NAMESPACE, NM_TABELA_DEF_BANCO, NM_ATRIBUTO_XML_PESQUISA, CD_EXP_OBSERVACAO, NM_TABELA_BASE, NM_ATRIBUTO_BASE, QT_TAMANHO, QT_DECIMAIS, CD_DOMINIO, NR_SEQ_ITEM_XSD ) VALUES (
344253, 75037, 7, 'tpAmb', 'tpAmb', 'S', 'S', 'VARCHAR2', NULL, 'apapandini',  TO_Date( '10/17/2018 04:29:31 ', 'MM/DD/YYYY HH:MI:SS ')
, 'apapandini',  TO_Date( '10/17/2018 04:29:31 ', 'MM/DD/YYYY HH:MI:SS '), NULL
, 'S', NULL, 'N', NULL, NULL, NULL, 'TPAMB', NULL, NULL, NULL, NULL, NULL, NULL, NULL);
INSERT INTO XML_ATRIBUTO( NR_SEQUENCIA, NR_SEQ_ELEMENTO, NR_SEQ_APRESENTACAO, NM_ATRIBUTO_XML, NM_ATRIBUTO, IE_CRIAR_NULO, IE_OBRIGATORIO, IE_TIPO_ATRIBUTO, DS_MASCARA, NM_USUARIO_NREC, DT_ATUALIZACAO_NREC, NM_USUARIO, DT_ATUALIZACAO, NR_SEQ_ATRIB_ELEM, IE_CRIAR_ATRIBUTO, DS_CABECALHO, IE_CONTROLE_PB, IE_REMOVER_ESPACO_BRANCO, DS_NAMESPACE, NM_TABELA_DEF_BANCO, NM_ATRIBUTO_XML_PESQUISA, CD_EXP_OBSERVACAO, NM_TABELA_BASE, NM_ATRIBUTO_BASE, QT_TAMANHO, QT_DECIMAIS, CD_DOMINIO, NR_SEQ_ITEM_XSD ) VALUES (
344254, 75037, 8, 'procEmi', 'procEmi', 'S', 'S', 'VARCHAR2', NULL, 'apapandini',  TO_Date( '10/17/2018 04:29:31 ', 'MM/DD/YYYY HH:MI:SS ')
, 'apapandini',  TO_Date( '10/17/2018 04:29:31 ', 'MM/DD/YYYY HH:MI:SS '), NULL
, 'S', NULL, 'N', NULL, NULL, NULL, 'PROCEMI', NULL, NULL, NULL, NULL, NULL, NULL
, NULL);
INSERT INTO XML_ATRIBUTO( NR_SEQUENCIA, NR_SEQ_ELEMENTO, NR_SEQ_APRESENTACAO, NM_ATRIBUTO_XML, NM_ATRIBUTO, IE_CRIAR_NULO, IE_OBRIGATORIO, IE_TIPO_ATRIBUTO, DS_MASCARA, NM_USUARIO_NREC, DT_ATUALIZACAO_NREC, NM_USUARIO, DT_ATUALIZACAO, NR_SEQ_ATRIB_ELEM, IE_CRIAR_ATRIBUTO, DS_CABECALHO, IE_CONTROLE_PB, IE_REMOVER_ESPACO_BRANCO, DS_NAMESPACE, NM_TABELA_DEF_BANCO, NM_ATRIBUTO_XML_PESQUISA, CD_EXP_OBSERVACAO, NM_TABELA_BASE, NM_ATRIBUTO_BASE, QT_TAMANHO, QT_DECIMAIS, CD_DOMINIO, NR_SEQ_ITEM_XSD ) VALUES (
344255, 75037, 9, 'verProc', 'verProc', 'S', 'S', 'VARCHAR2', NULL, 'apapandini',  TO_Date( '10/17/2018 04:29:31 ', 'MM/DD/YYYY HH:MI:SS ')
, 'apapandini',  TO_Date( '10/17/2018 04:29:31 ', 'MM/DD/YYYY HH:MI:SS '), NULL
, 'S', NULL, 'N', NULL, NULL, NULL, 'VERPROC', NULL, NULL, NULL, NULL, NULL, NULL
, NULL);
INSERT INTO XML_ATRIBUTO( NR_SEQUENCIA, NR_SEQ_ELEMENTO, NR_SEQ_APRESENTACAO, NM_ATRIBUTO_XML, NM_ATRIBUTO, IE_CRIAR_NULO, IE_OBRIGATORIO, IE_TIPO_ATRIBUTO, DS_MASCARA, NM_USUARIO_NREC, DT_ATUALIZACAO_NREC, NM_USUARIO, DT_ATUALIZACAO, NR_SEQ_ATRIB_ELEM, IE_CRIAR_ATRIBUTO, DS_CABECALHO, IE_CONTROLE_PB, IE_REMOVER_ESPACO_BRANCO, DS_NAMESPACE, NM_TABELA_DEF_BANCO, NM_ATRIBUTO_XML_PESQUISA, CD_EXP_OBSERVACAO, NM_TABELA_BASE, NM_ATRIBUTO_BASE, QT_TAMANHO, QT_DECIMAIS, CD_DOMINIO, NR_SEQ_ITEM_XSD ) VALUES (
344256, 75038, 2, 'loteEventos', NULL, 'S', 'S', NULL, NULL, 'apapandini',  TO_Date( '10/17/2018 04:29:31 ', 'MM/DD/YYYY HH:MI:SS ')
, 'apapandini',  TO_Date( '10/17/2018 04:29:31 ', 'MM/DD/YYYY HH:MI:SS '), 75032
, 'S', NULL, 'N', NULL, NULL, NULL, 'LOTEEVENTOS', NULL, NULL, NULL, NULL, NULL, NULL
, NULL);
INSERT INTO XML_ATRIBUTO( NR_SEQUENCIA, NR_SEQ_ELEMENTO, NR_SEQ_APRESENTACAO, NM_ATRIBUTO_XML, NM_ATRIBUTO, IE_CRIAR_NULO, IE_OBRIGATORIO, IE_TIPO_ATRIBUTO, DS_MASCARA, NM_USUARIO_NREC, DT_ATUALIZACAO_NREC, NM_USUARIO, DT_ATUALIZACAO, NR_SEQ_ATRIB_ELEM, IE_CRIAR_ATRIBUTO, DS_CABECALHO, IE_CONTROLE_PB, IE_REMOVER_ESPACO_BRANCO, DS_NAMESPACE, NM_TABELA_DEF_BANCO, NM_ATRIBUTO_XML_PESQUISA, CD_EXP_OBSERVACAO, NM_TABELA_BASE, NM_ATRIBUTO_BASE, QT_TAMANHO, QT_DECIMAIS, CD_DOMINIO, NR_SEQ_ITEM_XSD ) VALUES (
344257, 75039, 60, 'tpEvento', 'tpEvento', 'S', 'S', 'VARCHAR2', NULL, 'apapandini'
,  TO_Date( '10/17/2018 04:29:31 ', 'MM/DD/YYYY HH:MI:SS '), 'apapandini',  TO_Date( '10/17/2018 04:29:31 ', 'MM/DD/YYYY HH:MI:SS ')
, NULL, 'S', NULL, 'N', NULL, NULL, NULL, 'TPEVENTO', NULL, NULL, NULL, NULL, NULL
, NULL, NULL);
INSERT INTO XML_ATRIBUTO( NR_SEQUENCIA, NR_SEQ_ELEMENTO, NR_SEQ_APRESENTACAO, NM_ATRIBUTO_XML, NM_ATRIBUTO, IE_CRIAR_NULO, IE_OBRIGATORIO, IE_TIPO_ATRIBUTO, DS_MASCARA, NM_USUARIO_NREC, DT_ATUALIZACAO_NREC, NM_USUARIO, DT_ATUALIZACAO, NR_SEQ_ATRIB_ELEM, IE_CRIAR_ATRIBUTO, DS_CABECALHO, IE_CONTROLE_PB, IE_REMOVER_ESPACO_BRANCO, DS_NAMESPACE, NM_TABELA_DEF_BANCO, NM_ATRIBUTO_XML_PESQUISA, CD_EXP_OBSERVACAO, NM_TABELA_BASE, NM_ATRIBUTO_BASE, QT_TAMANHO, QT_DECIMAIS, CD_DOMINIO, NR_SEQ_ITEM_XSD ) VALUES (
344258, 75039, 61, 'nrRecEvt', 'nrRecEvt', 'S', 'S', 'NUMBER', NULL, 'apapandini'
,  TO_Date( '10/17/2018 04:29:31 ', 'MM/DD/YYYY HH:MI:SS '), 'apapandini',  TO_Date( '10/17/2018 04:29:31 ', 'MM/DD/YYYY HH:MI:SS ')
, NULL, 'S', NULL, 'N', NULL, NULL, NULL, 'NRRECEVT', NULL, NULL, NULL, NULL, NULL
, NULL, NULL);
INSERT INTO XML_ATRIBUTO( NR_SEQUENCIA, NR_SEQ_ELEMENTO, NR_SEQ_APRESENTACAO, NM_ATRIBUTO_XML, NM_ATRIBUTO, IE_CRIAR_NULO, IE_OBRIGATORIO, IE_TIPO_ATRIBUTO, DS_MASCARA, NM_USUARIO_NREC, DT_ATUALIZACAO_NREC, NM_USUARIO, DT_ATUALIZACAO, NR_SEQ_ATRIB_ELEM, IE_CRIAR_ATRIBUTO, DS_CABECALHO, IE_CONTROLE_PB, IE_REMOVER_ESPACO_BRANCO, DS_NAMESPACE, NM_TABELA_DEF_BANCO, NM_ATRIBUTO_XML_PESQUISA, CD_EXP_OBSERVACAO, NM_TABELA_BASE, NM_ATRIBUTO_BASE, QT_TAMANHO, QT_DECIMAIS, CD_DOMINIO, NR_SEQ_ITEM_XSD ) VALUES (
344259, 75039, 62, 'perApur', 'perApur', 'S', 'S', 'VARCHAR2', NULL, 'apapandini'
,  TO_Date( '10/17/2018 04:29:31 ', 'MM/DD/YYYY HH:MI:SS '), 'apapandini',  TO_Date( '10/17/2018 04:29:31 ', 'MM/DD/YYYY HH:MI:SS ')
, NULL, 'S', NULL, 'N', NULL, NULL, NULL, 'PERAPUR', NULL, NULL, NULL, NULL, NULL
, NULL, NULL);

--	FIM XML 102457
commit;


end;
$body$
LANGUAGE PLPGSQL
SECURITY DEFINER
;
-- REVOKE ALL ON PROCEDURE fis_gerar_xml_reinf_1_4_00 () FROM PUBLIC;

