-- Generated by Ora2Pg, the Oracle database Schema converter, version 23.1
-- Copyright 2000-2022 Gilles DAROLD. All rights reserved.
-- DATASOURCE: dbi:Oracle:host=srv-dbora-03.whebdc.com.br;service_name=DEV_1815;port=1521

SET client_encoding TO 'UTF8';





CREATE OR REPLACE PROCEDURE pfcs_generate_15_gl ( nr_seq_indicator_p bigint) AS $body$
DECLARE


pfcs_panel_seq_w		pfcs_panel.nr_sequencia%type;
cd_estabelecimento_w		bigint;
nm_usuario_p			varchar(20);


BEGIN

DELETE FROM pfcs_detail_bed_request WHERE NR_SEQ_DETAIL in (27005,27006,27007,27008, 27000,27001,27002,27003,27004,27011,27012,27013,27014,27015,27019,27020,27021,27022,27023,27024,27025,27030,27031,27032,27033,27034,27035,27036,27037);
DELETE FROM pfcs_detail_patient WHERE NR_SEQ_DETAIL in (27005,27006,27007,27008, 27000,27001,27002,27003,27004,27011,27012,27013,27014,27015,27019,27020,27021,27022,27023,27024,27025,27030,27031,27032,27033,27034,27035,27036,27037);
DELETE FROM pfcs_panel_detail WHERE NR_SEQUENCIA in (27005,27006,27007,27008, 27000,27001,27002,27003,27004,27011,27012,27013,27014,27015,27019,27020,27021,27022,27023,27024,27025,27030,27031,27032,27033,27034,27035,27036,27037);
DELETE FROM PFCS_PANEL WHERE NR_SEQ_INDICATOR = nr_seq_indicator_p;

nm_usuario_p := 'asimovbr';
cd_estabelecimento_w	:= pfcs_get_structure_level(cd_establishment_p => 1, ie_level_p => 'O', ie_info_p => 'C');

-------------------------------------------------- pfcs_panel_detail --------------------------------------------------
/* INSERT QUERY NO: 6 */

INSERT INTO pfcs_panel_detail(NR_SEQUENCIA, NM_USUARIO, DT_ATUALIZACAO, NM_USUARIO_NREC, DT_ATUALIZACAO_NREC, IE_SITUATION, NR_SEQ_INDICATOR, NR_SEQ_OPERATIONAL_LEVEL)
VALUES (
27005, nm_usuario_p, clock_timestamp(), nm_usuario_p, clock_timestamp(), 'T', 32, cd_estabelecimento_w
);

/* INSERT QUERY NO: 7 */

INSERT INTO pfcs_panel_detail(NR_SEQUENCIA, NM_USUARIO, DT_ATUALIZACAO, NM_USUARIO_NREC, DT_ATUALIZACAO_NREC, IE_SITUATION, NR_SEQ_INDICATOR, NR_SEQ_OPERATIONAL_LEVEL)
VALUES (
27006, nm_usuario_p, clock_timestamp(), nm_usuario_p, clock_timestamp(), 'T', 32, cd_estabelecimento_w
);

-------------------------------------------------- pfcs_detail_patient ------------------------------------------------		
/* INSERT QUERY NO: 6 */

INSERT INTO pfcs_detail_patient(NR_SEQUENCIA, NM_USUARIO, DT_ATUALIZACAO, NM_USUARIO_NREC, DT_ATUALIZACAO_NREC, NR_SEQ_DETAIL, ID_PATIENT, NM_PATIENT, NR_ENCOUNTER, DT_ENTRANCE, DS_GENDER, DS_CLASSIFICATION, DT_BIRTHDATE)
VALUES
(
nextval('pfcs_detail_patient_seq'), nm_usuario_p, clock_timestamp(), nm_usuario_p, clock_timestamp(), 27005, 5171953, 'LUCIANO, ADEILTON', 34565, (clock_timestamp() - (1161/24/60)), 'Male', 'VIP', TO_DATE('11/01/2010 00:00:00', 'DD/MM/YYYY HH24:MI:SS')
);

/* INSERT QUERY NO: 7 */

INSERT INTO pfcs_detail_patient(NR_SEQUENCIA, NM_USUARIO, DT_ATUALIZACAO, NM_USUARIO_NREC, DT_ATUALIZACAO_NREC, NR_SEQ_DETAIL, ID_PATIENT, NM_PATIENT, NR_ENCOUNTER, DT_ENTRANCE, DS_GENDER, DS_CLASSIFICATION, DT_BIRTHDATE)
VALUES
(
nextval('pfcs_detail_patient_seq'), nm_usuario_p, clock_timestamp(), nm_usuario_p, clock_timestamp(), 27006, 2607567, 'PETRULLI, BRUNO', 34566, (clock_timestamp() - (1167/24/60)), 'Male', 'ACO Groups', TO_DATE('25/11/1979 00:00:00', 'DD/MM/YYYY HH24:MI:SS')
);

-------------------------------------------------- pfcs_detail_bed_request --------------------------------------------		
/* INSERT QUERY NO: 6 */

INSERT INTO pfcs_detail_bed_request(NR_SEQUENCIA, NM_USUARIO, DT_ATUALIZACAO, NM_USUARIO_NREC, DT_ATUALIZACAO_NREC, NR_SEQ_DETAIL, DT_TIME_REQUEST, DS_STATUS, DS_TYPE)
VALUES (
nextval('pfcs_detail_bed_request_seq'), nm_usuario_p, clock_timestamp(), nm_usuario_p, clock_timestamp(), 27005, TO_DATE(clock_timestamp(), 'DD/MM/YYYY')-1, 'Denied', 'Surgical'
);

/* INSERT QUERY NO: 7 */

INSERT INTO pfcs_detail_bed_request(NR_SEQUENCIA, NM_USUARIO, DT_ATUALIZACAO, NM_USUARIO_NREC, DT_ATUALIZACAO_NREC, NR_SEQ_DETAIL, DT_TIME_REQUEST, DS_STATUS, DS_TYPE)
VALUES (
nextval('pfcs_detail_bed_request_seq'), nm_usuario_p, clock_timestamp(), nm_usuario_p, clock_timestamp(), 27006, TO_DATE(clock_timestamp(), 'DD/MM/YYYY')-1, 'Denied', 'Surgical'
);

 := pfcs_pck.pfcs_generate_results(
		vl_indicator_p => 2, vl_indicator_aux_p => -1, ds_reference_value_p => 'R', nr_seq_indicator_p => nr_seq_indicator_p, nr_seq_operational_level_p => cd_estabelecimento_w, nm_usuario_p => nm_usuario_p, nr_seq_panel_p => pfcs_panel_seq_w);

CALL pfcs_pck.pfcs_update_detail(
		nr_seq_indicator_p => nr_seq_indicator_p,
		nr_seq_panel_p => pfcs_panel_seq_w,
		nr_seq_operational_level_p => cd_estabelecimento_w,
		nm_usuario_p => nm_usuario_p);

-------------------------------------------------- pfcs_panel_detail --------------------------------------------------
/* INSERT QUERY NO: 8 */

INSERT INTO pfcs_panel_detail(NR_SEQUENCIA, NM_USUARIO, DT_ATUALIZACAO, NM_USUARIO_NREC, DT_ATUALIZACAO_NREC, IE_SITUATION, NR_SEQ_INDICATOR, NR_SEQ_OPERATIONAL_LEVEL)
VALUES (
27007, nm_usuario_p, clock_timestamp(), nm_usuario_p, clock_timestamp(), 'T', 32, cd_estabelecimento_w
);

/* INSERT QUERY NO: 9 */

INSERT INTO pfcs_panel_detail(NR_SEQUENCIA, NM_USUARIO, DT_ATUALIZACAO, NM_USUARIO_NREC, DT_ATUALIZACAO_NREC, IE_SITUATION, NR_SEQ_INDICATOR, NR_SEQ_OPERATIONAL_LEVEL)
VALUES (
27008, nm_usuario_p, clock_timestamp(), nm_usuario_p, clock_timestamp(), 'T', 32, cd_estabelecimento_w
);

-------------------------------------------------- pfcs_detail_patient ------------------------------------------------		
/* INSERT QUERY NO: 8 */

INSERT INTO pfcs_detail_patient(NR_SEQUENCIA, NM_USUARIO, DT_ATUALIZACAO, NM_USUARIO_NREC, DT_ATUALIZACAO_NREC, NR_SEQ_DETAIL, ID_PATIENT, NM_PATIENT, NR_ENCOUNTER, DT_ENTRANCE, DS_GENDER, DS_CLASSIFICATION, DT_BIRTHDATE)
VALUES
(
nextval('pfcs_detail_patient_seq'), nm_usuario_p, clock_timestamp(), nm_usuario_p, clock_timestamp(), 27007, 5499320, 'AMANCIO, AMANDA', 34567, (clock_timestamp() - (1163/24/60)), 'Female', 'ACO Groups', TO_DATE('08/11/1983 00:00:00', 'DD/MM/YYYY HH24:MI:SS')
);

/* INSERT QUERY NO: 9 */

INSERT INTO pfcs_detail_patient(NR_SEQUENCIA, NM_USUARIO, DT_ATUALIZACAO, NM_USUARIO_NREC, DT_ATUALIZACAO_NREC, NR_SEQ_DETAIL, ID_PATIENT, NM_PATIENT, NR_ENCOUNTER, DT_ENTRANCE, DS_GENDER, DS_CLASSIFICATION, DT_BIRTHDATE)
VALUES
(
nextval('pfcs_detail_patient_seq'), nm_usuario_p, clock_timestamp(), nm_usuario_p, clock_timestamp(), 27008, 4992027, 'CORREA, ANA', 34568, (clock_timestamp() - (1164/24/60)), 'Female', 'ACO Groups', TO_DATE('03/05/1974 00:00:00', 'DD/MM/YYYY HH24:MI:SS')
);
		
 := pfcs_pck.pfcs_generate_results(
		vl_indicator_p => 2, vl_indicator_aux_p => -1, ds_reference_value_p => 'D', nr_seq_indicator_p => nr_seq_indicator_p, nr_seq_operational_level_p => cd_estabelecimento_w, nm_usuario_p => nm_usuario_p, nr_seq_panel_p => pfcs_panel_seq_w);

CALL pfcs_pck.pfcs_update_detail(
		nr_seq_indicator_p => nr_seq_indicator_p,
		nr_seq_panel_p => pfcs_panel_seq_w,
		nr_seq_operational_level_p => cd_estabelecimento_w,
		nm_usuario_p => nm_usuario_p);	

-------------------------------------------------- pfcs_panel_detail --------------------------------------------------
/* INSERT QUERY NO: 1 */

INSERT INTO pfcs_panel_detail(NR_SEQUENCIA, NM_USUARIO, DT_ATUALIZACAO, NM_USUARIO_NREC, DT_ATUALIZACAO_NREC, IE_SITUATION, NR_SEQ_INDICATOR, NR_SEQ_OPERATIONAL_LEVEL)
VALUES (
27000, nm_usuario_p, clock_timestamp(), nm_usuario_p, clock_timestamp(), 'T', 32, cd_estabelecimento_w
);

/* INSERT QUERY NO: 2 */

INSERT INTO pfcs_panel_detail(NR_SEQUENCIA, NM_USUARIO, DT_ATUALIZACAO, NM_USUARIO_NREC, DT_ATUALIZACAO_NREC, IE_SITUATION, NR_SEQ_INDICATOR, NR_SEQ_OPERATIONAL_LEVEL)
VALUES (
27001, nm_usuario_p, clock_timestamp(), nm_usuario_p, clock_timestamp(), 'T', 32, cd_estabelecimento_w
);

-------------------------------------------------- pfcs_detail_patient ------------------------------------------------		
/* INSERT QUERY NO: 1 */

INSERT INTO pfcs_detail_patient(NR_SEQUENCIA, NM_USUARIO, DT_ATUALIZACAO, NM_USUARIO_NREC, DT_ATUALIZACAO_NREC, NR_SEQ_DETAIL, ID_PATIENT, NM_PATIENT, NR_ENCOUNTER, DT_ENTRANCE, DS_GENDER, DS_CLASSIFICATION, DT_BIRTHDATE)
VALUES
(
nextval('pfcs_detail_patient_seq'), nm_usuario_p, clock_timestamp(), nm_usuario_p, clock_timestamp(), 27000, 2338102, 'LOPES, PATRICIA', 34560, (clock_timestamp() - (1162/24/60)), 'Female', 'VIP', TO_DATE('11/11/1947 00:00:00', 'DD/MM/YYYY HH24:MI:SS')
);

/* INSERT QUERY NO: 2 */

INSERT INTO pfcs_detail_patient(NR_SEQUENCIA, NM_USUARIO, DT_ATUALIZACAO, NM_USUARIO_NREC, DT_ATUALIZACAO_NREC, NR_SEQ_DETAIL, ID_PATIENT, NM_PATIENT, NR_ENCOUNTER, DT_ENTRANCE, DS_GENDER, DS_CLASSIFICATION, DT_BIRTHDATE)
VALUES
(
nextval('pfcs_detail_patient_seq'), nm_usuario_p, clock_timestamp(), nm_usuario_p, clock_timestamp(), 27001, 4968977, 'SILVA, ADRIANA', 34561, (clock_timestamp() - (1165/24/60)), 'Female', 'ACO Groups', TO_DATE('04/01/1965 00:00:00', 'DD/MM/YYYY HH24:MI:SS')
);

-------------------------------------------------- pfcs_detail_bed_request --------------------------------------------
/* INSERT QUERY NO: 1 */

INSERT INTO pfcs_detail_bed_request(NR_SEQUENCIA, NM_USUARIO, DT_ATUALIZACAO, NM_USUARIO_NREC, DT_ATUALIZACAO_NREC, NR_SEQ_DETAIL, DT_TIME_REQUEST, DS_STATUS, DS_TYPE)
VALUES (
nextval('pfcs_detail_bed_request_seq'), nm_usuario_p, clock_timestamp(), nm_usuario_p, clock_timestamp(), 27000, clock_timestamp(), 'Denied', 'Oncology'
);

/* INSERT QUERY NO: 2 */

INSERT INTO pfcs_detail_bed_request(NR_SEQUENCIA, NM_USUARIO, DT_ATUALIZACAO, NM_USUARIO_NREC, DT_ATUALIZACAO_NREC, NR_SEQ_DETAIL, DT_TIME_REQUEST, DS_STATUS, DS_TYPE)
VALUES (
nextval('pfcs_detail_bed_request_seq'), nm_usuario_p, clock_timestamp(), nm_usuario_p, clock_timestamp(), 27001, clock_timestamp(), 'Denied', 'Oncology'
);

 := pfcs_pck.pfcs_generate_results(
		vl_indicator_p => 2, vl_indicator_aux_p => 0, ds_reference_value_p => 'R', nr_seq_indicator_p => nr_seq_indicator_p, nr_seq_operational_level_p => cd_estabelecimento_w, nm_usuario_p => nm_usuario_p, nr_seq_panel_p => pfcs_panel_seq_w);

CALL pfcs_pck.pfcs_update_detail(
		nr_seq_indicator_p => nr_seq_indicator_p,
		nr_seq_panel_p => pfcs_panel_seq_w,
		nr_seq_operational_level_p => cd_estabelecimento_w,
		nm_usuario_p => nm_usuario_p);

-------------------------------------------------- pfcs_panel_detail --------------------------------------------------
/* INSERT QUERY NO: 3 */

INSERT INTO pfcs_panel_detail(NR_SEQUENCIA, NM_USUARIO, DT_ATUALIZACAO, NM_USUARIO_NREC, DT_ATUALIZACAO_NREC, IE_SITUATION, NR_SEQ_INDICATOR, NR_SEQ_OPERATIONAL_LEVEL)
VALUES (
27002, nm_usuario_p, clock_timestamp(), nm_usuario_p, clock_timestamp(), 'T', 32, cd_estabelecimento_w
);

/* INSERT QUERY NO: 4 */

INSERT INTO pfcs_panel_detail(NR_SEQUENCIA, NM_USUARIO, DT_ATUALIZACAO, NM_USUARIO_NREC, DT_ATUALIZACAO_NREC, IE_SITUATION, NR_SEQ_INDICATOR, NR_SEQ_OPERATIONAL_LEVEL)
VALUES (
27003, nm_usuario_p, clock_timestamp(), nm_usuario_p, clock_timestamp(), 'T', 32, cd_estabelecimento_w
);

/* INSERT QUERY NO: 5 */

INSERT INTO pfcs_panel_detail(NR_SEQUENCIA, NM_USUARIO, DT_ATUALIZACAO, NM_USUARIO_NREC, DT_ATUALIZACAO_NREC, IE_SITUATION, NR_SEQ_INDICATOR, NR_SEQ_OPERATIONAL_LEVEL)
VALUES (
27004, nm_usuario_p, clock_timestamp(), nm_usuario_p, clock_timestamp(), 'T', 32, cd_estabelecimento_w
);

-------------------------------------------------- pfcs_detail_patient ------------------------------------------------		
/* INSERT QUERY NO: 3 */

INSERT INTO pfcs_detail_patient(NR_SEQUENCIA, NM_USUARIO, DT_ATUALIZACAO, NM_USUARIO_NREC, DT_ATUALIZACAO_NREC, NR_SEQ_DETAIL, ID_PATIENT, NM_PATIENT, NR_ENCOUNTER, DT_ENTRANCE, DS_GENDER, DS_CLASSIFICATION, DT_BIRTHDATE)
VALUES
(
nextval('pfcs_detail_patient_seq'), nm_usuario_p, clock_timestamp(), nm_usuario_p, clock_timestamp(), 27002, 5475015, 'BOCALARI, ABEL', 34562, (clock_timestamp() - (1166/24/60)), 'Male', 'VIP', TO_DATE('23/10/1956 00:00:00', 'DD/MM/YYYY HH24:MI:SS')
);

/* INSERT QUERY NO: 4 */

INSERT INTO pfcs_detail_patient(NR_SEQUENCIA, NM_USUARIO, DT_ATUALIZACAO, NM_USUARIO_NREC, DT_ATUALIZACAO_NREC, NR_SEQ_DETAIL, ID_PATIENT, NM_PATIENT, NR_ENCOUNTER, DT_ENTRANCE, DS_GENDER, DS_CLASSIFICATION, DT_BIRTHDATE)
VALUES
(
nextval('pfcs_detail_patient_seq'), nm_usuario_p, clock_timestamp(), nm_usuario_p, clock_timestamp(), 27003, 5450808, 'RAIMUNDO, ALAN', 34563, (clock_timestamp() - (1169/24/60)), 'Male', 'VIP', TO_DATE('14/03/1984 00:00:00', 'DD/MM/YYYY HH24:MI:SS')
);

/* INSERT QUERY NO: 5 */

INSERT INTO pfcs_detail_patient(NR_SEQUENCIA, NM_USUARIO, DT_ATUALIZACAO, NM_USUARIO_NREC, DT_ATUALIZACAO_NREC, NR_SEQ_DETAIL, ID_PATIENT, NM_PATIENT, NR_ENCOUNTER, DT_ENTRANCE, DS_GENDER, DS_CLASSIFICATION, DT_BIRTHDATE)
VALUES
(
nextval('pfcs_detail_patient_seq'), nm_usuario_p, clock_timestamp(), nm_usuario_p, clock_timestamp(), 27004, 1015595526, 'HOUSE, Gregory', 34564, (clock_timestamp() - (1162/24/60)), 'Male', 'VIP', TO_DATE('03/03/1986 00:00:00', 'DD/MM/YYYY HH24:MI:SS')
);

 := pfcs_pck.pfcs_generate_results(
		vl_indicator_p => 3, vl_indicator_aux_p => 0, ds_reference_value_p => 'D', nr_seq_indicator_p => nr_seq_indicator_p, nr_seq_operational_level_p => cd_estabelecimento_w, nm_usuario_p => nm_usuario_p, nr_seq_panel_p => pfcs_panel_seq_w);

CALL pfcs_pck.pfcs_update_detail(
		nr_seq_indicator_p => nr_seq_indicator_p,
		nr_seq_panel_p => pfcs_panel_seq_w,
		nr_seq_operational_level_p => cd_estabelecimento_w,
		nm_usuario_p => nm_usuario_p);

 := pfcs_pck.pfcs_generate_results(
		vl_indicator_p => 0, vl_indicator_aux_p => 1, ds_reference_value_p => 'R', nr_seq_indicator_p => nr_seq_indicator_p, nr_seq_operational_level_p => cd_estabelecimento_w, nm_usuario_p => nm_usuario_p, nr_seq_panel_p => pfcs_panel_seq_w);

CALL pfcs_pck.pfcs_update_detail(
		nr_seq_indicator_p => nr_seq_indicator_p,
		nr_seq_panel_p => pfcs_panel_seq_w,
		nr_seq_operational_level_p => cd_estabelecimento_w,
		nm_usuario_p => nm_usuario_p);
		
 := pfcs_pck.pfcs_generate_results(
		vl_indicator_p => 0, vl_indicator_aux_p => 1, ds_reference_value_p => 'D', nr_seq_indicator_p => nr_seq_indicator_p, nr_seq_operational_level_p => cd_estabelecimento_w, nm_usuario_p => nm_usuario_p, nr_seq_panel_p => pfcs_panel_seq_w);

CALL pfcs_pck.pfcs_update_detail(
		nr_seq_indicator_p => nr_seq_indicator_p,
		nr_seq_panel_p => pfcs_panel_seq_w,
		nr_seq_operational_level_p => cd_estabelecimento_w,
		nm_usuario_p => nm_usuario_p);


-------------------------------------------------- pfcs_panel_detail --------------------------------------------------
/* INSERT QUERY NO: 12 */

INSERT INTO pfcs_panel_detail(NR_SEQUENCIA, NM_USUARIO, DT_ATUALIZACAO, NM_USUARIO_NREC, DT_ATUALIZACAO_NREC, IE_SITUATION, NR_SEQ_INDICATOR, NR_SEQ_OPERATIONAL_LEVEL)
VALUES (
27011, nm_usuario_p, clock_timestamp(), nm_usuario_p, clock_timestamp(), 'T', 32, cd_estabelecimento_w
);

/* INSERT QUERY NO: 13 */

INSERT INTO pfcs_panel_detail(NR_SEQUENCIA, NM_USUARIO, DT_ATUALIZACAO, NM_USUARIO_NREC, DT_ATUALIZACAO_NREC, IE_SITUATION, NR_SEQ_INDICATOR, NR_SEQ_OPERATIONAL_LEVEL)
VALUES (
27012, nm_usuario_p, clock_timestamp(), nm_usuario_p, clock_timestamp(), 'T', 32, cd_estabelecimento_w
);

/* INSERT QUERY NO: 14 */

INSERT INTO pfcs_panel_detail(NR_SEQUENCIA, NM_USUARIO, DT_ATUALIZACAO, NM_USUARIO_NREC, DT_ATUALIZACAO_NREC, IE_SITUATION, NR_SEQ_INDICATOR, NR_SEQ_OPERATIONAL_LEVEL)
VALUES (
27013, nm_usuario_p, clock_timestamp(), nm_usuario_p, clock_timestamp(), 'T', 32, cd_estabelecimento_w
);

-------------------------------------------------- pfcs_detail_patient ------------------------------------------------		
/* INSERT QUERY NO: 12 */

INSERT INTO pfcs_detail_patient(NR_SEQUENCIA, NM_USUARIO, DT_ATUALIZACAO, NM_USUARIO_NREC, DT_ATUALIZACAO_NREC, NR_SEQ_DETAIL, ID_PATIENT, NM_PATIENT, NR_ENCOUNTER, DT_ENTRANCE, DS_GENDER, DS_CLASSIFICATION, DT_BIRTHDATE)
VALUES
(
nextval('pfcs_detail_patient_seq'), nm_usuario_p, clock_timestamp(), nm_usuario_p, clock_timestamp(), 27011, 2275867, 'MAIESKI, Cláudia', 34571, (clock_timestamp() - (1169/24/60)), 'Female', 'VIP', TO_DATE('06/06/1982 00:00:00', 'DD/MM/YYYY HH24:MI:SS')
);

/* INSERT QUERY NO: 13 */

INSERT INTO pfcs_detail_patient(NR_SEQUENCIA, NM_USUARIO, DT_ATUALIZACAO, NM_USUARIO_NREC, DT_ATUALIZACAO_NREC, NR_SEQ_DETAIL, ID_PATIENT, NM_PATIENT, NR_ENCOUNTER, DT_ENTRANCE, DS_GENDER, DS_CLASSIFICATION, DT_BIRTHDATE)
VALUES
(
nextval('pfcs_detail_patient_seq'), nm_usuario_p, clock_timestamp(), nm_usuario_p, clock_timestamp(), 27012, 5005821, 'RAMOS, Claudio', 34572, (clock_timestamp() - (1174/24/60)), 'Male', 'VIP', TO_DATE('08/06/1972 00:00:00', 'DD/MM/YYYY HH24:MI:SS')
);

/* INSERT QUERY NO: 14 */

INSERT INTO pfcs_detail_patient(NR_SEQUENCIA, NM_USUARIO, DT_ATUALIZACAO, NM_USUARIO_NREC, DT_ATUALIZACAO_NREC, NR_SEQ_DETAIL, ID_PATIENT, NM_PATIENT, NR_ENCOUNTER, DT_ENTRANCE, DS_GENDER, DS_CLASSIFICATION, DT_BIRTHDATE)
VALUES
(
nextval('pfcs_detail_patient_seq'), nm_usuario_p, clock_timestamp(), nm_usuario_p, clock_timestamp(), 27013, 203319, 'COELHO, Adriana', 34573, (clock_timestamp() - (1178/24/60)), 'Female', 'VIP', TO_DATE('01/10/1985 00:00:00', 'DD/MM/YYYY HH24:MI:SS')
);

-------------------------------------------------- pfcs_detail_bed_request --------------------------------------------		
/* INSERT QUERY NO: 12 */

INSERT INTO pfcs_detail_bed_request(NR_SEQUENCIA, NM_USUARIO, DT_ATUALIZACAO, NM_USUARIO_NREC, DT_ATUALIZACAO_NREC, NR_SEQ_DETAIL, DT_TIME_REQUEST, DS_STATUS, DS_TYPE)
VALUES (
nextval('pfcs_detail_bed_request_seq'), nm_usuario_p, clock_timestamp(), nm_usuario_p, clock_timestamp(), 27011, TO_DATE(clock_timestamp(), 'DD/MM/YYYY')+2, 'Denied', 'Clinic'
);

/* INSERT QUERY NO: 13 */

INSERT INTO pfcs_detail_bed_request(NR_SEQUENCIA, NM_USUARIO, DT_ATUALIZACAO, NM_USUARIO_NREC, DT_ATUALIZACAO_NREC, NR_SEQ_DETAIL, DT_TIME_REQUEST, DS_STATUS, DS_TYPE)
VALUES (
nextval('pfcs_detail_bed_request_seq'), nm_usuario_p, clock_timestamp(), nm_usuario_p, clock_timestamp(), 27012, TO_DATE(clock_timestamp(), 'DD/MM/YYYY')+2, 'Denied', 'Clinic'
);

/* INSERT QUERY NO: 14 */

INSERT INTO pfcs_detail_bed_request(NR_SEQUENCIA, NM_USUARIO, DT_ATUALIZACAO, NM_USUARIO_NREC, DT_ATUALIZACAO_NREC, NR_SEQ_DETAIL, DT_TIME_REQUEST, DS_STATUS, DS_TYPE)
VALUES (
nextval('pfcs_detail_bed_request_seq'), nm_usuario_p, clock_timestamp(), nm_usuario_p, clock_timestamp(), 27013, TO_DATE(clock_timestamp(), 'DD/MM/YYYY')+2, 'Denied', 'Clinic'
);

 := pfcs_pck.pfcs_generate_results(
		vl_indicator_p => 3, vl_indicator_aux_p => 2, ds_reference_value_p => 'R', nr_seq_indicator_p => nr_seq_indicator_p, nr_seq_operational_level_p => cd_estabelecimento_w, nm_usuario_p => nm_usuario_p, nr_seq_panel_p => pfcs_panel_seq_w);

CALL pfcs_pck.pfcs_update_detail(
		nr_seq_indicator_p => nr_seq_indicator_p,
		nr_seq_panel_p => pfcs_panel_seq_w,
		nr_seq_operational_level_p => cd_estabelecimento_w,
		nm_usuario_p => nm_usuario_p);

-------------------------------------------------- pfcs_panel_detail --------------------------------------------------
/* INSERT QUERY NO: 15 */

INSERT INTO pfcs_panel_detail(NR_SEQUENCIA, NM_USUARIO, DT_ATUALIZACAO, NM_USUARIO_NREC, DT_ATUALIZACAO_NREC, IE_SITUATION, NR_SEQ_INDICATOR, NR_SEQ_OPERATIONAL_LEVEL)
VALUES (
27014, nm_usuario_p, clock_timestamp(), nm_usuario_p, clock_timestamp(), 'T', 32, cd_estabelecimento_w
);

/* INSERT QUERY NO: 16 */

INSERT INTO pfcs_panel_detail(NR_SEQUENCIA, NM_USUARIO, DT_ATUALIZACAO, NM_USUARIO_NREC, DT_ATUALIZACAO_NREC, IE_SITUATION, NR_SEQ_INDICATOR, NR_SEQ_OPERATIONAL_LEVEL)
VALUES (
27015, nm_usuario_p, clock_timestamp(), nm_usuario_p, clock_timestamp(), 'T', 32, cd_estabelecimento_w
);

-------------------------------------------------- pfcs_detail_patient ------------------------------------------------		
/* INSERT QUERY NO: 15 */

INSERT INTO pfcs_detail_patient(NR_SEQUENCIA, NM_USUARIO, DT_ATUALIZACAO, NM_USUARIO_NREC, DT_ATUALIZACAO_NREC, NR_SEQ_DETAIL, ID_PATIENT, NM_PATIENT, NR_ENCOUNTER, DT_ENTRANCE, DS_GENDER, DS_CLASSIFICATION, DT_BIRTHDATE)
VALUES
(
nextval('pfcs_detail_patient_seq'), nm_usuario_p, clock_timestamp(), nm_usuario_p, clock_timestamp(), 27014, 866577, 'COLOMBO, ABIGAIL', 34574, (clock_timestamp() - (1172/24/60)), 'Female', 'VIP', TO_DATE('06/10/1968 00:00:00', 'DD/MM/YYYY HH24:MI:SS')
);

/* INSERT QUERY NO: 16 */

INSERT INTO pfcs_detail_patient(NR_SEQUENCIA, NM_USUARIO, DT_ATUALIZACAO, NM_USUARIO_NREC, DT_ATUALIZACAO_NREC, NR_SEQ_DETAIL, ID_PATIENT, NM_PATIENT, NR_ENCOUNTER, DT_ENTRANCE, DS_GENDER, DS_CLASSIFICATION, DT_BIRTHDATE)
VALUES
(
nextval('pfcs_detail_patient_seq'), nm_usuario_p, clock_timestamp(), nm_usuario_p, clock_timestamp(), 27015, 2565994, 'CORREA, AMARILDO', 34575, (clock_timestamp() - (1179/24/60)), 'Male', 'ACO Groups', TO_DATE('05/12/1998 00:00:00', 'DD/MM/YYYY HH24:MI:SS')
);
		
 := pfcs_pck.pfcs_generate_results(
		vl_indicator_p => 2, vl_indicator_aux_p => 2, ds_reference_value_p => 'D', nr_seq_indicator_p => nr_seq_indicator_p, nr_seq_operational_level_p => cd_estabelecimento_w, nm_usuario_p => nm_usuario_p, nr_seq_panel_p => pfcs_panel_seq_w);

CALL pfcs_pck.pfcs_update_detail(
		nr_seq_indicator_p => nr_seq_indicator_p,
		nr_seq_panel_p => pfcs_panel_seq_w,
		nr_seq_operational_level_p => cd_estabelecimento_w,
		nm_usuario_p => nm_usuario_p);

-------------------------------------------------- pfcs_panel_detail --------------------------------------------------
/* INSERT QUERY NO: 20 */

INSERT INTO pfcs_panel_detail(NR_SEQUENCIA, NM_USUARIO, DT_ATUALIZACAO, NM_USUARIO_NREC, DT_ATUALIZACAO_NREC, IE_SITUATION, NR_SEQ_INDICATOR, NR_SEQ_OPERATIONAL_LEVEL)
VALUES (
27019, nm_usuario_p, clock_timestamp(), nm_usuario_p, clock_timestamp(), 'T', 32, cd_estabelecimento_w
);

/* INSERT QUERY NO: 21 */

INSERT INTO pfcs_panel_detail(NR_SEQUENCIA, NM_USUARIO, DT_ATUALIZACAO, NM_USUARIO_NREC, DT_ATUALIZACAO_NREC, IE_SITUATION, NR_SEQ_INDICATOR, NR_SEQ_OPERATIONAL_LEVEL)
VALUES (
27020, nm_usuario_p, clock_timestamp(), nm_usuario_p, clock_timestamp(), 'T', 32, cd_estabelecimento_w
);

/* INSERT QUERY NO: 22 */

INSERT INTO pfcs_panel_detail(NR_SEQUENCIA, NM_USUARIO, DT_ATUALIZACAO, NM_USUARIO_NREC, DT_ATUALIZACAO_NREC, IE_SITUATION, NR_SEQ_INDICATOR, NR_SEQ_OPERATIONAL_LEVEL)
VALUES (
27021, nm_usuario_p, clock_timestamp(), nm_usuario_p, clock_timestamp(), 'T', 32, cd_estabelecimento_w
);

/* INSERT QUERY NO: 23 */

INSERT INTO pfcs_panel_detail(NR_SEQUENCIA, NM_USUARIO, DT_ATUALIZACAO, NM_USUARIO_NREC, DT_ATUALIZACAO_NREC, IE_SITUATION, NR_SEQ_INDICATOR, NR_SEQ_OPERATIONAL_LEVEL)
VALUES (
27022, nm_usuario_p, clock_timestamp(), nm_usuario_p, clock_timestamp(), 'T', 32, cd_estabelecimento_w
);

-------------------------------------------------- pfcs_detail_patient ------------------------------------------------		
/* INSERT QUERY NO: 20 */

INSERT INTO pfcs_detail_patient(NR_SEQUENCIA, NM_USUARIO, DT_ATUALIZACAO, NM_USUARIO_NREC, DT_ATUALIZACAO_NREC, NR_SEQ_DETAIL, ID_PATIENT, NM_PATIENT, NR_ENCOUNTER, DT_ENTRANCE, DS_GENDER, DS_CLASSIFICATION, DT_BIRTHDATE)
VALUES
(
nextval('pfcs_detail_patient_seq'), nm_usuario_p, clock_timestamp(), nm_usuario_p, clock_timestamp(), 27019, 196284, 'COSTA, Ademir', 34579, (clock_timestamp() - (1192/24/60)), 'Male', 'VIP', TO_DATE('01/06/1989 00:00:00', 'DD/MM/YYYY HH24:MI:SS')
);

/* INSERT QUERY NO: 21 */

INSERT INTO pfcs_detail_patient(NR_SEQUENCIA, NM_USUARIO, DT_ATUALIZACAO, NM_USUARIO_NREC, DT_ATUALIZACAO_NREC, NR_SEQ_DETAIL, ID_PATIENT, NM_PATIENT, NR_ENCOUNTER, DT_ENTRANCE, DS_GENDER, DS_CLASSIFICATION, DT_BIRTHDATE)
VALUES
(
nextval('pfcs_detail_patient_seq'), nm_usuario_p, clock_timestamp(), nm_usuario_p, clock_timestamp(), 27020, 2598721, 'COSTA, ANTONIO', 34580, (clock_timestamp() - (1162/24/60)), 'Male', 'VIP', TO_DATE('11/11/1990 00:00:00', 'DD/MM/YYYY HH24:MI:SS')
);

/* INSERT QUERY NO: 22 */

INSERT INTO pfcs_detail_patient(NR_SEQUENCIA, NM_USUARIO, DT_ATUALIZACAO, NM_USUARIO_NREC, DT_ATUALIZACAO_NREC, NR_SEQ_DETAIL, ID_PATIENT, NM_PATIENT, NR_ENCOUNTER, DT_ENTRANCE, DS_GENDER, DS_CLASSIFICATION, DT_BIRTHDATE)
VALUES
(
nextval('pfcs_detail_patient_seq'), nm_usuario_p, clock_timestamp(), nm_usuario_p, clock_timestamp(), 27021, 4890711, 'COSTA, BRUNA', 34581, (clock_timestamp() - (1165/24/60)), 'Female', 'VIP', TO_DATE('11/10/1947 00:00:00', 'DD/MM/YYYY HH24:MI:SS')
);

/* INSERT QUERY NO: 23 */

INSERT INTO pfcs_detail_patient(NR_SEQUENCIA, NM_USUARIO, DT_ATUALIZACAO, NM_USUARIO_NREC, DT_ATUALIZACAO_NREC, NR_SEQ_DETAIL, ID_PATIENT, NM_PATIENT, NR_ENCOUNTER, DT_ENTRANCE, DS_GENDER, DS_CLASSIFICATION, DT_BIRTHDATE)
VALUES
(
nextval('pfcs_detail_patient_seq'), nm_usuario_p, clock_timestamp(), nm_usuario_p, clock_timestamp(), 27022, 5177300, 'COSTA, DARLESON', 34582, (clock_timestamp() - (1166/24/60)), 'Male', 'VIP', TO_DATE('04/01/1965 00:00:00', 'DD/MM/YYYY HH24:MI:SS')
);

-------------------------------------------------- pfcs_detail_bed_request --------------------------------------------		
/* INSERT QUERY NO: 20 */

INSERT INTO pfcs_detail_bed_request(NR_SEQUENCIA, NM_USUARIO, DT_ATUALIZACAO, NM_USUARIO_NREC, DT_ATUALIZACAO_NREC, NR_SEQ_DETAIL, DT_TIME_REQUEST, DS_STATUS, DS_TYPE)
VALUES (
nextval('pfcs_detail_bed_request_seq'), nm_usuario_p, clock_timestamp(), nm_usuario_p, clock_timestamp(), 27019, TO_DATE(clock_timestamp(), 'DD/MM/YYYY')+3, 'Denied', 'Surgical'
);

/* INSERT QUERY NO: 21 */

INSERT INTO pfcs_detail_bed_request(NR_SEQUENCIA, NM_USUARIO, DT_ATUALIZACAO, NM_USUARIO_NREC, DT_ATUALIZACAO_NREC, NR_SEQ_DETAIL, DT_TIME_REQUEST, DS_STATUS, DS_TYPE)
VALUES (
nextval('pfcs_detail_bed_request_seq'), nm_usuario_p, clock_timestamp(), nm_usuario_p, clock_timestamp(), 27020, TO_DATE(clock_timestamp(), 'DD/MM/YYYY')+3, 'Accommodated', 'Surgical'
);

/* INSERT QUERY NO: 22 */

INSERT INTO pfcs_detail_bed_request(NR_SEQUENCIA, NM_USUARIO, DT_ATUALIZACAO, NM_USUARIO_NREC, DT_ATUALIZACAO_NREC, NR_SEQ_DETAIL, DT_TIME_REQUEST, DS_STATUS, DS_TYPE)
VALUES (
nextval('pfcs_detail_bed_request_seq'), nm_usuario_p, clock_timestamp(), nm_usuario_p, clock_timestamp(), 27021, TO_DATE(clock_timestamp(), 'DD/MM/YYYY')+3, 'Accommodated', 'Surgical'
);

/* INSERT QUERY NO: 23 */

INSERT INTO pfcs_detail_bed_request(NR_SEQUENCIA, NM_USUARIO, DT_ATUALIZACAO, NM_USUARIO_NREC, DT_ATUALIZACAO_NREC, NR_SEQ_DETAIL, DT_TIME_REQUEST, DS_STATUS, DS_TYPE)
VALUES (
nextval('pfcs_detail_bed_request_seq'), nm_usuario_p, clock_timestamp(), nm_usuario_p, clock_timestamp(), 27022, TO_DATE(clock_timestamp(), 'DD/MM/YYYY')+3, 'Accommodated', 'Surgical'
);

 := pfcs_pck.pfcs_generate_results(
		vl_indicator_p => 4, vl_indicator_aux_p => 3, ds_reference_value_p => 'R', nr_seq_indicator_p => nr_seq_indicator_p, nr_seq_operational_level_p => cd_estabelecimento_w, nm_usuario_p => nm_usuario_p, nr_seq_panel_p => pfcs_panel_seq_w);

CALL pfcs_pck.pfcs_update_detail(
		nr_seq_indicator_p => nr_seq_indicator_p,
		nr_seq_panel_p => pfcs_panel_seq_w,
		nr_seq_operational_level_p => cd_estabelecimento_w,
		nm_usuario_p => nm_usuario_p);

-------------------------------------------------- pfcs_panel_detail --------------------------------------------------
/* INSERT QUERY NO: 24 */

INSERT INTO pfcs_panel_detail(NR_SEQUENCIA, NM_USUARIO, DT_ATUALIZACAO, NM_USUARIO_NREC, DT_ATUALIZACAO_NREC, IE_SITUATION, NR_SEQ_INDICATOR, NR_SEQ_OPERATIONAL_LEVEL)
VALUES (
27023, nm_usuario_p, clock_timestamp(), nm_usuario_p, clock_timestamp(), 'T', 32, cd_estabelecimento_w
);

/* INSERT QUERY NO: 25 */

INSERT INTO pfcs_panel_detail(NR_SEQUENCIA, NM_USUARIO, DT_ATUALIZACAO, NM_USUARIO_NREC, DT_ATUALIZACAO_NREC, IE_SITUATION, NR_SEQ_INDICATOR, NR_SEQ_OPERATIONAL_LEVEL)
VALUES (
27024, nm_usuario_p, clock_timestamp(), nm_usuario_p, clock_timestamp(), 'T', 32, cd_estabelecimento_w
);

/* INSERT QUERY NO: 26 */

INSERT INTO pfcs_panel_detail(NR_SEQUENCIA, NM_USUARIO, DT_ATUALIZACAO, NM_USUARIO_NREC, DT_ATUALIZACAO_NREC, IE_SITUATION, NR_SEQ_INDICATOR, NR_SEQ_OPERATIONAL_LEVEL)
VALUES (
27025, nm_usuario_p, clock_timestamp(), nm_usuario_p, clock_timestamp(), 'T', 32, cd_estabelecimento_w
);

-------------------------------------------------- pfcs_detail_patient ------------------------------------------------		
/* INSERT QUERY NO: 24 */

INSERT INTO pfcs_detail_patient(NR_SEQUENCIA, NM_USUARIO, DT_ATUALIZACAO, NM_USUARIO_NREC, DT_ATUALIZACAO_NREC, NR_SEQ_DETAIL, ID_PATIENT, NM_PATIENT, NR_ENCOUNTER, DT_ENTRANCE, DS_GENDER, DS_CLASSIFICATION, DT_BIRTHDATE)
VALUES
(
nextval('pfcs_detail_patient_seq'), nm_usuario_p, clock_timestamp(), nm_usuario_p, clock_timestamp(), 27023, 49704, 'COULTHARD, Deise', 34583, (clock_timestamp() - (1169/24/60)), 'Female', 'VIP', TO_DATE('23/10/1956 00:00:00', 'DD/MM/YYYY HH24:MI:SS')
);

/* INSERT QUERY NO: 25 */

INSERT INTO pfcs_detail_patient(NR_SEQUENCIA, NM_USUARIO, DT_ATUALIZACAO, NM_USUARIO_NREC, DT_ATUALIZACAO_NREC, NR_SEQ_DETAIL, ID_PATIENT, NM_PATIENT, NR_ENCOUNTER, DT_ENTRANCE, DS_GENDER, DS_CLASSIFICATION, DT_BIRTHDATE)
VALUES
(
nextval('pfcs_detail_patient_seq'), nm_usuario_p, clock_timestamp(), nm_usuario_p, clock_timestamp(), 27024, 49864, 'COULTHARD, Frida', 34584, (clock_timestamp() - (1162/24/60)), 'Female', 'VIP', TO_DATE('14/03/1984 00:00:00', 'DD/MM/YYYY HH24:MI:SS')
);

/* INSERT QUERY NO: 26 */

INSERT INTO pfcs_detail_patient(NR_SEQUENCIA, NM_USUARIO, DT_ATUALIZACAO, NM_USUARIO_NREC, DT_ATUALIZACAO_NREC, NR_SEQ_DETAIL, ID_PATIENT, NM_PATIENT, NR_ENCOUNTER, DT_ENTRANCE, DS_GENDER, DS_CLASSIFICATION, DT_BIRTHDATE)
VALUES
(
nextval('pfcs_detail_patient_seq'), nm_usuario_p, clock_timestamp(), nm_usuario_p, clock_timestamp(), 27025, 1015762832, 'COULTHARD, Ronald', 34585, (clock_timestamp() - (1161/24/60)), 'Female', 'VIP', TO_DATE('03/03/1986 00:00:00', 'DD/MM/YYYY HH24:MI:SS')
);

 := pfcs_pck.pfcs_generate_results(
		vl_indicator_p => 3, vl_indicator_aux_p => 3, ds_reference_value_p => 'D', nr_seq_indicator_p => nr_seq_indicator_p, nr_seq_operational_level_p => cd_estabelecimento_w, nm_usuario_p => nm_usuario_p, nr_seq_panel_p => pfcs_panel_seq_w);

CALL pfcs_pck.pfcs_update_detail(
		nr_seq_indicator_p => nr_seq_indicator_p,
		nr_seq_panel_p => pfcs_panel_seq_w,
		nr_seq_operational_level_p => cd_estabelecimento_w,
		nm_usuario_p => nm_usuario_p);

-------------------------------------------------- pfcs_panel_detail --------------------------------------------------
/* INSERT QUERY NO: 31 */

INSERT INTO pfcs_panel_detail(NR_SEQUENCIA, NM_USUARIO, DT_ATUALIZACAO, NM_USUARIO_NREC, DT_ATUALIZACAO_NREC, IE_SITUATION, NR_SEQ_INDICATOR, NR_SEQ_OPERATIONAL_LEVEL)
VALUES (
27030, nm_usuario_p, clock_timestamp(), nm_usuario_p, clock_timestamp(), 'T', 32, cd_estabelecimento_w
);

/* INSERT QUERY NO: 32 */

INSERT INTO pfcs_panel_detail(NR_SEQUENCIA, NM_USUARIO, DT_ATUALIZACAO, NM_USUARIO_NREC, DT_ATUALIZACAO_NREC, IE_SITUATION, NR_SEQ_INDICATOR, NR_SEQ_OPERATIONAL_LEVEL)
VALUES (
27031, nm_usuario_p, clock_timestamp(), nm_usuario_p, clock_timestamp(), 'T', 32, cd_estabelecimento_w
);

/* INSERT QUERY NO: 33 */

INSERT INTO pfcs_panel_detail(NR_SEQUENCIA, NM_USUARIO, DT_ATUALIZACAO, NM_USUARIO_NREC, DT_ATUALIZACAO_NREC, IE_SITUATION, NR_SEQ_INDICATOR, NR_SEQ_OPERATIONAL_LEVEL)
VALUES (
27032, nm_usuario_p, clock_timestamp(), nm_usuario_p, clock_timestamp(), 'T', 32, cd_estabelecimento_w
);

-------------------------------------------------- pfcs_detail_patient ------------------------------------------------		
/* INSERT QUERY NO: 31 */

INSERT INTO pfcs_detail_patient(NR_SEQUENCIA, NM_USUARIO, DT_ATUALIZACAO, NM_USUARIO_NREC, DT_ATUALIZACAO_NREC, NR_SEQ_DETAIL, ID_PATIENT, NM_PATIENT, NR_ENCOUNTER, DT_ENTRANCE, DS_GENDER, DS_CLASSIFICATION, DT_BIRTHDATE)
VALUES
(
nextval('pfcs_detail_patient_seq'), nm_usuario_p, clock_timestamp(), nm_usuario_p, clock_timestamp(), 27030, 1449985, 'CRUZ, DIEGO', 34590, (clock_timestamp() - (1271/24/60)), 'Male', 'VIP', TO_DATE('15/09/2003 00:00:00', 'DD/MM/YYYY HH24:MI:SS')
);

/* INSERT QUERY NO: 32 */

INSERT INTO pfcs_detail_patient(NR_SEQUENCIA, NM_USUARIO, DT_ATUALIZACAO, NM_USUARIO_NREC, DT_ATUALIZACAO_NREC, NR_SEQ_DETAIL, ID_PATIENT, NM_PATIENT, NR_ENCOUNTER, DT_ENTRANCE, DS_GENDER, DS_CLASSIFICATION, DT_BIRTHDATE)
VALUES
(
nextval('pfcs_detail_patient_seq'), nm_usuario_p, clock_timestamp(), nm_usuario_p, clock_timestamp(), 27031, 3467801, 'CRUZ, JOSICLEIA', 34591, (clock_timestamp() - (1269/24/60)), 'Female', 'VIP', TO_DATE('25/11/1979 00:00:00', 'DD/MM/YYYY HH24:MI:SS')
);

/* INSERT QUERY NO: 33 */

INSERT INTO pfcs_detail_patient(NR_SEQUENCIA, NM_USUARIO, DT_ATUALIZACAO, NM_USUARIO_NREC, DT_ATUALIZACAO_NREC, NR_SEQ_DETAIL, ID_PATIENT, NM_PATIENT, NR_ENCOUNTER, DT_ENTRANCE, DS_GENDER, DS_CLASSIFICATION, DT_BIRTHDATE)
VALUES
(
nextval('pfcs_detail_patient_seq'), nm_usuario_p, clock_timestamp(), nm_usuario_p, clock_timestamp(), 27032, 2489887, 'CUNHA, Abelim', 34592, (clock_timestamp() - (1274/24/60)), 'Male', 'VIP', TO_DATE('08/11/1983 00:00:00', 'DD/MM/YYYY HH24:MI:SS')
);

-------------------------------------------------- pfcs_detail_bed_request --------------------------------------------		
/* INSERT QUERY NO: 31 */

INSERT INTO pfcs_detail_bed_request(NR_SEQUENCIA, NM_USUARIO, DT_ATUALIZACAO, NM_USUARIO_NREC, DT_ATUALIZACAO_NREC, NR_SEQ_DETAIL, DT_TIME_REQUEST, DS_STATUS, DS_TYPE)
VALUES (
nextval('pfcs_detail_bed_request_seq'), nm_usuario_p, clock_timestamp(), nm_usuario_p, clock_timestamp(), 27030, TO_DATE(clock_timestamp(), 'DD/MM/YYYY')+4, 'Accommodated', 'Surgical'
);

/* INSERT QUERY NO: 32 */

INSERT INTO pfcs_detail_bed_request(NR_SEQUENCIA, NM_USUARIO, DT_ATUALIZACAO, NM_USUARIO_NREC, DT_ATUALIZACAO_NREC, NR_SEQ_DETAIL, DT_TIME_REQUEST, DS_STATUS, DS_TYPE)
VALUES (
nextval('pfcs_detail_bed_request_seq'), nm_usuario_p, clock_timestamp(), nm_usuario_p, clock_timestamp(), 27031, TO_DATE(clock_timestamp(), 'DD/MM/YYYY')+4, 'Accommodated', 'Surgical'
);

/* INSERT QUERY NO: 33 */

INSERT INTO pfcs_detail_bed_request(NR_SEQUENCIA, NM_USUARIO, DT_ATUALIZACAO, NM_USUARIO_NREC, DT_ATUALIZACAO_NREC, NR_SEQ_DETAIL, DT_TIME_REQUEST, DS_STATUS, DS_TYPE)
VALUES (
nextval('pfcs_detail_bed_request_seq'), nm_usuario_p, clock_timestamp(), nm_usuario_p, clock_timestamp(), 27032, TO_DATE(clock_timestamp(), 'DD/MM/YYYY')+4, 'Accommodated', 'Surgical'
);

 := pfcs_pck.pfcs_generate_results(
		vl_indicator_p => 3, vl_indicator_aux_p => 4, ds_reference_value_p => 'R', nr_seq_indicator_p => nr_seq_indicator_p, nr_seq_operational_level_p => cd_estabelecimento_w, nm_usuario_p => nm_usuario_p, nr_seq_panel_p => pfcs_panel_seq_w);

CALL pfcs_pck.pfcs_update_detail(
		nr_seq_indicator_p => nr_seq_indicator_p,
		nr_seq_panel_p => pfcs_panel_seq_w,
		nr_seq_operational_level_p => cd_estabelecimento_w,
		nm_usuario_p => nm_usuario_p);

-------------------------------------------------- pfcs_panel_detail --------------------------------------------------
/* INSERT QUERY NO: 34 */

INSERT INTO pfcs_panel_detail(NR_SEQUENCIA, NM_USUARIO, DT_ATUALIZACAO, NM_USUARIO_NREC, DT_ATUALIZACAO_NREC, IE_SITUATION, NR_SEQ_INDICATOR, NR_SEQ_OPERATIONAL_LEVEL)
VALUES (
27033, nm_usuario_p, clock_timestamp(), nm_usuario_p, clock_timestamp(), 'T', 32, cd_estabelecimento_w
);

-------------------------------------------------- pfcs_detail_patient ------------------------------------------------		
/* INSERT QUERY NO: 34 */

INSERT INTO pfcs_detail_patient(NR_SEQUENCIA, NM_USUARIO, DT_ATUALIZACAO, NM_USUARIO_NREC, DT_ATUALIZACAO_NREC, NR_SEQ_DETAIL, ID_PATIENT, NM_PATIENT, NR_ENCOUNTER, DT_ENTRANCE, DS_GENDER, DS_CLASSIFICATION, DT_BIRTHDATE)
VALUES
(
nextval('pfcs_detail_patient_seq'), nm_usuario_p, clock_timestamp(), nm_usuario_p, clock_timestamp(), 27033, 2573283, 'CUNHA, GILDO', 34593, (clock_timestamp() - (1278/24/60)), 'Male', 'VIP', TO_DATE('03/05/1974 00:00:00', 'DD/MM/YYYY HH24:MI:SS')
);

 := pfcs_pck.pfcs_generate_results(
		vl_indicator_p => 1, vl_indicator_aux_p => 4, ds_reference_value_p => 'D', nr_seq_indicator_p => nr_seq_indicator_p, nr_seq_operational_level_p => cd_estabelecimento_w, nm_usuario_p => nm_usuario_p, nr_seq_panel_p => pfcs_panel_seq_w);

CALL pfcs_pck.pfcs_update_detail(
		nr_seq_indicator_p => nr_seq_indicator_p,
		nr_seq_panel_p => pfcs_panel_seq_w,
		nr_seq_operational_level_p => cd_estabelecimento_w,
		nm_usuario_p => nm_usuario_p);

-------------------------------------------------- pfcs_panel_detail --------------------------------------------------
/* INSERT QUERY NO: 35 */

INSERT INTO pfcs_panel_detail(NR_SEQUENCIA, NM_USUARIO, DT_ATUALIZACAO, NM_USUARIO_NREC, DT_ATUALIZACAO_NREC, IE_SITUATION, NR_SEQ_INDICATOR, NR_SEQ_OPERATIONAL_LEVEL)
VALUES (
27034, nm_usuario_p, clock_timestamp(), nm_usuario_p, clock_timestamp(), 'T', 32, cd_estabelecimento_w
);

-------------------------------------------------- pfcs_detail_patient ------------------------------------------------		
/* INSERT QUERY NO: 35 */

INSERT INTO pfcs_detail_patient(NR_SEQUENCIA, NM_USUARIO, DT_ATUALIZACAO, NM_USUARIO_NREC, DT_ATUALIZACAO_NREC, NR_SEQ_DETAIL, ID_PATIENT, NM_PATIENT, NR_ENCOUNTER, DT_ENTRANCE, DS_GENDER, DS_CLASSIFICATION, DT_BIRTHDATE)
VALUES
(
nextval('pfcs_detail_patient_seq'), nm_usuario_p, clock_timestamp(), nm_usuario_p, clock_timestamp(), 27034, 182015, 'CUSTODIO, Arno', 34594, (clock_timestamp() - (1272/24/60)), 'Male', 'VIP', TO_DATE('29/09/2011 00:00:00', 'DD/MM/YYYY HH24:MI:SS')
);

-------------------------------------------------- pfcs_detail_bed_request --------------------------------------------		
/* INSERT QUERY NO: 35 */

INSERT INTO pfcs_detail_bed_request(NR_SEQUENCIA, NM_USUARIO, DT_ATUALIZACAO, NM_USUARIO_NREC, DT_ATUALIZACAO_NREC, NR_SEQ_DETAIL, DT_TIME_REQUEST, DS_STATUS, DS_TYPE)
VALUES (
nextval('pfcs_detail_bed_request_seq'), nm_usuario_p, clock_timestamp(), nm_usuario_p, clock_timestamp(), 27034, TO_DATE(clock_timestamp(), 'DD/MM/YYYY')+5, 'Accommodated', 'Clinic'
);

 := pfcs_pck.pfcs_generate_results(
		vl_indicator_p => 1, vl_indicator_aux_p => 5, ds_reference_value_p => 'R', nr_seq_indicator_p => nr_seq_indicator_p, nr_seq_operational_level_p => cd_estabelecimento_w, nm_usuario_p => nm_usuario_p, nr_seq_panel_p => pfcs_panel_seq_w);

CALL pfcs_pck.pfcs_update_detail(
		nr_seq_indicator_p => nr_seq_indicator_p,
		nr_seq_panel_p => pfcs_panel_seq_w,
		nr_seq_operational_level_p => cd_estabelecimento_w,
		nm_usuario_p => nm_usuario_p);

-------------------------------------------------- pfcs_panel_detail --------------------------------------------------
/* INSERT QUERY NO: 36 */

INSERT INTO pfcs_panel_detail(NR_SEQUENCIA, NM_USUARIO, DT_ATUALIZACAO, NM_USUARIO_NREC, DT_ATUALIZACAO_NREC, IE_SITUATION, NR_SEQ_INDICATOR, NR_SEQ_OPERATIONAL_LEVEL)
VALUES (
27035, nm_usuario_p, clock_timestamp(), nm_usuario_p, clock_timestamp(), 'T', 32, cd_estabelecimento_w
);

/* INSERT QUERY NO: 37 */

INSERT INTO pfcs_panel_detail(NR_SEQUENCIA, NM_USUARIO, DT_ATUALIZACAO, NM_USUARIO_NREC, DT_ATUALIZACAO_NREC, IE_SITUATION, NR_SEQ_INDICATOR, NR_SEQ_OPERATIONAL_LEVEL)
VALUES (
27036, nm_usuario_p, clock_timestamp(), nm_usuario_p, clock_timestamp(), 'T', 32, cd_estabelecimento_w
);

/* INSERT QUERY NO: 38 */

INSERT INTO pfcs_panel_detail(NR_SEQUENCIA, NM_USUARIO, DT_ATUALIZACAO, NM_USUARIO_NREC, DT_ATUALIZACAO_NREC, IE_SITUATION, NR_SEQ_INDICATOR, NR_SEQ_OPERATIONAL_LEVEL)
VALUES (
27037, nm_usuario_p, clock_timestamp(), nm_usuario_p, clock_timestamp(), 'T', 32, cd_estabelecimento_w
);

-------------------------------------------------- pfcs_detail_patient ------------------------------------------------		
/* INSERT QUERY NO: 36 */

INSERT INTO pfcs_detail_patient(NR_SEQUENCIA, NM_USUARIO, DT_ATUALIZACAO, NM_USUARIO_NREC, DT_ATUALIZACAO_NREC, NR_SEQ_DETAIL, ID_PATIENT, NM_PATIENT, NR_ENCOUNTER, DT_ENTRANCE, DS_GENDER, DS_CLASSIFICATION, DT_BIRTHDATE)
VALUES
(
nextval('pfcs_detail_patient_seq'), nm_usuario_p, clock_timestamp(), nm_usuario_p, clock_timestamp(), 27035, 1015837672, 'DA CRUZ, Pietra', 34595, (clock_timestamp() - (1279/24/60)), 'Female', 'VIP', TO_DATE('12/03/1987 00:00:00', 'DD/MM/YYYY HH24:MI:SS')
);

/* INSERT QUERY NO: 37 */

INSERT INTO pfcs_detail_patient(NR_SEQUENCIA, NM_USUARIO, DT_ATUALIZACAO, NM_USUARIO_NREC, DT_ATUALIZACAO_NREC, NR_SEQ_DETAIL, ID_PATIENT, NM_PATIENT, NR_ENCOUNTER, DT_ENTRANCE, DS_GENDER, DS_CLASSIFICATION, DT_BIRTHDATE)
VALUES
(
nextval('pfcs_detail_patient_seq'), nm_usuario_p, clock_timestamp(), nm_usuario_p, clock_timestamp(), 27036, 2420334, 'DA CUNHA, Sidnei', 34596, (clock_timestamp() - (1285/24/60)), 'Male', 'VIP', TO_DATE('06/06/1982 00:00:00', 'DD/MM/YYYY HH24:MI:SS')
);

/* INSERT QUERY NO: 38 */

INSERT INTO pfcs_detail_patient(NR_SEQUENCIA, NM_USUARIO, DT_ATUALIZACAO, NM_USUARIO_NREC, DT_ATUALIZACAO_NREC, NR_SEQ_DETAIL, ID_PATIENT, NM_PATIENT, NR_ENCOUNTER, DT_ENTRANCE, DS_GENDER, DS_CLASSIFICATION, DT_BIRTHDATE)
VALUES
(
nextval('pfcs_detail_patient_seq'), nm_usuario_p, clock_timestamp(), nm_usuario_p, clock_timestamp(), 27037, 1015837423, 'DA CUNHA, Tania', 34597, (clock_timestamp() - (1281/24/60)), 'Male', 'ACO Groups', TO_DATE('08/06/1972 00:00:00', 'DD/MM/YYYY HH24:MI:SS')
);
		
 := pfcs_pck.pfcs_generate_results(
		vl_indicator_p => 3, vl_indicator_aux_p => 5, ds_reference_value_p => 'D', nr_seq_indicator_p => nr_seq_indicator_p, nr_seq_operational_level_p => cd_estabelecimento_w, nm_usuario_p => nm_usuario_p, nr_seq_panel_p => pfcs_panel_seq_w);

CALL pfcs_pck.pfcs_update_detail(
		nr_seq_indicator_p => nr_seq_indicator_p,
		nr_seq_panel_p => pfcs_panel_seq_w,
		nr_seq_operational_level_p => cd_estabelecimento_w,
		nm_usuario_p => nm_usuario_p);

CALL pfcs_pck.pfcs_activate_records(
            nr_seq_indicator_p => nr_seq_indicator_p,
            nr_seq_operational_level_p => cd_estabelecimento_w,
            nm_usuario_p => nm_usuario_p);
	
commit;	

end;
$body$
LANGUAGE PLPGSQL
SECURITY DEFINER
;
-- REVOKE ALL ON PROCEDURE pfcs_generate_15_gl ( nr_seq_indicator_p bigint) FROM PUBLIC;

