-- Generated by Ora2Pg, the Oracle database Schema converter, version 23.1
-- Copyright 2000-2022 Gilles DAROLD. All rights reserved.
-- DATASOURCE: dbi:Oracle:host=srv-dbora-03.whebdc.com.br;service_name=DEV_1815;port=1521

SET client_encoding TO 'UTF8';





CREATE OR REPLACE PROCEDURE pfcs_generate_10_gl (nr_seq_indicator_p bigint) AS $body$
DECLARE


pfcs_panel_seq_w				pfcs_panel.nr_sequencia%type;
cd_estabelecimento_w			bigint;
nm_usuario_p	varchar(20);


BEGIN
DELETE FROM pfcs_detail_bed WHERE NR_SEQ_DETAIL in (22000,22001,22002,22003,22004,22005,22006,22007);
DELETE FROM pfcs_detail_patient WHERE NR_SEQ_DETAIL in (22000,22001,22002,22003,22004,22005,22006,22007);
DELETE FROM pfcs_panel_detail WHERE NR_SEQUENCIA in (22000,22001,22002,22003,22004,22005,22006,22007);
DELETE FROM PFCS_PANEL Where NR_SEQ_INDICATOR = 27;
nm_usuario_p := 'asimovbr';
cd_estabelecimento_w	:= pfcs_get_structure_level(cd_establishment_p => 1, ie_level_p => 'O', ie_info_p => 'C');

/* INSERT QUERY NO: 1 */

INSERT INTO pfcs_panel_detail(NR_SEQUENCIA, NM_USUARIO, DT_ATUALIZACAO, NM_USUARIO_NREC, DT_ATUALIZACAO_NREC, IE_SITUATION, NR_SEQ_INDICATOR, NR_SEQ_OPERATIONAL_LEVEL)
VALUES (
22000, nm_usuario_p, clock_timestamp(), nm_usuario_p, clock_timestamp(), 'T', 27, cd_estabelecimento_w
);

/* INSERT QUERY NO: 2 */

INSERT INTO pfcs_panel_detail(NR_SEQUENCIA, NM_USUARIO, DT_ATUALIZACAO, NM_USUARIO_NREC, DT_ATUALIZACAO_NREC, IE_SITUATION, NR_SEQ_INDICATOR, NR_SEQ_OPERATIONAL_LEVEL)
VALUES (
22001, nm_usuario_p, clock_timestamp(), nm_usuario_p, clock_timestamp(), 'T', 27, cd_estabelecimento_w
);

/* INSERT QUERY NO: 3 */

INSERT INTO pfcs_panel_detail(NR_SEQUENCIA, NM_USUARIO, DT_ATUALIZACAO, NM_USUARIO_NREC, DT_ATUALIZACAO_NREC, IE_SITUATION, NR_SEQ_INDICATOR, NR_SEQ_OPERATIONAL_LEVEL)
VALUES (
22002, nm_usuario_p, clock_timestamp(), nm_usuario_p, clock_timestamp(), 'T', 27, cd_estabelecimento_w
);

-------------------------------------------------- pfcs_detail_patient --------------------------------------------------
/* INSERT QUERY NO: 1 */

INSERT INTO pfcs_detail_patient(NR_SEQUENCIA, NM_USUARIO, DT_ATUALIZACAO, NM_USUARIO_NREC, DT_ATUALIZACAO_NREC, NR_SEQ_DETAIL, ID_PATIENT, NM_PATIENT, NR_ENCOUNTER, DT_ENTRANCE, DS_GENDER, DS_CLASSIFICATION, DT_BIRTHDATE)
VALUES
(
nextval('pfcs_detail_patient_seq'), nm_usuario_p, clock_timestamp(), nm_usuario_p, clock_timestamp(), 22000, 1015596085, 'LAIS, KAYLANE', 138771, (clock_timestamp() - (162/24/60)), 'Female', 'ACO Groups', TO_DATE('25/11/1979 00:00:00', 'DD/MM/YYYY HH24:MI:SS')
);

/* INSERT QUERY NO: 2 */

INSERT INTO pfcs_detail_patient(NR_SEQUENCIA, NM_USUARIO, DT_ATUALIZACAO, NM_USUARIO_NREC, DT_ATUALIZACAO_NREC, NR_SEQ_DETAIL, ID_PATIENT, NM_PATIENT, NR_ENCOUNTER, DT_ENTRANCE, DS_GENDER, DS_CLASSIFICATION, DT_BIRTHDATE)
VALUES
(
nextval('pfcs_detail_patient_seq'), nm_usuario_p, clock_timestamp(), nm_usuario_p, clock_timestamp(), 22001, 1015782279, 'Philips, Rosa', 3360646, (clock_timestamp() - (165/24/60)), 'Female', 'VIP', TO_DATE('08/11/1983 00:00:00', 'DD/MM/YYYY HH24:MI:SS')
);

/* INSERT QUERY NO: 3 */

INSERT INTO pfcs_detail_patient(NR_SEQUENCIA, NM_USUARIO, DT_ATUALIZACAO, NM_USUARIO_NREC, DT_ATUALIZACAO_NREC, NR_SEQ_DETAIL, ID_PATIENT, NM_PATIENT, NR_ENCOUNTER, DT_ENTRANCE, DS_GENDER, DS_CLASSIFICATION, DT_BIRTHDATE)
VALUES
(
nextval('pfcs_detail_patient_seq'), nm_usuario_p, clock_timestamp(), nm_usuario_p, clock_timestamp(), 22002, 543164, 'VAZ, Josmar', 3363210, (clock_timestamp() - (166/24/60)), 'Male', 'VIP', TO_DATE('03/05/1974 00:00:00', 'DD/MM/YYYY HH24:MI:SS')
);

-------------------------------------------------- pfcs_detail_bed --------------------------------------------------		
/* INSERT QUERY NO: 1 */

INSERT INTO pfcs_detail_bed(NR_SEQUENCIA, DT_ATUALIZACAO, NM_USUARIO, DT_ATUALIZACAO_NREC, NM_USUARIO_NREC, CD_DEPARTMENT, DS_DEPARTMENT, NR_SEQ_DETAIL, DT_ENTRY_UNIT, DS_LOCATION)
VALUES
(
nextval('pfcs_detail_bed_seq'), (clock_timestamp() - (2890/24/60)), nm_usuario_p, (clock_timestamp() - (2890/24/60)), nm_usuario_p, 8, 'North Wing', 22000, (clock_timestamp() - (2890/24/60)), '141 A'
);

/* INSERT QUERY NO: 2 */

INSERT INTO pfcs_detail_bed(NR_SEQUENCIA, DT_ATUALIZACAO, NM_USUARIO, DT_ATUALIZACAO_NREC, NM_USUARIO_NREC, CD_DEPARTMENT, DS_DEPARTMENT, NR_SEQ_DETAIL, DT_ENTRY_UNIT, DS_LOCATION)
VALUES
(
nextval('pfcs_detail_bed_seq'), (clock_timestamp() - (3196/24/60)), nm_usuario_p, (clock_timestamp() - (3196/24/60)), nm_usuario_p, 98791, 'South Wing', 22001, (clock_timestamp() - (3196/24/60)), '144 B'
);

/* INSERT QUERY NO: 3 */

INSERT INTO pfcs_detail_bed(NR_SEQUENCIA, DT_ATUALIZACAO, NM_USUARIO, DT_ATUALIZACAO_NREC, NM_USUARIO_NREC, CD_DEPARTMENT, DS_DEPARTMENT, NR_SEQ_DETAIL, DT_ENTRY_UNIT, DS_LOCATION)
VALUES
(
nextval('pfcs_detail_bed_seq'), (clock_timestamp() - (3098/24/60)), nm_usuario_p, (clock_timestamp() - (3098/24/60)), nm_usuario_p, 123, 'ICU', 22002, (clock_timestamp() - (3098/24/60)), '144 C'
);

 := pfcs_pck.pfcs_generate_results(
		vl_indicator_p => 3, nr_seq_indicator_p => nr_seq_indicator_p, nr_seq_operational_level_p => cd_estabelecimento_w, nm_usuario_p => nm_usuario_p, nr_seq_panel_p => pfcs_panel_seq_w);

CALL pfcs_pck.pfcs_update_detail(
		nr_seq_indicator_p => nr_seq_indicator_p,
		nr_seq_panel_p => pfcs_panel_seq_w,
		nr_seq_operational_level_p => cd_estabelecimento_w,
		nm_usuario_p => nm_usuario_p);

CALL pfcs_pck.pfcs_activate_records(
            nr_seq_indicator_p => nr_seq_indicator_p,
            nr_seq_operational_level_p => cd_estabelecimento_w,
            nm_usuario_p => nm_usuario_p);

cd_estabelecimento_w	:= pfcs_get_structure_level(cd_establishment_p => 39, ie_level_p => 'O', ie_info_p => 'C');

/* INSERT QUERY NO: 4 */

INSERT INTO pfcs_panel_detail(NR_SEQUENCIA, NM_USUARIO, DT_ATUALIZACAO, NM_USUARIO_NREC, DT_ATUALIZACAO_NREC, IE_SITUATION, NR_SEQ_INDICATOR, NR_SEQ_OPERATIONAL_LEVEL)
VALUES (
22003, nm_usuario_p, clock_timestamp(), nm_usuario_p, clock_timestamp(), 'T', 27, cd_estabelecimento_w
);

/* INSERT QUERY NO: 5 */

INSERT INTO pfcs_panel_detail(NR_SEQUENCIA, NM_USUARIO, DT_ATUALIZACAO, NM_USUARIO_NREC, DT_ATUALIZACAO_NREC, IE_SITUATION, NR_SEQ_INDICATOR, NR_SEQ_OPERATIONAL_LEVEL)
VALUES (
22004, nm_usuario_p, clock_timestamp(), nm_usuario_p, clock_timestamp(), 'T', 27, cd_estabelecimento_w
);

/* INSERT QUERY NO: 6 */

INSERT INTO pfcs_panel_detail(NR_SEQUENCIA, NM_USUARIO, DT_ATUALIZACAO, NM_USUARIO_NREC, DT_ATUALIZACAO_NREC, IE_SITUATION, NR_SEQ_INDICATOR, NR_SEQ_OPERATIONAL_LEVEL)
VALUES (
22005, nm_usuario_p, clock_timestamp(), nm_usuario_p, clock_timestamp(), 'T', 27, cd_estabelecimento_w
);

-------------------------------------------------- pfcs_detail_patient --------------------------------------------------		
/* INSERT QUERY NO: 4 */

INSERT INTO pfcs_detail_patient(NR_SEQUENCIA, NM_USUARIO, DT_ATUALIZACAO, NM_USUARIO_NREC, DT_ATUALIZACAO_NREC, NR_SEQ_DETAIL, ID_PATIENT, NM_PATIENT, NR_ENCOUNTER, DT_ENTRANCE, DS_GENDER, DS_CLASSIFICATION, DT_BIRTHDATE)
VALUES
(
nextval('pfcs_detail_patient_seq'), nm_usuario_p, clock_timestamp(), nm_usuario_p, clock_timestamp(), 22003, 1015758514, 'TOLKIEN, John', 160185, (clock_timestamp() - (169/24/60)), 'Male', 'ACO Groups', TO_DATE('29/09/2011 00:00:00', 'DD/MM/YYYY HH24:MI:SS')
);

/* INSERT QUERY NO: 5 */

INSERT INTO pfcs_detail_patient(NR_SEQUENCIA, NM_USUARIO, DT_ATUALIZACAO, NM_USUARIO_NREC, DT_ATUALIZACAO_NREC, NR_SEQ_DETAIL, ID_PATIENT, NM_PATIENT, NR_ENCOUNTER, DT_ENTRANCE, DS_GENDER, DS_CLASSIFICATION, DT_BIRTHDATE)
VALUES
(
nextval('pfcs_detail_patient_seq'), nm_usuario_p, clock_timestamp(), nm_usuario_p, clock_timestamp(), 22004, 4861586, 'SOUSA, AMARO', 123474, (clock_timestamp() - (162/24/60)), 'Male', 'VIP', TO_DATE('12/03/1987 00:00:00', 'DD/MM/YYYY HH24:MI:SS')
);

/* INSERT QUERY NO: 6 */

INSERT INTO pfcs_detail_patient(NR_SEQUENCIA, NM_USUARIO, DT_ATUALIZACAO, NM_USUARIO_NREC, DT_ATUALIZACAO_NREC, NR_SEQ_DETAIL, ID_PATIENT, NM_PATIENT, NR_ENCOUNTER, DT_ENTRANCE, DS_GENDER, DS_CLASSIFICATION, DT_BIRTHDATE)
VALUES
(
nextval('pfcs_detail_patient_seq'), nm_usuario_p, clock_timestamp(), nm_usuario_p, clock_timestamp(), 22005, 1015762167, 'DUARTE, Maria', 157325, (clock_timestamp() - (161/24/60)), 'Female', 'VIP', TO_DATE('06/06/1982 00:00:00', 'DD/MM/YYYY HH24:MI:SS')
);

-------------------------------------------------- pfcs_detail_bed --------------------------------------------------
/* INSERT QUERY NO: 4 */

INSERT INTO pfcs_detail_bed(NR_SEQUENCIA, DT_ATUALIZACAO, NM_USUARIO, DT_ATUALIZACAO_NREC, NM_USUARIO_NREC, CD_DEPARTMENT, DS_DEPARTMENT, NR_SEQ_DETAIL, DT_ENTRY_UNIT, DS_LOCATION)
VALUES
(
nextval('pfcs_detail_bed_seq'), (clock_timestamp() - (2737/24/60)), nm_usuario_p, (clock_timestamp() - (2737/24/60)), nm_usuario_p, 123, 'ICU', 22003, (clock_timestamp() - (2737/24/60)), '182 A'
);

/* INSERT QUERY NO: 5 */

INSERT INTO pfcs_detail_bed(NR_SEQUENCIA, DT_ATUALIZACAO, NM_USUARIO, DT_ATUALIZACAO_NREC, NM_USUARIO_NREC, CD_DEPARTMENT, DS_DEPARTMENT, NR_SEQ_DETAIL, DT_ENTRY_UNIT, DS_LOCATION)
VALUES
(
nextval('pfcs_detail_bed_seq'), (clock_timestamp() - (2796/24/60)), nm_usuario_p, (clock_timestamp() - (2796/24/60)), nm_usuario_p, 123, 'ICU', 22004, (clock_timestamp() - (2796/24/60)), '106 A'
);

/* INSERT QUERY NO: 6 */

INSERT INTO pfcs_detail_bed(NR_SEQUENCIA, DT_ATUALIZACAO, NM_USUARIO, DT_ATUALIZACAO_NREC, NM_USUARIO_NREC, CD_DEPARTMENT, DS_DEPARTMENT, NR_SEQ_DETAIL, DT_ENTRY_UNIT, DS_LOCATION)
VALUES
(
nextval('pfcs_detail_bed_seq'), (clock_timestamp() - (2625/24/60)), nm_usuario_p, (clock_timestamp() - (2625/24/60)), nm_usuario_p, 79415, 'East Wing', 22005, (clock_timestamp() - (2625/24/60)), '105 C'
);

 := pfcs_pck.pfcs_generate_results(
		vl_indicator_p => 3, nr_seq_indicator_p => nr_seq_indicator_p, nr_seq_operational_level_p => cd_estabelecimento_w, nm_usuario_p => nm_usuario_p, nr_seq_panel_p => pfcs_panel_seq_w);

CALL pfcs_pck.pfcs_update_detail(
		nr_seq_indicator_p => nr_seq_indicator_p,
		nr_seq_panel_p => pfcs_panel_seq_w,
		nr_seq_operational_level_p => cd_estabelecimento_w,
		nm_usuario_p => nm_usuario_p);

CALL pfcs_pck.pfcs_activate_records(
            nr_seq_indicator_p => nr_seq_indicator_p,
            nr_seq_operational_level_p => cd_estabelecimento_w,
            nm_usuario_p => nm_usuario_p);

cd_estabelecimento_w	:= pfcs_get_structure_level(cd_establishment_p => 11, ie_level_p => 'O', ie_info_p => 'C');

/* INSERT QUERY NO: 7 */

INSERT INTO pfcs_panel_detail(NR_SEQUENCIA, NM_USUARIO, DT_ATUALIZACAO, NM_USUARIO_NREC, DT_ATUALIZACAO_NREC, IE_SITUATION, NR_SEQ_INDICATOR, NR_SEQ_OPERATIONAL_LEVEL)
VALUES (
22006, nm_usuario_p, clock_timestamp(), nm_usuario_p, clock_timestamp(), 'T', 27, cd_estabelecimento_w
);

/* INSERT QUERY NO: 8 */

INSERT INTO pfcs_panel_detail(NR_SEQUENCIA, NM_USUARIO, DT_ATUALIZACAO, NM_USUARIO_NREC, DT_ATUALIZACAO_NREC, IE_SITUATION, NR_SEQ_INDICATOR, NR_SEQ_OPERATIONAL_LEVEL)
VALUES (
22007, nm_usuario_p, clock_timestamp(), nm_usuario_p, clock_timestamp(), 'T', 27, cd_estabelecimento_w
);

-------------------------------------------------- pfcs_detail_patient --------------------------------------------------		
/* INSERT QUERY NO: 7 */

INSERT INTO pfcs_detail_patient(NR_SEQUENCIA, NM_USUARIO, DT_ATUALIZACAO, NM_USUARIO_NREC, DT_ATUALIZACAO_NREC, NR_SEQ_DETAIL, ID_PATIENT, NM_PATIENT, NR_ENCOUNTER, DT_ENTRANCE, DS_GENDER, DS_CLASSIFICATION, DT_BIRTHDATE)
VALUES
(
nextval('pfcs_detail_patient_seq'), nm_usuario_p, clock_timestamp(), nm_usuario_p, clock_timestamp(), 22006, 5465803, 'CARDOSO, ALAN', 142424, (clock_timestamp() - (167/24/60)), 'Male', 'VIP', TO_DATE('08/06/1972 00:00:00', 'DD/MM/YYYY HH24:MI:SS')
);

/* INSERT QUERY NO: 8 */

INSERT INTO pfcs_detail_patient(NR_SEQUENCIA, NM_USUARIO, DT_ATUALIZACAO, NM_USUARIO_NREC, DT_ATUALIZACAO_NREC, NR_SEQ_DETAIL, ID_PATIENT, NM_PATIENT, NR_ENCOUNTER, DT_ENTRANCE, DS_GENDER, DS_CLASSIFICATION, DT_BIRTHDATE)
VALUES
(
nextval('pfcs_detail_patient_seq'), nm_usuario_p, clock_timestamp(), nm_usuario_p, clock_timestamp(), 22007, 1015594273, 'WILHELM, Anadir', 160969, (clock_timestamp() - (163/24/60)), 'Male', 'VIP', TO_DATE('01/10/1971 00:00:00', 'DD/MM/YYYY HH24:MI:SS')
);

-------------------------------------------------- pfcs_detail_bed --------------------------------------------------
/* INSERT QUERY NO: 7 */

INSERT INTO pfcs_detail_bed(NR_SEQUENCIA, DT_ATUALIZACAO, NM_USUARIO, DT_ATUALIZACAO_NREC, NM_USUARIO_NREC, CD_DEPARTMENT, DS_DEPARTMENT, NR_SEQ_DETAIL, DT_ENTRY_UNIT, DS_LOCATION)
VALUES
(
nextval('pfcs_detail_bed_seq'), (clock_timestamp() - (2698/24/60)), nm_usuario_p, (clock_timestamp() - (2698/24/60)), nm_usuario_p, 79415, 'East Wing', 22006, (clock_timestamp() - (2698/24/60)), 'Box 03'
);

/* INSERT QUERY NO: 8 */

INSERT INTO pfcs_detail_bed(NR_SEQUENCIA, DT_ATUALIZACAO, NM_USUARIO, DT_ATUALIZACAO_NREC, NM_USUARIO_NREC, CD_DEPARTMENT, DS_DEPARTMENT, NR_SEQ_DETAIL, DT_ENTRY_UNIT, DS_LOCATION)
VALUES
(
nextval('pfcs_detail_bed_seq'), (clock_timestamp() - (2698/24/60)), nm_usuario_p, (clock_timestamp() - (2698/24/60)), nm_usuario_p, 79415, 'East Wing', 22007, (clock_timestamp() - (2698/24/60)), 'Box 04'
);

 := pfcs_pck.pfcs_generate_results(
		vl_indicator_p => 2, nr_seq_indicator_p => nr_seq_indicator_p, nr_seq_operational_level_p => cd_estabelecimento_w, nm_usuario_p => nm_usuario_p, nr_seq_panel_p => pfcs_panel_seq_w);

CALL pfcs_pck.pfcs_update_detail(
		nr_seq_indicator_p => nr_seq_indicator_p,
		nr_seq_panel_p => pfcs_panel_seq_w,
		nr_seq_operational_level_p => cd_estabelecimento_w,
		nm_usuario_p => nm_usuario_p);

CALL pfcs_pck.pfcs_activate_records(
            nr_seq_indicator_p => nr_seq_indicator_p,
            nr_seq_operational_level_p => cd_estabelecimento_w,
            nm_usuario_p => nm_usuario_p);

commit;	

end;
$body$
LANGUAGE PLPGSQL
SECURITY DEFINER
;
-- REVOKE ALL ON PROCEDURE pfcs_generate_10_gl (nr_seq_indicator_p bigint) FROM PUBLIC;

