-- Generated by Ora2Pg, the Oracle database Schema converter, version 23.1
-- Copyright 2000-2022 Gilles DAROLD. All rights reserved.
-- DATASOURCE: dbi:Oracle:host=srv-dbora-03.whebdc.com.br;service_name=DEV_1815;port=1521

SET client_encoding TO 'UTF8';





CREATE OR REPLACE PROCEDURE pfcs_generate_5_tl (nr_seq_indicator_p bigint) AS $body$
DECLARE


pfcs_panel_seq_w			pfcs_panel.nr_sequencia%type;
cd_estabelecimento_w			bigint;
nm_usuario_p				varchar(20);


BEGIN

DELETE FROM pfcs_detail_device WHERE NR_SEQ_DETAIL in (40000,40001,40002,40003,40004,40005,40006,40007,40008,40009,40010,40011,40012,40013,40014,40015,40016,40017,40018,40019,40020,40021,40022,40023,40024,
40025,40026,40027,40028,40029,40030,40031,40032,40033,40034,40035,40036,40037,40038,40039,40040,40041,40042,40043,40044,40045,40046,40047,40048,40049,40050,40051,40052,40053,40054,40055,40056,40057,40058,40059,40060,40061,
40062,40063,40064,40065,40066,40067,40068,40069,40070,40071,40072,40073,40074,40075,40076,40077,40078,40079,40080,40081,40082,40083,40084,40085,40086,40087,40088,40089,40090,40091);

DELETE FROM pfcs_detail_patient WHERE NR_SEQ_DETAIL in (40000,40001,40002,40003,40004,40005,40006,40007,40008,40009,40010,40011,40012,40013,40014,40015,40016,40017,40018,40019,40020,40021,40022,40023,40024,
40025,40026,40027,40028,40029,40030,40031,40032,40033,40034,40035,40036,40037,40038,40039,40040,40041,40042,40043,40044,40045,40046,40047,40048,40049,40050,40051,40052,40053,40054,40055,40056,40057,40058,40059,40060,40061,
40062,40063,40064,40065,40066,40067,40068,40069,40070,40071,40072,40073,40074,40075,40076,40077,40078,40079,40080,40081,40082,40083,40084,40085,40086,40087,40088,40089,40090,40091);

DELETE FROM pfcs_detail_bed WHERE NR_SEQ_DETAIL in (40000,40001,40002,40003,40004,40005,40006,40007,40008,40009,40010,40011,40012,40013,40014,40015,40016,40017,40018,40019,40020,40021,40022,40023,40024,
40025,40026,40027,40028,40029,40030,40031,40032,40033,40034,40035,40036,40037,40038,40039,40040,40041,40042,40043,40044,40045,40046,40047,40048,40049,40050,40051,40052,40053,40054,40055,40056,40057,40058,40059,40060,40061,
40062,40063,40064,40065,40066,40067,40068,40069,40070,40071,40072,40073,40074,40075,40076,40077,40078,40079,40080,40081,40082,40083,40084,40085,40086,40087,40088,40089,40090,40091);

DELETE FROM pfcs_panel_detail WHERE NR_SEQ_INDICATOR = 46;

DELETE FROM pfcs_panel WHERE NR_SEQ_INDICATOR = 46;

nm_usuario_p := 'asimovbr';
cd_estabelecimento_w	:= pfcs_get_structure_level(cd_establishment_p => 1, ie_level_p => 'O', ie_info_p => 'C');

/* INSERT QUERY NO: 1 */

INSERT INTO pfcs_panel_detail(NR_SEQUENCIA, NM_USUARIO, DT_ATUALIZACAO, NM_USUARIO_NREC, DT_ATUALIZACAO_NREC, IE_SITUATION, NR_SEQ_INDICATOR, NR_SEQ_OPERATIONAL_LEVEL)
VALUES (
40000, nm_usuario_p, clock_timestamp(), nm_usuario_p, clock_timestamp(), 'T', nr_seq_indicator_p, cd_estabelecimento_w
);

/* INSERT QUERY NO: 2 */

INSERT INTO pfcs_panel_detail(NR_SEQUENCIA, NM_USUARIO, DT_ATUALIZACAO, NM_USUARIO_NREC, DT_ATUALIZACAO_NREC, IE_SITUATION, NR_SEQ_INDICATOR, NR_SEQ_OPERATIONAL_LEVEL)
VALUES (
40001, nm_usuario_p, clock_timestamp(), nm_usuario_p, clock_timestamp(), 'T', nr_seq_indicator_p, cd_estabelecimento_w
);

/* INSERT QUERY NO: 3 */

INSERT INTO pfcs_panel_detail(NR_SEQUENCIA, NM_USUARIO, DT_ATUALIZACAO, NM_USUARIO_NREC, DT_ATUALIZACAO_NREC, IE_SITUATION, NR_SEQ_INDICATOR, NR_SEQ_OPERATIONAL_LEVEL)
VALUES (
40002, nm_usuario_p, clock_timestamp(), nm_usuario_p, clock_timestamp(), 'T', nr_seq_indicator_p, cd_estabelecimento_w
);

/* INSERT QUERY NO: 4 */

INSERT INTO pfcs_panel_detail(NR_SEQUENCIA, NM_USUARIO, DT_ATUALIZACAO, NM_USUARIO_NREC, DT_ATUALIZACAO_NREC, IE_SITUATION, NR_SEQ_INDICATOR, NR_SEQ_OPERATIONAL_LEVEL)
VALUES (
40003, nm_usuario_p, clock_timestamp(), nm_usuario_p, clock_timestamp(), 'T', nr_seq_indicator_p, cd_estabelecimento_w
);

/* INSERT QUERY NO: 5 */

INSERT INTO pfcs_panel_detail(NR_SEQUENCIA, NM_USUARIO, DT_ATUALIZACAO, NM_USUARIO_NREC, DT_ATUALIZACAO_NREC, IE_SITUATION, NR_SEQ_INDICATOR, NR_SEQ_OPERATIONAL_LEVEL)
VALUES (
40004, nm_usuario_p, clock_timestamp(), nm_usuario_p, clock_timestamp(), 'T', nr_seq_indicator_p, cd_estabelecimento_w
);

/* INSERT QUERY NO: 6 */

INSERT INTO pfcs_panel_detail(NR_SEQUENCIA, NM_USUARIO, DT_ATUALIZACAO, NM_USUARIO_NREC, DT_ATUALIZACAO_NREC, IE_SITUATION, NR_SEQ_INDICATOR, NR_SEQ_OPERATIONAL_LEVEL)
VALUES (
40005, nm_usuario_p, clock_timestamp(), nm_usuario_p, clock_timestamp(), 'T', nr_seq_indicator_p, cd_estabelecimento_w
);

/* INSERT QUERY NO: 7 */

INSERT INTO pfcs_panel_detail(NR_SEQUENCIA, NM_USUARIO, DT_ATUALIZACAO, NM_USUARIO_NREC, DT_ATUALIZACAO_NREC, IE_SITUATION, NR_SEQ_INDICATOR, NR_SEQ_OPERATIONAL_LEVEL)
VALUES (
40006, nm_usuario_p, clock_timestamp(), nm_usuario_p, clock_timestamp(), 'T', nr_seq_indicator_p, cd_estabelecimento_w
);

/* INSERT QUERY NO: 8 */

INSERT INTO pfcs_panel_detail(NR_SEQUENCIA, NM_USUARIO, DT_ATUALIZACAO, NM_USUARIO_NREC, DT_ATUALIZACAO_NREC, IE_SITUATION, NR_SEQ_INDICATOR, NR_SEQ_OPERATIONAL_LEVEL)
VALUES (
40007, nm_usuario_p, clock_timestamp(), nm_usuario_p, clock_timestamp(), 'T', nr_seq_indicator_p, cd_estabelecimento_w
);

/* INSERT QUERY NO: 9 */

INSERT INTO pfcs_panel_detail(NR_SEQUENCIA, NM_USUARIO, DT_ATUALIZACAO, NM_USUARIO_NREC, DT_ATUALIZACAO_NREC, IE_SITUATION, NR_SEQ_INDICATOR, NR_SEQ_OPERATIONAL_LEVEL)
VALUES (
40008, nm_usuario_p, clock_timestamp(), nm_usuario_p, clock_timestamp(), 'T', nr_seq_indicator_p, cd_estabelecimento_w
);

/* INSERT QUERY NO: 10 */

INSERT INTO pfcs_panel_detail(NR_SEQUENCIA, NM_USUARIO, DT_ATUALIZACAO, NM_USUARIO_NREC, DT_ATUALIZACAO_NREC, IE_SITUATION, NR_SEQ_INDICATOR, NR_SEQ_OPERATIONAL_LEVEL)
VALUES (
40009, nm_usuario_p, clock_timestamp(), nm_usuario_p, clock_timestamp(), 'T', nr_seq_indicator_p, cd_estabelecimento_w
);

/* INSERT QUERY NO: 11 */

INSERT INTO pfcs_panel_detail(NR_SEQUENCIA, NM_USUARIO, DT_ATUALIZACAO, NM_USUARIO_NREC, DT_ATUALIZACAO_NREC, IE_SITUATION, NR_SEQ_INDICATOR, NR_SEQ_OPERATIONAL_LEVEL)
VALUES (
40010, nm_usuario_p, clock_timestamp(), nm_usuario_p, clock_timestamp(), 'T', nr_seq_indicator_p, cd_estabelecimento_w
);

/* INSERT QUERY NO: 12 */

INSERT INTO pfcs_panel_detail(NR_SEQUENCIA, NM_USUARIO, DT_ATUALIZACAO, NM_USUARIO_NREC, DT_ATUALIZACAO_NREC, IE_SITUATION, NR_SEQ_INDICATOR, NR_SEQ_OPERATIONAL_LEVEL)
VALUES (
40011, nm_usuario_p, clock_timestamp(), nm_usuario_p, clock_timestamp(), 'T', nr_seq_indicator_p, cd_estabelecimento_w
);

/* INSERT QUERY NO: 13 */

INSERT INTO pfcs_panel_detail(NR_SEQUENCIA, NM_USUARIO, DT_ATUALIZACAO, NM_USUARIO_NREC, DT_ATUALIZACAO_NREC, IE_SITUATION, NR_SEQ_INDICATOR, NR_SEQ_OPERATIONAL_LEVEL)
VALUES (
40012, nm_usuario_p, clock_timestamp(), nm_usuario_p, clock_timestamp(), 'T', nr_seq_indicator_p, cd_estabelecimento_w
);

/* INSERT QUERY NO: 14 */

INSERT INTO pfcs_panel_detail(NR_SEQUENCIA, NM_USUARIO, DT_ATUALIZACAO, NM_USUARIO_NREC, DT_ATUALIZACAO_NREC, IE_SITUATION, NR_SEQ_INDICATOR, NR_SEQ_OPERATIONAL_LEVEL)
VALUES (
40013, nm_usuario_p, clock_timestamp(), nm_usuario_p, clock_timestamp(), 'T', nr_seq_indicator_p, cd_estabelecimento_w
);

/* INSERT QUERY NO: 15 */

INSERT INTO pfcs_panel_detail(NR_SEQUENCIA, NM_USUARIO, DT_ATUALIZACAO, NM_USUARIO_NREC, DT_ATUALIZACAO_NREC, IE_SITUATION, NR_SEQ_INDICATOR, NR_SEQ_OPERATIONAL_LEVEL)
VALUES (
40014, nm_usuario_p, clock_timestamp(), nm_usuario_p, clock_timestamp(), 'T', nr_seq_indicator_p, cd_estabelecimento_w
);

/* INSERT QUERY NO: 16 */

INSERT INTO pfcs_panel_detail(NR_SEQUENCIA, NM_USUARIO, DT_ATUALIZACAO, NM_USUARIO_NREC, DT_ATUALIZACAO_NREC, IE_SITUATION, NR_SEQ_INDICATOR, NR_SEQ_OPERATIONAL_LEVEL)
VALUES (
40015, nm_usuario_p, clock_timestamp(), nm_usuario_p, clock_timestamp(), 'T', nr_seq_indicator_p, cd_estabelecimento_w
);

/* INSERT QUERY NO: 17 */

INSERT INTO pfcs_panel_detail(NR_SEQUENCIA, NM_USUARIO, DT_ATUALIZACAO, NM_USUARIO_NREC, DT_ATUALIZACAO_NREC, IE_SITUATION, NR_SEQ_INDICATOR, NR_SEQ_OPERATIONAL_LEVEL)
VALUES (
40016, nm_usuario_p, clock_timestamp(), nm_usuario_p, clock_timestamp(), 'T', nr_seq_indicator_p, cd_estabelecimento_w
);

/* INSERT QUERY NO: 18 */

INSERT INTO pfcs_panel_detail(NR_SEQUENCIA, NM_USUARIO, DT_ATUALIZACAO, NM_USUARIO_NREC, DT_ATUALIZACAO_NREC, IE_SITUATION, NR_SEQ_INDICATOR, NR_SEQ_OPERATIONAL_LEVEL)
VALUES (
40017, nm_usuario_p, clock_timestamp(), nm_usuario_p, clock_timestamp(), 'T', nr_seq_indicator_p, cd_estabelecimento_w
);

/* INSERT QUERY NO: 19 */

INSERT INTO pfcs_panel_detail(NR_SEQUENCIA, NM_USUARIO, DT_ATUALIZACAO, NM_USUARIO_NREC, DT_ATUALIZACAO_NREC, IE_SITUATION, NR_SEQ_INDICATOR, NR_SEQ_OPERATIONAL_LEVEL)
VALUES (
40018, nm_usuario_p, clock_timestamp(), nm_usuario_p, clock_timestamp(), 'T', nr_seq_indicator_p, cd_estabelecimento_w
);

/* INSERT QUERY NO: 20 */

INSERT INTO pfcs_panel_detail(NR_SEQUENCIA, NM_USUARIO, DT_ATUALIZACAO, NM_USUARIO_NREC, DT_ATUALIZACAO_NREC, IE_SITUATION, NR_SEQ_INDICATOR, NR_SEQ_OPERATIONAL_LEVEL)
VALUES (
40019, nm_usuario_p, clock_timestamp(), nm_usuario_p, clock_timestamp(), 'T', nr_seq_indicator_p, cd_estabelecimento_w
);

/* INSERT QUERY NO: 21 */

INSERT INTO pfcs_panel_detail(NR_SEQUENCIA, NM_USUARIO, DT_ATUALIZACAO, NM_USUARIO_NREC, DT_ATUALIZACAO_NREC, IE_SITUATION, NR_SEQ_INDICATOR, NR_SEQ_OPERATIONAL_LEVEL)
VALUES (
40020, nm_usuario_p, clock_timestamp(), nm_usuario_p, clock_timestamp(), 'T', nr_seq_indicator_p, cd_estabelecimento_w
);

/* INSERT QUERY NO: 22 */

INSERT INTO pfcs_panel_detail(NR_SEQUENCIA, NM_USUARIO, DT_ATUALIZACAO, NM_USUARIO_NREC, DT_ATUALIZACAO_NREC, IE_SITUATION, NR_SEQ_INDICATOR, NR_SEQ_OPERATIONAL_LEVEL)
VALUES (
40021, nm_usuario_p, clock_timestamp(), nm_usuario_p, clock_timestamp(), 'T', nr_seq_indicator_p, cd_estabelecimento_w
);

/* INSERT QUERY NO: 23 */

INSERT INTO pfcs_panel_detail(NR_SEQUENCIA, NM_USUARIO, DT_ATUALIZACAO, NM_USUARIO_NREC, DT_ATUALIZACAO_NREC, IE_SITUATION, NR_SEQ_INDICATOR, NR_SEQ_OPERATIONAL_LEVEL)
VALUES (
40022, nm_usuario_p, clock_timestamp(), nm_usuario_p, clock_timestamp(), 'T', nr_seq_indicator_p, cd_estabelecimento_w
);

/* INSERT QUERY NO: 24 */

INSERT INTO pfcs_panel_detail(NR_SEQUENCIA, NM_USUARIO, DT_ATUALIZACAO, NM_USUARIO_NREC, DT_ATUALIZACAO_NREC, IE_SITUATION, NR_SEQ_INDICATOR, NR_SEQ_OPERATIONAL_LEVEL)
VALUES (
40023, nm_usuario_p, clock_timestamp(), nm_usuario_p, clock_timestamp(), 'T', nr_seq_indicator_p, cd_estabelecimento_w
);

/* INSERT QUERY NO: 25 */

INSERT INTO pfcs_panel_detail(NR_SEQUENCIA, NM_USUARIO, DT_ATUALIZACAO, NM_USUARIO_NREC, DT_ATUALIZACAO_NREC, IE_SITUATION, NR_SEQ_INDICATOR, NR_SEQ_OPERATIONAL_LEVEL)
VALUES (
40024, nm_usuario_p, clock_timestamp(), nm_usuario_p, clock_timestamp(), 'T', nr_seq_indicator_p, cd_estabelecimento_w
);

/* INSERT QUERY NO: 26 */

INSERT INTO pfcs_panel_detail(NR_SEQUENCIA, NM_USUARIO, DT_ATUALIZACAO, NM_USUARIO_NREC, DT_ATUALIZACAO_NREC, IE_SITUATION, NR_SEQ_INDICATOR, NR_SEQ_OPERATIONAL_LEVEL)
VALUES (
40025, nm_usuario_p, clock_timestamp(), nm_usuario_p, clock_timestamp(), 'T', nr_seq_indicator_p, cd_estabelecimento_w
);

/* INSERT QUERY NO: 27 */

INSERT INTO pfcs_panel_detail(NR_SEQUENCIA, NM_USUARIO, DT_ATUALIZACAO, NM_USUARIO_NREC, DT_ATUALIZACAO_NREC, IE_SITUATION, NR_SEQ_INDICATOR, NR_SEQ_OPERATIONAL_LEVEL)
VALUES (
40026, nm_usuario_p, clock_timestamp(), nm_usuario_p, clock_timestamp(), 'T', nr_seq_indicator_p, cd_estabelecimento_w
);

/* INSERT QUERY NO: 28 */

INSERT INTO pfcs_panel_detail(NR_SEQUENCIA, NM_USUARIO, DT_ATUALIZACAO, NM_USUARIO_NREC, DT_ATUALIZACAO_NREC, IE_SITUATION, NR_SEQ_INDICATOR, NR_SEQ_OPERATIONAL_LEVEL)
VALUES (
40027, nm_usuario_p, clock_timestamp(), nm_usuario_p, clock_timestamp(), 'T', nr_seq_indicator_p, cd_estabelecimento_w
);

/* INSERT QUERY NO: 29 */

INSERT INTO pfcs_panel_detail(NR_SEQUENCIA, NM_USUARIO, DT_ATUALIZACAO, NM_USUARIO_NREC, DT_ATUALIZACAO_NREC, IE_SITUATION, NR_SEQ_INDICATOR, NR_SEQ_OPERATIONAL_LEVEL)
VALUES (
40028, nm_usuario_p, clock_timestamp(), nm_usuario_p, clock_timestamp(), 'T', nr_seq_indicator_p, cd_estabelecimento_w
);

/* INSERT QUERY NO: 30 */

INSERT INTO pfcs_panel_detail(NR_SEQUENCIA, NM_USUARIO, DT_ATUALIZACAO, NM_USUARIO_NREC, DT_ATUALIZACAO_NREC, IE_SITUATION, NR_SEQ_INDICATOR, NR_SEQ_OPERATIONAL_LEVEL)
VALUES (
40029, nm_usuario_p, clock_timestamp(), nm_usuario_p, clock_timestamp(), 'T', nr_seq_indicator_p, cd_estabelecimento_w
);

/* INSERT QUERY NO: 31 */

INSERT INTO pfcs_panel_detail(NR_SEQUENCIA, NM_USUARIO, DT_ATUALIZACAO, NM_USUARIO_NREC, DT_ATUALIZACAO_NREC, IE_SITUATION, NR_SEQ_INDICATOR, NR_SEQ_OPERATIONAL_LEVEL)
VALUES (
40030, nm_usuario_p, clock_timestamp(), nm_usuario_p, clock_timestamp(), 'T', nr_seq_indicator_p, cd_estabelecimento_w
);

-------------------------------------------------- pfcs_detail_device --------------------------------------------------
/* INSERT QUERY NO: 1 */

INSERT INTO pfcs_detail_device(NR_SEQUENCIA, DT_ATUALIZACAO, NM_USUARIO, DT_ATUALIZACAO_NREC, NM_USUARIO_NREC, CD_EQUIPAMENTO, DS_DEVICE, NR_SEQ_DETAIL, IE_BATTERY_STATUS)
VALUES (
nextval('pfcs_detail_device_seq'), clock_timestamp(), nm_usuario_p, clock_timestamp(), nm_usuario_p, 1501541292, 'Device 1', 40000, ''
);

/* INSERT QUERY NO: 2 */

INSERT INTO pfcs_detail_device(NR_SEQUENCIA, DT_ATUALIZACAO, NM_USUARIO, DT_ATUALIZACAO_NREC, NM_USUARIO_NREC, CD_EQUIPAMENTO, DS_DEVICE, NR_SEQ_DETAIL, IE_BATTERY_STATUS)
VALUES (
nextval('pfcs_detail_device_seq'), clock_timestamp(), nm_usuario_p, clock_timestamp(), nm_usuario_p, 1501541292, 'Device 2', 40001, ''
);

/* INSERT QUERY NO: 3 */

INSERT INTO pfcs_detail_device(NR_SEQUENCIA, DT_ATUALIZACAO, NM_USUARIO, DT_ATUALIZACAO_NREC, NM_USUARIO_NREC, CD_EQUIPAMENTO, DS_DEVICE, NR_SEQ_DETAIL, IE_BATTERY_STATUS)
VALUES (
nextval('pfcs_detail_device_seq'), clock_timestamp(), nm_usuario_p, clock_timestamp(), nm_usuario_p, 1501541297, 'Device 3', 40002, ''
);

/* INSERT QUERY NO: 4 */

INSERT INTO pfcs_detail_device(NR_SEQUENCIA, DT_ATUALIZACAO, NM_USUARIO, DT_ATUALIZACAO_NREC, NM_USUARIO_NREC, CD_EQUIPAMENTO, DS_DEVICE, NR_SEQ_DETAIL, IE_BATTERY_STATUS)
VALUES (
nextval('pfcs_detail_device_seq'), clock_timestamp(), nm_usuario_p, clock_timestamp(), nm_usuario_p, 1501541292, 'Device 4', 40003, 'low'
);

/* INSERT QUERY NO: 5 */

INSERT INTO pfcs_detail_device(NR_SEQUENCIA, DT_ATUALIZACAO, NM_USUARIO, DT_ATUALIZACAO_NREC, NM_USUARIO_NREC, CD_EQUIPAMENTO, DS_DEVICE, NR_SEQ_DETAIL, IE_BATTERY_STATUS)
VALUES (
nextval('pfcs_detail_device_seq'), clock_timestamp(), nm_usuario_p, clock_timestamp(), nm_usuario_p, 1501541297, 'Device 5', 40004, 'low'
);

/* INSERT QUERY NO: 6 */

INSERT INTO pfcs_detail_device(NR_SEQUENCIA, DT_ATUALIZACAO, NM_USUARIO, DT_ATUALIZACAO_NREC, NM_USUARIO_NREC, CD_EQUIPAMENTO, DS_DEVICE, NR_SEQ_DETAIL, IE_BATTERY_STATUS)
VALUES (
nextval('pfcs_detail_device_seq'), clock_timestamp(), nm_usuario_p, clock_timestamp(), nm_usuario_p, 1501541299, 'Device 6', 40005, ''
);

/* INSERT QUERY NO: 7 */

INSERT INTO pfcs_detail_device(NR_SEQUENCIA, DT_ATUALIZACAO, NM_USUARIO, DT_ATUALIZACAO_NREC, NM_USUARIO_NREC, CD_EQUIPAMENTO, DS_DEVICE, NR_SEQ_DETAIL, IE_BATTERY_STATUS)
VALUES (
nextval('pfcs_detail_device_seq'), clock_timestamp(), nm_usuario_p, clock_timestamp(), nm_usuario_p, 1501541288, 'Device 7', 40006, ''
);

/* INSERT QUERY NO: 8 */

INSERT INTO pfcs_detail_device(NR_SEQUENCIA, DT_ATUALIZACAO, NM_USUARIO, DT_ATUALIZACAO_NREC, NM_USUARIO_NREC, CD_EQUIPAMENTO, DS_DEVICE, NR_SEQ_DETAIL, IE_BATTERY_STATUS)
VALUES (
nextval('pfcs_detail_device_seq'), clock_timestamp(), nm_usuario_p, clock_timestamp(), nm_usuario_p, 1501541293, 'Device 8', 40007, 'low'
);

/* INSERT QUERY NO: 9 */

INSERT INTO pfcs_detail_device(NR_SEQUENCIA, DT_ATUALIZACAO, NM_USUARIO, DT_ATUALIZACAO_NREC, NM_USUARIO_NREC, CD_EQUIPAMENTO, DS_DEVICE, NR_SEQ_DETAIL, IE_BATTERY_STATUS)
VALUES (
nextval('pfcs_detail_device_seq'), clock_timestamp(), nm_usuario_p, clock_timestamp(), nm_usuario_p, 1501541294, 'Device 9', 40008, 'low'
);

/* INSERT QUERY NO: 10 */

INSERT INTO pfcs_detail_device(NR_SEQUENCIA, DT_ATUALIZACAO, NM_USUARIO, DT_ATUALIZACAO_NREC, NM_USUARIO_NREC, CD_EQUIPAMENTO, DS_DEVICE, NR_SEQ_DETAIL, IE_BATTERY_STATUS)
VALUES (
nextval('pfcs_detail_device_seq'), clock_timestamp(), nm_usuario_p, clock_timestamp(), nm_usuario_p, 1501541299, 'Device 10', 40009, ''
);

/* INSERT QUERY NO: 11 */

INSERT INTO pfcs_detail_device(NR_SEQUENCIA, DT_ATUALIZACAO, NM_USUARIO, DT_ATUALIZACAO_NREC, NM_USUARIO_NREC, CD_EQUIPAMENTO, DS_DEVICE, NR_SEQ_DETAIL, IE_BATTERY_STATUS)
VALUES (
nextval('pfcs_detail_device_seq'), clock_timestamp(), nm_usuario_p, clock_timestamp(), nm_usuario_p, 150154793400, 'Device 11', 40010, 'low'
);

/* INSERT QUERY NO: 12 */

INSERT INTO pfcs_detail_device(NR_SEQUENCIA, DT_ATUALIZACAO, NM_USUARIO, DT_ATUALIZACAO_NREC, NM_USUARIO_NREC, CD_EQUIPAMENTO, DS_DEVICE, NR_SEQ_DETAIL, IE_BATTERY_STATUS)
VALUES (
nextval('pfcs_detail_device_seq'), clock_timestamp(), nm_usuario_p, clock_timestamp(), nm_usuario_p, 1501541292, 'Device 12', 40011, 'empty'
);

/* INSERT QUERY NO: 13 */

INSERT INTO pfcs_detail_device(NR_SEQUENCIA, DT_ATUALIZACAO, NM_USUARIO, DT_ATUALIZACAO_NREC, NM_USUARIO_NREC, CD_EQUIPAMENTO, DS_DEVICE, NR_SEQ_DETAIL, IE_BATTERY_STATUS)
VALUES (
nextval('pfcs_detail_device_seq'), clock_timestamp(), nm_usuario_p, clock_timestamp(), nm_usuario_p, 1501541296, 'Device 13', 40012, 'empty'
);

/* INSERT QUERY NO: 14 */

INSERT INTO pfcs_detail_device(NR_SEQUENCIA, DT_ATUALIZACAO, NM_USUARIO, DT_ATUALIZACAO_NREC, NM_USUARIO_NREC, CD_EQUIPAMENTO, DS_DEVICE, NR_SEQ_DETAIL, IE_BATTERY_STATUS)
VALUES (
nextval('pfcs_detail_device_seq'), clock_timestamp(), nm_usuario_p, clock_timestamp(), nm_usuario_p, 1501541290, 'Device 14', 40013, 'empty'
);

/* INSERT QUERY NO: 15 */

INSERT INTO pfcs_detail_device(NR_SEQUENCIA, DT_ATUALIZACAO, NM_USUARIO, DT_ATUALIZACAO_NREC, NM_USUARIO_NREC, CD_EQUIPAMENTO, DS_DEVICE, NR_SEQ_DETAIL, IE_BATTERY_STATUS)
VALUES (
nextval('pfcs_detail_device_seq'), clock_timestamp(), nm_usuario_p, clock_timestamp(), nm_usuario_p, 1501541297, 'Device 15', 40014, 'low'
);

/* INSERT QUERY NO: 16 */

INSERT INTO pfcs_detail_device(NR_SEQUENCIA, DT_ATUALIZACAO, NM_USUARIO, DT_ATUALIZACAO_NREC, NM_USUARIO_NREC, CD_EQUIPAMENTO, DS_DEVICE, NR_SEQ_DETAIL, IE_BATTERY_STATUS)
VALUES (
nextval('pfcs_detail_device_seq'), clock_timestamp(), nm_usuario_p, clock_timestamp(), nm_usuario_p, 1501541287, 'Device 16', 40015, 'low'
);

/* INSERT QUERY NO: 17 */

INSERT INTO pfcs_detail_device(NR_SEQUENCIA, DT_ATUALIZACAO, NM_USUARIO, DT_ATUALIZACAO_NREC, NM_USUARIO_NREC, CD_EQUIPAMENTO, DS_DEVICE, NR_SEQ_DETAIL, IE_BATTERY_STATUS)
VALUES (
nextval('pfcs_detail_device_seq'), clock_timestamp(), nm_usuario_p, clock_timestamp(), nm_usuario_p, 1501541287, 'Device 17', 40016, 'low'
);

/* INSERT QUERY NO: 18 */

INSERT INTO pfcs_detail_device(NR_SEQUENCIA, DT_ATUALIZACAO, NM_USUARIO, DT_ATUALIZACAO_NREC, NM_USUARIO_NREC, CD_EQUIPAMENTO, DS_DEVICE, NR_SEQ_DETAIL, IE_BATTERY_STATUS)
VALUES (
nextval('pfcs_detail_device_seq'), clock_timestamp(), nm_usuario_p, clock_timestamp(), nm_usuario_p, 1501541288, 'Device 18', 40017, 'empty'
);

/* INSERT QUERY NO: 19 */

INSERT INTO pfcs_detail_device(NR_SEQUENCIA, DT_ATUALIZACAO, NM_USUARIO, DT_ATUALIZACAO_NREC, NM_USUARIO_NREC, CD_EQUIPAMENTO, DS_DEVICE, NR_SEQ_DETAIL, IE_BATTERY_STATUS)
VALUES (
nextval('pfcs_detail_device_seq'), clock_timestamp(), nm_usuario_p, clock_timestamp(), nm_usuario_p, 1501541293, 'Device 19', 40018, 'empty'
);

/* INSERT QUERY NO: 20 */

INSERT INTO pfcs_detail_device(NR_SEQUENCIA, DT_ATUALIZACAO, NM_USUARIO, DT_ATUALIZACAO_NREC, NM_USUARIO_NREC, CD_EQUIPAMENTO, DS_DEVICE, NR_SEQ_DETAIL, IE_BATTERY_STATUS)
VALUES (
nextval('pfcs_detail_device_seq'), clock_timestamp(), nm_usuario_p, clock_timestamp(), nm_usuario_p, 1501541294, 'Device 20', 40019, ''
);

/* INSERT QUERY NO: 21 */

INSERT INTO pfcs_detail_device(NR_SEQUENCIA, DT_ATUALIZACAO, NM_USUARIO, DT_ATUALIZACAO_NREC, NM_USUARIO_NREC, CD_EQUIPAMENTO, DS_DEVICE, NR_SEQ_DETAIL, IE_BATTERY_STATUS)
VALUES (
nextval('pfcs_detail_device_seq'), clock_timestamp(), nm_usuario_p, clock_timestamp(), nm_usuario_p, 1501541299, 'Device 21', 40020, ''
);

/* INSERT QUERY NO: 22 */

INSERT INTO pfcs_detail_device(NR_SEQUENCIA, DT_ATUALIZACAO, NM_USUARIO, DT_ATUALIZACAO_NREC, NM_USUARIO_NREC, CD_EQUIPAMENTO, DS_DEVICE, NR_SEQ_DETAIL, IE_BATTERY_STATUS)
VALUES (
nextval('pfcs_detail_device_seq'), clock_timestamp(), nm_usuario_p, clock_timestamp(), nm_usuario_p, 1501541287, 'Device 22', 40021, ''
);

/* INSERT QUERY NO: 23 */

INSERT INTO pfcs_detail_device(NR_SEQUENCIA, DT_ATUALIZACAO, NM_USUARIO, DT_ATUALIZACAO_NREC, NM_USUARIO_NREC, CD_EQUIPAMENTO, DS_DEVICE, NR_SEQ_DETAIL, IE_BATTERY_STATUS)
VALUES (
nextval('pfcs_detail_device_seq'), clock_timestamp(), nm_usuario_p, clock_timestamp(), nm_usuario_p, 1501541289, 'Device 23', 40022, 'empty'
);

/* INSERT QUERY NO: 24 */

INSERT INTO pfcs_detail_device(NR_SEQUENCIA, DT_ATUALIZACAO, NM_USUARIO, DT_ATUALIZACAO_NREC, NM_USUARIO_NREC, CD_EQUIPAMENTO, DS_DEVICE, NR_SEQ_DETAIL, IE_BATTERY_STATUS)
VALUES (
nextval('pfcs_detail_device_seq'), clock_timestamp(), nm_usuario_p, clock_timestamp(), nm_usuario_p, 1501541299, 'Device 24', 40023, ''
);

/* INSERT QUERY NO: 25 */

INSERT INTO pfcs_detail_device(NR_SEQUENCIA, DT_ATUALIZACAO, NM_USUARIO, DT_ATUALIZACAO_NREC, NM_USUARIO_NREC, CD_EQUIPAMENTO, DS_DEVICE, NR_SEQ_DETAIL, IE_BATTERY_STATUS)
VALUES (
nextval('pfcs_detail_device_seq'), clock_timestamp(), nm_usuario_p, clock_timestamp(), nm_usuario_p, 1501541291, 'Device 25', 40024, 'low'
);

/* INSERT QUERY NO: 26 */

INSERT INTO pfcs_detail_device(NR_SEQUENCIA, DT_ATUALIZACAO, NM_USUARIO, DT_ATUALIZACAO_NREC, NM_USUARIO_NREC, CD_EQUIPAMENTO, DS_DEVICE, NR_SEQ_DETAIL, IE_BATTERY_STATUS)
VALUES (
nextval('pfcs_detail_device_seq'), clock_timestamp(), nm_usuario_p, clock_timestamp(), nm_usuario_p, 1501541299, 'Device 26', 40025, 'low'
);

/* INSERT QUERY NO: 27 */

INSERT INTO pfcs_detail_device(NR_SEQUENCIA, DT_ATUALIZACAO, NM_USUARIO, DT_ATUALIZACAO_NREC, NM_USUARIO_NREC, CD_EQUIPAMENTO, DS_DEVICE, NR_SEQ_DETAIL, IE_BATTERY_STATUS)
VALUES (
nextval('pfcs_detail_device_seq'), clock_timestamp(), nm_usuario_p, clock_timestamp(), nm_usuario_p, 1501541294, 'Device 27', 40026, 'low'
);

/* INSERT QUERY NO: 28 */

INSERT INTO pfcs_detail_device(NR_SEQUENCIA, DT_ATUALIZACAO, NM_USUARIO, DT_ATUALIZACAO_NREC, NM_USUARIO_NREC, CD_EQUIPAMENTO, DS_DEVICE, NR_SEQ_DETAIL, IE_BATTERY_STATUS)
VALUES (
nextval('pfcs_detail_device_seq'), clock_timestamp(), nm_usuario_p, clock_timestamp(), nm_usuario_p, 1501541288, 'Device 28', 40027, 'empty'
);

/* INSERT QUERY NO: 29 */

INSERT INTO pfcs_detail_device(NR_SEQUENCIA, DT_ATUALIZACAO, NM_USUARIO, DT_ATUALIZACAO_NREC, NM_USUARIO_NREC, CD_EQUIPAMENTO, DS_DEVICE, NR_SEQ_DETAIL, IE_BATTERY_STATUS)
VALUES (
nextval('pfcs_detail_device_seq'), clock_timestamp(), nm_usuario_p, clock_timestamp(), nm_usuario_p, 1501541293, 'Device 29', 40028, 'empty'
);

/* INSERT QUERY NO: 30 */

INSERT INTO pfcs_detail_device(NR_SEQUENCIA, DT_ATUALIZACAO, NM_USUARIO, DT_ATUALIZACAO_NREC, NM_USUARIO_NREC, CD_EQUIPAMENTO, DS_DEVICE, NR_SEQ_DETAIL, IE_BATTERY_STATUS)
VALUES (
nextval('pfcs_detail_device_seq'), clock_timestamp(), nm_usuario_p, clock_timestamp(), nm_usuario_p, 150154793401, 'Device 30', 40029, 'low'
);

/* INSERT QUERY NO: 31 */

INSERT INTO pfcs_detail_device(NR_SEQUENCIA, DT_ATUALIZACAO, NM_USUARIO, DT_ATUALIZACAO_NREC, NM_USUARIO_NREC, CD_EQUIPAMENTO, DS_DEVICE, NR_SEQ_DETAIL, IE_BATTERY_STATUS)
VALUES (
nextval('pfcs_detail_device_seq'), clock_timestamp(), nm_usuario_p, clock_timestamp(), nm_usuario_p, 1501541299, 'Device 31', 40030, 'empty'
);


/* INSERT QUERY NO: 1 */

INSERT INTO pfcs_detail_patient(NR_SEQUENCIA, NM_USUARIO, DT_ATUALIZACAO, NM_USUARIO_NREC, DT_ATUALIZACAO_NREC, NR_SEQ_DETAIL, NR_ENCOUNTER, ID_PATIENT, NM_PATIENT, DT_BIRTHDATE, DS_PRIMARY_DIAGNOSIS, DS_GENDER, DS_DNR_STATUS, QT_TIME_TELEMETRY, CD_CLASSIFICATION, DS_CLASSIFICATION, DT_ENTRANCE, DS_SERVICE_LINE, QT_YELLOW_ALARMS, QT_RED_ALARMS)
VALUES (
nextval('pfcs_detail_patient_seq'), nm_usuario_p, clock_timestamp(), nm_usuario_p, clock_timestamp(), 40000, 991798, 625035, 'BONES, Billy', TO_DATE('24/03/2000 00:00:00', 'DD/MM/YYYY HH24:MI:SS'), '', 'Male', '', 35, 1,  'Risco de queda', (clock_timestamp() - interval '1 days'), 'NIGRE, Luiz Gustavo', 0, 1
);

/* INSERT QUERY NO: 2 */

INSERT INTO pfcs_detail_patient(NR_SEQUENCIA, NM_USUARIO, DT_ATUALIZACAO, NM_USUARIO_NREC, DT_ATUALIZACAO_NREC, NR_SEQ_DETAIL, NR_ENCOUNTER, ID_PATIENT, NM_PATIENT, DT_BIRTHDATE, DS_PRIMARY_DIAGNOSIS, DS_GENDER, DS_DNR_STATUS, QT_TIME_TELEMETRY, CD_CLASSIFICATION, DS_CLASSIFICATION, DT_ENTRANCE, DS_SERVICE_LINE, QT_YELLOW_ALARMS, QT_RED_ALARMS)
VALUES (
nextval('pfcs_detail_patient_seq'), nm_usuario_p, clock_timestamp(), nm_usuario_p, clock_timestamp(), 40001, 146465, 4906311, 'BARBOSA, ALECSANDRA', TO_DATE('10/12/1973 00:00:00', 'DD/MM/YYYY HH24:MI:SS'), '', 'Female', '', 70, 2, 'VIP', (clock_timestamp() - interval '2 days'), 'Mack, Pruitt', 0, 1
);

/* INSERT QUERY NO: 3 */

INSERT INTO pfcs_detail_patient(NR_SEQUENCIA, NM_USUARIO, DT_ATUALIZACAO, NM_USUARIO_NREC, DT_ATUALIZACAO_NREC, NR_SEQ_DETAIL, NR_ENCOUNTER, ID_PATIENT, NM_PATIENT, DT_BIRTHDATE, DS_PRIMARY_DIAGNOSIS, DS_GENDER, DS_DNR_STATUS, QT_TIME_TELEMETRY, CD_CLASSIFICATION, DS_CLASSIFICATION, DT_ENTRANCE, DS_SERVICE_LINE, QT_YELLOW_ALARMS, QT_RED_ALARMS)
VALUES (
nextval('pfcs_detail_patient_seq'), nm_usuario_p, clock_timestamp(), nm_usuario_p, clock_timestamp(), 40002, 3408849, 1015781776, 'ANANIAS, Vitor hugo', TO_DATE('27/08/1986 00:00:00', 'DD/MM/YYYY HH24:MI:SS'), '', 'Male', '', 85, 3, 'Pádua', (clock_timestamp() - interval '5 days'), 'Ruby, Hail', 1, 0
);

/* INSERT QUERY NO: 4 */

INSERT INTO pfcs_detail_patient(NR_SEQUENCIA, NM_USUARIO, DT_ATUALIZACAO, NM_USUARIO_NREC, DT_ATUALIZACAO_NREC, NR_SEQ_DETAIL, NR_ENCOUNTER, ID_PATIENT, NM_PATIENT, DT_BIRTHDATE, DS_PRIMARY_DIAGNOSIS, DS_GENDER, DS_DNR_STATUS, QT_TIME_TELEMETRY, CD_CLASSIFICATION, DS_CLASSIFICATION, DT_ENTRANCE, DS_SERVICE_LINE, QT_YELLOW_ALARMS, QT_RED_ALARMS)
VALUES (
nextval('pfcs_detail_patient_seq'), nm_usuario_p, clock_timestamp(), nm_usuario_p, clock_timestamp(), 40003, 3399892, 1015785789, 'AATROX, Aatrox', TO_DATE('11/11/1991 00:00:00', 'DD/MM/YYYY HH24:MI:SS'), 'Severe right wrist pain', 'Male', '', 120, 2, 'VIP', (clock_timestamp() - interval '3 days'), 'Rahim, Chapman', 0, 1
);

/* INSERT QUERY NO: 5 */

INSERT INTO pfcs_detail_patient(NR_SEQUENCIA, NM_USUARIO, DT_ATUALIZACAO, NM_USUARIO_NREC, DT_ATUALIZACAO_NREC, NR_SEQ_DETAIL, NR_ENCOUNTER, ID_PATIENT, NM_PATIENT, DT_BIRTHDATE, DS_PRIMARY_DIAGNOSIS, DS_GENDER, DS_DNR_STATUS, QT_TIME_TELEMETRY, CD_CLASSIFICATION, DS_CLASSIFICATION, DT_ENTRANCE, DS_SERVICE_LINE, QT_YELLOW_ALARMS, QT_RED_ALARMS)
VALUES (
nextval('pfcs_detail_patient_seq'), nm_usuario_p, clock_timestamp(), nm_usuario_p, clock_timestamp(), 40004, 123267, 1015548992, 'BENATTI, Thainã', TO_DATE('16/08/1995 00:00:00', 'DD/MM/YYYY HH24:MI:SS'), '', 'Male', '', 145, 2, 'VIP', (clock_timestamp() - interval '2 days'), 'Teejay, Hays', 0, 1
);

/* INSERT QUERY NO: 6 */

INSERT INTO pfcs_detail_patient(NR_SEQUENCIA, NM_USUARIO, DT_ATUALIZACAO, NM_USUARIO_NREC, DT_ATUALIZACAO_NREC, NR_SEQ_DETAIL, NR_ENCOUNTER, ID_PATIENT, NM_PATIENT, DT_BIRTHDATE, DS_PRIMARY_DIAGNOSIS, DS_GENDER, DS_DNR_STATUS, QT_TIME_TELEMETRY, CD_CLASSIFICATION, DS_CLASSIFICATION, DT_ENTRANCE, DS_SERVICE_LINE, QT_YELLOW_ALARMS, QT_RED_ALARMS)
VALUES (
nextval('pfcs_detail_patient_seq'), nm_usuario_p, clock_timestamp(), nm_usuario_p, clock_timestamp(), 40005, 3352673, 1015775260, 'Rosa Philips', TO_DATE('28/10/1990 00:00:00', 'DD/MM/YYYY HH24:MI:SS'), 'Frozen left arm', 'Female', '', 172, 1,  'Risco de queda', (clock_timestamp() - interval '5 days'), 'Roma, Vickers', 0, 1
);

/* INSERT QUERY NO: 7 */

INSERT INTO pfcs_detail_patient(NR_SEQUENCIA, NM_USUARIO, DT_ATUALIZACAO, NM_USUARIO_NREC, DT_ATUALIZACAO_NREC, NR_SEQ_DETAIL, NR_ENCOUNTER, ID_PATIENT, NM_PATIENT, DT_BIRTHDATE, DS_PRIMARY_DIAGNOSIS, DS_GENDER, DS_DNR_STATUS, QT_TIME_TELEMETRY, CD_CLASSIFICATION, DS_CLASSIFICATION, DT_ENTRANCE, DS_SERVICE_LINE, QT_YELLOW_ALARMS, QT_RED_ALARMS)
VALUES (
nextval('pfcs_detail_patient_seq'), nm_usuario_p, clock_timestamp(), nm_usuario_p, clock_timestamp(), 40006, 123561, 5541224, 'ALEXANDRE, Ada', TO_DATE('13/10/1960 00:00:00', 'DD/MM/YYYY HH24:MI:SS'), 'High Palpitation', 'Female', '', 199, 2, 'VIP', (clock_timestamp() - interval '4 days'), 'Mia, Carter', 0, 1
);

/* INSERT QUERY NO: 8 */

INSERT INTO pfcs_detail_patient(NR_SEQUENCIA, NM_USUARIO, DT_ATUALIZACAO, NM_USUARIO_NREC, DT_ATUALIZACAO_NREC, NR_SEQ_DETAIL, NR_ENCOUNTER, ID_PATIENT, NM_PATIENT, DT_BIRTHDATE, DS_PRIMARY_DIAGNOSIS, DS_GENDER, DS_DNR_STATUS, QT_TIME_TELEMETRY, CD_CLASSIFICATION, DS_CLASSIFICATION, DT_ENTRANCE, DS_SERVICE_LINE, QT_YELLOW_ALARMS, QT_RED_ALARMS)
VALUES (
nextval('pfcs_detail_patient_seq'), nm_usuario_p, clock_timestamp(), nm_usuario_p, clock_timestamp(), 40007, 36199, 548713, 'CASAS, Jerusa', TO_DATE('28/12/1960 00:00:00', 'DD/MM/YYYY HH24:MI:SS'), '', 'Female', '', 35, 2, 'VIP', (clock_timestamp() - interval '1 days'), 'Tobi, Meza', 1, 0
);

/* INSERT QUERY NO: 9 */

INSERT INTO pfcs_detail_patient(NR_SEQUENCIA, NM_USUARIO, DT_ATUALIZACAO, NM_USUARIO_NREC, DT_ATUALIZACAO_NREC, NR_SEQ_DETAIL, NR_ENCOUNTER, ID_PATIENT, NM_PATIENT, DT_BIRTHDATE, DS_PRIMARY_DIAGNOSIS, DS_GENDER, DS_DNR_STATUS, QT_TIME_TELEMETRY, CD_CLASSIFICATION, DS_CLASSIFICATION, DT_ENTRANCE, DS_SERVICE_LINE, QT_YELLOW_ALARMS, QT_RED_ALARMS)
VALUES (
nextval('pfcs_detail_patient_seq'), nm_usuario_p, clock_timestamp(), nm_usuario_p, clock_timestamp(), 40008, 56180, 1365994, 'CASAS, Gustavo', TO_DATE('10/11/2010 00:00:00', 'DD/MM/YYYY HH24:MI:SS'), '', 'Male', '', 70, 2, 'VIP', (clock_timestamp() - interval '6 days'), 'Marta, Lang', 0, 1
);

/* INSERT QUERY NO: 10 */

INSERT INTO pfcs_detail_patient(NR_SEQUENCIA, NM_USUARIO, DT_ATUALIZACAO, NM_USUARIO_NREC, DT_ATUALIZACAO_NREC, NR_SEQ_DETAIL, NR_ENCOUNTER, ID_PATIENT, NM_PATIENT, DT_BIRTHDATE, DS_PRIMARY_DIAGNOSIS, DS_GENDER, DS_DNR_STATUS, QT_TIME_TELEMETRY, CD_CLASSIFICATION, DS_CLASSIFICATION, DT_ENTRANCE, DS_SERVICE_LINE, QT_YELLOW_ALARMS, QT_RED_ALARMS)
VALUES (
nextval('pfcs_detail_patient_seq'), nm_usuario_p, clock_timestamp(), nm_usuario_p, clock_timestamp(), 40009, 3382964, 1015790395, 'CASILLAS, Iker', TO_DATE('08/01/1947 00:00:00', 'DD/MM/YYYY HH24:MI:SS'), '', 'Male', '', 85, 1,  'Risco de queda', (clock_timestamp() - interval '10 days'), 'Efa, Kemp', 0, 0
);

/* INSERT QUERY NO: 11 */

INSERT INTO pfcs_detail_patient(NR_SEQUENCIA, NM_USUARIO, DT_ATUALIZACAO, NM_USUARIO_NREC, DT_ATUALIZACAO_NREC, NR_SEQ_DETAIL, NR_ENCOUNTER, ID_PATIENT, NM_PATIENT, DT_BIRTHDATE, DS_PRIMARY_DIAGNOSIS, DS_GENDER, DS_DNR_STATUS, QT_TIME_TELEMETRY, CD_CLASSIFICATION, DS_CLASSIFICATION, DT_ENTRANCE, DS_SERVICE_LINE, QT_YELLOW_ALARMS, QT_RED_ALARMS)
VALUES (
nextval('pfcs_detail_patient_seq'), nm_usuario_p, clock_timestamp(), nm_usuario_p, clock_timestamp(), 40010, 3349696, 15, 'CASSIA, Rita', TO_DATE('17/01/1987 00:00:00', 'DD/MM/YYYY HH24:MI:SS'), '', 'Female', '', 120, 2, 'VIP', (clock_timestamp() - interval '1 days'), 'Imaad, Cline', 0, 0
);

/* INSERT QUERY NO: 12 */

INSERT INTO pfcs_detail_patient(NR_SEQUENCIA, NM_USUARIO, DT_ATUALIZACAO, NM_USUARIO_NREC, DT_ATUALIZACAO_NREC, NR_SEQ_DETAIL, NR_ENCOUNTER, ID_PATIENT, NM_PATIENT, DT_BIRTHDATE, DS_PRIMARY_DIAGNOSIS, DS_GENDER, DS_DNR_STATUS, QT_TIME_TELEMETRY, CD_CLASSIFICATION, DS_CLASSIFICATION, DT_ENTRANCE, DS_SERVICE_LINE, QT_YELLOW_ALARMS, QT_RED_ALARMS)
VALUES (
nextval('pfcs_detail_patient_seq'), nm_usuario_p, clock_timestamp(), nm_usuario_p, clock_timestamp(), 40011, 3398170, 2275867, 'Cláudia Maieski', TO_DATE('01/01/1997 00:00:00', 'DD/MM/YYYY HH24:MI:SS'), '', 'Female', 'DNR', 145, 2, 'VIP', (clock_timestamp() - interval '9 days'), 'Arwen, Lord', 0, 0
);

/* INSERT QUERY NO: 13 */

INSERT INTO pfcs_detail_patient(NR_SEQUENCIA, NM_USUARIO, DT_ATUALIZACAO, NM_USUARIO_NREC, DT_ATUALIZACAO_NREC, NR_SEQ_DETAIL, NR_ENCOUNTER, ID_PATIENT, NM_PATIENT, DT_BIRTHDATE, DS_PRIMARY_DIAGNOSIS, DS_GENDER, DS_DNR_STATUS, QT_TIME_TELEMETRY, CD_CLASSIFICATION, DS_CLASSIFICATION, DT_ENTRANCE, DS_SERVICE_LINE, QT_YELLOW_ALARMS, QT_RED_ALARMS)
VALUES (
nextval('pfcs_detail_patient_seq'), nm_usuario_p, clock_timestamp(), nm_usuario_p, clock_timestamp(), 40012, 157409, 4580674, 'CORREIA, Maicon', TO_DATE('03/12/1998 00:00:00', 'DD/MM/YYYY HH24:MI:SS'), '', 'Male', '', 172, 2, 'VIP', (clock_timestamp() - interval '5 days'), 'April, Talbot', 0, 1
);

/* INSERT QUERY NO: 14 */

INSERT INTO pfcs_detail_patient(NR_SEQUENCIA, NM_USUARIO, DT_ATUALIZACAO, NM_USUARIO_NREC, DT_ATUALIZACAO_NREC, NR_SEQ_DETAIL, NR_ENCOUNTER, ID_PATIENT, NM_PATIENT, DT_BIRTHDATE, DS_PRIMARY_DIAGNOSIS, DS_GENDER, DS_DNR_STATUS, QT_TIME_TELEMETRY, CD_CLASSIFICATION, DS_CLASSIFICATION, DT_ENTRANCE, DS_SERVICE_LINE, QT_YELLOW_ALARMS, QT_RED_ALARMS)
VALUES (
nextval('pfcs_detail_patient_seq'), nm_usuario_p, clock_timestamp(), nm_usuario_p, clock_timestamp(), 40013, 149000, 49864, 'COULTHARD, Frida', TO_DATE('17/10/1980 00:00:00', 'DD/MM/YYYY HH24:MI:SS'), '', 'Female', '', 199, 1,  'Risco de queda', (clock_timestamp() - interval '4 days'), 'Alexandre, Atkinson', 1, 0
);

/* INSERT QUERY NO: 15 */

INSERT INTO pfcs_detail_patient(NR_SEQUENCIA, NM_USUARIO, DT_ATUALIZACAO, NM_USUARIO_NREC, DT_ATUALIZACAO_NREC, NR_SEQ_DETAIL, NR_ENCOUNTER, ID_PATIENT, NM_PATIENT, DT_BIRTHDATE, DS_PRIMARY_DIAGNOSIS, DS_GENDER, DS_DNR_STATUS, QT_TIME_TELEMETRY, CD_CLASSIFICATION, DS_CLASSIFICATION, DT_ENTRANCE, DS_SERVICE_LINE, QT_YELLOW_ALARMS, QT_RED_ALARMS)
VALUES (
nextval('pfcs_detail_patient_seq'), nm_usuario_p, clock_timestamp(), nm_usuario_p, clock_timestamp(), 40014, 3338481, 2489887, 'CUNHA, Abelim', TO_DATE('14/03/1984 00:00:00', 'DD/MM/YYYY HH24:MI:SS'), '', 'Female', '', 35, 2, 'VIP', (clock_timestamp() - interval '7 days'), 'Craig, Johnston', 0, 1
);

/* INSERT QUERY NO: 16 */

INSERT INTO pfcs_detail_patient(NR_SEQUENCIA, NM_USUARIO, DT_ATUALIZACAO, NM_USUARIO_NREC, DT_ATUALIZACAO_NREC, NR_SEQ_DETAIL, NR_ENCOUNTER, ID_PATIENT, NM_PATIENT, DT_BIRTHDATE, DS_PRIMARY_DIAGNOSIS, DS_GENDER, DS_DNR_STATUS, QT_TIME_TELEMETRY, CD_CLASSIFICATION, DS_CLASSIFICATION, DT_ENTRANCE, DS_SERVICE_LINE, QT_YELLOW_ALARMS, QT_RED_ALARMS)
VALUES (
nextval('pfcs_detail_patient_seq'), nm_usuario_p, clock_timestamp(), nm_usuario_p, clock_timestamp(), 40015, 10438, 2420334, 'DA CUNHA, Sidnei', TO_DATE('01/01/1980 00:00:00', 'DD/MM/YYYY HH24:MI:SS'), '', 'Male', '', 70, 2, 'VIP', (clock_timestamp() - interval '5 days'), 'Yazmin, Long', 0, 1
);

/* INSERT QUERY NO: 17 */

INSERT INTO pfcs_detail_patient(NR_SEQUENCIA, NM_USUARIO, DT_ATUALIZACAO, NM_USUARIO_NREC, DT_ATUALIZACAO_NREC, NR_SEQ_DETAIL, NR_ENCOUNTER, ID_PATIENT, NM_PATIENT, DT_BIRTHDATE, DS_PRIMARY_DIAGNOSIS, DS_GENDER, DS_DNR_STATUS, QT_TIME_TELEMETRY, CD_CLASSIFICATION, DS_CLASSIFICATION, DT_ENTRANCE, DS_SERVICE_LINE, QT_YELLOW_ALARMS, QT_RED_ALARMS)
VALUES (
nextval('pfcs_detail_patient_seq'), nm_usuario_p, clock_timestamp(), nm_usuario_p, clock_timestamp(), 40016, 158942, 1015591083, 'DELLADREA, ANDRE', TO_DATE('20/07/1997 00:00:00', 'DD/MM/YYYY HH24:MI:SS'), '', 'Male', '', 85, 1,  'Risco de queda', (clock_timestamp() - interval '2 days'), 'Princess, Thatcher', 1, 0
);

/* INSERT QUERY NO: 18 */

INSERT INTO pfcs_detail_patient(NR_SEQUENCIA, NM_USUARIO, DT_ATUALIZACAO, NM_USUARIO_NREC, DT_ATUALIZACAO_NREC, NR_SEQ_DETAIL, NR_ENCOUNTER, ID_PATIENT, NM_PATIENT, DT_BIRTHDATE, DS_PRIMARY_DIAGNOSIS, DS_GENDER, DS_DNR_STATUS, QT_TIME_TELEMETRY, CD_CLASSIFICATION, DS_CLASSIFICATION, DT_ENTRANCE, DS_SERVICE_LINE, QT_YELLOW_ALARMS, QT_RED_ALARMS)
VALUES (
nextval('pfcs_detail_patient_seq'), nm_usuario_p, clock_timestamp(), nm_usuario_p, clock_timestamp(), 40017, 19924, 1724108, 'DONHINI, Valdemar', TO_DATE('06/02/1967 00:00:00', 'DD/MM/YYYY HH24:MI:SS'), 'Severe right wrist pain', 'Male', '', 120, 2, 'VIP', (clock_timestamp() - interval '3 days'), 'Tatiana, Weaver', 1, 0
);

/* INSERT QUERY NO: 19 */

INSERT INTO pfcs_detail_patient(NR_SEQUENCIA, NM_USUARIO, DT_ATUALIZACAO, NM_USUARIO_NREC, DT_ATUALIZACAO_NREC, NR_SEQ_DETAIL, NR_ENCOUNTER, ID_PATIENT, NM_PATIENT, DT_BIRTHDATE, DS_PRIMARY_DIAGNOSIS, DS_GENDER, DS_DNR_STATUS, QT_TIME_TELEMETRY, CD_CLASSIFICATION, DS_CLASSIFICATION, DT_ENTRANCE, DS_SERVICE_LINE, QT_YELLOW_ALARMS, QT_RED_ALARMS)
VALUES (
nextval('pfcs_detail_patient_seq'), nm_usuario_p, clock_timestamp(), nm_usuario_p, clock_timestamp(), 40018, 40524, 196341, 'FARIAS, Zilda', TO_DATE('08/10/2019 00:00:00', 'DD/MM/YYYY HH24:MI:SS'), '', 'Female', '', 145, 2, 'VIP', (clock_timestamp() - interval '2 days'), 'Aislinn, Ahmad', 1, 0
);

/* INSERT QUERY NO: 20 */

INSERT INTO pfcs_detail_patient(NR_SEQUENCIA, NM_USUARIO, DT_ATUALIZACAO, NM_USUARIO_NREC, DT_ATUALIZACAO_NREC, NR_SEQ_DETAIL, NR_ENCOUNTER, ID_PATIENT, NM_PATIENT, DT_BIRTHDATE, DS_PRIMARY_DIAGNOSIS, DS_GENDER, DS_DNR_STATUS, QT_TIME_TELEMETRY, CD_CLASSIFICATION, DS_CLASSIFICATION, DT_ENTRANCE, DS_SERVICE_LINE, QT_YELLOW_ALARMS, QT_RED_ALARMS)
VALUES (
nextval('pfcs_detail_patient_seq'), nm_usuario_p, clock_timestamp(), nm_usuario_p, clock_timestamp(), 40019, 3381184, 4580607, 'FELLER, Luiz', TO_DATE('20/09/2017 00:00:00', 'DD/MM/YYYY HH24:MI:SS'), 'Frozen left arm', 'Male', '', 172, 2, 'VIP', (clock_timestamp() - interval '4 days'), 'Sarah, Betts', 1, 0
);

/* INSERT QUERY NO: 21 */

INSERT INTO pfcs_detail_patient(NR_SEQUENCIA, NM_USUARIO, DT_ATUALIZACAO, NM_USUARIO_NREC, DT_ATUALIZACAO_NREC, NR_SEQ_DETAIL, NR_ENCOUNTER, ID_PATIENT, NM_PATIENT, DT_BIRTHDATE, DS_PRIMARY_DIAGNOSIS, DS_GENDER, DS_DNR_STATUS, QT_TIME_TELEMETRY, CD_CLASSIFICATION, DS_CLASSIFICATION, DT_ENTRANCE, DS_SERVICE_LINE, QT_YELLOW_ALARMS, QT_RED_ALARMS)
VALUES (
nextval('pfcs_detail_patient_seq'), nm_usuario_p, clock_timestamp(), nm_usuario_p, clock_timestamp(), 40020, 137489, 1015597876, 'FORMENTO, Rafael', TO_DATE('05/10/1965 00:00:00', 'DD/MM/YYYY HH24:MI:SS'), 'High Palpitation', 'Male', 'DNR', 199, 2, 'VIP', (clock_timestamp() - interval '7 days'), 'Ariah, Cuevas', 0, 0
);

/* INSERT QUERY NO: 22 */

INSERT INTO pfcs_detail_patient(NR_SEQUENCIA, NM_USUARIO, DT_ATUALIZACAO, NM_USUARIO_NREC, DT_ATUALIZACAO_NREC, NR_SEQ_DETAIL, NR_ENCOUNTER, ID_PATIENT, NM_PATIENT, DT_BIRTHDATE, DS_PRIMARY_DIAGNOSIS, DS_GENDER, DS_DNR_STATUS, QT_TIME_TELEMETRY, CD_CLASSIFICATION, DS_CLASSIFICATION, DT_ENTRANCE, DS_SERVICE_LINE, QT_YELLOW_ALARMS, QT_RED_ALARMS)
VALUES (
nextval('pfcs_detail_patient_seq'), nm_usuario_p, clock_timestamp(), nm_usuario_p, clock_timestamp(), 40021, 3396952, 1015582704, 'FREDERICO, ELTON', TO_DATE('09/09/1992 00:00:00', 'DD/MM/YYYY HH24:MI:SS'), '', 'Male', '', 35, 2, 'VIP', (clock_timestamp() - interval '5 days'), 'Winifred, Parra', 1, 0
);

/* INSERT QUERY NO: 23 */

INSERT INTO pfcs_detail_patient(NR_SEQUENCIA, NM_USUARIO, DT_ATUALIZACAO, NM_USUARIO_NREC, DT_ATUALIZACAO_NREC, NR_SEQ_DETAIL, NR_ENCOUNTER, ID_PATIENT, NM_PATIENT, DT_BIRTHDATE, DS_PRIMARY_DIAGNOSIS, DS_GENDER, DS_DNR_STATUS, QT_TIME_TELEMETRY, CD_CLASSIFICATION, DS_CLASSIFICATION, DT_ENTRANCE, DS_SERVICE_LINE, QT_YELLOW_ALARMS, QT_RED_ALARMS)
VALUES (
nextval('pfcs_detail_patient_seq'), nm_usuario_p, clock_timestamp(), nm_usuario_p, clock_timestamp(), 40022, 3404374, 1015602941, 'FUGIMOTO, Patricia', TO_DATE('02/12/1996 00:00:00', 'DD/MM/YYYY HH24:MI:SS'), '', 'Female', '', 70, 2, 'VIP', (clock_timestamp() - interval '1 days'), 'Kristy, Eaton', 0, 1
);

/* INSERT QUERY NO: 24 */

INSERT INTO pfcs_detail_patient(NR_SEQUENCIA, NM_USUARIO, DT_ATUALIZACAO, NM_USUARIO_NREC, DT_ATUALIZACAO_NREC, NR_SEQ_DETAIL, NR_ENCOUNTER, ID_PATIENT, NM_PATIENT, DT_BIRTHDATE, DS_PRIMARY_DIAGNOSIS, DS_GENDER, DS_DNR_STATUS, QT_TIME_TELEMETRY, CD_CLASSIFICATION, DS_CLASSIFICATION, DT_ENTRANCE, DS_SERVICE_LINE, QT_YELLOW_ALARMS, QT_RED_ALARMS)
VALUES (
nextval('pfcs_detail_patient_seq'), nm_usuario_p, clock_timestamp(), nm_usuario_p, clock_timestamp(), 40023, 3380598, 1015787243, 'FUNES, Pedro', TO_DATE('13/03/1984 00:00:00', 'DD/MM/YYYY HH24:MI:SS'), '', 'Male', '', 85, 1,  'Risco de queda', (clock_timestamp() - interval '2 days'), 'Nick, Pace', 0, 0
);

/* INSERT QUERY NO: 25 */

INSERT INTO pfcs_detail_patient(NR_SEQUENCIA, NM_USUARIO, DT_ATUALIZACAO, NM_USUARIO_NREC, DT_ATUALIZACAO_NREC, NR_SEQ_DETAIL, NR_ENCOUNTER, ID_PATIENT, NM_PATIENT, DT_BIRTHDATE, DS_PRIMARY_DIAGNOSIS, DS_GENDER, DS_DNR_STATUS, QT_TIME_TELEMETRY, CD_CLASSIFICATION, DS_CLASSIFICATION, DT_ENTRANCE, DS_SERVICE_LINE, QT_YELLOW_ALARMS, QT_RED_ALARMS)
VALUES (
nextval('pfcs_detail_patient_seq'), nm_usuario_p, clock_timestamp(), nm_usuario_p, clock_timestamp(), 40024, 140154, 5501147, 'GOERTMANN, Felipe', TO_DATE('06/01/1960 00:00:00', 'DD/MM/YYYY HH24:MI:SS'), 'Severe right wrist pain', 'Male', '', 120, 2, 'VIP', (clock_timestamp() - interval '3 days'), 'Mila, Bailey', 0, 0
);

/* INSERT QUERY NO: 26 */

INSERT INTO pfcs_detail_patient(NR_SEQUENCIA, NM_USUARIO, DT_ATUALIZACAO, NM_USUARIO_NREC, DT_ATUALIZACAO_NREC, NR_SEQ_DETAIL, NR_ENCOUNTER, ID_PATIENT, NM_PATIENT, DT_BIRTHDATE, DS_PRIMARY_DIAGNOSIS, DS_GENDER, DS_DNR_STATUS, QT_TIME_TELEMETRY, CD_CLASSIFICATION, DS_CLASSIFICATION, DT_ENTRANCE, DS_SERVICE_LINE, QT_YELLOW_ALARMS, QT_RED_ALARMS)
VALUES (
nextval('pfcs_detail_patient_seq'), nm_usuario_p, clock_timestamp(), nm_usuario_p, clock_timestamp(), 40025, 3351110, 1015776472, 'GUSTAVO, Bruno', TO_DATE('03/10/1950 00:00:00', 'DD/MM/YYYY HH24:MI:SS'), '', 'Male', '', 145, 1,  'Risco de queda', (clock_timestamp() - interval '5 days'), 'Isobelle, Perry', 0, 0
);

/* INSERT QUERY NO: 27 */

INSERT INTO pfcs_detail_patient(NR_SEQUENCIA, NM_USUARIO, DT_ATUALIZACAO, NM_USUARIO_NREC, DT_ATUALIZACAO_NREC, NR_SEQ_DETAIL, NR_ENCOUNTER, ID_PATIENT, NM_PATIENT, DT_BIRTHDATE, DS_PRIMARY_DIAGNOSIS, DS_GENDER, DS_DNR_STATUS, QT_TIME_TELEMETRY, CD_CLASSIFICATION, DS_CLASSIFICATION, DT_ENTRANCE, DS_SERVICE_LINE, QT_YELLOW_ALARMS, QT_RED_ALARMS)
VALUES (
nextval('pfcs_detail_patient_seq'), nm_usuario_p, clock_timestamp(), nm_usuario_p, clock_timestamp(), 40026, 3402581, 1015804333, 'Daniella, Richards', TO_DATE('24/03/2000 00:00:00', 'DD/MM/YYYY HH24:MI:SS'), 'Frozen left arm', 'Female', '', 172, 1,  'Risco de queda', (clock_timestamp() - interval '8 days'), 'Duke, Morrison', 0, 0
);

/* INSERT QUERY NO: 28 */

INSERT INTO pfcs_detail_patient(NR_SEQUENCIA, NM_USUARIO, DT_ATUALIZACAO, NM_USUARIO_NREC, DT_ATUALIZACAO_NREC, NR_SEQ_DETAIL, NR_ENCOUNTER, ID_PATIENT, NM_PATIENT, DT_BIRTHDATE, DS_PRIMARY_DIAGNOSIS, DS_GENDER, DS_DNR_STATUS, QT_TIME_TELEMETRY, CD_CLASSIFICATION, DS_CLASSIFICATION, DT_ENTRANCE, DS_SERVICE_LINE, QT_YELLOW_ALARMS, QT_RED_ALARMS)
VALUES (
nextval('pfcs_detail_patient_seq'), nm_usuario_p, clock_timestamp(), nm_usuario_p, clock_timestamp(), 40027, 146465, 4906311, 'Joanne, Palmer', TO_DATE('10/12/1973 00:00:00', 'DD/MM/YYYY HH24:MI:SS'), 'High Palpitation', 'Female', '', 199, 2, 'VIP', (clock_timestamp() - interval '4 days'), 'Marshall, Mccray', 0, 1
);

/* INSERT QUERY NO: 29 */

INSERT INTO pfcs_detail_patient(NR_SEQUENCIA, NM_USUARIO, DT_ATUALIZACAO, NM_USUARIO_NREC, DT_ATUALIZACAO_NREC, NR_SEQ_DETAIL, NR_ENCOUNTER, ID_PATIENT, NM_PATIENT, DT_BIRTHDATE, DS_PRIMARY_DIAGNOSIS, DS_GENDER, DS_DNR_STATUS, QT_TIME_TELEMETRY, CD_CLASSIFICATION, DS_CLASSIFICATION, DT_ENTRANCE, DS_SERVICE_LINE, QT_YELLOW_ALARMS, QT_RED_ALARMS)
VALUES (
nextval('pfcs_detail_patient_seq'), nm_usuario_p, clock_timestamp(), nm_usuario_p, clock_timestamp(), 40028, 3408849, 1015781776, 'Sabiha, Fischer', TO_DATE('27/08/1986 00:00:00', 'DD/MM/YYYY HH24:MI:SS'), '', 'Female', '', 35, 3, 'Pádua', (clock_timestamp() - interval '3 days'), 'Ashton, Simmons', 0, 0
);

/* INSERT QUERY NO: 30 */

INSERT INTO pfcs_detail_patient(NR_SEQUENCIA, NM_USUARIO, DT_ATUALIZACAO, NM_USUARIO_NREC, DT_ATUALIZACAO_NREC, NR_SEQ_DETAIL, NR_ENCOUNTER, ID_PATIENT, NM_PATIENT, DT_BIRTHDATE, DS_PRIMARY_DIAGNOSIS, DS_GENDER, DS_DNR_STATUS, QT_TIME_TELEMETRY, CD_CLASSIFICATION, DS_CLASSIFICATION, DT_ENTRANCE, DS_SERVICE_LINE, QT_YELLOW_ALARMS, QT_RED_ALARMS)
VALUES (
nextval('pfcs_detail_patient_seq'), nm_usuario_p, clock_timestamp(), nm_usuario_p, clock_timestamp(), 40029, 3399892, 1015785789, 'Ishaan, Delgado', TO_DATE('11/11/1991 00:00:00', 'DD/MM/YYYY HH24:MI:SS'), '', 'Female', 'DNR', 70, 2, 'VIP', (clock_timestamp() - interval '7 days'), 'Cordelia, Portillo', 0, 0
);

/* INSERT QUERY NO: 31 */

INSERT INTO pfcs_detail_patient(NR_SEQUENCIA, NM_USUARIO, DT_ATUALIZACAO, NM_USUARIO_NREC, DT_ATUALIZACAO_NREC, NR_SEQ_DETAIL, NR_ENCOUNTER, ID_PATIENT, NM_PATIENT, DT_BIRTHDATE, DS_PRIMARY_DIAGNOSIS, DS_GENDER, DS_DNR_STATUS, QT_TIME_TELEMETRY, CD_CLASSIFICATION, DS_CLASSIFICATION, DT_ENTRANCE, DS_SERVICE_LINE, QT_YELLOW_ALARMS, QT_RED_ALARMS)
VALUES (
nextval('pfcs_detail_patient_seq'), nm_usuario_p, clock_timestamp(), nm_usuario_p, clock_timestamp(), 40030, 123267, 1015548993, 'Sabina, Moses', TO_DATE('16/08/1995 00:00:00', 'DD/MM/YYYY HH24:MI:SS'), '', 'Female', '', 85, 2, 'VIP', (clock_timestamp() - interval '6 days'), 'Alma, Andrew', 1, 0
);

/* INSERT QUERY NO: 1 */

INSERT INTO pfcs_detail_bed(NR_SEQUENCIA, NM_USUARIO, DT_ATUALIZACAO, NM_USUARIO_NREC, DT_ATUALIZACAO_NREC, NR_SEQ_DETAIL, CD_DEPARTMENT, DS_DEPARTMENT, DS_LOCATION)
VALUES (
nextval('pfcs_detail_bed_seq'), nm_usuario_p, clock_timestamp(), nm_usuario_p, clock_timestamp(), 40000, 54321, 'Kidney Failure Management Unit', '02'
);

/* INSERT QUERY NO: 2 */

INSERT INTO pfcs_detail_bed(NR_SEQUENCIA, NM_USUARIO, DT_ATUALIZACAO, NM_USUARIO_NREC, DT_ATUALIZACAO_NREC, NR_SEQ_DETAIL, CD_DEPARTMENT, DS_DEPARTMENT, DS_LOCATION)
VALUES (
nextval('pfcs_detail_bed_seq'), nm_usuario_p, clock_timestamp(), nm_usuario_p, clock_timestamp(), 40001, 79405, 'East Wing', 'ALF38  '
);

/* INSERT QUERY NO: 3 */

INSERT INTO pfcs_detail_bed(NR_SEQUENCIA, NM_USUARIO, DT_ATUALIZACAO, NM_USUARIO_NREC, DT_ATUALIZACAO_NREC, NR_SEQ_DETAIL, CD_DEPARTMENT, DS_DEPARTMENT, DS_LOCATION)
VALUES (
nextval('pfcs_detail_bed_seq'), nm_usuario_p, clock_timestamp(), nm_usuario_p, clock_timestamp(), 40002, 79405, 'East Wing', 'ALF39  '
);

/* INSERT QUERY NO: 4 */

INSERT INTO pfcs_detail_bed(NR_SEQUENCIA, NM_USUARIO, DT_ATUALIZACAO, NM_USUARIO_NREC, DT_ATUALIZACAO_NREC, NR_SEQ_DETAIL, CD_DEPARTMENT, DS_DEPARTMENT, DS_LOCATION)
VALUES (
nextval('pfcs_detail_bed_seq'), nm_usuario_p, clock_timestamp(), nm_usuario_p, clock_timestamp(), 40003, 8, 'Block D', '106 A'
);

/* INSERT QUERY NO: 5 */

INSERT INTO pfcs_detail_bed(NR_SEQUENCIA, NM_USUARIO, DT_ATUALIZACAO, NM_USUARIO_NREC, DT_ATUALIZACAO_NREC, NR_SEQ_DETAIL, CD_DEPARTMENT, DS_DEPARTMENT, DS_LOCATION)
VALUES (
nextval('pfcs_detail_bed_seq'), nm_usuario_p, clock_timestamp(), nm_usuario_p, clock_timestamp(), 40004, 8, 'Block D', '105 C'
);

/* INSERT QUERY NO: 6 */

INSERT INTO pfcs_detail_bed(NR_SEQUENCIA, NM_USUARIO, DT_ATUALIZACAO, NM_USUARIO_NREC, DT_ATUALIZACAO_NREC, NR_SEQ_DETAIL, CD_DEPARTMENT, DS_DEPARTMENT, DS_LOCATION)
VALUES (
nextval('pfcs_detail_bed_seq'), nm_usuario_p, clock_timestamp(), nm_usuario_p, clock_timestamp(), 40005, 164, 'Third Floor', 'Box 02'
);

/* INSERT QUERY NO: 7 */

INSERT INTO pfcs_detail_bed(NR_SEQUENCIA, NM_USUARIO, DT_ATUALIZACAO, NM_USUARIO_NREC, DT_ATUALIZACAO_NREC, NR_SEQ_DETAIL, CD_DEPARTMENT, DS_DEPARTMENT, DS_LOCATION)
VALUES (
nextval('pfcs_detail_bed_seq'), nm_usuario_p, clock_timestamp(), nm_usuario_p, clock_timestamp(), 40006, 164, 'Third Floor', 'Box 03'
);

/* INSERT QUERY NO: 8 */

INSERT INTO pfcs_detail_bed(NR_SEQUENCIA, NM_USUARIO, DT_ATUALIZACAO, NM_USUARIO_NREC, DT_ATUALIZACAO_NREC, NR_SEQ_DETAIL, CD_DEPARTMENT, DS_DEPARTMENT, DS_LOCATION)
VALUES (
nextval('pfcs_detail_bed_seq'), nm_usuario_p, clock_timestamp(), nm_usuario_p, clock_timestamp(), 40007, 79405, 'East Wing', 'RICH01 1'
);

/* INSERT QUERY NO: 9 */

INSERT INTO pfcs_detail_bed(NR_SEQUENCIA, NM_USUARIO, DT_ATUALIZACAO, NM_USUARIO_NREC, DT_ATUALIZACAO_NREC, NR_SEQ_DETAIL, CD_DEPARTMENT, DS_DEPARTMENT, DS_LOCATION)
VALUES (
nextval('pfcs_detail_bed_seq'), nm_usuario_p, clock_timestamp(), nm_usuario_p, clock_timestamp(), 40008, 79405, 'East Wing', 'RICH02 1'
);

/* INSERT QUERY NO: 10 */

INSERT INTO pfcs_detail_bed(NR_SEQUENCIA, NM_USUARIO, DT_ATUALIZACAO, NM_USUARIO_NREC, DT_ATUALIZACAO_NREC, NR_SEQ_DETAIL, CD_DEPARTMENT, DS_DEPARTMENT, DS_LOCATION)
VALUES (
nextval('pfcs_detail_bed_seq'), nm_usuario_p, clock_timestamp(), nm_usuario_p, clock_timestamp(), 40009, 79405, 'East Wing', 'RICH03 1'
);

/* INSERT QUERY NO: 11 */

INSERT INTO pfcs_detail_bed(NR_SEQUENCIA, NM_USUARIO, DT_ATUALIZACAO, NM_USUARIO_NREC, DT_ATUALIZACAO_NREC, NR_SEQ_DETAIL, CD_DEPARTMENT, DS_DEPARTMENT, DS_LOCATION)
VALUES (
nextval('pfcs_detail_bed_seq'), nm_usuario_p, clock_timestamp(), nm_usuario_p, clock_timestamp(), 40010, 79405, 'East Wing', 'I 5'
);

/* INSERT QUERY NO: 12 */

INSERT INTO pfcs_detail_bed(NR_SEQUENCIA, NM_USUARIO, DT_ATUALIZACAO, NM_USUARIO_NREC, DT_ATUALIZACAO_NREC, NR_SEQ_DETAIL, CD_DEPARTMENT, DS_DEPARTMENT, DS_LOCATION)
VALUES (
nextval('pfcs_detail_bed_seq'), nm_usuario_p, clock_timestamp(), nm_usuario_p, clock_timestamp(), 40011, 79405, 'East Wing', 'S 1'
);

/* INSERT QUERY NO: 13 */

INSERT INTO pfcs_detail_bed(NR_SEQUENCIA, NM_USUARIO, DT_ATUALIZACAO, NM_USUARIO_NREC, DT_ATUALIZACAO_NREC, NR_SEQ_DETAIL, CD_DEPARTMENT, DS_DEPARTMENT, DS_LOCATION)
VALUES (
nextval('pfcs_detail_bed_seq'), nm_usuario_p, clock_timestamp(), nm_usuario_p, clock_timestamp(), 40012, 79340, 'ICU', 'ICU 03'
);

/* INSERT QUERY NO: 14 */

INSERT INTO pfcs_detail_bed(NR_SEQUENCIA, NM_USUARIO, DT_ATUALIZACAO, NM_USUARIO_NREC, DT_ATUALIZACAO_NREC, NR_SEQ_DETAIL, CD_DEPARTMENT, DS_DEPARTMENT, DS_LOCATION)
VALUES (
nextval('pfcs_detail_bed_seq'), nm_usuario_p, clock_timestamp(), nm_usuario_p, clock_timestamp(), 40013, 79405, 'East Wing', 'A02'
);

/* INSERT QUERY NO: 15 */

INSERT INTO pfcs_detail_bed(NR_SEQUENCIA, NM_USUARIO, DT_ATUALIZACAO, NM_USUARIO_NREC, DT_ATUALIZACAO_NREC, NR_SEQ_DETAIL, CD_DEPARTMENT, DS_DEPARTMENT, DS_LOCATION)
VALUES (
nextval('pfcs_detail_bed_seq'), nm_usuario_p, clock_timestamp(), nm_usuario_p, clock_timestamp(), 40014, 79405, 'East Wing', 'qt2'
);

/* INSERT QUERY NO: 16 */

INSERT INTO pfcs_detail_bed(NR_SEQUENCIA, NM_USUARIO, DT_ATUALIZACAO, NM_USUARIO_NREC, DT_ATUALIZACAO_NREC, NR_SEQ_DETAIL, CD_DEPARTMENT, DS_DEPARTMENT, DS_LOCATION)
VALUES (
nextval('pfcs_detail_bed_seq'), nm_usuario_p, clock_timestamp(), nm_usuario_p, clock_timestamp(), 40015, 79405, 'East Wing', 'SL01'
);

/* INSERT QUERY NO: 17 */

INSERT INTO pfcs_detail_bed(NR_SEQUENCIA, NM_USUARIO, DT_ATUALIZACAO, NM_USUARIO_NREC, DT_ATUALIZACAO_NREC, NR_SEQ_DETAIL, CD_DEPARTMENT, DS_DEPARTMENT, DS_LOCATION)
VALUES (
nextval('pfcs_detail_bed_seq'), nm_usuario_p, clock_timestamp(), nm_usuario_p, clock_timestamp(), 40016, 79405, 'East Wing', 'C'
);

/* INSERT QUERY NO: 18 */

INSERT INTO pfcs_detail_bed(NR_SEQUENCIA, NM_USUARIO, DT_ATUALIZACAO, NM_USUARIO_NREC, DT_ATUALIZACAO_NREC, NR_SEQ_DETAIL, CD_DEPARTMENT, DS_DEPARTMENT, DS_LOCATION)
VALUES (
nextval('pfcs_detail_bed_seq'), nm_usuario_p, clock_timestamp(), nm_usuario_p, clock_timestamp(), 40017, 79405, 'East Wing', 'B'
);

/* INSERT QUERY NO: 19 */

INSERT INTO pfcs_detail_bed(NR_SEQUENCIA, NM_USUARIO, DT_ATUALIZACAO, NM_USUARIO_NREC, DT_ATUALIZACAO_NREC, NR_SEQ_DETAIL, CD_DEPARTMENT, DS_DEPARTMENT, DS_LOCATION)
VALUES (
nextval('pfcs_detail_bed_seq'), nm_usuario_p, clock_timestamp(), nm_usuario_p, clock_timestamp(), 40018, 79405, 'East Wing', 'B08'
);

/* INSERT QUERY NO: 20 */

INSERT INTO pfcs_detail_bed(NR_SEQUENCIA, NM_USUARIO, DT_ATUALIZACAO, NM_USUARIO_NREC, DT_ATUALIZACAO_NREC, NR_SEQ_DETAIL, CD_DEPARTMENT, DS_DEPARTMENT, DS_LOCATION)
VALUES (
nextval('pfcs_detail_bed_seq'), nm_usuario_p, clock_timestamp(), nm_usuario_p, clock_timestamp(), 40019, 79405, 'East Wing', 'B09'
);

/* INSERT QUERY NO: 21 */

INSERT INTO pfcs_detail_bed(NR_SEQUENCIA, NM_USUARIO, DT_ATUALIZACAO, NM_USUARIO_NREC, DT_ATUALIZACAO_NREC, NR_SEQ_DETAIL, CD_DEPARTMENT, DS_DEPARTMENT, DS_LOCATION)
VALUES (
nextval('pfcs_detail_bed_seq'), nm_usuario_p, clock_timestamp(), nm_usuario_p, clock_timestamp(), 40020, 79405, 'East Wing', 'B10'
);

/* INSERT QUERY NO: 22 */

INSERT INTO pfcs_detail_bed(NR_SEQUENCIA, NM_USUARIO, DT_ATUALIZACAO, NM_USUARIO_NREC, DT_ATUALIZACAO_NREC, NR_SEQ_DETAIL, CD_DEPARTMENT, DS_DEPARTMENT, DS_LOCATION)
VALUES (
nextval('pfcs_detail_bed_seq'), nm_usuario_p, clock_timestamp(), nm_usuario_p, clock_timestamp(), 40021, 8, 'Block D', '104 D'
);

/* INSERT QUERY NO: 23 */

INSERT INTO pfcs_detail_bed(NR_SEQUENCIA, NM_USUARIO, DT_ATUALIZACAO, NM_USUARIO_NREC, DT_ATUALIZACAO_NREC, NR_SEQ_DETAIL, CD_DEPARTMENT, DS_DEPARTMENT, DS_LOCATION)
VALUES (
nextval('pfcs_detail_bed_seq'), nm_usuario_p, clock_timestamp(), nm_usuario_p, clock_timestamp(), 40022, 8, 'Block D', '105 A'
);

/* INSERT QUERY NO: 24 */

INSERT INTO pfcs_detail_bed(NR_SEQUENCIA, NM_USUARIO, DT_ATUALIZACAO, NM_USUARIO_NREC, DT_ATUALIZACAO_NREC, NR_SEQ_DETAIL, CD_DEPARTMENT, DS_DEPARTMENT, DS_LOCATION)
VALUES (
nextval('pfcs_detail_bed_seq'), nm_usuario_p, clock_timestamp(), nm_usuario_p, clock_timestamp(), 40023, 79405, 'East Wing', '3'
);

/* INSERT QUERY NO: 25 */

INSERT INTO pfcs_detail_bed(NR_SEQUENCIA, NM_USUARIO, DT_ATUALIZACAO, NM_USUARIO_NREC, DT_ATUALIZACAO_NREC, NR_SEQ_DETAIL, CD_DEPARTMENT, DS_DEPARTMENT, DS_LOCATION)
VALUES (
nextval('pfcs_detail_bed_seq'), nm_usuario_p, clock_timestamp(), nm_usuario_p, clock_timestamp(), 40024, 79405, 'East Wing', '1'
);

/* INSERT QUERY NO: 26 */

INSERT INTO pfcs_detail_bed(NR_SEQUENCIA, NM_USUARIO, DT_ATUALIZACAO, NM_USUARIO_NREC, DT_ATUALIZACAO_NREC, NR_SEQ_DETAIL, CD_DEPARTMENT, DS_DEPARTMENT, DS_LOCATION)
VALUES (
nextval('pfcs_detail_bed_seq'), nm_usuario_p, clock_timestamp(), nm_usuario_p, clock_timestamp(), 40025, 79340, 'ICU', '3'
);

/* INSERT QUERY NO: 27 */

INSERT INTO pfcs_detail_bed(NR_SEQUENCIA, NM_USUARIO, DT_ATUALIZACAO, NM_USUARIO_NREC, DT_ATUALIZACAO_NREC, NR_SEQ_DETAIL, CD_DEPARTMENT, DS_DEPARTMENT, DS_LOCATION)
VALUES (
nextval('pfcs_detail_bed_seq'), nm_usuario_p, clock_timestamp(), nm_usuario_p, clock_timestamp(), 40026, 79405, 'East Wing', '5S'
);

/* INSERT QUERY NO: 28 */

INSERT INTO pfcs_detail_bed(NR_SEQUENCIA, NM_USUARIO, DT_ATUALIZACAO, NM_USUARIO_NREC, DT_ATUALIZACAO_NREC, NR_SEQ_DETAIL, CD_DEPARTMENT, DS_DEPARTMENT, DS_LOCATION)
VALUES (
nextval('pfcs_detail_bed_seq'), nm_usuario_p, clock_timestamp(), nm_usuario_p, clock_timestamp(), 40027, 79405, 'East Wing', 'ALF38'
);

/* INSERT QUERY NO: 29 */

INSERT INTO pfcs_detail_bed(NR_SEQUENCIA, NM_USUARIO, DT_ATUALIZACAO, NM_USUARIO_NREC, DT_ATUALIZACAO_NREC, NR_SEQ_DETAIL, CD_DEPARTMENT, DS_DEPARTMENT, DS_LOCATION)
VALUES (
nextval('pfcs_detail_bed_seq'), nm_usuario_p, clock_timestamp(), nm_usuario_p, clock_timestamp(), 40028, 79405, 'East Wing', 'ALF39'
);

/* INSERT QUERY NO: 30 */

INSERT INTO pfcs_detail_bed(NR_SEQUENCIA, NM_USUARIO, DT_ATUALIZACAO, NM_USUARIO_NREC, DT_ATUALIZACAO_NREC, NR_SEQ_DETAIL, CD_DEPARTMENT, DS_DEPARTMENT, DS_LOCATION)
VALUES (
nextval('pfcs_detail_bed_seq'), nm_usuario_p, clock_timestamp(), nm_usuario_p, clock_timestamp(), 40029, 8, 'Block D', '106 A'
);

/* INSERT QUERY NO: 31 */

INSERT INTO pfcs_detail_bed(NR_SEQUENCIA, NM_USUARIO, DT_ATUALIZACAO, NM_USUARIO_NREC, DT_ATUALIZACAO_NREC, NR_SEQ_DETAIL, CD_DEPARTMENT, DS_DEPARTMENT, DS_LOCATION)
VALUES (
nextval('pfcs_detail_bed_seq'), nm_usuario_p, clock_timestamp(), nm_usuario_p, clock_timestamp(), 40030, 8, 'Block D', '105 C'
);


 := pfcs_pck.pfcs_generate_results(
		vl_indicator_p => 31, nr_seq_indicator_p => nr_seq_indicator_p, nr_seq_operational_level_p => cd_estabelecimento_w, nm_usuario_p => nm_usuario_p, nr_seq_panel_p => pfcs_panel_seq_w);

CALL pfcs_pck.pfcs_update_detail(
		nr_seq_indicator_p => nr_seq_indicator_p,
		nr_seq_panel_p => pfcs_panel_seq_w,
		nr_seq_operational_level_p => cd_estabelecimento_w,
		nm_usuario_p => nm_usuario_p);

CALL pfcs_pck.pfcs_activate_records(
            nr_seq_indicator_p => nr_seq_indicator_p,
            nr_seq_operational_level_p => cd_estabelecimento_w,
            nm_usuario_p => nm_usuario_p);

cd_estabelecimento_w	:= pfcs_get_structure_level(cd_establishment_p => 39, ie_level_p => 'O', ie_info_p => 'C');

/* INSERT QUERY NO: 32 */

INSERT INTO pfcs_panel_detail(NR_SEQUENCIA, NM_USUARIO, DT_ATUALIZACAO, NM_USUARIO_NREC, DT_ATUALIZACAO_NREC, IE_SITUATION, NR_SEQ_INDICATOR, NR_SEQ_OPERATIONAL_LEVEL)
VALUES (
40031, nm_usuario_p, clock_timestamp(), nm_usuario_p, clock_timestamp(), 'T', nr_seq_indicator_p, cd_estabelecimento_w
);

/* INSERT QUERY NO: 33 */

INSERT INTO pfcs_panel_detail(NR_SEQUENCIA, NM_USUARIO, DT_ATUALIZACAO, NM_USUARIO_NREC, DT_ATUALIZACAO_NREC, IE_SITUATION, NR_SEQ_INDICATOR, NR_SEQ_OPERATIONAL_LEVEL)
VALUES (
40032, nm_usuario_p, clock_timestamp(), nm_usuario_p, clock_timestamp(), 'T', nr_seq_indicator_p, cd_estabelecimento_w
);

/* INSERT QUERY NO: 34 */

INSERT INTO pfcs_panel_detail(NR_SEQUENCIA, NM_USUARIO, DT_ATUALIZACAO, NM_USUARIO_NREC, DT_ATUALIZACAO_NREC, IE_SITUATION, NR_SEQ_INDICATOR, NR_SEQ_OPERATIONAL_LEVEL)
VALUES (
40033, nm_usuario_p, clock_timestamp(), nm_usuario_p, clock_timestamp(), 'T', nr_seq_indicator_p, cd_estabelecimento_w
);

/* INSERT QUERY NO: 35 */

INSERT INTO pfcs_panel_detail(NR_SEQUENCIA, NM_USUARIO, DT_ATUALIZACAO, NM_USUARIO_NREC, DT_ATUALIZACAO_NREC, IE_SITUATION, NR_SEQ_INDICATOR, NR_SEQ_OPERATIONAL_LEVEL)
VALUES (
40034, nm_usuario_p, clock_timestamp(), nm_usuario_p, clock_timestamp(), 'T', nr_seq_indicator_p, cd_estabelecimento_w
);

/* INSERT QUERY NO: 36 */

INSERT INTO pfcs_panel_detail(NR_SEQUENCIA, NM_USUARIO, DT_ATUALIZACAO, NM_USUARIO_NREC, DT_ATUALIZACAO_NREC, IE_SITUATION, NR_SEQ_INDICATOR, NR_SEQ_OPERATIONAL_LEVEL)
VALUES (
40035, nm_usuario_p, clock_timestamp(), nm_usuario_p, clock_timestamp(), 'T', nr_seq_indicator_p, cd_estabelecimento_w
);

/* INSERT QUERY NO: 37 */

INSERT INTO pfcs_panel_detail(NR_SEQUENCIA, NM_USUARIO, DT_ATUALIZACAO, NM_USUARIO_NREC, DT_ATUALIZACAO_NREC, IE_SITUATION, NR_SEQ_INDICATOR, NR_SEQ_OPERATIONAL_LEVEL)
VALUES (
40036, nm_usuario_p, clock_timestamp(), nm_usuario_p, clock_timestamp(), 'T', nr_seq_indicator_p, cd_estabelecimento_w
);

/* INSERT QUERY NO: 38 */

INSERT INTO pfcs_panel_detail(NR_SEQUENCIA, NM_USUARIO, DT_ATUALIZACAO, NM_USUARIO_NREC, DT_ATUALIZACAO_NREC, IE_SITUATION, NR_SEQ_INDICATOR, NR_SEQ_OPERATIONAL_LEVEL)
VALUES (
40037, nm_usuario_p, clock_timestamp(), nm_usuario_p, clock_timestamp(), 'T', nr_seq_indicator_p, cd_estabelecimento_w
);

/* INSERT QUERY NO: 39 */

INSERT INTO pfcs_panel_detail(NR_SEQUENCIA, NM_USUARIO, DT_ATUALIZACAO, NM_USUARIO_NREC, DT_ATUALIZACAO_NREC, IE_SITUATION, NR_SEQ_INDICATOR, NR_SEQ_OPERATIONAL_LEVEL)
VALUES (
40038, nm_usuario_p, clock_timestamp(), nm_usuario_p, clock_timestamp(), 'T', nr_seq_indicator_p, cd_estabelecimento_w
);

/* INSERT QUERY NO: 40 */

INSERT INTO pfcs_panel_detail(NR_SEQUENCIA, NM_USUARIO, DT_ATUALIZACAO, NM_USUARIO_NREC, DT_ATUALIZACAO_NREC, IE_SITUATION, NR_SEQ_INDICATOR, NR_SEQ_OPERATIONAL_LEVEL)
VALUES (
40039, nm_usuario_p, clock_timestamp(), nm_usuario_p, clock_timestamp(), 'T', nr_seq_indicator_p, cd_estabelecimento_w
);

/* INSERT QUERY NO: 41 */

INSERT INTO pfcs_panel_detail(NR_SEQUENCIA, NM_USUARIO, DT_ATUALIZACAO, NM_USUARIO_NREC, DT_ATUALIZACAO_NREC, IE_SITUATION, NR_SEQ_INDICATOR, NR_SEQ_OPERATIONAL_LEVEL)
VALUES (
40040, nm_usuario_p, clock_timestamp(), nm_usuario_p, clock_timestamp(), 'T', nr_seq_indicator_p, cd_estabelecimento_w
);

/* INSERT QUERY NO: 42 */

INSERT INTO pfcs_panel_detail(NR_SEQUENCIA, NM_USUARIO, DT_ATUALIZACAO, NM_USUARIO_NREC, DT_ATUALIZACAO_NREC, IE_SITUATION, NR_SEQ_INDICATOR, NR_SEQ_OPERATIONAL_LEVEL)
VALUES (
40041, nm_usuario_p, clock_timestamp(), nm_usuario_p, clock_timestamp(), 'T', nr_seq_indicator_p, cd_estabelecimento_w
);

/* INSERT QUERY NO: 43 */

INSERT INTO pfcs_panel_detail(NR_SEQUENCIA, NM_USUARIO, DT_ATUALIZACAO, NM_USUARIO_NREC, DT_ATUALIZACAO_NREC, IE_SITUATION, NR_SEQ_INDICATOR, NR_SEQ_OPERATIONAL_LEVEL)
VALUES (
40042, nm_usuario_p, clock_timestamp(), nm_usuario_p, clock_timestamp(), 'T', nr_seq_indicator_p, cd_estabelecimento_w
);

/* INSERT QUERY NO: 44 */

INSERT INTO pfcs_panel_detail(NR_SEQUENCIA, NM_USUARIO, DT_ATUALIZACAO, NM_USUARIO_NREC, DT_ATUALIZACAO_NREC, IE_SITUATION, NR_SEQ_INDICATOR, NR_SEQ_OPERATIONAL_LEVEL)
VALUES (
40043, nm_usuario_p, clock_timestamp(), nm_usuario_p, clock_timestamp(), 'T', nr_seq_indicator_p, cd_estabelecimento_w
);

/* INSERT QUERY NO: 45 */

INSERT INTO pfcs_panel_detail(NR_SEQUENCIA, NM_USUARIO, DT_ATUALIZACAO, NM_USUARIO_NREC, DT_ATUALIZACAO_NREC, IE_SITUATION, NR_SEQ_INDICATOR, NR_SEQ_OPERATIONAL_LEVEL)
VALUES (
40044, nm_usuario_p, clock_timestamp(), nm_usuario_p, clock_timestamp(), 'T', nr_seq_indicator_p, cd_estabelecimento_w
);

/* INSERT QUERY NO: 46 */

INSERT INTO pfcs_panel_detail(NR_SEQUENCIA, NM_USUARIO, DT_ATUALIZACAO, NM_USUARIO_NREC, DT_ATUALIZACAO_NREC, IE_SITUATION, NR_SEQ_INDICATOR, NR_SEQ_OPERATIONAL_LEVEL)
VALUES (
40045, nm_usuario_p, clock_timestamp(), nm_usuario_p, clock_timestamp(), 'T', nr_seq_indicator_p, cd_estabelecimento_w
);

/* INSERT QUERY NO: 47 */

INSERT INTO pfcs_panel_detail(NR_SEQUENCIA, NM_USUARIO, DT_ATUALIZACAO, NM_USUARIO_NREC, DT_ATUALIZACAO_NREC, IE_SITUATION, NR_SEQ_INDICATOR, NR_SEQ_OPERATIONAL_LEVEL)
VALUES (
40046, nm_usuario_p, clock_timestamp(), nm_usuario_p, clock_timestamp(), 'T', nr_seq_indicator_p, cd_estabelecimento_w
);

/* INSERT QUERY NO: 48 */

INSERT INTO pfcs_panel_detail(NR_SEQUENCIA, NM_USUARIO, DT_ATUALIZACAO, NM_USUARIO_NREC, DT_ATUALIZACAO_NREC, IE_SITUATION, NR_SEQ_INDICATOR, NR_SEQ_OPERATIONAL_LEVEL)
VALUES (
40047, nm_usuario_p, clock_timestamp(), nm_usuario_p, clock_timestamp(), 'T', nr_seq_indicator_p, cd_estabelecimento_w
);

/* INSERT QUERY NO: 49 */

INSERT INTO pfcs_panel_detail(NR_SEQUENCIA, NM_USUARIO, DT_ATUALIZACAO, NM_USUARIO_NREC, DT_ATUALIZACAO_NREC, IE_SITUATION, NR_SEQ_INDICATOR, NR_SEQ_OPERATIONAL_LEVEL)
VALUES (
40048, nm_usuario_p, clock_timestamp(), nm_usuario_p, clock_timestamp(), 'T', nr_seq_indicator_p, cd_estabelecimento_w
);

/* INSERT QUERY NO: 50 */

INSERT INTO pfcs_panel_detail(NR_SEQUENCIA, NM_USUARIO, DT_ATUALIZACAO, NM_USUARIO_NREC, DT_ATUALIZACAO_NREC, IE_SITUATION, NR_SEQ_INDICATOR, NR_SEQ_OPERATIONAL_LEVEL)
VALUES (
40049, nm_usuario_p, clock_timestamp(), nm_usuario_p, clock_timestamp(), 'T', nr_seq_indicator_p, cd_estabelecimento_w
);

/* INSERT QUERY NO: 51 */

INSERT INTO pfcs_panel_detail(NR_SEQUENCIA, NM_USUARIO, DT_ATUALIZACAO, NM_USUARIO_NREC, DT_ATUALIZACAO_NREC, IE_SITUATION, NR_SEQ_INDICATOR, NR_SEQ_OPERATIONAL_LEVEL)
VALUES (
40050, nm_usuario_p, clock_timestamp(), nm_usuario_p, clock_timestamp(), 'T', nr_seq_indicator_p, cd_estabelecimento_w
);

/* INSERT QUERY NO: 52 */

INSERT INTO pfcs_panel_detail(NR_SEQUENCIA, NM_USUARIO, DT_ATUALIZACAO, NM_USUARIO_NREC, DT_ATUALIZACAO_NREC, IE_SITUATION, NR_SEQ_INDICATOR, NR_SEQ_OPERATIONAL_LEVEL)
VALUES (
40051, nm_usuario_p, clock_timestamp(), nm_usuario_p, clock_timestamp(), 'T', nr_seq_indicator_p, cd_estabelecimento_w
);

/* INSERT QUERY NO: 53 */

INSERT INTO pfcs_panel_detail(NR_SEQUENCIA, NM_USUARIO, DT_ATUALIZACAO, NM_USUARIO_NREC, DT_ATUALIZACAO_NREC, IE_SITUATION, NR_SEQ_INDICATOR, NR_SEQ_OPERATIONAL_LEVEL)
VALUES (
40052, nm_usuario_p, clock_timestamp(), nm_usuario_p, clock_timestamp(), 'T', nr_seq_indicator_p, cd_estabelecimento_w
);

/* INSERT QUERY NO: 54 */

INSERT INTO pfcs_panel_detail(NR_SEQUENCIA, NM_USUARIO, DT_ATUALIZACAO, NM_USUARIO_NREC, DT_ATUALIZACAO_NREC, IE_SITUATION, NR_SEQ_INDICATOR, NR_SEQ_OPERATIONAL_LEVEL)
VALUES (
40053, nm_usuario_p, clock_timestamp(), nm_usuario_p, clock_timestamp(), 'T', nr_seq_indicator_p, cd_estabelecimento_w
);

/* INSERT QUERY NO: 55 */

INSERT INTO pfcs_panel_detail(NR_SEQUENCIA, NM_USUARIO, DT_ATUALIZACAO, NM_USUARIO_NREC, DT_ATUALIZACAO_NREC, IE_SITUATION, NR_SEQ_INDICATOR, NR_SEQ_OPERATIONAL_LEVEL)
VALUES (
40054, nm_usuario_p, clock_timestamp(), nm_usuario_p, clock_timestamp(), 'T', nr_seq_indicator_p, cd_estabelecimento_w
);

/* INSERT QUERY NO: 56 */

INSERT INTO pfcs_panel_detail(NR_SEQUENCIA, NM_USUARIO, DT_ATUALIZACAO, NM_USUARIO_NREC, DT_ATUALIZACAO_NREC, IE_SITUATION, NR_SEQ_INDICATOR, NR_SEQ_OPERATIONAL_LEVEL)
VALUES (
40055, nm_usuario_p, clock_timestamp(), nm_usuario_p, clock_timestamp(), 'T', nr_seq_indicator_p, cd_estabelecimento_w
);

/* INSERT QUERY NO: 57 */

INSERT INTO pfcs_panel_detail(NR_SEQUENCIA, NM_USUARIO, DT_ATUALIZACAO, NM_USUARIO_NREC, DT_ATUALIZACAO_NREC, IE_SITUATION, NR_SEQ_INDICATOR, NR_SEQ_OPERATIONAL_LEVEL)
VALUES (
40056, nm_usuario_p, clock_timestamp(), nm_usuario_p, clock_timestamp(), 'T', nr_seq_indicator_p, cd_estabelecimento_w
);

/* INSERT QUERY NO: 58 */

INSERT INTO pfcs_panel_detail(NR_SEQUENCIA, NM_USUARIO, DT_ATUALIZACAO, NM_USUARIO_NREC, DT_ATUALIZACAO_NREC, IE_SITUATION, NR_SEQ_INDICATOR, NR_SEQ_OPERATIONAL_LEVEL)
VALUES (
40057, nm_usuario_p, clock_timestamp(), nm_usuario_p, clock_timestamp(), 'T', nr_seq_indicator_p, cd_estabelecimento_w
);

/* INSERT QUERY NO: 59 */

INSERT INTO pfcs_panel_detail(NR_SEQUENCIA, NM_USUARIO, DT_ATUALIZACAO, NM_USUARIO_NREC, DT_ATUALIZACAO_NREC, IE_SITUATION, NR_SEQ_INDICATOR, NR_SEQ_OPERATIONAL_LEVEL)
VALUES (
40058, nm_usuario_p, clock_timestamp(), nm_usuario_p, clock_timestamp(), 'T', nr_seq_indicator_p, cd_estabelecimento_w
);

/* INSERT QUERY NO: 60 */

INSERT INTO pfcs_panel_detail(NR_SEQUENCIA, NM_USUARIO, DT_ATUALIZACAO, NM_USUARIO_NREC, DT_ATUALIZACAO_NREC, IE_SITUATION, NR_SEQ_INDICATOR, NR_SEQ_OPERATIONAL_LEVEL)
VALUES (
40059, nm_usuario_p, clock_timestamp(), nm_usuario_p, clock_timestamp(), 'T', nr_seq_indicator_p, cd_estabelecimento_w
);

/* INSERT QUERY NO: 61 */

INSERT INTO pfcs_panel_detail(NR_SEQUENCIA, NM_USUARIO, DT_ATUALIZACAO, NM_USUARIO_NREC, DT_ATUALIZACAO_NREC, IE_SITUATION, NR_SEQ_INDICATOR, NR_SEQ_OPERATIONAL_LEVEL)
VALUES (
40060, nm_usuario_p, clock_timestamp(), nm_usuario_p, clock_timestamp(), 'T', nr_seq_indicator_p, cd_estabelecimento_w
);

/* INSERT QUERY NO: 62 */

INSERT INTO pfcs_panel_detail(NR_SEQUENCIA, NM_USUARIO, DT_ATUALIZACAO, NM_USUARIO_NREC, DT_ATUALIZACAO_NREC, IE_SITUATION, NR_SEQ_INDICATOR, NR_SEQ_OPERATIONAL_LEVEL)
VALUES (
40061, nm_usuario_p, clock_timestamp(), nm_usuario_p, clock_timestamp(), 'T', nr_seq_indicator_p, cd_estabelecimento_w
);

-------------------------------------------------- pfcs_detail_device --------------------------------------------------		
/* INSERT QUERY NO: 32 */

INSERT INTO pfcs_detail_device(NR_SEQUENCIA, DT_ATUALIZACAO, NM_USUARIO, DT_ATUALIZACAO_NREC, NM_USUARIO_NREC, CD_EQUIPAMENTO, DS_DEVICE, NR_SEQ_DETAIL, IE_BATTERY_STATUS)
VALUES (
nextval('pfcs_detail_device_seq'), clock_timestamp(), nm_usuario_p, clock_timestamp(), nm_usuario_p, 1501541287, 'Device 32', 40031, 'low'
);

/* INSERT QUERY NO: 33 */

INSERT INTO pfcs_detail_device(NR_SEQUENCIA, DT_ATUALIZACAO, NM_USUARIO, DT_ATUALIZACAO_NREC, NM_USUARIO_NREC, CD_EQUIPAMENTO, DS_DEVICE, NR_SEQ_DETAIL, IE_BATTERY_STATUS)
VALUES (
nextval('pfcs_detail_device_seq'), clock_timestamp(), nm_usuario_p, clock_timestamp(), nm_usuario_p, 1501541288, 'Device 33', 40032, 'low'
);

/* INSERT QUERY NO: 34 */

INSERT INTO pfcs_detail_device(NR_SEQUENCIA, DT_ATUALIZACAO, NM_USUARIO, DT_ATUALIZACAO_NREC, NM_USUARIO_NREC, CD_EQUIPAMENTO, DS_DEVICE, NR_SEQ_DETAIL, IE_BATTERY_STATUS)
VALUES (
nextval('pfcs_detail_device_seq'), clock_timestamp(), nm_usuario_p, clock_timestamp(), nm_usuario_p, 1501541293, 'Device 34', 40033, ''
);

/* INSERT QUERY NO: 35 */

INSERT INTO pfcs_detail_device(NR_SEQUENCIA, DT_ATUALIZACAO, NM_USUARIO, DT_ATUALIZACAO_NREC, NM_USUARIO_NREC, CD_EQUIPAMENTO, DS_DEVICE, NR_SEQ_DETAIL, IE_BATTERY_STATUS)
VALUES (
nextval('pfcs_detail_device_seq'), clock_timestamp(), nm_usuario_p, clock_timestamp(), nm_usuario_p, 1501541294, 'Device 35', 40034, 'low'
);

/* INSERT QUERY NO: 36 */

INSERT INTO pfcs_detail_device(NR_SEQUENCIA, DT_ATUALIZACAO, NM_USUARIO, DT_ATUALIZACAO_NREC, NM_USUARIO_NREC, CD_EQUIPAMENTO, DS_DEVICE, NR_SEQ_DETAIL, IE_BATTERY_STATUS)
VALUES (
nextval('pfcs_detail_device_seq'), clock_timestamp(), nm_usuario_p, clock_timestamp(), nm_usuario_p, 1501541299, 'Device 36', 40035, 'empty'
);

/* INSERT QUERY NO: 37 */

INSERT INTO pfcs_detail_device(NR_SEQUENCIA, DT_ATUALIZACAO, NM_USUARIO, DT_ATUALIZACAO_NREC, NM_USUARIO_NREC, CD_EQUIPAMENTO, DS_DEVICE, NR_SEQ_DETAIL, IE_BATTERY_STATUS)
VALUES (
nextval('pfcs_detail_device_seq'), clock_timestamp(), nm_usuario_p, clock_timestamp(), nm_usuario_p, 1501541294, 'Device 37', 40036, 'empty'
);

/* INSERT QUERY NO: 38 */

INSERT INTO pfcs_detail_device(NR_SEQUENCIA, DT_ATUALIZACAO, NM_USUARIO, DT_ATUALIZACAO_NREC, NM_USUARIO_NREC, CD_EQUIPAMENTO, DS_DEVICE, NR_SEQ_DETAIL, IE_BATTERY_STATUS)
VALUES (
nextval('pfcs_detail_device_seq'), clock_timestamp(), nm_usuario_p, clock_timestamp(), nm_usuario_p, 1501541288, 'Device 38', 40037, ''
);

/* INSERT QUERY NO: 39 */

INSERT INTO pfcs_detail_device(NR_SEQUENCIA, DT_ATUALIZACAO, NM_USUARIO, DT_ATUALIZACAO_NREC, NM_USUARIO_NREC, CD_EQUIPAMENTO, DS_DEVICE, NR_SEQ_DETAIL, IE_BATTERY_STATUS)
VALUES (
nextval('pfcs_detail_device_seq'), clock_timestamp(), nm_usuario_p, clock_timestamp(), nm_usuario_p, 1501541293, 'Device 39', 40038, ''
);

/* INSERT QUERY NO: 40 */

INSERT INTO pfcs_detail_device(NR_SEQUENCIA, DT_ATUALIZACAO, NM_USUARIO, DT_ATUALIZACAO_NREC, NM_USUARIO_NREC, CD_EQUIPAMENTO, DS_DEVICE, NR_SEQ_DETAIL, IE_BATTERY_STATUS)
VALUES (
nextval('pfcs_detail_device_seq'), clock_timestamp(), nm_usuario_p, clock_timestamp(), nm_usuario_p, 150154793403, 'Device 40', 40039, 'empty'
);

/* INSERT QUERY NO: 41 */

INSERT INTO pfcs_detail_device(NR_SEQUENCIA, DT_ATUALIZACAO, NM_USUARIO, DT_ATUALIZACAO_NREC, NM_USUARIO_NREC, CD_EQUIPAMENTO, DS_DEVICE, NR_SEQ_DETAIL, IE_BATTERY_STATUS)
VALUES (
nextval('pfcs_detail_device_seq'), clock_timestamp(), nm_usuario_p, clock_timestamp(), nm_usuario_p, 1501541294, 'Device 41', 40040, 'low'
);

/* INSERT QUERY NO: 42 */

INSERT INTO pfcs_detail_device(NR_SEQUENCIA, DT_ATUALIZACAO, NM_USUARIO, DT_ATUALIZACAO_NREC, NM_USUARIO_NREC, CD_EQUIPAMENTO, DS_DEVICE, NR_SEQ_DETAIL, IE_BATTERY_STATUS)
VALUES (
nextval('pfcs_detail_device_seq'), clock_timestamp(), nm_usuario_p, clock_timestamp(), nm_usuario_p, 1501541288, 'Device 42', 40041, 'low'
);

/* INSERT QUERY NO: 43 */

INSERT INTO pfcs_detail_device(NR_SEQUENCIA, DT_ATUALIZACAO, NM_USUARIO, DT_ATUALIZACAO_NREC, NM_USUARIO_NREC, CD_EQUIPAMENTO, DS_DEVICE, NR_SEQ_DETAIL, IE_BATTERY_STATUS)
VALUES (
nextval('pfcs_detail_device_seq'), clock_timestamp(), nm_usuario_p, clock_timestamp(), nm_usuario_p, 1501541293, 'Device 43', 40042, 'empty'
);

/* INSERT QUERY NO: 44 */

INSERT INTO pfcs_detail_device(NR_SEQUENCIA, DT_ATUALIZACAO, NM_USUARIO, DT_ATUALIZACAO_NREC, NM_USUARIO_NREC, CD_EQUIPAMENTO, DS_DEVICE, NR_SEQ_DETAIL, IE_BATTERY_STATUS)
VALUES (
nextval('pfcs_detail_device_seq'), clock_timestamp(), nm_usuario_p, clock_timestamp(), nm_usuario_p, 150154793403, 'Device 44', 40043, 'empty'
);

/* INSERT QUERY NO: 45 */

INSERT INTO pfcs_detail_device(NR_SEQUENCIA, DT_ATUALIZACAO, NM_USUARIO, DT_ATUALIZACAO_NREC, NM_USUARIO_NREC, CD_EQUIPAMENTO, DS_DEVICE, NR_SEQ_DETAIL, IE_BATTERY_STATUS)
VALUES (
nextval('pfcs_detail_device_seq'), clock_timestamp(), nm_usuario_p, clock_timestamp(), nm_usuario_p, 1501541287, 'Device 45', 40044, 'low'
);

/* INSERT QUERY NO: 46 */

INSERT INTO pfcs_detail_device(NR_SEQUENCIA, DT_ATUALIZACAO, NM_USUARIO, DT_ATUALIZACAO_NREC, NM_USUARIO_NREC, CD_EQUIPAMENTO, DS_DEVICE, NR_SEQ_DETAIL, IE_BATTERY_STATUS)
VALUES (
nextval('pfcs_detail_device_seq'), clock_timestamp(), nm_usuario_p, clock_timestamp(), nm_usuario_p, 1501541293, 'Device 46', 40045, 'low'
);

/* INSERT QUERY NO: 47 */

INSERT INTO pfcs_detail_device(NR_SEQUENCIA, DT_ATUALIZACAO, NM_USUARIO, DT_ATUALIZACAO_NREC, NM_USUARIO_NREC, CD_EQUIPAMENTO, DS_DEVICE, NR_SEQ_DETAIL, IE_BATTERY_STATUS)
VALUES (
nextval('pfcs_detail_device_seq'), clock_timestamp(), nm_usuario_p, clock_timestamp(), nm_usuario_p, 1501541299, 'Device 47', 40046, 'empty'
);

/* INSERT QUERY NO: 48 */

INSERT INTO pfcs_detail_device(NR_SEQUENCIA, DT_ATUALIZACAO, NM_USUARIO, DT_ATUALIZACAO_NREC, NM_USUARIO_NREC, CD_EQUIPAMENTO, DS_DEVICE, NR_SEQ_DETAIL, IE_BATTERY_STATUS)
VALUES (
nextval('pfcs_detail_device_seq'), clock_timestamp(), nm_usuario_p, clock_timestamp(), nm_usuario_p, 1501541294, 'Device 48', 40047, 'low'
);

/* INSERT QUERY NO: 49 */

INSERT INTO pfcs_detail_device(NR_SEQUENCIA, DT_ATUALIZACAO, NM_USUARIO, DT_ATUALIZACAO_NREC, NM_USUARIO_NREC, CD_EQUIPAMENTO, DS_DEVICE, NR_SEQ_DETAIL, IE_BATTERY_STATUS)
VALUES (
nextval('pfcs_detail_device_seq'), clock_timestamp(), nm_usuario_p, clock_timestamp(), nm_usuario_p, 1501541287, 'Device 49', 40048, 'empty'
);

/* INSERT QUERY NO: 50 */

INSERT INTO pfcs_detail_device(NR_SEQUENCIA, DT_ATUALIZACAO, NM_USUARIO, DT_ATUALIZACAO_NREC, NM_USUARIO_NREC, CD_EQUIPAMENTO, DS_DEVICE, NR_SEQ_DETAIL, IE_BATTERY_STATUS)
VALUES (
nextval('pfcs_detail_device_seq'), clock_timestamp(), nm_usuario_p, clock_timestamp(), nm_usuario_p, 1501541288, 'Device 50', 40049, 'empty'
);

/* INSERT QUERY NO: 51 */

INSERT INTO pfcs_detail_device(NR_SEQUENCIA, DT_ATUALIZACAO, NM_USUARIO, DT_ATUALIZACAO_NREC, NM_USUARIO_NREC, CD_EQUIPAMENTO, DS_DEVICE, NR_SEQ_DETAIL, IE_BATTERY_STATUS)
VALUES (
nextval('pfcs_detail_device_seq'), clock_timestamp(), nm_usuario_p, clock_timestamp(), nm_usuario_p, 1501541287, 'Device 51', 40050, ''
);

/* INSERT QUERY NO: 52 */

INSERT INTO pfcs_detail_device(NR_SEQUENCIA, DT_ATUALIZACAO, NM_USUARIO, DT_ATUALIZACAO_NREC, NM_USUARIO_NREC, CD_EQUIPAMENTO, DS_DEVICE, NR_SEQ_DETAIL, IE_BATTERY_STATUS)
VALUES (
nextval('pfcs_detail_device_seq'), clock_timestamp(), nm_usuario_p, clock_timestamp(), nm_usuario_p, 1501541293, 'Device 52', 40051, ''
);

/* INSERT QUERY NO: 53 */

INSERT INTO pfcs_detail_device(NR_SEQUENCIA, DT_ATUALIZACAO, NM_USUARIO, DT_ATUALIZACAO_NREC, NM_USUARIO_NREC, CD_EQUIPAMENTO, DS_DEVICE, NR_SEQ_DETAIL, IE_BATTERY_STATUS)
VALUES (
nextval('pfcs_detail_device_seq'), clock_timestamp(), nm_usuario_p, clock_timestamp(), nm_usuario_p, 1501541299, 'Device 53', 40052, 'empty'
);

/* INSERT QUERY NO: 54 */

INSERT INTO pfcs_detail_device(NR_SEQUENCIA, DT_ATUALIZACAO, NM_USUARIO, DT_ATUALIZACAO_NREC, NM_USUARIO_NREC, CD_EQUIPAMENTO, DS_DEVICE, NR_SEQ_DETAIL, IE_BATTERY_STATUS)
VALUES (
nextval('pfcs_detail_device_seq'), clock_timestamp(), nm_usuario_p, clock_timestamp(), nm_usuario_p, 1501541290, 'Device 54', 40053, 'empty'
);

/* INSERT QUERY NO: 55 */

INSERT INTO pfcs_detail_device(NR_SEQUENCIA, DT_ATUALIZACAO, NM_USUARIO, DT_ATUALIZACAO_NREC, NM_USUARIO_NREC, CD_EQUIPAMENTO, DS_DEVICE, NR_SEQ_DETAIL, IE_BATTERY_STATUS)
VALUES (
nextval('pfcs_detail_device_seq'), clock_timestamp(), nm_usuario_p, clock_timestamp(), nm_usuario_p, 1501541294, 'Device 55', 40054, ''
);

/* INSERT QUERY NO: 56 */

INSERT INTO pfcs_detail_device(NR_SEQUENCIA, DT_ATUALIZACAO, NM_USUARIO, DT_ATUALIZACAO_NREC, NM_USUARIO_NREC, CD_EQUIPAMENTO, DS_DEVICE, NR_SEQ_DETAIL, IE_BATTERY_STATUS)
VALUES (
nextval('pfcs_detail_device_seq'), clock_timestamp(), nm_usuario_p, clock_timestamp(), nm_usuario_p, 1501541288, 'Device 56', 40055, ''
);

/* INSERT QUERY NO: 57 */

INSERT INTO pfcs_detail_device(NR_SEQUENCIA, DT_ATUALIZACAO, NM_USUARIO, DT_ATUALIZACAO_NREC, NM_USUARIO_NREC, CD_EQUIPAMENTO, DS_DEVICE, NR_SEQ_DETAIL, IE_BATTERY_STATUS)
VALUES (
nextval('pfcs_detail_device_seq'), clock_timestamp(), nm_usuario_p, clock_timestamp(), nm_usuario_p, 1501541288, 'Device 57', 40056, ''
);

/* INSERT QUERY NO: 58 */

INSERT INTO pfcs_detail_device(NR_SEQUENCIA, DT_ATUALIZACAO, NM_USUARIO, DT_ATUALIZACAO_NREC, NM_USUARIO_NREC, CD_EQUIPAMENTO, DS_DEVICE, NR_SEQ_DETAIL, IE_BATTERY_STATUS)
VALUES (
nextval('pfcs_detail_device_seq'), clock_timestamp(), nm_usuario_p, clock_timestamp(), nm_usuario_p, 1501541293, 'Device 58', 40057, 'empty'
);

/* INSERT QUERY NO: 59 */

INSERT INTO pfcs_detail_device(NR_SEQUENCIA, DT_ATUALIZACAO, NM_USUARIO, DT_ATUALIZACAO_NREC, NM_USUARIO_NREC, CD_EQUIPAMENTO, DS_DEVICE, NR_SEQ_DETAIL, IE_BATTERY_STATUS)
VALUES (
nextval('pfcs_detail_device_seq'), clock_timestamp(), nm_usuario_p, clock_timestamp(), nm_usuario_p, 1501541294, 'Device 59', 40058, 'empty'
);

/* INSERT QUERY NO: 60 */

INSERT INTO pfcs_detail_device(NR_SEQUENCIA, DT_ATUALIZACAO, NM_USUARIO, DT_ATUALIZACAO_NREC, NM_USUARIO_NREC, CD_EQUIPAMENTO, DS_DEVICE, NR_SEQ_DETAIL, IE_BATTERY_STATUS)
VALUES (
nextval('pfcs_detail_device_seq'), clock_timestamp(), nm_usuario_p, clock_timestamp(), nm_usuario_p, 1501541299, 'Device 60', 40059, 'empty'
);

/* INSERT QUERY NO: 61 */

INSERT INTO pfcs_detail_device(NR_SEQUENCIA, DT_ATUALIZACAO, NM_USUARIO, DT_ATUALIZACAO_NREC, NM_USUARIO_NREC, CD_EQUIPAMENTO, DS_DEVICE, NR_SEQ_DETAIL, IE_BATTERY_STATUS)
VALUES (
nextval('pfcs_detail_device_seq'), clock_timestamp(), nm_usuario_p, clock_timestamp(), nm_usuario_p, 150154793403, 'Device 61', 40060, ''
);

/* INSERT QUERY NO: 62 */

INSERT INTO pfcs_detail_device(NR_SEQUENCIA, DT_ATUALIZACAO, NM_USUARIO, DT_ATUALIZACAO_NREC, NM_USUARIO_NREC, CD_EQUIPAMENTO, DS_DEVICE, NR_SEQ_DETAIL, IE_BATTERY_STATUS)
VALUES (
nextval('pfcs_detail_device_seq'), clock_timestamp(), nm_usuario_p, clock_timestamp(), nm_usuario_p, 150154793400, '62', 40061, ''
);

/* INSERT QUERY NO: 32 */

INSERT INTO pfcs_detail_patient(NR_SEQUENCIA, NM_USUARIO, DT_ATUALIZACAO, NM_USUARIO_NREC, DT_ATUALIZACAO_NREC, NR_SEQ_DETAIL, NR_ENCOUNTER, ID_PATIENT, NM_PATIENT, DT_BIRTHDATE, DS_PRIMARY_DIAGNOSIS, DS_GENDER, DS_DNR_STATUS, QT_TIME_TELEMETRY, CD_CLASSIFICATION, DS_CLASSIFICATION, DT_ENTRANCE, DS_SERVICE_LINE, QT_YELLOW_ALARMS, QT_RED_ALARMS)
VALUES (
nextval('pfcs_detail_patient_seq'), nm_usuario_p, clock_timestamp(), nm_usuario_p, clock_timestamp(), 40031, 991807, 625042, 'FAUN, Morgana', TO_DATE('28/10/1990 00:00:00', 'DD/MM/YYYY HH24:MI:SS'), '', 'Female', '', 120, 1,  'Risco de queda', (clock_timestamp() - interval '2 days'), 'Joan, Mejia', 0, 0
);

/* INSERT QUERY NO: 33 */

INSERT INTO pfcs_detail_patient(NR_SEQUENCIA, NM_USUARIO, DT_ATUALIZACAO, NM_USUARIO_NREC, DT_ATUALIZACAO_NREC, NR_SEQ_DETAIL, NR_ENCOUNTER, ID_PATIENT, NM_PATIENT, DT_BIRTHDATE, DS_PRIMARY_DIAGNOSIS, DS_GENDER, DS_DNR_STATUS, QT_TIME_TELEMETRY, CD_CLASSIFICATION, DS_CLASSIFICATION, DT_ENTRANCE, DS_SERVICE_LINE, QT_YELLOW_ALARMS, QT_RED_ALARMS)
VALUES (
nextval('pfcs_detail_patient_seq'), nm_usuario_p, clock_timestamp(), nm_usuario_p, clock_timestamp(), 40032, 123561, 5541224, 'Greyson, Patel', TO_DATE('13/10/1960 00:00:00', 'DD/MM/YYYY HH24:MI:SS'), '', 'Male', '', 145, 2, 'VIP', (clock_timestamp() - interval '5 days'), 'Walid, Kane', 0, 1
);

/* INSERT QUERY NO: 34 */

INSERT INTO pfcs_detail_patient(NR_SEQUENCIA, NM_USUARIO, DT_ATUALIZACAO, NM_USUARIO_NREC, DT_ATUALIZACAO_NREC, NR_SEQ_DETAIL, NR_ENCOUNTER, ID_PATIENT, NM_PATIENT, DT_BIRTHDATE, DS_PRIMARY_DIAGNOSIS, DS_GENDER, DS_DNR_STATUS, QT_TIME_TELEMETRY, CD_CLASSIFICATION, DS_CLASSIFICATION, DT_ENTRANCE, DS_SERVICE_LINE, QT_YELLOW_ALARMS, QT_RED_ALARMS)
VALUES (
nextval('pfcs_detail_patient_seq'), nm_usuario_p, clock_timestamp(), nm_usuario_p, clock_timestamp(), 40033, 36199, 548713, 'Eliot, Burke', TO_DATE('28/12/1960 00:00:00', 'DD/MM/YYYY HH24:MI:SS'), '', 'Female', '', 172, 2, 'VIP', (clock_timestamp() - interval '6 days'), 'Chance, Booth', 0, 1
);

/* INSERT QUERY NO: 35 */

INSERT INTO pfcs_detail_patient(NR_SEQUENCIA, NM_USUARIO, DT_ATUALIZACAO, NM_USUARIO_NREC, DT_ATUALIZACAO_NREC, NR_SEQ_DETAIL, NR_ENCOUNTER, ID_PATIENT, NM_PATIENT, DT_BIRTHDATE, DS_PRIMARY_DIAGNOSIS, DS_GENDER, DS_DNR_STATUS, QT_TIME_TELEMETRY, CD_CLASSIFICATION, DS_CLASSIFICATION, DT_ENTRANCE, DS_SERVICE_LINE, QT_YELLOW_ALARMS, QT_RED_ALARMS)
VALUES (
nextval('pfcs_detail_patient_seq'), nm_usuario_p, clock_timestamp(), nm_usuario_p, clock_timestamp(), 40034, 56180, 1365994, 'Dominic, Morin', TO_DATE('10/11/2010 00:00:00', 'DD/MM/YYYY HH24:MI:SS'), '', 'Male', '', 199, 2, 'VIP', (clock_timestamp() - interval '3 days'), 'Andy, Meyers', 1, 0
);

/* INSERT QUERY NO: 36 */

INSERT INTO pfcs_detail_patient(NR_SEQUENCIA, NM_USUARIO, DT_ATUALIZACAO, NM_USUARIO_NREC, DT_ATUALIZACAO_NREC, NR_SEQ_DETAIL, NR_ENCOUNTER, ID_PATIENT, NM_PATIENT, DT_BIRTHDATE, DS_PRIMARY_DIAGNOSIS, DS_GENDER, DS_DNR_STATUS, QT_TIME_TELEMETRY, CD_CLASSIFICATION, DS_CLASSIFICATION, DT_ENTRANCE, DS_SERVICE_LINE, QT_YELLOW_ALARMS, QT_RED_ALARMS)
VALUES (
nextval('pfcs_detail_patient_seq'), nm_usuario_p, clock_timestamp(), nm_usuario_p, clock_timestamp(), 40035, 3382964, 1015790395, 'Jude, Ponce', TO_DATE('08/01/1947 00:00:00', 'DD/MM/YYYY HH24:MI:SS'), '', 'Male', '', 35, 1,  'Risco de queda', (clock_timestamp() - interval '7 days'), 'May, Rosa', 1, 0
);

/* INSERT QUERY NO: 37 */

INSERT INTO pfcs_detail_patient(NR_SEQUENCIA, NM_USUARIO, DT_ATUALIZACAO, NM_USUARIO_NREC, DT_ATUALIZACAO_NREC, NR_SEQ_DETAIL, NR_ENCOUNTER, ID_PATIENT, NM_PATIENT, DT_BIRTHDATE, DS_PRIMARY_DIAGNOSIS, DS_GENDER, DS_DNR_STATUS, QT_TIME_TELEMETRY, CD_CLASSIFICATION, DS_CLASSIFICATION, DT_ENTRANCE, DS_SERVICE_LINE, QT_YELLOW_ALARMS, QT_RED_ALARMS)
VALUES (
nextval('pfcs_detail_patient_seq'), nm_usuario_p, clock_timestamp(), nm_usuario_p, clock_timestamp(), 40036, 3349696, 15, 'Darryl, Wicks', TO_DATE('17/01/1987 00:00:00', 'DD/MM/YYYY HH24:MI:SS'), '', 'Male', '', 70, 2, 'VIP', (clock_timestamp() - interval '11 days'), 'Julien, Jensen', 0, 0
);

/* INSERT QUERY NO: 38 */

INSERT INTO pfcs_detail_patient(NR_SEQUENCIA, NM_USUARIO, DT_ATUALIZACAO, NM_USUARIO_NREC, DT_ATUALIZACAO_NREC, NR_SEQ_DETAIL, NR_ENCOUNTER, ID_PATIENT, NM_PATIENT, DT_BIRTHDATE, DS_PRIMARY_DIAGNOSIS, DS_GENDER, DS_DNR_STATUS, QT_TIME_TELEMETRY, CD_CLASSIFICATION, DS_CLASSIFICATION, DT_ENTRANCE, DS_SERVICE_LINE, QT_YELLOW_ALARMS, QT_RED_ALARMS)
VALUES (
nextval('pfcs_detail_patient_seq'), nm_usuario_p, clock_timestamp(), nm_usuario_p, clock_timestamp(), 40037, 3398170, 2275867, 'Imaani, Costa', TO_DATE('01/01/1997 00:00:00', 'DD/MM/YYYY HH24:MI:SS'), '', 'Female', '', 85, 2, 'VIP', (clock_timestamp() - interval '5 days'), 'Sonny, Frey', 0, 0
);

/* INSERT QUERY NO: 39 */

INSERT INTO pfcs_detail_patient(NR_SEQUENCIA, NM_USUARIO, DT_ATUALIZACAO, NM_USUARIO_NREC, DT_ATUALIZACAO_NREC, NR_SEQ_DETAIL, NR_ENCOUNTER, ID_PATIENT, NM_PATIENT, DT_BIRTHDATE, DS_PRIMARY_DIAGNOSIS, DS_GENDER, DS_DNR_STATUS, QT_TIME_TELEMETRY, CD_CLASSIFICATION, DS_CLASSIFICATION, DT_ENTRANCE, DS_SERVICE_LINE, QT_YELLOW_ALARMS, QT_RED_ALARMS)
VALUES (
nextval('pfcs_detail_patient_seq'), nm_usuario_p, clock_timestamp(), nm_usuario_p, clock_timestamp(), 40038, 157409, 4580674, 'Ibrahim, Callahan', TO_DATE('03/12/1998 00:00:00', 'DD/MM/YYYY HH24:MI:SS'), 'Severe right wrist pain', 'Female', 'DNR', 120, 2, 'VIP', (clock_timestamp() - interval '6 days'), 'Duncan, Firth', 1, 0
);

/* INSERT QUERY NO: 40 */

INSERT INTO pfcs_detail_patient(NR_SEQUENCIA, NM_USUARIO, DT_ATUALIZACAO, NM_USUARIO_NREC, DT_ATUALIZACAO_NREC, NR_SEQ_DETAIL, NR_ENCOUNTER, ID_PATIENT, NM_PATIENT, DT_BIRTHDATE, DS_PRIMARY_DIAGNOSIS, DS_GENDER, DS_DNR_STATUS, QT_TIME_TELEMETRY, CD_CLASSIFICATION, DS_CLASSIFICATION, DT_ENTRANCE, DS_SERVICE_LINE, QT_YELLOW_ALARMS, QT_RED_ALARMS)
VALUES (
nextval('pfcs_detail_patient_seq'), nm_usuario_p, clock_timestamp(), nm_usuario_p, clock_timestamp(), 40039, 149000, 49864, 'Antonia, Berg', TO_DATE('17/10/1980 00:00:00', 'DD/MM/YYYY HH24:MI:SS'), '', 'Female', '', 145, 1,  'Risco de queda', (clock_timestamp() - interval '4 days'), 'Amiee, Traynor', 0, 0
);

/* INSERT QUERY NO: 41 */

INSERT INTO pfcs_detail_patient(NR_SEQUENCIA, NM_USUARIO, DT_ATUALIZACAO, NM_USUARIO_NREC, DT_ATUALIZACAO_NREC, NR_SEQ_DETAIL, NR_ENCOUNTER, ID_PATIENT, NM_PATIENT, DT_BIRTHDATE, DS_PRIMARY_DIAGNOSIS, DS_GENDER, DS_DNR_STATUS, QT_TIME_TELEMETRY, CD_CLASSIFICATION, DS_CLASSIFICATION, DT_ENTRANCE, DS_SERVICE_LINE, QT_YELLOW_ALARMS, QT_RED_ALARMS)
VALUES (
nextval('pfcs_detail_patient_seq'), nm_usuario_p, clock_timestamp(), nm_usuario_p, clock_timestamp(), 40040, 3338481, 2489887, 'Faizaan, Kenny', TO_DATE('14/03/1984 00:00:00', 'DD/MM/YYYY HH24:MI:SS'), 'Frozen left arm', 'Male', '', 172, 2, 'VIP', (clock_timestamp() - interval '8 days'), 'Reece, Iles', 0, 0
);

/* INSERT QUERY NO: 42 */

INSERT INTO pfcs_detail_patient(NR_SEQUENCIA, NM_USUARIO, DT_ATUALIZACAO, NM_USUARIO_NREC, DT_ATUALIZACAO_NREC, NR_SEQ_DETAIL, NR_ENCOUNTER, ID_PATIENT, NM_PATIENT, DT_BIRTHDATE, DS_PRIMARY_DIAGNOSIS, DS_GENDER, DS_DNR_STATUS, QT_TIME_TELEMETRY, CD_CLASSIFICATION, DS_CLASSIFICATION, DT_ENTRANCE, DS_SERVICE_LINE, QT_YELLOW_ALARMS, QT_RED_ALARMS)
VALUES (
nextval('pfcs_detail_patient_seq'), nm_usuario_p, clock_timestamp(), nm_usuario_p, clock_timestamp(), 40041, 10438, 2420334, 'Caius, Herrera', TO_DATE('01/01/1980 00:00:00', 'DD/MM/YYYY HH24:MI:SS'), 'High Palpitation', 'Male', '', 199, 2, 'VIP', (clock_timestamp() - interval '5 days'), 'Yunus, Greig', 1, 0
);

/* INSERT QUERY NO: 43 */

INSERT INTO pfcs_detail_patient(NR_SEQUENCIA, NM_USUARIO, DT_ATUALIZACAO, NM_USUARIO_NREC, DT_ATUALIZACAO_NREC, NR_SEQ_DETAIL, NR_ENCOUNTER, ID_PATIENT, NM_PATIENT, DT_BIRTHDATE, DS_PRIMARY_DIAGNOSIS, DS_GENDER, DS_DNR_STATUS, QT_TIME_TELEMETRY, CD_CLASSIFICATION, DS_CLASSIFICATION, DT_ENTRANCE, DS_SERVICE_LINE, QT_YELLOW_ALARMS, QT_RED_ALARMS)
VALUES (
nextval('pfcs_detail_patient_seq'), nm_usuario_p, clock_timestamp(), nm_usuario_p, clock_timestamp(), 40042, 158942, 1015591084, 'Buddy, Read', TO_DATE('20/07/1997 00:00:00', 'DD/MM/YYYY HH24:MI:SS'), '', 'Female', '', 35, 1,  'Risco de queda', (clock_timestamp() - interval '4 days'), 'Lily, Hope', 0, 0
);

/* INSERT QUERY NO: 44 */

INSERT INTO pfcs_detail_patient(NR_SEQUENCIA, NM_USUARIO, DT_ATUALIZACAO, NM_USUARIO_NREC, DT_ATUALIZACAO_NREC, NR_SEQ_DETAIL, NR_ENCOUNTER, ID_PATIENT, NM_PATIENT, DT_BIRTHDATE, DS_PRIMARY_DIAGNOSIS, DS_GENDER, DS_DNR_STATUS, QT_TIME_TELEMETRY, CD_CLASSIFICATION, DS_CLASSIFICATION, DT_ENTRANCE, DS_SERVICE_LINE, QT_YELLOW_ALARMS, QT_RED_ALARMS)
VALUES (
nextval('pfcs_detail_patient_seq'), nm_usuario_p, clock_timestamp(), nm_usuario_p, clock_timestamp(), 40043, 19924, 1724108, 'Elina, Brown', TO_DATE('06/02/1967 00:00:00', 'DD/MM/YYYY HH24:MI:SS'), '', 'Female', '', 70, 2, 'VIP', (clock_timestamp() - interval '9 days'), 'Ezra, Jackson', 0, 0
);

/* INSERT QUERY NO: 45 */

INSERT INTO pfcs_detail_patient(NR_SEQUENCIA, NM_USUARIO, DT_ATUALIZACAO, NM_USUARIO_NREC, DT_ATUALIZACAO_NREC, NR_SEQ_DETAIL, NR_ENCOUNTER, ID_PATIENT, NM_PATIENT, DT_BIRTHDATE, DS_PRIMARY_DIAGNOSIS, DS_GENDER, DS_DNR_STATUS, QT_TIME_TELEMETRY, CD_CLASSIFICATION, DS_CLASSIFICATION, DT_ENTRANCE, DS_SERVICE_LINE, QT_YELLOW_ALARMS, QT_RED_ALARMS)
VALUES (
nextval('pfcs_detail_patient_seq'), nm_usuario_p, clock_timestamp(), nm_usuario_p, clock_timestamp(), 40044, 40524, 196341, 'Lyra, Gibbs', TO_DATE('08/10/2019 00:00:00', 'DD/MM/YYYY HH24:MI:SS'), '', 'Male', '', 85, 2, 'VIP', (clock_timestamp() - interval '3 days'), 'Kailum, Lucero', 0, 0
);

/* INSERT QUERY NO: 46 */

INSERT INTO pfcs_detail_patient(NR_SEQUENCIA, NM_USUARIO, DT_ATUALIZACAO, NM_USUARIO_NREC, DT_ATUALIZACAO_NREC, NR_SEQ_DETAIL, NR_ENCOUNTER, ID_PATIENT, NM_PATIENT, DT_BIRTHDATE, DS_PRIMARY_DIAGNOSIS, DS_GENDER, DS_DNR_STATUS, QT_TIME_TELEMETRY, CD_CLASSIFICATION, DS_CLASSIFICATION, DT_ENTRANCE, DS_SERVICE_LINE, QT_YELLOW_ALARMS, QT_RED_ALARMS)
VALUES (
nextval('pfcs_detail_patient_seq'), nm_usuario_p, clock_timestamp(), nm_usuario_p, clock_timestamp(), 40045, 3381184, 4580607, 'Lylah, Pearce', TO_DATE('20/09/2017 00:00:00', 'DD/MM/YYYY HH24:MI:SS'), 'Severe right wrist pain', 'Female', '', 120, 2, 'VIP', (clock_timestamp() - interval '5 days'), 'Jocelyn, Boyer', 0, 1
);

/* INSERT QUERY NO: 47 */

INSERT INTO pfcs_detail_patient(NR_SEQUENCIA, NM_USUARIO, DT_ATUALIZACAO, NM_USUARIO_NREC, DT_ATUALIZACAO_NREC, NR_SEQ_DETAIL, NR_ENCOUNTER, ID_PATIENT, NM_PATIENT, DT_BIRTHDATE, DS_PRIMARY_DIAGNOSIS, DS_GENDER, DS_DNR_STATUS, QT_TIME_TELEMETRY, CD_CLASSIFICATION, DS_CLASSIFICATION, DT_ENTRANCE, DS_SERVICE_LINE, QT_YELLOW_ALARMS, QT_RED_ALARMS)
VALUES (
nextval('pfcs_detail_patient_seq'), nm_usuario_p, clock_timestamp(), nm_usuario_p, clock_timestamp(), 40046, 137489, 1015597877, 'Carla, Brett', TO_DATE('05/10/1965 00:00:00', 'DD/MM/YYYY HH24:MI:SS'), '', 'Female', '', 145, 2, 'VIP', (clock_timestamp() - interval '8 days'), 'Serenity, Salgado', 0, 0
);

/* INSERT QUERY NO: 48 */

INSERT INTO pfcs_detail_patient(NR_SEQUENCIA, NM_USUARIO, DT_ATUALIZACAO, NM_USUARIO_NREC, DT_ATUALIZACAO_NREC, NR_SEQ_DETAIL, NR_ENCOUNTER, ID_PATIENT, NM_PATIENT, DT_BIRTHDATE, DS_PRIMARY_DIAGNOSIS, DS_GENDER, DS_DNR_STATUS, QT_TIME_TELEMETRY, CD_CLASSIFICATION, DS_CLASSIFICATION, DT_ENTRANCE, DS_SERVICE_LINE, QT_YELLOW_ALARMS, QT_RED_ALARMS)
VALUES (
nextval('pfcs_detail_patient_seq'), nm_usuario_p, clock_timestamp(), nm_usuario_p, clock_timestamp(), 40047, 3396952, 1015582705, 'Frida, Prince', TO_DATE('09/09/1992 00:00:00', 'DD/MM/YYYY HH24:MI:SS'), 'Frozen left arm', 'Male', '', 172, 2, 'VIP', (clock_timestamp() - interval '6 days'), 'Laurel, Davenport', 0, 0
);

/* INSERT QUERY NO: 49 */

INSERT INTO pfcs_detail_patient(NR_SEQUENCIA, NM_USUARIO, DT_ATUALIZACAO, NM_USUARIO_NREC, DT_ATUALIZACAO_NREC, NR_SEQ_DETAIL, NR_ENCOUNTER, ID_PATIENT, NM_PATIENT, DT_BIRTHDATE, DS_PRIMARY_DIAGNOSIS, DS_GENDER, DS_DNR_STATUS, QT_TIME_TELEMETRY, CD_CLASSIFICATION, DS_CLASSIFICATION, DT_ENTRANCE, DS_SERVICE_LINE, QT_YELLOW_ALARMS, QT_RED_ALARMS)
VALUES (
nextval('pfcs_detail_patient_seq'), nm_usuario_p, clock_timestamp(), nm_usuario_p, clock_timestamp(), 40048, 3404374, 1015602942, 'Aryan, Booth', TO_DATE('02/12/1996 00:00:00', 'DD/MM/YYYY HH24:MI:SS'), 'High Palpitation', 'Male', '', 199, 2, 'VIP', (clock_timestamp() - interval '8 days'), 'Jenna, Arellano', 0, 0
);

/* INSERT QUERY NO: 50 */

INSERT INTO pfcs_detail_patient(NR_SEQUENCIA, NM_USUARIO, DT_ATUALIZACAO, NM_USUARIO_NREC, DT_ATUALIZACAO_NREC, NR_SEQ_DETAIL, NR_ENCOUNTER, ID_PATIENT, NM_PATIENT, DT_BIRTHDATE, DS_PRIMARY_DIAGNOSIS, DS_GENDER, DS_DNR_STATUS, QT_TIME_TELEMETRY, CD_CLASSIFICATION, DS_CLASSIFICATION, DT_ENTRANCE, DS_SERVICE_LINE, QT_YELLOW_ALARMS, QT_RED_ALARMS)
VALUES (
nextval('pfcs_detail_patient_seq'), nm_usuario_p, clock_timestamp(), nm_usuario_p, clock_timestamp(), 40049, 3380598, 1015787243, 'Colm, Velasquez', TO_DATE('13/03/1984 00:00:00', 'DD/MM/YYYY HH24:MI:SS'), '', 'Male', '', 35, 1,  'Risco de queda', (clock_timestamp() - interval '4 days'), 'Najma, Muir', 0, 1
);

/* INSERT QUERY NO: 51 */

INSERT INTO pfcs_detail_patient(NR_SEQUENCIA, NM_USUARIO, DT_ATUALIZACAO, NM_USUARIO_NREC, DT_ATUALIZACAO_NREC, NR_SEQ_DETAIL, NR_ENCOUNTER, ID_PATIENT, NM_PATIENT, DT_BIRTHDATE, DS_PRIMARY_DIAGNOSIS, DS_GENDER, DS_DNR_STATUS, QT_TIME_TELEMETRY, CD_CLASSIFICATION, DS_CLASSIFICATION, DT_ENTRANCE, DS_SERVICE_LINE, QT_YELLOW_ALARMS, QT_RED_ALARMS)
VALUES (
nextval('pfcs_detail_patient_seq'), nm_usuario_p, clock_timestamp(), nm_usuario_p, clock_timestamp(), 40050, 140154, 5501147, 'Laila, Jefferson', TO_DATE('06/01/1960 00:00:00', 'DD/MM/YYYY HH24:MI:SS'), '', 'Female', '', 70, 2, 'VIP', (clock_timestamp() - interval '9 days'), 'Hamzah, Nixon', 0, 0
);

/* INSERT QUERY NO: 52 */

INSERT INTO pfcs_detail_patient(NR_SEQUENCIA, NM_USUARIO, DT_ATUALIZACAO, NM_USUARIO_NREC, DT_ATUALIZACAO_NREC, NR_SEQ_DETAIL, NR_ENCOUNTER, ID_PATIENT, NM_PATIENT, DT_BIRTHDATE, DS_PRIMARY_DIAGNOSIS, DS_GENDER, DS_DNR_STATUS, QT_TIME_TELEMETRY, CD_CLASSIFICATION, DS_CLASSIFICATION, DT_ENTRANCE, DS_SERVICE_LINE, QT_YELLOW_ALARMS, QT_RED_ALARMS)
VALUES (
nextval('pfcs_detail_patient_seq'), nm_usuario_p, clock_timestamp(), nm_usuario_p, clock_timestamp(), 40051, 3351110, 1015776472, 'Gillian, Pearson', TO_DATE('03/10/1950 00:00:00', 'DD/MM/YYYY HH24:MI:SS'), '', 'Male', 'DNR', 85, 1,  'Risco de queda', (clock_timestamp() - interval '1 days'), 'Jesus, Faulkner', 0, 0
);

/* INSERT QUERY NO: 53 */

INSERT INTO pfcs_detail_patient(NR_SEQUENCIA, NM_USUARIO, DT_ATUALIZACAO, NM_USUARIO_NREC, DT_ATUALIZACAO_NREC, NR_SEQ_DETAIL, NR_ENCOUNTER, ID_PATIENT, NM_PATIENT, DT_BIRTHDATE, DS_PRIMARY_DIAGNOSIS, DS_GENDER, DS_DNR_STATUS, QT_TIME_TELEMETRY, CD_CLASSIFICATION, DS_CLASSIFICATION, DT_ENTRANCE, DS_SERVICE_LINE, QT_YELLOW_ALARMS, QT_RED_ALARMS)
VALUES (
nextval('pfcs_detail_patient_seq'), nm_usuario_p, clock_timestamp(), nm_usuario_p, clock_timestamp(), 40052, 3402581, 1015804333, 'Sanjay, Driscoll', TO_DATE('24/03/2000 00:00:00', 'DD/MM/YYYY HH24:MI:SS'), '', 'Male', 'DNR', 120, 1,  'Risco de queda', (clock_timestamp() - interval '4 days'), 'Avneet, Weiss', 0, 0
);

/* INSERT QUERY NO: 54 */

INSERT INTO pfcs_detail_patient(NR_SEQUENCIA, NM_USUARIO, DT_ATUALIZACAO, NM_USUARIO_NREC, DT_ATUALIZACAO_NREC, NR_SEQ_DETAIL, NR_ENCOUNTER, ID_PATIENT, NM_PATIENT, DT_BIRTHDATE, DS_PRIMARY_DIAGNOSIS, DS_GENDER, DS_DNR_STATUS, QT_TIME_TELEMETRY, CD_CLASSIFICATION, DS_CLASSIFICATION, DT_ENTRANCE, DS_SERVICE_LINE, QT_YELLOW_ALARMS, QT_RED_ALARMS)
VALUES (
nextval('pfcs_detail_patient_seq'), nm_usuario_p, clock_timestamp(), nm_usuario_p, clock_timestamp(), 40053, 146465, 4906311, 'Susanna, Hooper', TO_DATE('10/12/1973 00:00:00', 'DD/MM/YYYY HH24:MI:SS'), '', 'Male', '', 145, 2, 'VIP', (clock_timestamp() - interval '3 days'), 'Kyra, Guerra', 0, 1
);

/* INSERT QUERY NO: 55 */

INSERT INTO pfcs_detail_patient(NR_SEQUENCIA, NM_USUARIO, DT_ATUALIZACAO, NM_USUARIO_NREC, DT_ATUALIZACAO_NREC, NR_SEQ_DETAIL, NR_ENCOUNTER, ID_PATIENT, NM_PATIENT, DT_BIRTHDATE, DS_PRIMARY_DIAGNOSIS, DS_GENDER, DS_DNR_STATUS, QT_TIME_TELEMETRY, CD_CLASSIFICATION, DS_CLASSIFICATION, DT_ENTRANCE, DS_SERVICE_LINE, QT_YELLOW_ALARMS, QT_RED_ALARMS)
VALUES (
nextval('pfcs_detail_patient_seq'), nm_usuario_p, clock_timestamp(), nm_usuario_p, clock_timestamp(), 40054, 3408849, 1015781776, 'Emilio, Hopper', TO_DATE('27/08/1986 00:00:00', 'DD/MM/YYYY HH24:MI:SS'), '', 'Female', '', 172, 3, 'Pádua', (clock_timestamp() - interval '5 days'), 'Sarah, Sawyer', 0, 1
);

/* INSERT QUERY NO: 56 */

INSERT INTO pfcs_detail_patient(NR_SEQUENCIA, NM_USUARIO, DT_ATUALIZACAO, NM_USUARIO_NREC, DT_ATUALIZACAO_NREC, NR_SEQ_DETAIL, NR_ENCOUNTER, ID_PATIENT, NM_PATIENT, DT_BIRTHDATE, DS_PRIMARY_DIAGNOSIS, DS_GENDER, DS_DNR_STATUS, QT_TIME_TELEMETRY, CD_CLASSIFICATION, DS_CLASSIFICATION, DT_ENTRANCE, DS_SERVICE_LINE, QT_YELLOW_ALARMS, QT_RED_ALARMS)
VALUES (
nextval('pfcs_detail_patient_seq'), nm_usuario_p, clock_timestamp(), nm_usuario_p, clock_timestamp(), 40055, 3399892, 1015785789, 'Cassie, Chan', TO_DATE('11/11/1991 00:00:00', 'DD/MM/YYYY HH24:MI:SS'), '', 'Male', '', 199, 2, 'VIP', (clock_timestamp() - interval '1 days'), 'Hailie, Kendall', 0, 0
);

/* INSERT QUERY NO: 57 */

INSERT INTO pfcs_detail_patient(NR_SEQUENCIA, NM_USUARIO, DT_ATUALIZACAO, NM_USUARIO_NREC, DT_ATUALIZACAO_NREC, NR_SEQ_DETAIL, NR_ENCOUNTER, ID_PATIENT, NM_PATIENT, DT_BIRTHDATE, DS_PRIMARY_DIAGNOSIS, DS_GENDER, DS_DNR_STATUS, QT_TIME_TELEMETRY, CD_CLASSIFICATION, DS_CLASSIFICATION, DT_ENTRANCE, DS_SERVICE_LINE, QT_YELLOW_ALARMS, QT_RED_ALARMS)
VALUES (
nextval('pfcs_detail_patient_seq'), nm_usuario_p, clock_timestamp(), nm_usuario_p, clock_timestamp(), 40056, 123267, 1015548991, 'Carly, Rios', TO_DATE('16/08/1995 00:00:00', 'DD/MM/YYYY HH24:MI:SS'), '', 'Male', '', 35, 2, 'VIP', (clock_timestamp() - interval '5 days'), 'Yisroel, Olson', 0, 0
);

/* INSERT QUERY NO: 58 */

INSERT INTO pfcs_detail_patient(NR_SEQUENCIA, NM_USUARIO, DT_ATUALIZACAO, NM_USUARIO_NREC, DT_ATUALIZACAO_NREC, NR_SEQ_DETAIL, NR_ENCOUNTER, ID_PATIENT, NM_PATIENT, DT_BIRTHDATE, DS_PRIMARY_DIAGNOSIS, DS_GENDER, DS_DNR_STATUS, QT_TIME_TELEMETRY, CD_CLASSIFICATION, DS_CLASSIFICATION, DT_ENTRANCE, DS_SERVICE_LINE, QT_YELLOW_ALARMS, QT_RED_ALARMS)
VALUES (
nextval('pfcs_detail_patient_seq'), nm_usuario_p, clock_timestamp(), nm_usuario_p, clock_timestamp(), 40057, 3352673, 1015775260, 'Edith, Brock', TO_DATE('28/10/1990 00:00:00', 'DD/MM/YYYY HH24:MI:SS'), '', 'Male', '', 70, 1,  'Risco de queda', (clock_timestamp() - interval '6 days'), 'Dawn, Robson', 1, 0
);

/* INSERT QUERY NO: 59 */

INSERT INTO pfcs_detail_patient(NR_SEQUENCIA, NM_USUARIO, DT_ATUALIZACAO, NM_USUARIO_NREC, DT_ATUALIZACAO_NREC, NR_SEQ_DETAIL, NR_ENCOUNTER, ID_PATIENT, NM_PATIENT, DT_BIRTHDATE, DS_PRIMARY_DIAGNOSIS, DS_GENDER, DS_DNR_STATUS, QT_TIME_TELEMETRY, CD_CLASSIFICATION, DS_CLASSIFICATION, DT_ENTRANCE, DS_SERVICE_LINE, QT_YELLOW_ALARMS, QT_RED_ALARMS)
VALUES (
nextval('pfcs_detail_patient_seq'), nm_usuario_p, clock_timestamp(), nm_usuario_p, clock_timestamp(), 40058, 123561, 5541224, 'Amiya, Sheppard', TO_DATE('13/10/1960 00:00:00', 'DD/MM/YYYY HH24:MI:SS'), '', 'Female', '', 85, 2, 'VIP', (clock_timestamp() - interval '2 days'), 'Sheldon, Stein', 0, 1
);

/* INSERT QUERY NO: 60 */

INSERT INTO pfcs_detail_patient(NR_SEQUENCIA, NM_USUARIO, DT_ATUALIZACAO, NM_USUARIO_NREC, DT_ATUALIZACAO_NREC, NR_SEQ_DETAIL, NR_ENCOUNTER, ID_PATIENT, NM_PATIENT, DT_BIRTHDATE, DS_PRIMARY_DIAGNOSIS, DS_GENDER, DS_DNR_STATUS, QT_TIME_TELEMETRY, CD_CLASSIFICATION, DS_CLASSIFICATION, DT_ENTRANCE, DS_SERVICE_LINE, QT_YELLOW_ALARMS, QT_RED_ALARMS)
VALUES (
nextval('pfcs_detail_patient_seq'), nm_usuario_p, clock_timestamp(), nm_usuario_p, clock_timestamp(), 40059, 36199, 548713, 'Spike, Wright', TO_DATE('28/12/1960 00:00:00', 'DD/MM/YYYY HH24:MI:SS'), 'Severe right wrist pain', 'Female', '', 120, 2, 'VIP', (clock_timestamp() - interval '3 days'), 'Viktoria, Stevens', 0, 1
);

/* INSERT QUERY NO: 61 */

INSERT INTO pfcs_detail_patient(NR_SEQUENCIA, NM_USUARIO, DT_ATUALIZACAO, NM_USUARIO_NREC, DT_ATUALIZACAO_NREC, NR_SEQ_DETAIL, NR_ENCOUNTER, ID_PATIENT, NM_PATIENT, DT_BIRTHDATE, DS_PRIMARY_DIAGNOSIS, DS_GENDER, DS_DNR_STATUS, QT_TIME_TELEMETRY, CD_CLASSIFICATION, DS_CLASSIFICATION, DT_ENTRANCE, DS_SERVICE_LINE, QT_YELLOW_ALARMS, QT_RED_ALARMS)
VALUES (
nextval('pfcs_detail_patient_seq'), nm_usuario_p, clock_timestamp(), nm_usuario_p, clock_timestamp(), 40060, 56180, 1365994, 'Katelin, Pope', TO_DATE('10/11/2010 00:00:00', 'DD/MM/YYYY HH24:MI:SS'), '', 'Female', '', 145, 2, 'VIP', (clock_timestamp() - interval '9 days'), 'Ishaan, Garza', 0, 0
);

/* INSERT QUERY NO: 62 */

INSERT INTO pfcs_detail_patient(NR_SEQUENCIA, NM_USUARIO, DT_ATUALIZACAO, NM_USUARIO_NREC, DT_ATUALIZACAO_NREC, NR_SEQ_DETAIL, NR_ENCOUNTER, ID_PATIENT, NM_PATIENT, DT_BIRTHDATE, DS_PRIMARY_DIAGNOSIS, DS_GENDER, DS_DNR_STATUS, QT_TIME_TELEMETRY, CD_CLASSIFICATION, DS_CLASSIFICATION, DT_ENTRANCE, DS_SERVICE_LINE, QT_YELLOW_ALARMS, QT_RED_ALARMS)
VALUES (
nextval('pfcs_detail_patient_seq'), nm_usuario_p, clock_timestamp(), nm_usuario_p, clock_timestamp(), 40061, 3382964, 1015790395, 'Lottie, Sweeney', TO_DATE('08/01/1947 00:00:00', 'DD/MM/YYYY HH24:MI:SS'), 'Frozen left arm', 'Female', '', 172, 1,  'Risco de queda', (clock_timestamp() - interval '6 days'), 'Adrianna, Richard', 0, 0
);

/* INSERT QUERY NO: 32 */

INSERT INTO pfcs_detail_bed(NR_SEQUENCIA, NM_USUARIO, DT_ATUALIZACAO, NM_USUARIO_NREC, DT_ATUALIZACAO_NREC, NR_SEQ_DETAIL, CD_DEPARTMENT, DS_DEPARTMENT, DS_LOCATION)
VALUES (
nextval('pfcs_detail_bed_seq'), nm_usuario_p, clock_timestamp(), nm_usuario_p, clock_timestamp(), 40031, 79343, 'North Ward', 'Box 02'
);

/* INSERT QUERY NO: 33 */

INSERT INTO pfcs_detail_bed(NR_SEQUENCIA, NM_USUARIO, DT_ATUALIZACAO, NM_USUARIO_NREC, DT_ATUALIZACAO_NREC, NR_SEQ_DETAIL, CD_DEPARTMENT, DS_DEPARTMENT, DS_LOCATION)
VALUES (
nextval('pfcs_detail_bed_seq'), nm_usuario_p, clock_timestamp(), nm_usuario_p, clock_timestamp(), 40032, 79343, 'North Ward', 'Box 03'
);

/* INSERT QUERY NO: 34 */

INSERT INTO pfcs_detail_bed(NR_SEQUENCIA, NM_USUARIO, DT_ATUALIZACAO, NM_USUARIO_NREC, DT_ATUALIZACAO_NREC, NR_SEQ_DETAIL, CD_DEPARTMENT, DS_DEPARTMENT, DS_LOCATION)
VALUES (
nextval('pfcs_detail_bed_seq'), nm_usuario_p, clock_timestamp(), nm_usuario_p, clock_timestamp(), 40033, 79287, 'East Ward', 'RICH01 1'
);

/* INSERT QUERY NO: 35 */

INSERT INTO pfcs_detail_bed(NR_SEQUENCIA, NM_USUARIO, DT_ATUALIZACAO, NM_USUARIO_NREC, DT_ATUALIZACAO_NREC, NR_SEQ_DETAIL, CD_DEPARTMENT, DS_DEPARTMENT, DS_LOCATION)
VALUES (
nextval('pfcs_detail_bed_seq'), nm_usuario_p, clock_timestamp(), nm_usuario_p, clock_timestamp(), 40034, 79287, 'East Ward', 'RICH02 1'
);

/* INSERT QUERY NO: 36 */

INSERT INTO pfcs_detail_bed(NR_SEQUENCIA, NM_USUARIO, DT_ATUALIZACAO, NM_USUARIO_NREC, DT_ATUALIZACAO_NREC, NR_SEQ_DETAIL, CD_DEPARTMENT, DS_DEPARTMENT, DS_LOCATION)
VALUES (
nextval('pfcs_detail_bed_seq'), nm_usuario_p, clock_timestamp(), nm_usuario_p, clock_timestamp(), 40035, 79287, 'East Ward', 'RICH03 1'
);

/* INSERT QUERY NO: 37 */

INSERT INTO pfcs_detail_bed(NR_SEQUENCIA, NM_USUARIO, DT_ATUALIZACAO, NM_USUARIO_NREC, DT_ATUALIZACAO_NREC, NR_SEQ_DETAIL, CD_DEPARTMENT, DS_DEPARTMENT, DS_LOCATION)
VALUES (
nextval('pfcs_detail_bed_seq'), nm_usuario_p, clock_timestamp(), nm_usuario_p, clock_timestamp(), 40036, 280, 'Stepdown', 'I 5'
);

/* INSERT QUERY NO: 38 */

INSERT INTO pfcs_detail_bed(NR_SEQUENCIA, NM_USUARIO, DT_ATUALIZACAO, NM_USUARIO_NREC, DT_ATUALIZACAO_NREC, NR_SEQ_DETAIL, CD_DEPARTMENT, DS_DEPARTMENT, DS_LOCATION)
VALUES (
nextval('pfcs_detail_bed_seq'), nm_usuario_p, clock_timestamp(), nm_usuario_p, clock_timestamp(), 40037, 280, 'Stepdown', 'S 1'
);

/* INSERT QUERY NO: 39 */

INSERT INTO pfcs_detail_bed(NR_SEQUENCIA, NM_USUARIO, DT_ATUALIZACAO, NM_USUARIO_NREC, DT_ATUALIZACAO_NREC, NR_SEQ_DETAIL, CD_DEPARTMENT, DS_DEPARTMENT, DS_LOCATION)
VALUES (
nextval('pfcs_detail_bed_seq'), nm_usuario_p, clock_timestamp(), nm_usuario_p, clock_timestamp(), 40038, 79340, 'ICU', 'ICU 03'
);

/* INSERT QUERY NO: 40 */

INSERT INTO pfcs_detail_bed(NR_SEQUENCIA, NM_USUARIO, DT_ATUALIZACAO, NM_USUARIO_NREC, DT_ATUALIZACAO_NREC, NR_SEQ_DETAIL, CD_DEPARTMENT, DS_DEPARTMENT, DS_LOCATION)
VALUES (
nextval('pfcs_detail_bed_seq'), nm_usuario_p, clock_timestamp(), nm_usuario_p, clock_timestamp(), 40039, 79339, 'Diagnostic Clinic', 'A02'
);

/* INSERT QUERY NO: 41 */

INSERT INTO pfcs_detail_bed(NR_SEQUENCIA, NM_USUARIO, DT_ATUALIZACAO, NM_USUARIO_NREC, DT_ATUALIZACAO_NREC, NR_SEQ_DETAIL, CD_DEPARTMENT, DS_DEPARTMENT, DS_LOCATION)
VALUES (
nextval('pfcs_detail_bed_seq'), nm_usuario_p, clock_timestamp(), nm_usuario_p, clock_timestamp(), 40040, 79402, 'Block C', 'qt2'
);

/* INSERT QUERY NO: 42 */

INSERT INTO pfcs_detail_bed(NR_SEQUENCIA, NM_USUARIO, DT_ATUALIZACAO, NM_USUARIO_NREC, DT_ATUALIZACAO_NREC, NR_SEQ_DETAIL, CD_DEPARTMENT, DS_DEPARTMENT, DS_LOCATION)
VALUES (
nextval('pfcs_detail_bed_seq'), nm_usuario_p, clock_timestamp(), nm_usuario_p, clock_timestamp(), 40041, 79407, 'South Ward', 'SL01'
);

/* INSERT QUERY NO: 43 */

INSERT INTO pfcs_detail_bed(NR_SEQUENCIA, NM_USUARIO, DT_ATUALIZACAO, NM_USUARIO_NREC, DT_ATUALIZACAO_NREC, NR_SEQ_DETAIL, CD_DEPARTMENT, DS_DEPARTMENT, DS_LOCATION)
VALUES (
nextval('pfcs_detail_bed_seq'), nm_usuario_p, clock_timestamp(), nm_usuario_p, clock_timestamp(), 40042, 79343, 'North Ward', 'C'
);

/* INSERT QUERY NO: 44 */

INSERT INTO pfcs_detail_bed(NR_SEQUENCIA, NM_USUARIO, DT_ATUALIZACAO, NM_USUARIO_NREC, DT_ATUALIZACAO_NREC, NR_SEQ_DETAIL, CD_DEPARTMENT, DS_DEPARTMENT, DS_LOCATION)
VALUES (
nextval('pfcs_detail_bed_seq'), nm_usuario_p, clock_timestamp(), nm_usuario_p, clock_timestamp(), 40043, 79343, 'North Ward', 'B'
);

/* INSERT QUERY NO: 45 */

INSERT INTO pfcs_detail_bed(NR_SEQUENCIA, NM_USUARIO, DT_ATUALIZACAO, NM_USUARIO_NREC, DT_ATUALIZACAO_NREC, NR_SEQ_DETAIL, CD_DEPARTMENT, DS_DEPARTMENT, DS_LOCATION)
VALUES (
nextval('pfcs_detail_bed_seq'), nm_usuario_p, clock_timestamp(), nm_usuario_p, clock_timestamp(), 40044, 79343, 'North Ward', 'B08'
);

/* INSERT QUERY NO: 46 */

INSERT INTO pfcs_detail_bed(NR_SEQUENCIA, NM_USUARIO, DT_ATUALIZACAO, NM_USUARIO_NREC, DT_ATUALIZACAO_NREC, NR_SEQ_DETAIL, CD_DEPARTMENT, DS_DEPARTMENT, DS_LOCATION)
VALUES (
nextval('pfcs_detail_bed_seq'), nm_usuario_p, clock_timestamp(), nm_usuario_p, clock_timestamp(), 40045, 79343, 'North Ward', 'B09'
);

/* INSERT QUERY NO: 47 */

INSERT INTO pfcs_detail_bed(NR_SEQUENCIA, NM_USUARIO, DT_ATUALIZACAO, NM_USUARIO_NREC, DT_ATUALIZACAO_NREC, NR_SEQ_DETAIL, CD_DEPARTMENT, DS_DEPARTMENT, DS_LOCATION)
VALUES (
nextval('pfcs_detail_bed_seq'), nm_usuario_p, clock_timestamp(), nm_usuario_p, clock_timestamp(), 40046, 79343, 'North Ward', 'B10'
);

/* INSERT QUERY NO: 48 */

INSERT INTO pfcs_detail_bed(NR_SEQUENCIA, NM_USUARIO, DT_ATUALIZACAO, NM_USUARIO_NREC, DT_ATUALIZACAO_NREC, NR_SEQ_DETAIL, CD_DEPARTMENT, DS_DEPARTMENT, DS_LOCATION)
VALUES (
nextval('pfcs_detail_bed_seq'), nm_usuario_p, clock_timestamp(), nm_usuario_p, clock_timestamp(), 40047, 8, 'Block D', '104 D'
);

/* INSERT QUERY NO: 49 */

INSERT INTO pfcs_detail_bed(NR_SEQUENCIA, NM_USUARIO, DT_ATUALIZACAO, NM_USUARIO_NREC, DT_ATUALIZACAO_NREC, NR_SEQ_DETAIL, CD_DEPARTMENT, DS_DEPARTMENT, DS_LOCATION)
VALUES (
nextval('pfcs_detail_bed_seq'), nm_usuario_p, clock_timestamp(), nm_usuario_p, clock_timestamp(), 40048, 8, 'Block D', '105 A'
);

/* INSERT QUERY NO: 50 */

INSERT INTO pfcs_detail_bed(NR_SEQUENCIA, NM_USUARIO, DT_ATUALIZACAO, NM_USUARIO_NREC, DT_ATUALIZACAO_NREC, NR_SEQ_DETAIL, CD_DEPARTMENT, DS_DEPARTMENT, DS_LOCATION)
VALUES (
nextval('pfcs_detail_bed_seq'), nm_usuario_p, clock_timestamp(), nm_usuario_p, clock_timestamp(), 40049, 80, 'Home Care', '3'
);

/* INSERT QUERY NO: 51 */

INSERT INTO pfcs_detail_bed(NR_SEQUENCIA, NM_USUARIO, DT_ATUALIZACAO, NM_USUARIO_NREC, DT_ATUALIZACAO_NREC, NR_SEQ_DETAIL, CD_DEPARTMENT, DS_DEPARTMENT, DS_LOCATION)
VALUES (
nextval('pfcs_detail_bed_seq'), nm_usuario_p, clock_timestamp(), nm_usuario_p, clock_timestamp(), 40050, 80, 'Home Care', '1'
);

/* INSERT QUERY NO: 52 */

INSERT INTO pfcs_detail_bed(NR_SEQUENCIA, NM_USUARIO, DT_ATUALIZACAO, NM_USUARIO_NREC, DT_ATUALIZACAO_NREC, NR_SEQ_DETAIL, CD_DEPARTMENT, DS_DEPARTMENT, DS_LOCATION)
VALUES (
nextval('pfcs_detail_bed_seq'), nm_usuario_p, clock_timestamp(), nm_usuario_p, clock_timestamp(), 40051, 79340, 'ICU', '3'
);

/* INSERT QUERY NO: 53 */

INSERT INTO pfcs_detail_bed(NR_SEQUENCIA, NM_USUARIO, DT_ATUALIZACAO, NM_USUARIO_NREC, DT_ATUALIZACAO_NREC, NR_SEQ_DETAIL, CD_DEPARTMENT, DS_DEPARTMENT, DS_LOCATION)
VALUES (
nextval('pfcs_detail_bed_seq'), nm_usuario_p, clock_timestamp(), nm_usuario_p, clock_timestamp(), 40052, 164, 'Third floor', '5S'
);

/* INSERT QUERY NO: 54 */

INSERT INTO pfcs_detail_bed(NR_SEQUENCIA, NM_USUARIO, DT_ATUALIZACAO, NM_USUARIO_NREC, DT_ATUALIZACAO_NREC, NR_SEQ_DETAIL, CD_DEPARTMENT, DS_DEPARTMENT, DS_LOCATION)
VALUES (
nextval('pfcs_detail_bed_seq'), nm_usuario_p, clock_timestamp(), nm_usuario_p, clock_timestamp(), 40053, 79287, 'East Ward', 'ALF38'
);

/* INSERT QUERY NO: 55 */

INSERT INTO pfcs_detail_bed(NR_SEQUENCIA, NM_USUARIO, DT_ATUALIZACAO, NM_USUARIO_NREC, DT_ATUALIZACAO_NREC, NR_SEQ_DETAIL, CD_DEPARTMENT, DS_DEPARTMENT, DS_LOCATION)
VALUES (
nextval('pfcs_detail_bed_seq'), nm_usuario_p, clock_timestamp(), nm_usuario_p, clock_timestamp(), 40054, 79287, 'East Ward', 'ALF39'
);

/* INSERT QUERY NO: 56 */

INSERT INTO pfcs_detail_bed(NR_SEQUENCIA, NM_USUARIO, DT_ATUALIZACAO, NM_USUARIO_NREC, DT_ATUALIZACAO_NREC, NR_SEQ_DETAIL, CD_DEPARTMENT, DS_DEPARTMENT, DS_LOCATION)
VALUES (
nextval('pfcs_detail_bed_seq'), nm_usuario_p, clock_timestamp(), nm_usuario_p, clock_timestamp(), 40055, 8, 'Block D', '106 A'
);

/* INSERT QUERY NO: 57 */

INSERT INTO pfcs_detail_bed(NR_SEQUENCIA, NM_USUARIO, DT_ATUALIZACAO, NM_USUARIO_NREC, DT_ATUALIZACAO_NREC, NR_SEQ_DETAIL, CD_DEPARTMENT, DS_DEPARTMENT, DS_LOCATION)
VALUES (
nextval('pfcs_detail_bed_seq'), nm_usuario_p, clock_timestamp(), nm_usuario_p, clock_timestamp(), 40056, 8, 'Block D', '105 C'
);

/* INSERT QUERY NO: 58 */

INSERT INTO pfcs_detail_bed(NR_SEQUENCIA, NM_USUARIO, DT_ATUALIZACAO, NM_USUARIO_NREC, DT_ATUALIZACAO_NREC, NR_SEQ_DETAIL, CD_DEPARTMENT, DS_DEPARTMENT, DS_LOCATION)
VALUES (
nextval('pfcs_detail_bed_seq'), nm_usuario_p, clock_timestamp(), nm_usuario_p, clock_timestamp(), 40057, 79343, 'North Ward', 'Box 02'
);

/* INSERT QUERY NO: 59 */

INSERT INTO pfcs_detail_bed(NR_SEQUENCIA, NM_USUARIO, DT_ATUALIZACAO, NM_USUARIO_NREC, DT_ATUALIZACAO_NREC, NR_SEQ_DETAIL, CD_DEPARTMENT, DS_DEPARTMENT, DS_LOCATION)
VALUES (
nextval('pfcs_detail_bed_seq'), nm_usuario_p, clock_timestamp(), nm_usuario_p, clock_timestamp(), 40058, 79343, 'North Ward', 'Box 03'
);

/* INSERT QUERY NO: 60 */

INSERT INTO pfcs_detail_bed(NR_SEQUENCIA, NM_USUARIO, DT_ATUALIZACAO, NM_USUARIO_NREC, DT_ATUALIZACAO_NREC, NR_SEQ_DETAIL, CD_DEPARTMENT, DS_DEPARTMENT, DS_LOCATION)
VALUES (
nextval('pfcs_detail_bed_seq'), nm_usuario_p, clock_timestamp(), nm_usuario_p, clock_timestamp(), 40059, 79287, 'East Ward', 'RICH01 1'
);

/* INSERT QUERY NO: 61 */

INSERT INTO pfcs_detail_bed(NR_SEQUENCIA, NM_USUARIO, DT_ATUALIZACAO, NM_USUARIO_NREC, DT_ATUALIZACAO_NREC, NR_SEQ_DETAIL, CD_DEPARTMENT, DS_DEPARTMENT, DS_LOCATION)
VALUES (
nextval('pfcs_detail_bed_seq'), nm_usuario_p, clock_timestamp(), nm_usuario_p, clock_timestamp(), 40060, 79287, 'East Ward', 'RICH02 1'
);

/* INSERT QUERY NO: 62 */

INSERT INTO pfcs_detail_bed(NR_SEQUENCIA, NM_USUARIO, DT_ATUALIZACAO, NM_USUARIO_NREC, DT_ATUALIZACAO_NREC, NR_SEQ_DETAIL, CD_DEPARTMENT, DS_DEPARTMENT, DS_LOCATION)
VALUES (
nextval('pfcs_detail_bed_seq'), nm_usuario_p, clock_timestamp(), nm_usuario_p, clock_timestamp(), 40061, 79287, 'East Ward', 'RICH03 1'
);


 := pfcs_pck.pfcs_generate_results(
		vl_indicator_p => 31, nr_seq_indicator_p => nr_seq_indicator_p, nr_seq_operational_level_p => cd_estabelecimento_w, nm_usuario_p => nm_usuario_p, nr_seq_panel_p => pfcs_panel_seq_w);

CALL pfcs_pck.pfcs_update_detail(
		nr_seq_indicator_p => nr_seq_indicator_p,
		nr_seq_panel_p => pfcs_panel_seq_w,
		nr_seq_operational_level_p => cd_estabelecimento_w,
		nm_usuario_p => nm_usuario_p);

CALL pfcs_pck.pfcs_activate_records(
            nr_seq_indicator_p => nr_seq_indicator_p,
            nr_seq_operational_level_p => cd_estabelecimento_w,
            nm_usuario_p => nm_usuario_p);


cd_estabelecimento_w	:= pfcs_get_structure_level(cd_establishment_p => 11, ie_level_p => 'O', ie_info_p => 'C');

/* INSERT QUERY NO: 63 */

INSERT INTO pfcs_panel_detail(NR_SEQUENCIA, NM_USUARIO, DT_ATUALIZACAO, NM_USUARIO_NREC, DT_ATUALIZACAO_NREC, IE_SITUATION, NR_SEQ_INDICATOR, NR_SEQ_OPERATIONAL_LEVEL)
VALUES (
40062, nm_usuario_p, clock_timestamp(), nm_usuario_p, clock_timestamp(), 'T', nr_seq_indicator_p, cd_estabelecimento_w
);

/* INSERT QUERY NO: 64 */

INSERT INTO pfcs_panel_detail(NR_SEQUENCIA, NM_USUARIO, DT_ATUALIZACAO, NM_USUARIO_NREC, DT_ATUALIZACAO_NREC, IE_SITUATION, NR_SEQ_INDICATOR, NR_SEQ_OPERATIONAL_LEVEL)
VALUES (
40063, nm_usuario_p, clock_timestamp(), nm_usuario_p, clock_timestamp(), 'T', nr_seq_indicator_p, cd_estabelecimento_w
);

/* INSERT QUERY NO: 65 */

INSERT INTO pfcs_panel_detail(NR_SEQUENCIA, NM_USUARIO, DT_ATUALIZACAO, NM_USUARIO_NREC, DT_ATUALIZACAO_NREC, IE_SITUATION, NR_SEQ_INDICATOR, NR_SEQ_OPERATIONAL_LEVEL)
VALUES (
40064, nm_usuario_p, clock_timestamp(), nm_usuario_p, clock_timestamp(), 'T', nr_seq_indicator_p, cd_estabelecimento_w
);

/* INSERT QUERY NO: 66 */

INSERT INTO pfcs_panel_detail(NR_SEQUENCIA, NM_USUARIO, DT_ATUALIZACAO, NM_USUARIO_NREC, DT_ATUALIZACAO_NREC, IE_SITUATION, NR_SEQ_INDICATOR, NR_SEQ_OPERATIONAL_LEVEL)
VALUES (
40065, nm_usuario_p, clock_timestamp(), nm_usuario_p, clock_timestamp(), 'T', nr_seq_indicator_p, cd_estabelecimento_w
);

/* INSERT QUERY NO: 67 */

INSERT INTO pfcs_panel_detail(NR_SEQUENCIA, NM_USUARIO, DT_ATUALIZACAO, NM_USUARIO_NREC, DT_ATUALIZACAO_NREC, IE_SITUATION, NR_SEQ_INDICATOR, NR_SEQ_OPERATIONAL_LEVEL)
VALUES (
40066, nm_usuario_p, clock_timestamp(), nm_usuario_p, clock_timestamp(), 'T', nr_seq_indicator_p, cd_estabelecimento_w
);

/* INSERT QUERY NO: 68 */

INSERT INTO pfcs_panel_detail(NR_SEQUENCIA, NM_USUARIO, DT_ATUALIZACAO, NM_USUARIO_NREC, DT_ATUALIZACAO_NREC, IE_SITUATION, NR_SEQ_INDICATOR, NR_SEQ_OPERATIONAL_LEVEL)
VALUES (
40067, nm_usuario_p, clock_timestamp(), nm_usuario_p, clock_timestamp(), 'T', nr_seq_indicator_p, cd_estabelecimento_w
);

/* INSERT QUERY NO: 69 */

INSERT INTO pfcs_panel_detail(NR_SEQUENCIA, NM_USUARIO, DT_ATUALIZACAO, NM_USUARIO_NREC, DT_ATUALIZACAO_NREC, IE_SITUATION, NR_SEQ_INDICATOR, NR_SEQ_OPERATIONAL_LEVEL)
VALUES (
40068, nm_usuario_p, clock_timestamp(), nm_usuario_p, clock_timestamp(), 'T', nr_seq_indicator_p, cd_estabelecimento_w
);

/* INSERT QUERY NO: 70 */

INSERT INTO pfcs_panel_detail(NR_SEQUENCIA, NM_USUARIO, DT_ATUALIZACAO, NM_USUARIO_NREC, DT_ATUALIZACAO_NREC, IE_SITUATION, NR_SEQ_INDICATOR, NR_SEQ_OPERATIONAL_LEVEL)
VALUES (
40069, nm_usuario_p, clock_timestamp(), nm_usuario_p, clock_timestamp(), 'T', nr_seq_indicator_p, cd_estabelecimento_w
);

/* INSERT QUERY NO: 71 */

INSERT INTO pfcs_panel_detail(NR_SEQUENCIA, NM_USUARIO, DT_ATUALIZACAO, NM_USUARIO_NREC, DT_ATUALIZACAO_NREC, IE_SITUATION, NR_SEQ_INDICATOR, NR_SEQ_OPERATIONAL_LEVEL)
VALUES (
40070, nm_usuario_p, clock_timestamp(), nm_usuario_p, clock_timestamp(), 'T', nr_seq_indicator_p, cd_estabelecimento_w
);

/* INSERT QUERY NO: 72 */

INSERT INTO pfcs_panel_detail(NR_SEQUENCIA, NM_USUARIO, DT_ATUALIZACAO, NM_USUARIO_NREC, DT_ATUALIZACAO_NREC, IE_SITUATION, NR_SEQ_INDICATOR, NR_SEQ_OPERATIONAL_LEVEL)
VALUES (
40071, nm_usuario_p, clock_timestamp(), nm_usuario_p, clock_timestamp(), 'T', nr_seq_indicator_p, cd_estabelecimento_w
);

/* INSERT QUERY NO: 73 */

INSERT INTO pfcs_panel_detail(NR_SEQUENCIA, NM_USUARIO, DT_ATUALIZACAO, NM_USUARIO_NREC, DT_ATUALIZACAO_NREC, IE_SITUATION, NR_SEQ_INDICATOR, NR_SEQ_OPERATIONAL_LEVEL)
VALUES (
40072, nm_usuario_p, clock_timestamp(), nm_usuario_p, clock_timestamp(), 'T', nr_seq_indicator_p, cd_estabelecimento_w
);

/* INSERT QUERY NO: 74 */

INSERT INTO pfcs_panel_detail(NR_SEQUENCIA, NM_USUARIO, DT_ATUALIZACAO, NM_USUARIO_NREC, DT_ATUALIZACAO_NREC, IE_SITUATION, NR_SEQ_INDICATOR, NR_SEQ_OPERATIONAL_LEVEL)
VALUES (
40073, nm_usuario_p, clock_timestamp(), nm_usuario_p, clock_timestamp(), 'T', nr_seq_indicator_p, cd_estabelecimento_w
);

/* INSERT QUERY NO: 75 */

INSERT INTO pfcs_panel_detail(NR_SEQUENCIA, NM_USUARIO, DT_ATUALIZACAO, NM_USUARIO_NREC, DT_ATUALIZACAO_NREC, IE_SITUATION, NR_SEQ_INDICATOR, NR_SEQ_OPERATIONAL_LEVEL)
VALUES (
40074, nm_usuario_p, clock_timestamp(), nm_usuario_p, clock_timestamp(), 'T', nr_seq_indicator_p, cd_estabelecimento_w
);

/* INSERT QUERY NO: 76 */

INSERT INTO pfcs_panel_detail(NR_SEQUENCIA, NM_USUARIO, DT_ATUALIZACAO, NM_USUARIO_NREC, DT_ATUALIZACAO_NREC, IE_SITUATION, NR_SEQ_INDICATOR, NR_SEQ_OPERATIONAL_LEVEL)
VALUES (
40075, nm_usuario_p, clock_timestamp(), nm_usuario_p, clock_timestamp(), 'T', nr_seq_indicator_p, cd_estabelecimento_w
);

/* INSERT QUERY NO: 77 */

INSERT INTO pfcs_panel_detail(NR_SEQUENCIA, NM_USUARIO, DT_ATUALIZACAO, NM_USUARIO_NREC, DT_ATUALIZACAO_NREC, IE_SITUATION, NR_SEQ_INDICATOR, NR_SEQ_OPERATIONAL_LEVEL)
VALUES (
40076, nm_usuario_p, clock_timestamp(), nm_usuario_p, clock_timestamp(), 'T', nr_seq_indicator_p, cd_estabelecimento_w
);

/* INSERT QUERY NO: 78 */

INSERT INTO pfcs_panel_detail(NR_SEQUENCIA, NM_USUARIO, DT_ATUALIZACAO, NM_USUARIO_NREC, DT_ATUALIZACAO_NREC, IE_SITUATION, NR_SEQ_INDICATOR, NR_SEQ_OPERATIONAL_LEVEL)
VALUES (
40077, nm_usuario_p, clock_timestamp(), nm_usuario_p, clock_timestamp(), 'T', nr_seq_indicator_p, cd_estabelecimento_w
);

/* INSERT QUERY NO: 79 */

INSERT INTO pfcs_panel_detail(NR_SEQUENCIA, NM_USUARIO, DT_ATUALIZACAO, NM_USUARIO_NREC, DT_ATUALIZACAO_NREC, IE_SITUATION, NR_SEQ_INDICATOR, NR_SEQ_OPERATIONAL_LEVEL)
VALUES (
40078, nm_usuario_p, clock_timestamp(), nm_usuario_p, clock_timestamp(), 'T', nr_seq_indicator_p, cd_estabelecimento_w
);

/* INSERT QUERY NO: 80 */

INSERT INTO pfcs_panel_detail(NR_SEQUENCIA, NM_USUARIO, DT_ATUALIZACAO, NM_USUARIO_NREC, DT_ATUALIZACAO_NREC, IE_SITUATION, NR_SEQ_INDICATOR, NR_SEQ_OPERATIONAL_LEVEL)
VALUES (
40079, nm_usuario_p, clock_timestamp(), nm_usuario_p, clock_timestamp(), 'T', nr_seq_indicator_p, cd_estabelecimento_w
);

/* INSERT QUERY NO: 81 */

INSERT INTO pfcs_panel_detail(NR_SEQUENCIA, NM_USUARIO, DT_ATUALIZACAO, NM_USUARIO_NREC, DT_ATUALIZACAO_NREC, IE_SITUATION, NR_SEQ_INDICATOR, NR_SEQ_OPERATIONAL_LEVEL)
VALUES (
40080, nm_usuario_p, clock_timestamp(), nm_usuario_p, clock_timestamp(), 'T', nr_seq_indicator_p, cd_estabelecimento_w
);

/* INSERT QUERY NO: 82 */

INSERT INTO pfcs_panel_detail(NR_SEQUENCIA, NM_USUARIO, DT_ATUALIZACAO, NM_USUARIO_NREC, DT_ATUALIZACAO_NREC, IE_SITUATION, NR_SEQ_INDICATOR, NR_SEQ_OPERATIONAL_LEVEL)
VALUES (
40081, nm_usuario_p, clock_timestamp(), nm_usuario_p, clock_timestamp(), 'T', nr_seq_indicator_p, cd_estabelecimento_w
);

/* INSERT QUERY NO: 83 */

INSERT INTO pfcs_panel_detail(NR_SEQUENCIA, NM_USUARIO, DT_ATUALIZACAO, NM_USUARIO_NREC, DT_ATUALIZACAO_NREC, IE_SITUATION, NR_SEQ_INDICATOR, NR_SEQ_OPERATIONAL_LEVEL)
VALUES (
40082, nm_usuario_p, clock_timestamp(), nm_usuario_p, clock_timestamp(), 'T', nr_seq_indicator_p, cd_estabelecimento_w
);

/* INSERT QUERY NO: 84 */

INSERT INTO pfcs_panel_detail(NR_SEQUENCIA, NM_USUARIO, DT_ATUALIZACAO, NM_USUARIO_NREC, DT_ATUALIZACAO_NREC, IE_SITUATION, NR_SEQ_INDICATOR, NR_SEQ_OPERATIONAL_LEVEL)
VALUES (
40083, nm_usuario_p, clock_timestamp(), nm_usuario_p, clock_timestamp(), 'T', nr_seq_indicator_p, cd_estabelecimento_w
);

/* INSERT QUERY NO: 85 */

INSERT INTO pfcs_panel_detail(NR_SEQUENCIA, NM_USUARIO, DT_ATUALIZACAO, NM_USUARIO_NREC, DT_ATUALIZACAO_NREC, IE_SITUATION, NR_SEQ_INDICATOR, NR_SEQ_OPERATIONAL_LEVEL)
VALUES (
40084, nm_usuario_p, clock_timestamp(), nm_usuario_p, clock_timestamp(), 'T', nr_seq_indicator_p, cd_estabelecimento_w
);

/* INSERT QUERY NO: 86 */

INSERT INTO pfcs_panel_detail(NR_SEQUENCIA, NM_USUARIO, DT_ATUALIZACAO, NM_USUARIO_NREC, DT_ATUALIZACAO_NREC, IE_SITUATION, NR_SEQ_INDICATOR, NR_SEQ_OPERATIONAL_LEVEL)
VALUES (
40085, nm_usuario_p, clock_timestamp(), nm_usuario_p, clock_timestamp(), 'T', nr_seq_indicator_p, cd_estabelecimento_w
);

/* INSERT QUERY NO: 87 */

INSERT INTO pfcs_panel_detail(NR_SEQUENCIA, NM_USUARIO, DT_ATUALIZACAO, NM_USUARIO_NREC, DT_ATUALIZACAO_NREC, IE_SITUATION, NR_SEQ_INDICATOR, NR_SEQ_OPERATIONAL_LEVEL)
VALUES (
40086, nm_usuario_p, clock_timestamp(), nm_usuario_p, clock_timestamp(), 'T', nr_seq_indicator_p, cd_estabelecimento_w
);

/* INSERT QUERY NO: 88 */

INSERT INTO pfcs_panel_detail(NR_SEQUENCIA, NM_USUARIO, DT_ATUALIZACAO, NM_USUARIO_NREC, DT_ATUALIZACAO_NREC, IE_SITUATION, NR_SEQ_INDICATOR, NR_SEQ_OPERATIONAL_LEVEL)
VALUES (
40087, nm_usuario_p, clock_timestamp(), nm_usuario_p, clock_timestamp(), 'T', nr_seq_indicator_p, cd_estabelecimento_w
);

/* INSERT QUERY NO: 89 */

INSERT INTO pfcs_panel_detail(NR_SEQUENCIA, NM_USUARIO, DT_ATUALIZACAO, NM_USUARIO_NREC, DT_ATUALIZACAO_NREC, IE_SITUATION, NR_SEQ_INDICATOR, NR_SEQ_OPERATIONAL_LEVEL)
VALUES (
40088, nm_usuario_p, clock_timestamp(), nm_usuario_p, clock_timestamp(), 'T', nr_seq_indicator_p, cd_estabelecimento_w
);

/* INSERT QUERY NO: 90 */

INSERT INTO pfcs_panel_detail(NR_SEQUENCIA, NM_USUARIO, DT_ATUALIZACAO, NM_USUARIO_NREC, DT_ATUALIZACAO_NREC, IE_SITUATION, NR_SEQ_INDICATOR, NR_SEQ_OPERATIONAL_LEVEL)
VALUES (
40089, nm_usuario_p, clock_timestamp(), nm_usuario_p, clock_timestamp(), 'T', nr_seq_indicator_p, cd_estabelecimento_w
);

/* INSERT QUERY NO: 91 */

INSERT INTO pfcs_panel_detail(NR_SEQUENCIA, NM_USUARIO, DT_ATUALIZACAO, NM_USUARIO_NREC, DT_ATUALIZACAO_NREC, IE_SITUATION, NR_SEQ_INDICATOR, NR_SEQ_OPERATIONAL_LEVEL)
VALUES (
40090, nm_usuario_p, clock_timestamp(), nm_usuario_p, clock_timestamp(), 'T', nr_seq_indicator_p, cd_estabelecimento_w
);

/* INSERT QUERY NO: 92 */

INSERT INTO pfcs_panel_detail(NR_SEQUENCIA, NM_USUARIO, DT_ATUALIZACAO, NM_USUARIO_NREC, DT_ATUALIZACAO_NREC, IE_SITUATION, NR_SEQ_INDICATOR, NR_SEQ_OPERATIONAL_LEVEL)
VALUES (
40091, nm_usuario_p, clock_timestamp(), nm_usuario_p, clock_timestamp(), 'T', nr_seq_indicator_p, cd_estabelecimento_w
);

-------------------------------------------------- pfcs_detail_device --------------------------------------------------		
/* INSERT QUERY NO: 63 */

INSERT INTO pfcs_detail_device(NR_SEQUENCIA, DT_ATUALIZACAO, NM_USUARIO, DT_ATUALIZACAO_NREC, NM_USUARIO_NREC, CD_EQUIPAMENTO, DS_DEVICE, NR_SEQ_DETAIL, IE_BATTERY_STATUS)
VALUES (
nextval('pfcs_detail_device_seq'), clock_timestamp(), nm_usuario_p, clock_timestamp(), nm_usuario_p, 1501541290, 'Device 63', 40062, 'empty'
);

/* INSERT QUERY NO: 64 */

INSERT INTO pfcs_detail_device(NR_SEQUENCIA, DT_ATUALIZACAO, NM_USUARIO, DT_ATUALIZACAO_NREC, NM_USUARIO_NREC, CD_EQUIPAMENTO, DS_DEVICE, NR_SEQ_DETAIL, IE_BATTERY_STATUS)
VALUES (
nextval('pfcs_detail_device_seq'), clock_timestamp(), nm_usuario_p, clock_timestamp(), nm_usuario_p, 1501541297, 'Device 64', 40063, 'empty'
);

/* INSERT QUERY NO: 65 */

INSERT INTO pfcs_detail_device(NR_SEQUENCIA, DT_ATUALIZACAO, NM_USUARIO, DT_ATUALIZACAO_NREC, NM_USUARIO_NREC, CD_EQUIPAMENTO, DS_DEVICE, NR_SEQ_DETAIL, IE_BATTERY_STATUS)
VALUES (
nextval('pfcs_detail_device_seq'), clock_timestamp(), nm_usuario_p, clock_timestamp(), nm_usuario_p, 150154793402, 'Device 65', 40064, 'empty'
);

/* INSERT QUERY NO: 66 */

INSERT INTO pfcs_detail_device(NR_SEQUENCIA, DT_ATUALIZACAO, NM_USUARIO, DT_ATUALIZACAO_NREC, NM_USUARIO_NREC, CD_EQUIPAMENTO, DS_DEVICE, NR_SEQ_DETAIL, IE_BATTERY_STATUS)
VALUES (
nextval('pfcs_detail_device_seq'), clock_timestamp(), nm_usuario_p, clock_timestamp(), nm_usuario_p, 1501541292, 'Device 66', 40065, 'low'
);

/* INSERT QUERY NO: 67 */

INSERT INTO pfcs_detail_device(NR_SEQUENCIA, DT_ATUALIZACAO, NM_USUARIO, DT_ATUALIZACAO_NREC, NM_USUARIO_NREC, CD_EQUIPAMENTO, DS_DEVICE, NR_SEQ_DETAIL, IE_BATTERY_STATUS)
VALUES (
nextval('pfcs_detail_device_seq'), clock_timestamp(), nm_usuario_p, clock_timestamp(), nm_usuario_p, 1501541296, 'Device 67', 40066, 'low'
);

/* INSERT QUERY NO: 68 */

INSERT INTO pfcs_detail_device(NR_SEQUENCIA, DT_ATUALIZACAO, NM_USUARIO, DT_ATUALIZACAO_NREC, NM_USUARIO_NREC, CD_EQUIPAMENTO, DS_DEVICE, NR_SEQ_DETAIL, IE_BATTERY_STATUS)
VALUES (
nextval('pfcs_detail_device_seq'), clock_timestamp(), nm_usuario_p, clock_timestamp(), nm_usuario_p, 1501541287, 'Device 68', 40067, 'low'
);

/* INSERT QUERY NO: 69 */

INSERT INTO pfcs_detail_device(NR_SEQUENCIA, DT_ATUALIZACAO, NM_USUARIO, DT_ATUALIZACAO_NREC, NM_USUARIO_NREC, CD_EQUIPAMENTO, DS_DEVICE, NR_SEQ_DETAIL, IE_BATTERY_STATUS)
VALUES (
nextval('pfcs_detail_device_seq'), clock_timestamp(), nm_usuario_p, clock_timestamp(), nm_usuario_p, 1501541289, 'Device 69', 40068, 'empty'
);

/* INSERT QUERY NO: 70 */

INSERT INTO pfcs_detail_device(NR_SEQUENCIA, DT_ATUALIZACAO, NM_USUARIO, DT_ATUALIZACAO_NREC, NM_USUARIO_NREC, CD_EQUIPAMENTO, DS_DEVICE, NR_SEQ_DETAIL, IE_BATTERY_STATUS)
VALUES (
nextval('pfcs_detail_device_seq'), clock_timestamp(), nm_usuario_p, clock_timestamp(), nm_usuario_p, 150154793401, 'Device 70', 40069, 'empty'
);

/* INSERT QUERY NO: 71 */

INSERT INTO pfcs_detail_device(NR_SEQUENCIA, DT_ATUALIZACAO, NM_USUARIO, DT_ATUALIZACAO_NREC, NM_USUARIO_NREC, CD_EQUIPAMENTO, DS_DEVICE, NR_SEQ_DETAIL, IE_BATTERY_STATUS)
VALUES (
nextval('pfcs_detail_device_seq'), clock_timestamp(), nm_usuario_p, clock_timestamp(), nm_usuario_p, 1501541299, 'Device 71', 40070, 'low'
);

/* INSERT QUERY NO: 72 */

INSERT INTO pfcs_detail_device(NR_SEQUENCIA, DT_ATUALIZACAO, NM_USUARIO, DT_ATUALIZACAO_NREC, NM_USUARIO_NREC, CD_EQUIPAMENTO, DS_DEVICE, NR_SEQ_DETAIL, IE_BATTERY_STATUS)
VALUES (
nextval('pfcs_detail_device_seq'), clock_timestamp(), nm_usuario_p, clock_timestamp(), nm_usuario_p, 1501541291, 'Device 72', 40071, 'low'
);

/* INSERT QUERY NO: 73 */

INSERT INTO pfcs_detail_device(NR_SEQUENCIA, DT_ATUALIZACAO, NM_USUARIO, DT_ATUALIZACAO_NREC, NM_USUARIO_NREC, CD_EQUIPAMENTO, DS_DEVICE, NR_SEQ_DETAIL, IE_BATTERY_STATUS)
VALUES (
nextval('pfcs_detail_device_seq'), clock_timestamp(), nm_usuario_p, clock_timestamp(), nm_usuario_p, 1501541299, 'Device 73', 40072, 'low'
);

/* INSERT QUERY NO: 74 */

INSERT INTO pfcs_detail_device(NR_SEQUENCIA, DT_ATUALIZACAO, NM_USUARIO, DT_ATUALIZACAO_NREC, NM_USUARIO_NREC, CD_EQUIPAMENTO, DS_DEVICE, NR_SEQ_DETAIL, IE_BATTERY_STATUS)
VALUES (
nextval('pfcs_detail_device_seq'), clock_timestamp(), nm_usuario_p, clock_timestamp(), nm_usuario_p, 1501541294, 'Device 74', 40073, 'low'
);

/* INSERT QUERY NO: 75 */

INSERT INTO pfcs_detail_device(NR_SEQUENCIA, DT_ATUALIZACAO, NM_USUARIO, DT_ATUALIZACAO_NREC, NM_USUARIO_NREC, CD_EQUIPAMENTO, DS_DEVICE, NR_SEQ_DETAIL, IE_BATTERY_STATUS)
VALUES (
nextval('pfcs_detail_device_seq'), clock_timestamp(), nm_usuario_p, clock_timestamp(), nm_usuario_p, 1501541288, 'Device 75', 40074, 'empty'
);

/* INSERT QUERY NO: 76 */

INSERT INTO pfcs_detail_device(NR_SEQUENCIA, DT_ATUALIZACAO, NM_USUARIO, DT_ATUALIZACAO_NREC, NM_USUARIO_NREC, CD_EQUIPAMENTO, DS_DEVICE, NR_SEQ_DETAIL, IE_BATTERY_STATUS)
VALUES (
nextval('pfcs_detail_device_seq'), clock_timestamp(), nm_usuario_p, clock_timestamp(), nm_usuario_p, 1501541293, 'Device 76', 40075, 'low'
);

/* INSERT QUERY NO: 77 */

INSERT INTO pfcs_detail_device(NR_SEQUENCIA, DT_ATUALIZACAO, NM_USUARIO, DT_ATUALIZACAO_NREC, NM_USUARIO_NREC, CD_EQUIPAMENTO, DS_DEVICE, NR_SEQ_DETAIL, IE_BATTERY_STATUS)
VALUES (
nextval('pfcs_detail_device_seq'), clock_timestamp(), nm_usuario_p, clock_timestamp(), nm_usuario_p, 150154793403, 'Device 77', 40076, 'low'
);

/* INSERT QUERY NO: 78 */

INSERT INTO pfcs_detail_device(NR_SEQUENCIA, DT_ATUALIZACAO, NM_USUARIO, DT_ATUALIZACAO_NREC, NM_USUARIO_NREC, CD_EQUIPAMENTO, DS_DEVICE, NR_SEQ_DETAIL, IE_BATTERY_STATUS)
VALUES (
nextval('pfcs_detail_device_seq'), clock_timestamp(), nm_usuario_p, clock_timestamp(), nm_usuario_p, 1501541288, 'Device 78', 40077, 'empty'
);

/* INSERT QUERY NO: 79 */

INSERT INTO pfcs_detail_device(NR_SEQUENCIA, DT_ATUALIZACAO, NM_USUARIO, DT_ATUALIZACAO_NREC, NM_USUARIO_NREC, CD_EQUIPAMENTO, DS_DEVICE, NR_SEQ_DETAIL, IE_BATTERY_STATUS)
VALUES (
nextval('pfcs_detail_device_seq'), clock_timestamp(), nm_usuario_p, clock_timestamp(), nm_usuario_p, 1501541292, 'Device 79', 40078, 'empty'
);

/* INSERT QUERY NO: 80 */

INSERT INTO pfcs_detail_device(NR_SEQUENCIA, DT_ATUALIZACAO, NM_USUARIO, DT_ATUALIZACAO_NREC, NM_USUARIO_NREC, CD_EQUIPAMENTO, DS_DEVICE, NR_SEQ_DETAIL, IE_BATTERY_STATUS)
VALUES (
nextval('pfcs_detail_device_seq'), clock_timestamp(), nm_usuario_p, clock_timestamp(), nm_usuario_p, 1501541290, 'Device 80', 40079, ''
);

/* INSERT QUERY NO: 81 */

INSERT INTO pfcs_detail_device(NR_SEQUENCIA, DT_ATUALIZACAO, NM_USUARIO, DT_ATUALIZACAO_NREC, NM_USUARIO_NREC, CD_EQUIPAMENTO, DS_DEVICE, NR_SEQ_DETAIL, IE_BATTERY_STATUS)
VALUES (
nextval('pfcs_detail_device_seq'), clock_timestamp(), nm_usuario_p, clock_timestamp(), nm_usuario_p, 1501541297, 'Device 81', 40080, ''
);

/* INSERT QUERY NO: 82 */

INSERT INTO pfcs_detail_device(NR_SEQUENCIA, DT_ATUALIZACAO, NM_USUARIO, DT_ATUALIZACAO_NREC, NM_USUARIO_NREC, CD_EQUIPAMENTO, DS_DEVICE, NR_SEQ_DETAIL, IE_BATTERY_STATUS)
VALUES (
nextval('pfcs_detail_device_seq'), clock_timestamp(), nm_usuario_p, clock_timestamp(), nm_usuario_p, 1501541288, 'Device 82', 40081, 'low'
);

/* INSERT QUERY NO: 83 */

INSERT INTO pfcs_detail_device(NR_SEQUENCIA, DT_ATUALIZACAO, NM_USUARIO, DT_ATUALIZACAO_NREC, NM_USUARIO_NREC, CD_EQUIPAMENTO, DS_DEVICE, NR_SEQ_DETAIL, IE_BATTERY_STATUS)
VALUES (
nextval('pfcs_detail_device_seq'), clock_timestamp(), nm_usuario_p, clock_timestamp(), nm_usuario_p, 1501541287, 'Device 83', 40082, 'low'
);

/* INSERT QUERY NO: 84 */

INSERT INTO pfcs_detail_device(NR_SEQUENCIA, DT_ATUALIZACAO, NM_USUARIO, DT_ATUALIZACAO_NREC, NM_USUARIO_NREC, CD_EQUIPAMENTO, DS_DEVICE, NR_SEQ_DETAIL, IE_BATTERY_STATUS)
VALUES (
nextval('pfcs_detail_device_seq'), clock_timestamp(), nm_usuario_p, clock_timestamp(), nm_usuario_p, 1501541293, 'Device 84', 40083, ''
);

/* INSERT QUERY NO: 85 */

INSERT INTO pfcs_detail_device(NR_SEQUENCIA, DT_ATUALIZACAO, NM_USUARIO, DT_ATUALIZACAO_NREC, NM_USUARIO_NREC, CD_EQUIPAMENTO, DS_DEVICE, NR_SEQ_DETAIL, IE_BATTERY_STATUS)
VALUES (
nextval('pfcs_detail_device_seq'), clock_timestamp(), nm_usuario_p, clock_timestamp(), nm_usuario_p, 1501541299, 'Device 85', 40084, ''
);

/* INSERT QUERY NO: 86 */

INSERT INTO pfcs_detail_device(NR_SEQUENCIA, DT_ATUALIZACAO, NM_USUARIO, DT_ATUALIZACAO_NREC, NM_USUARIO_NREC, CD_EQUIPAMENTO, DS_DEVICE, NR_SEQ_DETAIL, IE_BATTERY_STATUS)
VALUES (
nextval('pfcs_detail_device_seq'), clock_timestamp(), nm_usuario_p, clock_timestamp(), nm_usuario_p, 1501541294, 'Device 86', 40085, 'low'
);

/* INSERT QUERY NO: 87 */

INSERT INTO pfcs_detail_device(NR_SEQUENCIA, DT_ATUALIZACAO, NM_USUARIO, DT_ATUALIZACAO_NREC, NM_USUARIO_NREC, CD_EQUIPAMENTO, DS_DEVICE, NR_SEQ_DETAIL, IE_BATTERY_STATUS)
VALUES (
nextval('pfcs_detail_device_seq'), clock_timestamp(), nm_usuario_p, clock_timestamp(), nm_usuario_p, 1501541287, 'Device 87', 40086, 'empty'
);

/* INSERT QUERY NO: 88 */

INSERT INTO pfcs_detail_device(NR_SEQUENCIA, DT_ATUALIZACAO, NM_USUARIO, DT_ATUALIZACAO_NREC, NM_USUARIO_NREC, CD_EQUIPAMENTO, DS_DEVICE, NR_SEQ_DETAIL, IE_BATTERY_STATUS)
VALUES (
nextval('pfcs_detail_device_seq'), clock_timestamp(), nm_usuario_p, clock_timestamp(), nm_usuario_p, 1501541288, 'Device 88', 40087, 'empty'
);

/* INSERT QUERY NO: 89 */

INSERT INTO pfcs_detail_device(NR_SEQUENCIA, DT_ATUALIZACAO, NM_USUARIO, DT_ATUALIZACAO_NREC, NM_USUARIO_NREC, CD_EQUIPAMENTO, DS_DEVICE, NR_SEQ_DETAIL, IE_BATTERY_STATUS)
VALUES (
nextval('pfcs_detail_device_seq'), clock_timestamp(), nm_usuario_p, clock_timestamp(), nm_usuario_p, 1501541293, 'Device 89', 40088, ''
);

/* INSERT QUERY NO: 90 */

INSERT INTO pfcs_detail_device(NR_SEQUENCIA, DT_ATUALIZACAO, NM_USUARIO, DT_ATUALIZACAO_NREC, NM_USUARIO_NREC, CD_EQUIPAMENTO, DS_DEVICE, NR_SEQ_DETAIL, IE_BATTERY_STATUS)
VALUES (
nextval('pfcs_detail_device_seq'), clock_timestamp(), nm_usuario_p, clock_timestamp(), nm_usuario_p, 1501541294, 'Device 90', 40089, 'empty'
);

/* INSERT QUERY NO: 91 */

INSERT INTO pfcs_detail_device(NR_SEQUENCIA, DT_ATUALIZACAO, NM_USUARIO, DT_ATUALIZACAO_NREC, NM_USUARIO_NREC, CD_EQUIPAMENTO, DS_DEVICE, NR_SEQ_DETAIL, IE_BATTERY_STATUS)
VALUES (
nextval('pfcs_detail_device_seq'), clock_timestamp(), nm_usuario_p, clock_timestamp(), nm_usuario_p, 1501541299, 'Device 91', 40090, ''
);

/* INSERT QUERY NO: 92 */

INSERT INTO pfcs_detail_device(NR_SEQUENCIA, DT_ATUALIZACAO, NM_USUARIO, DT_ATUALIZACAO_NREC, NM_USUARIO_NREC, CD_EQUIPAMENTO, DS_DEVICE, NR_SEQ_DETAIL, IE_BATTERY_STATUS)
VALUES (
nextval('pfcs_detail_device_seq'), clock_timestamp(), nm_usuario_p, clock_timestamp(), nm_usuario_p, 150154793401, 'Device 92', 40091, 'empty'
);


/* INSERT QUERY NO: 63 */

INSERT INTO pfcs_detail_patient(NR_SEQUENCIA, NM_USUARIO, DT_ATUALIZACAO, NM_USUARIO_NREC, DT_ATUALIZACAO_NREC, NR_SEQ_DETAIL, NR_ENCOUNTER, ID_PATIENT, NM_PATIENT, DT_BIRTHDATE, DS_PRIMARY_DIAGNOSIS, DS_GENDER, DS_DNR_STATUS, QT_TIME_TELEMETRY, CD_CLASSIFICATION, DS_CLASSIFICATION, DT_ENTRANCE, DS_SERVICE_LINE, QT_YELLOW_ALARMS, QT_RED_ALARMS)
VALUES (
nextval('pfcs_detail_patient_seq'), nm_usuario_p, clock_timestamp(), nm_usuario_p, clock_timestamp(), 40062, 3349696, 15, 'Stefania, Mcgrath', TO_DATE('17/01/1987 00:00:00', 'DD/MM/YYYY HH24:MI:SS'), 'High Palpitation', 'Female', '', 199, 2, 'VIP', (clock_timestamp() - interval '2 days'), 'Violet, Bravo', 0, 0
);

/* INSERT QUERY NO: 64 */

INSERT INTO pfcs_detail_patient(NR_SEQUENCIA, NM_USUARIO, DT_ATUALIZACAO, NM_USUARIO_NREC, DT_ATUALIZACAO_NREC, NR_SEQ_DETAIL, NR_ENCOUNTER, ID_PATIENT, NM_PATIENT, DT_BIRTHDATE, DS_PRIMARY_DIAGNOSIS, DS_GENDER, DS_DNR_STATUS, QT_TIME_TELEMETRY, CD_CLASSIFICATION, DS_CLASSIFICATION, DT_ENTRANCE, DS_SERVICE_LINE, QT_YELLOW_ALARMS, QT_RED_ALARMS)
VALUES (
nextval('pfcs_detail_patient_seq'), nm_usuario_p, clock_timestamp(), nm_usuario_p, clock_timestamp(), 40063, 3398170, 2275867, 'Tina, Craig', TO_DATE('01/01/1997 00:00:00', 'DD/MM/YYYY HH24:MI:SS'), '', 'Female', '', 35, 2, 'VIP', (clock_timestamp() - interval '3 days'), 'Jaiden, Calhoun', 0, 1
);

/* INSERT QUERY NO: 65 */

INSERT INTO pfcs_detail_patient(NR_SEQUENCIA, NM_USUARIO, DT_ATUALIZACAO, NM_USUARIO_NREC, DT_ATUALIZACAO_NREC, NR_SEQ_DETAIL, NR_ENCOUNTER, ID_PATIENT, NM_PATIENT, DT_BIRTHDATE, DS_PRIMARY_DIAGNOSIS, DS_GENDER, DS_DNR_STATUS, QT_TIME_TELEMETRY, CD_CLASSIFICATION, DS_CLASSIFICATION, DT_ENTRANCE, DS_SERVICE_LINE, QT_YELLOW_ALARMS, QT_RED_ALARMS)
VALUES (
nextval('pfcs_detail_patient_seq'), nm_usuario_p, clock_timestamp(), nm_usuario_p, clock_timestamp(), 40064, 157409, 4580674, 'Thelma, Mcfarland', TO_DATE('03/12/1998 00:00:00', 'DD/MM/YYYY HH24:MI:SS'), '', 'Male', 'DNR', 70, 2, 'VIP', (clock_timestamp() - interval '4 days'), 'Abdi, John', 0, 1
);

/* INSERT QUERY NO: 66 */

INSERT INTO pfcs_detail_patient(NR_SEQUENCIA, NM_USUARIO, DT_ATUALIZACAO, NM_USUARIO_NREC, DT_ATUALIZACAO_NREC, NR_SEQ_DETAIL, NR_ENCOUNTER, ID_PATIENT, NM_PATIENT, DT_BIRTHDATE, DS_PRIMARY_DIAGNOSIS, DS_GENDER, DS_DNR_STATUS, QT_TIME_TELEMETRY, CD_CLASSIFICATION, DS_CLASSIFICATION, DT_ENTRANCE, DS_SERVICE_LINE, QT_YELLOW_ALARMS, QT_RED_ALARMS)
VALUES (
nextval('pfcs_detail_patient_seq'), nm_usuario_p, clock_timestamp(), nm_usuario_p, clock_timestamp(), 40065, 149000, 49864, 'Ira, Coleman', TO_DATE('17/10/1980 00:00:00', 'DD/MM/YYYY HH24:MI:SS'), '', 'Female', '', 85, 1,  'Risco de queda', (clock_timestamp() - interval '1 days'), 'Jarvis, Rangel', 1, 0
);

/* INSERT QUERY NO: 67 */

INSERT INTO pfcs_detail_patient(NR_SEQUENCIA, NM_USUARIO, DT_ATUALIZACAO, NM_USUARIO_NREC, DT_ATUALIZACAO_NREC, NR_SEQ_DETAIL, NR_ENCOUNTER, ID_PATIENT, NM_PATIENT, DT_BIRTHDATE, DS_PRIMARY_DIAGNOSIS, DS_GENDER, DS_DNR_STATUS, QT_TIME_TELEMETRY, CD_CLASSIFICATION, DS_CLASSIFICATION, DT_ENTRANCE, DS_SERVICE_LINE, QT_YELLOW_ALARMS, QT_RED_ALARMS)
VALUES (
nextval('pfcs_detail_patient_seq'), nm_usuario_p, clock_timestamp(), nm_usuario_p, clock_timestamp(), 40066, 3338481, 2489887, 'Cillian, Bevan', TO_DATE('14/03/1984 00:00:00', 'DD/MM/YYYY HH24:MI:SS'), 'Severe right wrist pain', 'Male', '', 120, 2, 'VIP', (clock_timestamp() - interval '6 days'), 'Tyson, Dawe', 1, 0
);

/* INSERT QUERY NO: 68 */

INSERT INTO pfcs_detail_patient(NR_SEQUENCIA, NM_USUARIO, DT_ATUALIZACAO, NM_USUARIO_NREC, DT_ATUALIZACAO_NREC, NR_SEQ_DETAIL, NR_ENCOUNTER, ID_PATIENT, NM_PATIENT, DT_BIRTHDATE, DS_PRIMARY_DIAGNOSIS, DS_GENDER, DS_DNR_STATUS, QT_TIME_TELEMETRY, CD_CLASSIFICATION, DS_CLASSIFICATION, DT_ENTRANCE, DS_SERVICE_LINE, QT_YELLOW_ALARMS, QT_RED_ALARMS)
VALUES (
nextval('pfcs_detail_patient_seq'), nm_usuario_p, clock_timestamp(), nm_usuario_p, clock_timestamp(), 40067, 10438, 2420334, 'Ashton, Woodcock', TO_DATE('01/01/1980 00:00:00', 'DD/MM/YYYY HH24:MI:SS'), '', 'Male', '', 145, 2, 'VIP', (clock_timestamp() - interval '8 days'), 'Donald, Reader', 0, 0
);

/* INSERT QUERY NO: 69 */

INSERT INTO pfcs_detail_patient(NR_SEQUENCIA, NM_USUARIO, DT_ATUALIZACAO, NM_USUARIO_NREC, DT_ATUALIZACAO_NREC, NR_SEQ_DETAIL, NR_ENCOUNTER, ID_PATIENT, NM_PATIENT, DT_BIRTHDATE, DS_PRIMARY_DIAGNOSIS, DS_GENDER, DS_DNR_STATUS, QT_TIME_TELEMETRY, CD_CLASSIFICATION, DS_CLASSIFICATION, DT_ENTRANCE, DS_SERVICE_LINE, QT_YELLOW_ALARMS, QT_RED_ALARMS)
VALUES (
nextval('pfcs_detail_patient_seq'), nm_usuario_p, clock_timestamp(), nm_usuario_p, clock_timestamp(), 40068, 158942, 1015591082, 'Malakai, Phillips', TO_DATE('20/07/1997 00:00:00', 'DD/MM/YYYY HH24:MI:SS'), 'Frozen left arm', 'Male', '', 172, 1,  'Risco de queda', (clock_timestamp() - interval '9 days'), 'Mahek, Hayden', 0, 0
);

/* INSERT QUERY NO: 70 */

INSERT INTO pfcs_detail_patient(NR_SEQUENCIA, NM_USUARIO, DT_ATUALIZACAO, NM_USUARIO_NREC, DT_ATUALIZACAO_NREC, NR_SEQ_DETAIL, NR_ENCOUNTER, ID_PATIENT, NM_PATIENT, DT_BIRTHDATE, DS_PRIMARY_DIAGNOSIS, DS_GENDER, DS_DNR_STATUS, QT_TIME_TELEMETRY, CD_CLASSIFICATION, DS_CLASSIFICATION, DT_ENTRANCE, DS_SERVICE_LINE, QT_YELLOW_ALARMS, QT_RED_ALARMS)
VALUES (
nextval('pfcs_detail_patient_seq'), nm_usuario_p, clock_timestamp(), nm_usuario_p, clock_timestamp(), 40069, 19924, 1724108, 'Fynn, Whyte', TO_DATE('06/02/1967 00:00:00', 'DD/MM/YYYY HH24:MI:SS'), 'High Palpitation', 'Female', '', 199, 2, 'VIP', (clock_timestamp() - interval '10 days'), 'Romilly, Welsh', 0, 1
);

/* INSERT QUERY NO: 71 */

INSERT INTO pfcs_detail_patient(NR_SEQUENCIA, NM_USUARIO, DT_ATUALIZACAO, NM_USUARIO_NREC, DT_ATUALIZACAO_NREC, NR_SEQ_DETAIL, NR_ENCOUNTER, ID_PATIENT, NM_PATIENT, DT_BIRTHDATE, DS_PRIMARY_DIAGNOSIS, DS_GENDER, DS_DNR_STATUS, QT_TIME_TELEMETRY, CD_CLASSIFICATION, DS_CLASSIFICATION, DT_ENTRANCE, DS_SERVICE_LINE, QT_YELLOW_ALARMS, QT_RED_ALARMS)
VALUES (
nextval('pfcs_detail_patient_seq'), nm_usuario_p, clock_timestamp(), nm_usuario_p, clock_timestamp(), 40070, 40524, 196341, 'Rami, Sparrow', TO_DATE('08/10/2019 00:00:00', 'DD/MM/YYYY HH24:MI:SS'), '', 'Female', '', 35, 2, 'VIP', (clock_timestamp() - interval '4 days'), 'Chris, Pitt', 0, 1
);

/* INSERT QUERY NO: 72 */

INSERT INTO pfcs_detail_patient(NR_SEQUENCIA, NM_USUARIO, DT_ATUALIZACAO, NM_USUARIO_NREC, DT_ATUALIZACAO_NREC, NR_SEQ_DETAIL, NR_ENCOUNTER, ID_PATIENT, NM_PATIENT, DT_BIRTHDATE, DS_PRIMARY_DIAGNOSIS, DS_GENDER, DS_DNR_STATUS, QT_TIME_TELEMETRY, CD_CLASSIFICATION, DS_CLASSIFICATION, DT_ENTRANCE, DS_SERVICE_LINE, QT_YELLOW_ALARMS, QT_RED_ALARMS)
VALUES (
nextval('pfcs_detail_patient_seq'), nm_usuario_p, clock_timestamp(), nm_usuario_p, clock_timestamp(), 40071, 3381184, 4580607, 'Cadence, Gallagher', TO_DATE('20/09/2017 00:00:00', 'DD/MM/YYYY HH24:MI:SS'), '', 'Female', '', 70, 2, 'VIP', (clock_timestamp() - interval '7 days'), 'Jasmine, Liu', 0, 1
);

/* INSERT QUERY NO: 73 */

INSERT INTO pfcs_detail_patient(NR_SEQUENCIA, NM_USUARIO, DT_ATUALIZACAO, NM_USUARIO_NREC, DT_ATUALIZACAO_NREC, NR_SEQ_DETAIL, NR_ENCOUNTER, ID_PATIENT, NM_PATIENT, DT_BIRTHDATE, DS_PRIMARY_DIAGNOSIS, DS_GENDER, DS_DNR_STATUS, QT_TIME_TELEMETRY, CD_CLASSIFICATION, DS_CLASSIFICATION, DT_ENTRANCE, DS_SERVICE_LINE, QT_YELLOW_ALARMS, QT_RED_ALARMS)
VALUES (
nextval('pfcs_detail_patient_seq'), nm_usuario_p, clock_timestamp(), nm_usuario_p, clock_timestamp(), 40072, 137489, 1015597878, 'Franco, English', TO_DATE('05/10/1965 00:00:00', 'DD/MM/YYYY HH24:MI:SS'), '', 'Male', '', 85, 2, 'VIP', (clock_timestamp() - interval '5 days'), 'Hashim, Hills', 0, 0
);

/* INSERT QUERY NO: 74 */

INSERT INTO pfcs_detail_patient(NR_SEQUENCIA, NM_USUARIO, DT_ATUALIZACAO, NM_USUARIO_NREC, DT_ATUALIZACAO_NREC, NR_SEQ_DETAIL, NR_ENCOUNTER, ID_PATIENT, NM_PATIENT, DT_BIRTHDATE, DS_PRIMARY_DIAGNOSIS, DS_GENDER, DS_DNR_STATUS, QT_TIME_TELEMETRY, CD_CLASSIFICATION, DS_CLASSIFICATION, DT_ENTRANCE, DS_SERVICE_LINE, QT_YELLOW_ALARMS, QT_RED_ALARMS)
VALUES (
nextval('pfcs_detail_patient_seq'), nm_usuario_p, clock_timestamp(), nm_usuario_p, clock_timestamp(), 40073, 3396952, 1015582706, 'Daniela, Bostock', TO_DATE('09/09/1992 00:00:00', 'DD/MM/YYYY HH24:MI:SS'), '', 'Male', '', 120, 2, 'VIP', (clock_timestamp() - interval '4 days'), 'Beverly, Frost', 0, 0
);

/* INSERT QUERY NO: 75 */

INSERT INTO pfcs_detail_patient(NR_SEQUENCIA, NM_USUARIO, DT_ATUALIZACAO, NM_USUARIO_NREC, DT_ATUALIZACAO_NREC, NR_SEQ_DETAIL, NR_ENCOUNTER, ID_PATIENT, NM_PATIENT, DT_BIRTHDATE, DS_PRIMARY_DIAGNOSIS, DS_GENDER, DS_DNR_STATUS, QT_TIME_TELEMETRY, CD_CLASSIFICATION, DS_CLASSIFICATION, DT_ENTRANCE, DS_SERVICE_LINE, QT_YELLOW_ALARMS, QT_RED_ALARMS)
VALUES (
nextval('pfcs_detail_patient_seq'), nm_usuario_p, clock_timestamp(), nm_usuario_p, clock_timestamp(), 40074, 3404374, 1015602940, 'Carson, Weeks', TO_DATE('02/12/1996 00:00:00', 'DD/MM/YYYY HH24:MI:SS'), '', 'Female', '', 145, 2, 'VIP', (clock_timestamp() - interval '3 days'), 'Nisha, Kirkpatrick', 0, 1
);

/* INSERT QUERY NO: 76 */

INSERT INTO pfcs_detail_patient(NR_SEQUENCIA, NM_USUARIO, DT_ATUALIZACAO, NM_USUARIO_NREC, DT_ATUALIZACAO_NREC, NR_SEQ_DETAIL, NR_ENCOUNTER, ID_PATIENT, NM_PATIENT, DT_BIRTHDATE, DS_PRIMARY_DIAGNOSIS, DS_GENDER, DS_DNR_STATUS, QT_TIME_TELEMETRY, CD_CLASSIFICATION, DS_CLASSIFICATION, DT_ENTRANCE, DS_SERVICE_LINE, QT_YELLOW_ALARMS, QT_RED_ALARMS)
VALUES (
nextval('pfcs_detail_patient_seq'), nm_usuario_p, clock_timestamp(), nm_usuario_p, clock_timestamp(), 40075, 3380598, 1015787243, 'Krishan, Callaghan', TO_DATE('13/03/1984 00:00:00', 'DD/MM/YYYY HH24:MI:SS'), '', 'Female', '', 172, 1,  'Risco de queda', (clock_timestamp() - interval '7 days'), 'Estelle, Ellwood', 1, 0
);

/* INSERT QUERY NO: 77 */

INSERT INTO pfcs_detail_patient(NR_SEQUENCIA, NM_USUARIO, DT_ATUALIZACAO, NM_USUARIO_NREC, DT_ATUALIZACAO_NREC, NR_SEQ_DETAIL, NR_ENCOUNTER, ID_PATIENT, NM_PATIENT, DT_BIRTHDATE, DS_PRIMARY_DIAGNOSIS, DS_GENDER, DS_DNR_STATUS, QT_TIME_TELEMETRY, CD_CLASSIFICATION, DS_CLASSIFICATION, DT_ENTRANCE, DS_SERVICE_LINE, QT_YELLOW_ALARMS, QT_RED_ALARMS)
VALUES (
nextval('pfcs_detail_patient_seq'), nm_usuario_p, clock_timestamp(), nm_usuario_p, clock_timestamp(), 40076, 140154, 5501147, 'Oran, Craft', TO_DATE('06/01/1960 00:00:00', 'DD/MM/YYYY HH24:MI:SS'), '', 'Male', '', 199, 2, 'VIP', (clock_timestamp() - interval '1 days'), 'Esmee, Hudson', 1, 0
);

/* INSERT QUERY NO: 78 */

INSERT INTO pfcs_detail_patient(NR_SEQUENCIA, NM_USUARIO, DT_ATUALIZACAO, NM_USUARIO_NREC, DT_ATUALIZACAO_NREC, NR_SEQ_DETAIL, NR_ENCOUNTER, ID_PATIENT, NM_PATIENT, DT_BIRTHDATE, DS_PRIMARY_DIAGNOSIS, DS_GENDER, DS_DNR_STATUS, QT_TIME_TELEMETRY, CD_CLASSIFICATION, DS_CLASSIFICATION, DT_ENTRANCE, DS_SERVICE_LINE, QT_YELLOW_ALARMS, QT_RED_ALARMS)
VALUES (
nextval('pfcs_detail_patient_seq'), nm_usuario_p, clock_timestamp(), nm_usuario_p, clock_timestamp(), 40077, 3351110, 1015776472, 'Reanne, Macgregor', TO_DATE('03/10/1950 00:00:00', 'DD/MM/YYYY HH24:MI:SS'), '', 'Female', '', 35, 1,  'Risco de queda', (clock_timestamp() - interval '6 days'), 'Lola, Joyner', 1, 0
);

/* INSERT QUERY NO: 79 */

INSERT INTO pfcs_detail_patient(NR_SEQUENCIA, NM_USUARIO, DT_ATUALIZACAO, NM_USUARIO_NREC, DT_ATUALIZACAO_NREC, NR_SEQ_DETAIL, NR_ENCOUNTER, ID_PATIENT, NM_PATIENT, DT_BIRTHDATE, DS_PRIMARY_DIAGNOSIS, DS_GENDER, DS_DNR_STATUS, QT_TIME_TELEMETRY, CD_CLASSIFICATION, DS_CLASSIFICATION, DT_ENTRANCE, DS_SERVICE_LINE, QT_YELLOW_ALARMS, QT_RED_ALARMS)
VALUES (
nextval('pfcs_detail_patient_seq'), nm_usuario_p, clock_timestamp(), nm_usuario_p, clock_timestamp(), 40078, 3402581, 1015804333, 'Jamil, Bishop', TO_DATE('24/03/2000 00:00:00', 'DD/MM/YYYY HH24:MI:SS'), '', 'Female', '', 70, 1,  'Risco de queda', (clock_timestamp() - interval '8 days'), 'Alfie, Kidd', 1, 0
);

/* INSERT QUERY NO: 80 */

INSERT INTO pfcs_detail_patient(NR_SEQUENCIA, NM_USUARIO, DT_ATUALIZACAO, NM_USUARIO_NREC, DT_ATUALIZACAO_NREC, NR_SEQ_DETAIL, NR_ENCOUNTER, ID_PATIENT, NM_PATIENT, DT_BIRTHDATE, DS_PRIMARY_DIAGNOSIS, DS_GENDER, DS_DNR_STATUS, QT_TIME_TELEMETRY, CD_CLASSIFICATION, DS_CLASSIFICATION, DT_ENTRANCE, DS_SERVICE_LINE, QT_YELLOW_ALARMS, QT_RED_ALARMS)
VALUES (
nextval('pfcs_detail_patient_seq'), nm_usuario_p, clock_timestamp(), nm_usuario_p, clock_timestamp(), 40079, 146465, 4906311, 'Pascal, Worthington', TO_DATE('10/12/1973 00:00:00', 'DD/MM/YYYY HH24:MI:SS'), '', 'Male', '', 85, 2, 'VIP', (clock_timestamp() - interval '5 days'), 'Macauley, Sierra', 1, 0
);

/* INSERT QUERY NO: 81 */

INSERT INTO pfcs_detail_patient(NR_SEQUENCIA, NM_USUARIO, DT_ATUALIZACAO, NM_USUARIO_NREC, DT_ATUALIZACAO_NREC, NR_SEQ_DETAIL, NR_ENCOUNTER, ID_PATIENT, NM_PATIENT, DT_BIRTHDATE, DS_PRIMARY_DIAGNOSIS, DS_GENDER, DS_DNR_STATUS, QT_TIME_TELEMETRY, CD_CLASSIFICATION, DS_CLASSIFICATION, DT_ENTRANCE, DS_SERVICE_LINE, QT_YELLOW_ALARMS, QT_RED_ALARMS)
VALUES (
nextval('pfcs_detail_patient_seq'), nm_usuario_p, clock_timestamp(), nm_usuario_p, clock_timestamp(), 40080, 3408849, 1015781776, 'Ruby-Rose, Oliver', TO_DATE('27/08/1986 00:00:00', 'DD/MM/YYYY HH24:MI:SS'), 'Severe right wrist pain', 'Male', '', 120, 3, 'Pádua', (clock_timestamp() - interval '9 days'), 'Conner, Alvarez', 1, 0
);

/* INSERT QUERY NO: 82 */

INSERT INTO pfcs_detail_patient(NR_SEQUENCIA, NM_USUARIO, DT_ATUALIZACAO, NM_USUARIO_NREC, DT_ATUALIZACAO_NREC, NR_SEQ_DETAIL, NR_ENCOUNTER, ID_PATIENT, NM_PATIENT, DT_BIRTHDATE, DS_PRIMARY_DIAGNOSIS, DS_GENDER, DS_DNR_STATUS, QT_TIME_TELEMETRY, CD_CLASSIFICATION, DS_CLASSIFICATION, DT_ENTRANCE, DS_SERVICE_LINE, QT_YELLOW_ALARMS, QT_RED_ALARMS)
VALUES (
nextval('pfcs_detail_patient_seq'), nm_usuario_p, clock_timestamp(), nm_usuario_p, clock_timestamp(), 40081, 3399892, 1015785789, 'Shivam, Kirby', TO_DATE('11/11/1991 00:00:00', 'DD/MM/YYYY HH24:MI:SS'), '', 'Male', '', 145, 2, 'VIP', (clock_timestamp() - interval '1 days'), 'Tayah, Townsend', 1, 0
);

/* INSERT QUERY NO: 83 */

INSERT INTO pfcs_detail_patient(NR_SEQUENCIA, NM_USUARIO, DT_ATUALIZACAO, NM_USUARIO_NREC, DT_ATUALIZACAO_NREC, NR_SEQ_DETAIL, NR_ENCOUNTER, ID_PATIENT, NM_PATIENT, DT_BIRTHDATE, DS_PRIMARY_DIAGNOSIS, DS_GENDER, DS_DNR_STATUS, QT_TIME_TELEMETRY, CD_CLASSIFICATION, DS_CLASSIFICATION, DT_ENTRANCE, DS_SERVICE_LINE, QT_YELLOW_ALARMS, QT_RED_ALARMS)
VALUES (
nextval('pfcs_detail_patient_seq'), nm_usuario_p, clock_timestamp(), nm_usuario_p, clock_timestamp(), 40082, 123267, 1015548994, 'Elliott, Foster', TO_DATE('16/08/1995 00:00:00', 'DD/MM/YYYY HH24:MI:SS'), 'Frozen left arm', 'Female', 'DNR', 172, 2, 'VIP', (clock_timestamp() - interval '2 days'), 'Mohsin, Holmes', 1, 0
);

/* INSERT QUERY NO: 84 */

INSERT INTO pfcs_detail_patient(NR_SEQUENCIA, NM_USUARIO, DT_ATUALIZACAO, NM_USUARIO_NREC, DT_ATUALIZACAO_NREC, NR_SEQ_DETAIL, NR_ENCOUNTER, ID_PATIENT, NM_PATIENT, DT_BIRTHDATE, DS_PRIMARY_DIAGNOSIS, DS_GENDER, DS_DNR_STATUS, QT_TIME_TELEMETRY, CD_CLASSIFICATION, DS_CLASSIFICATION, DT_ENTRANCE, DS_SERVICE_LINE, QT_YELLOW_ALARMS, QT_RED_ALARMS)
VALUES (
nextval('pfcs_detail_patient_seq'), nm_usuario_p, clock_timestamp(), nm_usuario_p, clock_timestamp(), 40083, 3352673, 1015775261, 'Fabien, Kearney', TO_DATE('28/10/1990 00:00:00', 'DD/MM/YYYY HH24:MI:SS'), 'High Palpitation', 'Male', '', 199, 1,  'Risco de queda', (clock_timestamp() - interval '6 days'), 'Colton, Murillo', 0, 0
);

/* INSERT QUERY NO: 85 */

INSERT INTO pfcs_detail_patient(NR_SEQUENCIA, NM_USUARIO, DT_ATUALIZACAO, NM_USUARIO_NREC, DT_ATUALIZACAO_NREC, NR_SEQ_DETAIL, NR_ENCOUNTER, ID_PATIENT, NM_PATIENT, DT_BIRTHDATE, DS_PRIMARY_DIAGNOSIS, DS_GENDER, DS_DNR_STATUS, QT_TIME_TELEMETRY, CD_CLASSIFICATION, DS_CLASSIFICATION, DT_ENTRANCE, DS_SERVICE_LINE, QT_YELLOW_ALARMS, QT_RED_ALARMS)
VALUES (
nextval('pfcs_detail_patient_seq'), nm_usuario_p, clock_timestamp(), nm_usuario_p, clock_timestamp(), 40084, 123561, 5541224, 'Sonnie, Betts', TO_DATE('13/10/1960 00:00:00', 'DD/MM/YYYY HH24:MI:SS'), '', 'Male', '', 70, 2, 'VIP', (clock_timestamp() - interval '5 days'), 'Scott, Keller', 0, 0
);

/* INSERT QUERY NO: 86 */

INSERT INTO pfcs_detail_patient(NR_SEQUENCIA, NM_USUARIO, DT_ATUALIZACAO, NM_USUARIO_NREC, DT_ATUALIZACAO_NREC, NR_SEQ_DETAIL, NR_ENCOUNTER, ID_PATIENT, NM_PATIENT, DT_BIRTHDATE, DS_PRIMARY_DIAGNOSIS, DS_GENDER, DS_DNR_STATUS, QT_TIME_TELEMETRY, CD_CLASSIFICATION, DS_CLASSIFICATION, DT_ENTRANCE, DS_SERVICE_LINE, QT_YELLOW_ALARMS, QT_RED_ALARMS)
VALUES (
nextval('pfcs_detail_patient_seq'), nm_usuario_p, clock_timestamp(), nm_usuario_p, clock_timestamp(), 40085, 36199, 548713, 'Frazer, Parkes', TO_DATE('28/12/1960 00:00:00', 'DD/MM/YYYY HH24:MI:SS'), '', 'Male', '', 85, 2, 'VIP', (clock_timestamp() - interval '8 days'), 'Aaron, Duncan', 1, 0
);

/* INSERT QUERY NO: 87 */

INSERT INTO pfcs_detail_patient(NR_SEQUENCIA, NM_USUARIO, DT_ATUALIZACAO, NM_USUARIO_NREC, DT_ATUALIZACAO_NREC, NR_SEQ_DETAIL, NR_ENCOUNTER, ID_PATIENT, NM_PATIENT, DT_BIRTHDATE, DS_PRIMARY_DIAGNOSIS, DS_GENDER, DS_DNR_STATUS, QT_TIME_TELEMETRY, CD_CLASSIFICATION, DS_CLASSIFICATION, DT_ENTRANCE, DS_SERVICE_LINE, QT_YELLOW_ALARMS, QT_RED_ALARMS)
VALUES (
nextval('pfcs_detail_patient_seq'), nm_usuario_p, clock_timestamp(), nm_usuario_p, clock_timestamp(), 40086, 56180, 1365994, 'Wanda, Pruitt', TO_DATE('10/11/2010 00:00:00', 'DD/MM/YYYY HH24:MI:SS'), '', 'Female', '', 120, 2, 'VIP', (clock_timestamp() - interval '2 days'), 'Caius, Shields', 0, 0
);

/* INSERT QUERY NO: 88 */

INSERT INTO pfcs_detail_patient(NR_SEQUENCIA, NM_USUARIO, DT_ATUALIZACAO, NM_USUARIO_NREC, DT_ATUALIZACAO_NREC, NR_SEQ_DETAIL, NR_ENCOUNTER, ID_PATIENT, NM_PATIENT, DT_BIRTHDATE, DS_PRIMARY_DIAGNOSIS, DS_GENDER, DS_DNR_STATUS, QT_TIME_TELEMETRY, CD_CLASSIFICATION, DS_CLASSIFICATION, DT_ENTRANCE, DS_SERVICE_LINE, QT_YELLOW_ALARMS, QT_RED_ALARMS)
VALUES (
nextval('pfcs_detail_patient_seq'), nm_usuario_p, clock_timestamp(), nm_usuario_p, clock_timestamp(), 40087, 3382964, 1015790395, 'Marcia, Lutz', TO_DATE('08/01/1947 00:00:00', 'DD/MM/YYYY HH24:MI:SS'), 'Severe right wrist pain', 'Male', '', 145, 1,  'Risco de queda', (clock_timestamp() - interval '5 days'), 'Manav, Kouma', 0, 0
);

/* INSERT QUERY NO: 89 */

INSERT INTO pfcs_detail_patient(NR_SEQUENCIA, NM_USUARIO, DT_ATUALIZACAO, NM_USUARIO_NREC, DT_ATUALIZACAO_NREC, NR_SEQ_DETAIL, NR_ENCOUNTER, ID_PATIENT, NM_PATIENT, DT_BIRTHDATE, DS_PRIMARY_DIAGNOSIS, DS_GENDER, DS_DNR_STATUS, QT_TIME_TELEMETRY, CD_CLASSIFICATION, DS_CLASSIFICATION, DT_ENTRANCE, DS_SERVICE_LINE, QT_YELLOW_ALARMS, QT_RED_ALARMS)
VALUES (
nextval('pfcs_detail_patient_seq'), nm_usuario_p, clock_timestamp(), nm_usuario_p, clock_timestamp(), 40088, 3349696, 15, 'Robson, Duncan', TO_DATE('17/01/1987 00:00:00', 'DD/MM/YYYY HH24:MI:SS'), '', 'Male', '', 172, 2, 'VIP', (clock_timestamp() - interval '8 days'), 'Zayden, Giles', 1, 0
);

/* INSERT QUERY NO: 90 */

INSERT INTO pfcs_detail_patient(NR_SEQUENCIA, NM_USUARIO, DT_ATUALIZACAO, NM_USUARIO_NREC, DT_ATUALIZACAO_NREC, NR_SEQ_DETAIL, NR_ENCOUNTER, ID_PATIENT, NM_PATIENT, DT_BIRTHDATE, DS_PRIMARY_DIAGNOSIS, DS_GENDER, DS_DNR_STATUS, QT_TIME_TELEMETRY, CD_CLASSIFICATION, DS_CLASSIFICATION, DT_ENTRANCE, DS_SERVICE_LINE, QT_YELLOW_ALARMS, QT_RED_ALARMS)
VALUES (
nextval('pfcs_detail_patient_seq'), nm_usuario_p, clock_timestamp(), nm_usuario_p, clock_timestamp(), 40089, 3398170, 2275867, 'Isadora, Ware', TO_DATE('01/01/1997 00:00:00', 'DD/MM/YYYY HH24:MI:SS'), 'Frozen left arm', 'Male', '', 199, 2, 'VIP', (clock_timestamp() - interval '3 days'), 'Fabien, Snider', 0, 0
);

/* INSERT QUERY NO: 91 */

INSERT INTO pfcs_detail_patient(NR_SEQUENCIA, NM_USUARIO, DT_ATUALIZACAO, NM_USUARIO_NREC, DT_ATUALIZACAO_NREC, NR_SEQ_DETAIL, NR_ENCOUNTER, ID_PATIENT, NM_PATIENT, DT_BIRTHDATE, DS_PRIMARY_DIAGNOSIS, DS_GENDER, DS_DNR_STATUS, QT_TIME_TELEMETRY, CD_CLASSIFICATION, DS_CLASSIFICATION, DT_ENTRANCE, DS_SERVICE_LINE, QT_YELLOW_ALARMS, QT_RED_ALARMS)
VALUES (
nextval('pfcs_detail_patient_seq'), nm_usuario_p, clock_timestamp(), nm_usuario_p, clock_timestamp(), 40090, 157409, 4580674, 'Zoha, Bautista', TO_DATE('03/12/1998 00:00:00', 'DD/MM/YYYY HH24:MI:SS'), 'High Palpitation', 'Female', '', 35, 2, 'VIP', (clock_timestamp() - interval '1 days'), 'Zoya, Bright', 0, 1
);

/* INSERT QUERY NO: 92 */

INSERT INTO pfcs_detail_patient(NR_SEQUENCIA, NM_USUARIO, DT_ATUALIZACAO, NM_USUARIO_NREC, DT_ATUALIZACAO_NREC, NR_SEQ_DETAIL, NR_ENCOUNTER, ID_PATIENT, NM_PATIENT, DT_BIRTHDATE, DS_PRIMARY_DIAGNOSIS, DS_GENDER, DS_DNR_STATUS, QT_TIME_TELEMETRY, CD_CLASSIFICATION, DS_CLASSIFICATION, DT_ENTRANCE, DS_SERVICE_LINE, QT_YELLOW_ALARMS, QT_RED_ALARMS)
VALUES (
nextval('pfcs_detail_patient_seq'), nm_usuario_p, clock_timestamp(), nm_usuario_p, clock_timestamp(), 40091, 149000, 49864, 'Connah, Cote', TO_DATE('17/10/1980 00:00:00', 'DD/MM/YYYY HH24:MI:SS'), '', 'Female', '', 70, 1,  'Risco de queda', (clock_timestamp() - interval '4 days'), 'Olivia, Mitchell', 0, 1
);

/* INSERT QUERY NO: 63 */

INSERT INTO pfcs_detail_bed(NR_SEQUENCIA, NM_USUARIO, DT_ATUALIZACAO, NM_USUARIO_NREC, DT_ATUALIZACAO_NREC, NR_SEQ_DETAIL, CD_DEPARTMENT, DS_DEPARTMENT, DS_LOCATION)
VALUES (
nextval('pfcs_detail_bed_seq'), nm_usuario_p, clock_timestamp(), nm_usuario_p, clock_timestamp(), 40062, 280, 'Stepdown', 'I 5'
);

/* INSERT QUERY NO: 64 */

INSERT INTO pfcs_detail_bed(NR_SEQUENCIA, NM_USUARIO, DT_ATUALIZACAO, NM_USUARIO_NREC, DT_ATUALIZACAO_NREC, NR_SEQ_DETAIL, CD_DEPARTMENT, DS_DEPARTMENT, DS_LOCATION)
VALUES (
nextval('pfcs_detail_bed_seq'), nm_usuario_p, clock_timestamp(), nm_usuario_p, clock_timestamp(), 40063, 280, 'Stepdown', 'S 1'
);

/* INSERT QUERY NO: 65 */

INSERT INTO pfcs_detail_bed(NR_SEQUENCIA, NM_USUARIO, DT_ATUALIZACAO, NM_USUARIO_NREC, DT_ATUALIZACAO_NREC, NR_SEQ_DETAIL, CD_DEPARTMENT, DS_DEPARTMENT, DS_LOCATION)
VALUES (
nextval('pfcs_detail_bed_seq'), nm_usuario_p, clock_timestamp(), nm_usuario_p, clock_timestamp(), 40064, 79340, 'ICU', 'ICU 03'
);

/* INSERT QUERY NO: 66 */

INSERT INTO pfcs_detail_bed(NR_SEQUENCIA, NM_USUARIO, DT_ATUALIZACAO, NM_USUARIO_NREC, DT_ATUALIZACAO_NREC, NR_SEQ_DETAIL, CD_DEPARTMENT, DS_DEPARTMENT, DS_LOCATION)
VALUES (
nextval('pfcs_detail_bed_seq'), nm_usuario_p, clock_timestamp(), nm_usuario_p, clock_timestamp(), 40065, 79339, 'Diagnostic Clinic', 'A02'
);

/* INSERT QUERY NO: 67 */

INSERT INTO pfcs_detail_bed(NR_SEQUENCIA, NM_USUARIO, DT_ATUALIZACAO, NM_USUARIO_NREC, DT_ATUALIZACAO_NREC, NR_SEQ_DETAIL, CD_DEPARTMENT, DS_DEPARTMENT, DS_LOCATION)
VALUES (
nextval('pfcs_detail_bed_seq'), nm_usuario_p, clock_timestamp(), nm_usuario_p, clock_timestamp(), 40066, 79402, 'Block C', 'qt2'
);

/* INSERT QUERY NO: 68 */

INSERT INTO pfcs_detail_bed(NR_SEQUENCIA, NM_USUARIO, DT_ATUALIZACAO, NM_USUARIO_NREC, DT_ATUALIZACAO_NREC, NR_SEQ_DETAIL, CD_DEPARTMENT, DS_DEPARTMENT, DS_LOCATION)
VALUES (
nextval('pfcs_detail_bed_seq'), nm_usuario_p, clock_timestamp(), nm_usuario_p, clock_timestamp(), 40067, 79407, 'South Ward', 'SL01'
);

/* INSERT QUERY NO: 69 */

INSERT INTO pfcs_detail_bed(NR_SEQUENCIA, NM_USUARIO, DT_ATUALIZACAO, NM_USUARIO_NREC, DT_ATUALIZACAO_NREC, NR_SEQ_DETAIL, CD_DEPARTMENT, DS_DEPARTMENT, DS_LOCATION)
VALUES (
nextval('pfcs_detail_bed_seq'), nm_usuario_p, clock_timestamp(), nm_usuario_p, clock_timestamp(), 40068, 79343, 'North Ward', 'C'
);

/* INSERT QUERY NO: 70 */

INSERT INTO pfcs_detail_bed(NR_SEQUENCIA, NM_USUARIO, DT_ATUALIZACAO, NM_USUARIO_NREC, DT_ATUALIZACAO_NREC, NR_SEQ_DETAIL, CD_DEPARTMENT, DS_DEPARTMENT, DS_LOCATION)
VALUES (
nextval('pfcs_detail_bed_seq'), nm_usuario_p, clock_timestamp(), nm_usuario_p, clock_timestamp(), 40069, 79343, 'North Ward', 'B'
);

/* INSERT QUERY NO: 71 */

INSERT INTO pfcs_detail_bed(NR_SEQUENCIA, NM_USUARIO, DT_ATUALIZACAO, NM_USUARIO_NREC, DT_ATUALIZACAO_NREC, NR_SEQ_DETAIL, CD_DEPARTMENT, DS_DEPARTMENT, DS_LOCATION)
VALUES (
nextval('pfcs_detail_bed_seq'), nm_usuario_p, clock_timestamp(), nm_usuario_p, clock_timestamp(), 40070, 79343, 'North Ward', 'B08'
);

/* INSERT QUERY NO: 72 */

INSERT INTO pfcs_detail_bed(NR_SEQUENCIA, NM_USUARIO, DT_ATUALIZACAO, NM_USUARIO_NREC, DT_ATUALIZACAO_NREC, NR_SEQ_DETAIL, CD_DEPARTMENT, DS_DEPARTMENT, DS_LOCATION)
VALUES (
nextval('pfcs_detail_bed_seq'), nm_usuario_p, clock_timestamp(), nm_usuario_p, clock_timestamp(), 40071, 79343, 'North Ward', 'B09'
);

/* INSERT QUERY NO: 73 */

INSERT INTO pfcs_detail_bed(NR_SEQUENCIA, NM_USUARIO, DT_ATUALIZACAO, NM_USUARIO_NREC, DT_ATUALIZACAO_NREC, NR_SEQ_DETAIL, CD_DEPARTMENT, DS_DEPARTMENT, DS_LOCATION)
VALUES (
nextval('pfcs_detail_bed_seq'), nm_usuario_p, clock_timestamp(), nm_usuario_p, clock_timestamp(), 40072, 79343, 'North Ward', 'B10'
);

/* INSERT QUERY NO: 74 */

INSERT INTO pfcs_detail_bed(NR_SEQUENCIA, NM_USUARIO, DT_ATUALIZACAO, NM_USUARIO_NREC, DT_ATUALIZACAO_NREC, NR_SEQ_DETAIL, CD_DEPARTMENT, DS_DEPARTMENT, DS_LOCATION)
VALUES (
nextval('pfcs_detail_bed_seq'), nm_usuario_p, clock_timestamp(), nm_usuario_p, clock_timestamp(), 40073, 8, 'Block D', '104 D'
);

/* INSERT QUERY NO: 75 */

INSERT INTO pfcs_detail_bed(NR_SEQUENCIA, NM_USUARIO, DT_ATUALIZACAO, NM_USUARIO_NREC, DT_ATUALIZACAO_NREC, NR_SEQ_DETAIL, CD_DEPARTMENT, DS_DEPARTMENT, DS_LOCATION)
VALUES (
nextval('pfcs_detail_bed_seq'), nm_usuario_p, clock_timestamp(), nm_usuario_p, clock_timestamp(), 40074, 8, 'Block D', '105 A'
);

/* INSERT QUERY NO: 76 */

INSERT INTO pfcs_detail_bed(NR_SEQUENCIA, NM_USUARIO, DT_ATUALIZACAO, NM_USUARIO_NREC, DT_ATUALIZACAO_NREC, NR_SEQ_DETAIL, CD_DEPARTMENT, DS_DEPARTMENT, DS_LOCATION)
VALUES (
nextval('pfcs_detail_bed_seq'), nm_usuario_p, clock_timestamp(), nm_usuario_p, clock_timestamp(), 40075, 80, 'Home Care', '3'
);

/* INSERT QUERY NO: 77 */

INSERT INTO pfcs_detail_bed(NR_SEQUENCIA, NM_USUARIO, DT_ATUALIZACAO, NM_USUARIO_NREC, DT_ATUALIZACAO_NREC, NR_SEQ_DETAIL, CD_DEPARTMENT, DS_DEPARTMENT, DS_LOCATION)
VALUES (
nextval('pfcs_detail_bed_seq'), nm_usuario_p, clock_timestamp(), nm_usuario_p, clock_timestamp(), 40076, 80, 'Home Care', '1'
);

/* INSERT QUERY NO: 78 */

INSERT INTO pfcs_detail_bed(NR_SEQUENCIA, NM_USUARIO, DT_ATUALIZACAO, NM_USUARIO_NREC, DT_ATUALIZACAO_NREC, NR_SEQ_DETAIL, CD_DEPARTMENT, DS_DEPARTMENT, DS_LOCATION)
VALUES (
nextval('pfcs_detail_bed_seq'), nm_usuario_p, clock_timestamp(), nm_usuario_p, clock_timestamp(), 40077, 79340, 'ICU', '3'
);

/* INSERT QUERY NO: 79 */

INSERT INTO pfcs_detail_bed(NR_SEQUENCIA, NM_USUARIO, DT_ATUALIZACAO, NM_USUARIO_NREC, DT_ATUALIZACAO_NREC, NR_SEQ_DETAIL, CD_DEPARTMENT, DS_DEPARTMENT, DS_LOCATION)
VALUES (
nextval('pfcs_detail_bed_seq'), nm_usuario_p, clock_timestamp(), nm_usuario_p, clock_timestamp(), 40078, 8, 'Block D', '104 D'
);

/* INSERT QUERY NO: 80 */

INSERT INTO pfcs_detail_bed(NR_SEQUENCIA, NM_USUARIO, DT_ATUALIZACAO, NM_USUARIO_NREC, DT_ATUALIZACAO_NREC, NR_SEQ_DETAIL, CD_DEPARTMENT, DS_DEPARTMENT, DS_LOCATION)
VALUES (
nextval('pfcs_detail_bed_seq'), nm_usuario_p, clock_timestamp(), nm_usuario_p, clock_timestamp(), 40079, 8, 'Block D', '105 A'
);

/* INSERT QUERY NO: 81 */

INSERT INTO pfcs_detail_bed(NR_SEQUENCIA, NM_USUARIO, DT_ATUALIZACAO, NM_USUARIO_NREC, DT_ATUALIZACAO_NREC, NR_SEQ_DETAIL, CD_DEPARTMENT, DS_DEPARTMENT, DS_LOCATION)
VALUES (
nextval('pfcs_detail_bed_seq'), nm_usuario_p, clock_timestamp(), nm_usuario_p, clock_timestamp(), 40080, 80, 'Home Care', '3'
);

/* INSERT QUERY NO: 82 */

INSERT INTO pfcs_detail_bed(NR_SEQUENCIA, NM_USUARIO, DT_ATUALIZACAO, NM_USUARIO_NREC, DT_ATUALIZACAO_NREC, NR_SEQ_DETAIL, CD_DEPARTMENT, DS_DEPARTMENT, DS_LOCATION)
VALUES (
nextval('pfcs_detail_bed_seq'), nm_usuario_p, clock_timestamp(), nm_usuario_p, clock_timestamp(), 40081, 80, 'Home Care', '1'
);

/* INSERT QUERY NO: 83 */

INSERT INTO pfcs_detail_bed(NR_SEQUENCIA, NM_USUARIO, DT_ATUALIZACAO, NM_USUARIO_NREC, DT_ATUALIZACAO_NREC, NR_SEQ_DETAIL, CD_DEPARTMENT, DS_DEPARTMENT, DS_LOCATION)
VALUES (
nextval('pfcs_detail_bed_seq'), nm_usuario_p, clock_timestamp(), nm_usuario_p, clock_timestamp(), 40082, 79340, 'ICU', 'ICU 03'
);

/* INSERT QUERY NO: 84 */

INSERT INTO pfcs_detail_bed(NR_SEQUENCIA, NM_USUARIO, DT_ATUALIZACAO, NM_USUARIO_NREC, DT_ATUALIZACAO_NREC, NR_SEQ_DETAIL, CD_DEPARTMENT, DS_DEPARTMENT, DS_LOCATION)
VALUES (
nextval('pfcs_detail_bed_seq'), nm_usuario_p, clock_timestamp(), nm_usuario_p, clock_timestamp(), 40083, 79339, 'Diagnostic Clinic', 'A02'
);

/* INSERT QUERY NO: 85 */

INSERT INTO pfcs_detail_bed(NR_SEQUENCIA, NM_USUARIO, DT_ATUALIZACAO, NM_USUARIO_NREC, DT_ATUALIZACAO_NREC, NR_SEQ_DETAIL, CD_DEPARTMENT, DS_DEPARTMENT, DS_LOCATION)
VALUES (
nextval('pfcs_detail_bed_seq'), nm_usuario_p, clock_timestamp(), nm_usuario_p, clock_timestamp(), 40084, 8, 'Block D', '104 D'
);

/* INSERT QUERY NO: 86 */

INSERT INTO pfcs_detail_bed(NR_SEQUENCIA, NM_USUARIO, DT_ATUALIZACAO, NM_USUARIO_NREC, DT_ATUALIZACAO_NREC, NR_SEQ_DETAIL, CD_DEPARTMENT, DS_DEPARTMENT, DS_LOCATION)
VALUES (
nextval('pfcs_detail_bed_seq'), nm_usuario_p, clock_timestamp(), nm_usuario_p, clock_timestamp(), 40085, 8, 'Block D', '105 A'
);

/* INSERT QUERY NO: 87 */

INSERT INTO pfcs_detail_bed(NR_SEQUENCIA, NM_USUARIO, DT_ATUALIZACAO, NM_USUARIO_NREC, DT_ATUALIZACAO_NREC, NR_SEQ_DETAIL, CD_DEPARTMENT, DS_DEPARTMENT, DS_LOCATION)
VALUES (
nextval('pfcs_detail_bed_seq'), nm_usuario_p, clock_timestamp(), nm_usuario_p, clock_timestamp(), 40086, 80, 'Home Care', '3'
);

/* INSERT QUERY NO: 88 */

INSERT INTO pfcs_detail_bed(NR_SEQUENCIA, NM_USUARIO, DT_ATUALIZACAO, NM_USUARIO_NREC, DT_ATUALIZACAO_NREC, NR_SEQ_DETAIL, CD_DEPARTMENT, DS_DEPARTMENT, DS_LOCATION)
VALUES (
nextval('pfcs_detail_bed_seq'), nm_usuario_p, clock_timestamp(), nm_usuario_p, clock_timestamp(), 40087, 80, 'Home Care', '1'
);

/* INSERT QUERY NO: 89 */

INSERT INTO pfcs_detail_bed(NR_SEQUENCIA, NM_USUARIO, DT_ATUALIZACAO, NM_USUARIO_NREC, DT_ATUALIZACAO_NREC, NR_SEQ_DETAIL, CD_DEPARTMENT, DS_DEPARTMENT, DS_LOCATION)
VALUES (
nextval('pfcs_detail_bed_seq'), nm_usuario_p, clock_timestamp(), nm_usuario_p, clock_timestamp(), 40088, 79340, 'ICU', 'ICU 03'
);

/* INSERT QUERY NO: 90 */

INSERT INTO pfcs_detail_bed(NR_SEQUENCIA, NM_USUARIO, DT_ATUALIZACAO, NM_USUARIO_NREC, DT_ATUALIZACAO_NREC, NR_SEQ_DETAIL, CD_DEPARTMENT, DS_DEPARTMENT, DS_LOCATION)
VALUES (
nextval('pfcs_detail_bed_seq'), nm_usuario_p, clock_timestamp(), nm_usuario_p, clock_timestamp(), 40089, 79339, 'Diagnostic Clinic', 'A02'
);

/* INSERT QUERY NO: 91 */

INSERT INTO pfcs_detail_bed(NR_SEQUENCIA, NM_USUARIO, DT_ATUALIZACAO, NM_USUARIO_NREC, DT_ATUALIZACAO_NREC, NR_SEQ_DETAIL, CD_DEPARTMENT, DS_DEPARTMENT, DS_LOCATION)
VALUES (
nextval('pfcs_detail_bed_seq'), nm_usuario_p, clock_timestamp(), nm_usuario_p, clock_timestamp(), 40090, 80, 'Home Care', 'ICU 03'
);

/* INSERT QUERY NO: 92 */

INSERT INTO pfcs_detail_bed(NR_SEQUENCIA, NM_USUARIO, DT_ATUALIZACAO, NM_USUARIO_NREC, DT_ATUALIZACAO_NREC, NR_SEQ_DETAIL, CD_DEPARTMENT, DS_DEPARTMENT, DS_LOCATION)
VALUES (
nextval('pfcs_detail_bed_seq'), nm_usuario_p, clock_timestamp(), nm_usuario_p, clock_timestamp(), 40091, 79340, 'ICU', 'A02'
);

 := pfcs_pck.pfcs_generate_results(
		vl_indicator_p => 30, nr_seq_indicator_p => nr_seq_indicator_p, nr_seq_operational_level_p => cd_estabelecimento_w, nm_usuario_p => nm_usuario_p, nr_seq_panel_p => pfcs_panel_seq_w);

CALL pfcs_pck.pfcs_update_detail(
		nr_seq_indicator_p => nr_seq_indicator_p,
		nr_seq_panel_p => pfcs_panel_seq_w,
		nr_seq_operational_level_p => cd_estabelecimento_w,
		nm_usuario_p => nm_usuario_p);

CALL pfcs_pck.pfcs_activate_records(
            nr_seq_indicator_p => nr_seq_indicator_p,
            nr_seq_operational_level_p => cd_estabelecimento_w,
            nm_usuario_p => nm_usuario_p);

commit;
	
end;
$body$
LANGUAGE PLPGSQL
SECURITY DEFINER
;
-- REVOKE ALL ON PROCEDURE pfcs_generate_5_tl (nr_seq_indicator_p bigint) FROM PUBLIC;

