-- Generated by Ora2Pg, the Oracle database Schema converter, version 23.1
-- Copyright 2000-2022 Gilles DAROLD. All rights reserved.
-- DATASOURCE: dbi:Oracle:host=srv-dbora-03.whebdc.com.br;service_name=DEV_1815;port=1521

SET client_encoding TO 'UTF8';





CREATE OR REPLACE PROCEDURE pfcs_generate_fr4_co ( nr_seq_indicator_p bigint, cd_estabelecimento_p text, nm_usuario_p text) AS $body$
DECLARE


pfcs_panel_seq_w			pfcs_panel.nr_sequencia%type;
cd_estabelecimento_w			bigint;


BEGIN

cd_estabelecimento_w	:= pfcs_get_structure_level(cd_establishment_p => 1, ie_level_p => 'O', ie_info_p => 'C');
/* INSERT QUERY NO: 1 */

select	nextval('pfcs_panel_seq')
	into STRICT	pfcs_panel_seq_w
	;

 := pfcs_pck.pfcs_generate_results(
		vl_indicator_p => 10, nr_seq_indicator_p => nr_seq_indicator_p, nr_seq_operational_level_p => cd_estabelecimento_w, nm_usuario_p => nm_usuario_p, nr_seq_panel_p => pfcs_panel_seq_w);


/* INSERT QUERY NO: 1 */

INSERT INTO pfcs_panel_detail(NR_SEQUENCIA, DT_ATUALIZACAO, NM_USUARIO, DT_ATUALIZACAO_NREC, NM_USUARIO_NREC, NR_SEQ_INDICATOR, VL_INDICATOR, NR_SEQ_OPERATIONAL_LEVEL, NR_SEQ_TACTICAL_LEVEL, IE_SITUATION, NR_SEQ_PANEL)
VALUES (
6249287, clock_timestamp(), nm_usuario_p, clock_timestamp(), nm_usuario_p, nr_seq_indicator_p, '', cd_estabelecimento_w, '', 'A', pfcs_panel_seq_w
);

/* INSERT QUERY NO: 2 */

INSERT INTO pfcs_panel_detail(NR_SEQUENCIA, DT_ATUALIZACAO, NM_USUARIO, DT_ATUALIZACAO_NREC, NM_USUARIO_NREC, NR_SEQ_INDICATOR, VL_INDICATOR, NR_SEQ_OPERATIONAL_LEVEL, NR_SEQ_TACTICAL_LEVEL, IE_SITUATION, NR_SEQ_PANEL)
VALUES (
6249288, clock_timestamp(), nm_usuario_p, clock_timestamp(), nm_usuario_p, nr_seq_indicator_p, '', cd_estabelecimento_w, '', 'A', pfcs_panel_seq_w
);

/* INSERT QUERY NO: 3 */

INSERT INTO pfcs_panel_detail(NR_SEQUENCIA, DT_ATUALIZACAO, NM_USUARIO, DT_ATUALIZACAO_NREC, NM_USUARIO_NREC, NR_SEQ_INDICATOR, VL_INDICATOR, NR_SEQ_OPERATIONAL_LEVEL, NR_SEQ_TACTICAL_LEVEL, IE_SITUATION, NR_SEQ_PANEL)
VALUES (
6249289, clock_timestamp(), nm_usuario_p, clock_timestamp(), nm_usuario_p, nr_seq_indicator_p, '', cd_estabelecimento_w, '', 'A', pfcs_panel_seq_w
);

/* INSERT QUERY NO: 4 */

INSERT INTO pfcs_panel_detail(NR_SEQUENCIA, DT_ATUALIZACAO, NM_USUARIO, DT_ATUALIZACAO_NREC, NM_USUARIO_NREC, NR_SEQ_INDICATOR, VL_INDICATOR, NR_SEQ_OPERATIONAL_LEVEL, NR_SEQ_TACTICAL_LEVEL, IE_SITUATION, NR_SEQ_PANEL)
VALUES (
6249290, clock_timestamp(), nm_usuario_p, clock_timestamp(), nm_usuario_p, nr_seq_indicator_p, '', cd_estabelecimento_w, '', 'A', pfcs_panel_seq_w
);

/* INSERT QUERY NO: 5 */

INSERT INTO pfcs_panel_detail(NR_SEQUENCIA, DT_ATUALIZACAO, NM_USUARIO, DT_ATUALIZACAO_NREC, NM_USUARIO_NREC, NR_SEQ_INDICATOR, VL_INDICATOR, NR_SEQ_OPERATIONAL_LEVEL, NR_SEQ_TACTICAL_LEVEL, IE_SITUATION, NR_SEQ_PANEL)
VALUES (
6249291, clock_timestamp(), nm_usuario_p, clock_timestamp(), nm_usuario_p, nr_seq_indicator_p, '', cd_estabelecimento_w, '', 'A', pfcs_panel_seq_w
);

/* INSERT QUERY NO: 6 */

INSERT INTO pfcs_panel_detail(NR_SEQUENCIA, DT_ATUALIZACAO, NM_USUARIO, DT_ATUALIZACAO_NREC, NM_USUARIO_NREC, NR_SEQ_INDICATOR, VL_INDICATOR, NR_SEQ_OPERATIONAL_LEVEL, NR_SEQ_TACTICAL_LEVEL, IE_SITUATION, NR_SEQ_PANEL)
VALUES (
6249292, clock_timestamp(), nm_usuario_p, clock_timestamp(), nm_usuario_p, nr_seq_indicator_p, '', cd_estabelecimento_w, '', 'A', pfcs_panel_seq_w
);

/* INSERT QUERY NO: 7 */

INSERT INTO pfcs_panel_detail(NR_SEQUENCIA, DT_ATUALIZACAO, NM_USUARIO, DT_ATUALIZACAO_NREC, NM_USUARIO_NREC, NR_SEQ_INDICATOR, VL_INDICATOR, NR_SEQ_OPERATIONAL_LEVEL, NR_SEQ_TACTICAL_LEVEL, IE_SITUATION, NR_SEQ_PANEL)
VALUES (
6249293, clock_timestamp(), nm_usuario_p, clock_timestamp(), nm_usuario_p, nr_seq_indicator_p, '', cd_estabelecimento_w, '', 'A', pfcs_panel_seq_w
);

/* INSERT QUERY NO: 8 */

INSERT INTO pfcs_panel_detail(NR_SEQUENCIA, DT_ATUALIZACAO, NM_USUARIO, DT_ATUALIZACAO_NREC, NM_USUARIO_NREC, NR_SEQ_INDICATOR, VL_INDICATOR, NR_SEQ_OPERATIONAL_LEVEL, NR_SEQ_TACTICAL_LEVEL, IE_SITUATION, NR_SEQ_PANEL)
VALUES (
6249294, clock_timestamp(), nm_usuario_p, clock_timestamp(), nm_usuario_p, nr_seq_indicator_p, '', cd_estabelecimento_w, '', 'A', pfcs_panel_seq_w
);

/* INSERT QUERY NO: 9 */

INSERT INTO pfcs_panel_detail(NR_SEQUENCIA, DT_ATUALIZACAO, NM_USUARIO, DT_ATUALIZACAO_NREC, NM_USUARIO_NREC, NR_SEQ_INDICATOR, VL_INDICATOR, NR_SEQ_OPERATIONAL_LEVEL, NR_SEQ_TACTICAL_LEVEL, IE_SITUATION, NR_SEQ_PANEL)
VALUES (
6249295, clock_timestamp(), nm_usuario_p, clock_timestamp(), nm_usuario_p, nr_seq_indicator_p, '', cd_estabelecimento_w, '', 'A', pfcs_panel_seq_w
);

/* INSERT QUERY NO: 10 */

INSERT INTO pfcs_panel_detail(NR_SEQUENCIA, DT_ATUALIZACAO, NM_USUARIO, DT_ATUALIZACAO_NREC, NM_USUARIO_NREC, NR_SEQ_INDICATOR, VL_INDICATOR, NR_SEQ_OPERATIONAL_LEVEL, NR_SEQ_TACTICAL_LEVEL, IE_SITUATION, NR_SEQ_PANEL)
VALUES (
6249296, clock_timestamp(), nm_usuario_p, clock_timestamp(), nm_usuario_p, nr_seq_indicator_p, '', cd_estabelecimento_w, '', 'A', pfcs_panel_seq_w
);

/* INSERT QUERY NO: 11 */

INSERT INTO pfcs_panel_detail(NR_SEQUENCIA, DT_ATUALIZACAO, NM_USUARIO, DT_ATUALIZACAO_NREC, NM_USUARIO_NREC, NR_SEQ_INDICATOR, VL_INDICATOR, NR_SEQ_OPERATIONAL_LEVEL, NR_SEQ_TACTICAL_LEVEL, IE_SITUATION, NR_SEQ_PANEL)
VALUES (
6249297, clock_timestamp(), nm_usuario_p, clock_timestamp(), nm_usuario_p, nr_seq_indicator_p, '', cd_estabelecimento_w, '', 'A', pfcs_panel_seq_w
);

/* INSERT QUERY NO: 12 */

INSERT INTO pfcs_panel_detail(NR_SEQUENCIA, DT_ATUALIZACAO, NM_USUARIO, DT_ATUALIZACAO_NREC, NM_USUARIO_NREC, NR_SEQ_INDICATOR, VL_INDICATOR, NR_SEQ_OPERATIONAL_LEVEL, NR_SEQ_TACTICAL_LEVEL, IE_SITUATION, NR_SEQ_PANEL)
VALUES (
6249298, clock_timestamp(), nm_usuario_p, clock_timestamp(), nm_usuario_p, nr_seq_indicator_p, '', cd_estabelecimento_w, '', 'A', pfcs_panel_seq_w
);

/* INSERT QUERY NO: 13 */

INSERT INTO pfcs_panel_detail(NR_SEQUENCIA, DT_ATUALIZACAO, NM_USUARIO, DT_ATUALIZACAO_NREC, NM_USUARIO_NREC, NR_SEQ_INDICATOR, VL_INDICATOR, NR_SEQ_OPERATIONAL_LEVEL, NR_SEQ_TACTICAL_LEVEL, IE_SITUATION, NR_SEQ_PANEL)
VALUES (
6249299, clock_timestamp(), nm_usuario_p, clock_timestamp(), nm_usuario_p, nr_seq_indicator_p, '', cd_estabelecimento_w, '', 'A', pfcs_panel_seq_w
);

/* INSERT QUERY NO: 14 */

INSERT INTO pfcs_panel_detail(NR_SEQUENCIA, DT_ATUALIZACAO, NM_USUARIO, DT_ATUALIZACAO_NREC, NM_USUARIO_NREC, NR_SEQ_INDICATOR, VL_INDICATOR, NR_SEQ_OPERATIONAL_LEVEL, NR_SEQ_TACTICAL_LEVEL, IE_SITUATION, NR_SEQ_PANEL)
VALUES (
6249300, clock_timestamp(), nm_usuario_p, clock_timestamp(), nm_usuario_p, nr_seq_indicator_p, '', cd_estabelecimento_w, '', 'A', pfcs_panel_seq_w
);

/* INSERT QUERY NO: 15 */

INSERT INTO pfcs_panel_detail(NR_SEQUENCIA, DT_ATUALIZACAO, NM_USUARIO, DT_ATUALIZACAO_NREC, NM_USUARIO_NREC, NR_SEQ_INDICATOR, VL_INDICATOR, NR_SEQ_OPERATIONAL_LEVEL, NR_SEQ_TACTICAL_LEVEL, IE_SITUATION, NR_SEQ_PANEL)
VALUES (
6249301, clock_timestamp(), nm_usuario_p, clock_timestamp(), nm_usuario_p, nr_seq_indicator_p, '', cd_estabelecimento_w, '', 'A', pfcs_panel_seq_w
);

/* INSERT QUERY NO: pfcs_panel_seq_w6 */

INSERT INTO pfcs_panel_detail(NR_SEQUENCIA, DT_ATUALIZACAO, NM_USUARIO, DT_ATUALIZACAO_NREC, NM_USUARIO_NREC, NR_SEQ_INDICATOR, VL_INDICATOR, NR_SEQ_OPERATIONAL_LEVEL, NR_SEQ_TACTICAL_LEVEL, IE_SITUATION, NR_SEQ_PANEL)
VALUES (
6249302, clock_timestamp(), nm_usuario_p, clock_timestamp(), nm_usuario_p, nr_seq_indicator_p, '', cd_estabelecimento_w, '', 'A', pfcs_panel_seq_w
);

/* INSERT QUERY NO: pfcs_panel_seq_w7 */

INSERT INTO pfcs_panel_detail(NR_SEQUENCIA, DT_ATUALIZACAO, NM_USUARIO, DT_ATUALIZACAO_NREC, NM_USUARIO_NREC, NR_SEQ_INDICATOR, VL_INDICATOR, NR_SEQ_OPERATIONAL_LEVEL, NR_SEQ_TACTICAL_LEVEL, IE_SITUATION, NR_SEQ_PANEL)
VALUES (
6249303, clock_timestamp(), nm_usuario_p, clock_timestamp(), nm_usuario_p, nr_seq_indicator_p, '', cd_estabelecimento_w, '', 'A', pfcs_panel_seq_w
);

/* INSERT QUERY NO: pfcs_panel_seq_w8 */

INSERT INTO pfcs_panel_detail(NR_SEQUENCIA, DT_ATUALIZACAO, NM_USUARIO, DT_ATUALIZACAO_NREC, NM_USUARIO_NREC, NR_SEQ_INDICATOR, VL_INDICATOR, NR_SEQ_OPERATIONAL_LEVEL, NR_SEQ_TACTICAL_LEVEL, IE_SITUATION, NR_SEQ_PANEL)
VALUES (
6249304, clock_timestamp(), nm_usuario_p, clock_timestamp(), nm_usuario_p, nr_seq_indicator_p, '', cd_estabelecimento_w, '', 'A', pfcs_panel_seq_w
);

/* INSERT QUERY NO: pfcs_panel_seq_w9 */

INSERT INTO pfcs_panel_detail(NR_SEQUENCIA, DT_ATUALIZACAO, NM_USUARIO, DT_ATUALIZACAO_NREC, NM_USUARIO_NREC, NR_SEQ_INDICATOR, VL_INDICATOR, NR_SEQ_OPERATIONAL_LEVEL, NR_SEQ_TACTICAL_LEVEL, IE_SITUATION, NR_SEQ_PANEL)
VALUES (
6249305, clock_timestamp(), nm_usuario_p, clock_timestamp(), nm_usuario_p, nr_seq_indicator_p, '', cd_estabelecimento_w, '', 'A', pfcs_panel_seq_w
);

/* INSERT QUERY NO: 20 */

INSERT INTO pfcs_panel_detail(NR_SEQUENCIA, DT_ATUALIZACAO, NM_USUARIO, DT_ATUALIZACAO_NREC, NM_USUARIO_NREC, NR_SEQ_INDICATOR, VL_INDICATOR, NR_SEQ_OPERATIONAL_LEVEL, NR_SEQ_TACTICAL_LEVEL, IE_SITUATION, NR_SEQ_PANEL)
VALUES (
6249306, clock_timestamp(), nm_usuario_p, clock_timestamp(), nm_usuario_p, nr_seq_indicator_p, '', cd_estabelecimento_w, '', 'A', pfcs_panel_seq_w
);

/* INSERT QUERY NO: 2pfcs_panel_seq_w */

INSERT INTO pfcs_panel_detail(NR_SEQUENCIA, DT_ATUALIZACAO, NM_USUARIO, DT_ATUALIZACAO_NREC, NM_USUARIO_NREC, NR_SEQ_INDICATOR, VL_INDICATOR, NR_SEQ_OPERATIONAL_LEVEL, NR_SEQ_TACTICAL_LEVEL, IE_SITUATION, NR_SEQ_PANEL)
VALUES (
6249307, clock_timestamp(), nm_usuario_p, clock_timestamp(), nm_usuario_p, nr_seq_indicator_p, '', cd_estabelecimento_w, '', 'A', pfcs_panel_seq_w
);

/* INSERT QUERY NO: 22 */

INSERT INTO pfcs_panel_detail(NR_SEQUENCIA, DT_ATUALIZACAO, NM_USUARIO, DT_ATUALIZACAO_NREC, NM_USUARIO_NREC, NR_SEQ_INDICATOR, VL_INDICATOR, NR_SEQ_OPERATIONAL_LEVEL, NR_SEQ_TACTICAL_LEVEL, IE_SITUATION, NR_SEQ_PANEL)
VALUES (
6249308, clock_timestamp(), nm_usuario_p, clock_timestamp(), nm_usuario_p, nr_seq_indicator_p, '', cd_estabelecimento_w, '', 'A', pfcs_panel_seq_w
);

/* INSERT QUERY NO: 23 */

INSERT INTO pfcs_panel_detail(NR_SEQUENCIA, DT_ATUALIZACAO, NM_USUARIO, DT_ATUALIZACAO_NREC, NM_USUARIO_NREC, NR_SEQ_INDICATOR, VL_INDICATOR, NR_SEQ_OPERATIONAL_LEVEL, NR_SEQ_TACTICAL_LEVEL, IE_SITUATION, NR_SEQ_PANEL)
VALUES (
6249309, clock_timestamp(), nm_usuario_p, clock_timestamp(), nm_usuario_p, nr_seq_indicator_p, '', cd_estabelecimento_w, '', 'A', pfcs_panel_seq_w
);

/* INSERT QUERY NO: 24 */

INSERT INTO pfcs_panel_detail(NR_SEQUENCIA, DT_ATUALIZACAO, NM_USUARIO, DT_ATUALIZACAO_NREC, NM_USUARIO_NREC, NR_SEQ_INDICATOR, VL_INDICATOR, NR_SEQ_OPERATIONAL_LEVEL, NR_SEQ_TACTICAL_LEVEL, IE_SITUATION, NR_SEQ_PANEL)
VALUES (
6249310, clock_timestamp(), nm_usuario_p, clock_timestamp(), nm_usuario_p, nr_seq_indicator_p, '', cd_estabelecimento_w, '', 'A', pfcs_panel_seq_w
);

/* INSERT QUERY NO: 25 */

INSERT INTO pfcs_panel_detail(NR_SEQUENCIA, DT_ATUALIZACAO, NM_USUARIO, DT_ATUALIZACAO_NREC, NM_USUARIO_NREC, NR_SEQ_INDICATOR, VL_INDICATOR, NR_SEQ_OPERATIONAL_LEVEL, NR_SEQ_TACTICAL_LEVEL, IE_SITUATION, NR_SEQ_PANEL)
VALUES (
6249311, clock_timestamp(), nm_usuario_p, clock_timestamp(), nm_usuario_p, nr_seq_indicator_p, '', cd_estabelecimento_w, '', 'A', pfcs_panel_seq_w
);

/* INSERT QUERY NO: 26 */

INSERT INTO pfcs_panel_detail(NR_SEQUENCIA, DT_ATUALIZACAO, NM_USUARIO, DT_ATUALIZACAO_NREC, NM_USUARIO_NREC, NR_SEQ_INDICATOR, VL_INDICATOR, NR_SEQ_OPERATIONAL_LEVEL, NR_SEQ_TACTICAL_LEVEL, IE_SITUATION, NR_SEQ_PANEL)
VALUES (
6249312, clock_timestamp(), nm_usuario_p, clock_timestamp(), nm_usuario_p, nr_seq_indicator_p, '', cd_estabelecimento_w, '', 'A', pfcs_panel_seq_w
);

/* INSERT QUERY NO: 27 */

INSERT INTO pfcs_panel_detail(NR_SEQUENCIA, DT_ATUALIZACAO, NM_USUARIO, DT_ATUALIZACAO_NREC, NM_USUARIO_NREC, NR_SEQ_INDICATOR, VL_INDICATOR, NR_SEQ_OPERATIONAL_LEVEL, NR_SEQ_TACTICAL_LEVEL, IE_SITUATION, NR_SEQ_PANEL)
VALUES (
6249313, clock_timestamp(), nm_usuario_p, clock_timestamp(), nm_usuario_p, nr_seq_indicator_p, '', cd_estabelecimento_w, '', 'A', pfcs_panel_seq_w
);

/* INSERT QUERY NO: 28 */

INSERT INTO pfcs_panel_detail(NR_SEQUENCIA, DT_ATUALIZACAO, NM_USUARIO, DT_ATUALIZACAO_NREC, NM_USUARIO_NREC, NR_SEQ_INDICATOR, VL_INDICATOR, NR_SEQ_OPERATIONAL_LEVEL, NR_SEQ_TACTICAL_LEVEL, IE_SITUATION, NR_SEQ_PANEL)
VALUES (
6249314, clock_timestamp(), nm_usuario_p, clock_timestamp(), nm_usuario_p, nr_seq_indicator_p, '', cd_estabelecimento_w, '', 'A', pfcs_panel_seq_w
);

/* INSERT QUERY NO: 29 */

INSERT INTO pfcs_panel_detail(NR_SEQUENCIA, DT_ATUALIZACAO, NM_USUARIO, DT_ATUALIZACAO_NREC, NM_USUARIO_NREC, NR_SEQ_INDICATOR, VL_INDICATOR, NR_SEQ_OPERATIONAL_LEVEL, NR_SEQ_TACTICAL_LEVEL, IE_SITUATION, NR_SEQ_PANEL)
VALUES (
6249315, clock_timestamp(), nm_usuario_p, clock_timestamp(), nm_usuario_p, nr_seq_indicator_p, '', cd_estabelecimento_w, '', 'A', pfcs_panel_seq_w
);


/* INSERT QUERY NO: 1 */

INSERT INTO pfcs_detail_patient(NR_SEQUENCIA, DT_ATUALIZACAO, NM_USUARIO, DT_ATUALIZACAO_NREC, NM_USUARIO_NREC, ID_PATIENT, NM_PATIENT, NR_SEQ_DETAIL, QT_TIME_AWAITING_BED, DS_UNIT_PA, DS_CLASSIFICATION, QT_TIME_BOX_PA, DT_ENTRANCE, NR_ENCOUNTER, QT_TIME_QUEUE, QT_TIME_RECEPTION, QT_TIME_TRIAGE, QT_TIME_CALL, QT_TIME_EXAM, QT_TIME_MEDIC, QT_TIME_OUTCOME, QT_TIME_TOTAL_PA, QT_TIME_TOTAL_HOSPITALIZATION, QT_TIME_AWAIT_AFTER_DISCHARGE, NR_LAST_ENCOUNTER, DT_LAST_ENTRANCE, DS_GENDER, DT_BIRTHDATE, DS_PRIMARY_DIAGNOSIS, DS_DNR_STATUS, QT_TIME_TELEMETRY, DS_REQUESTED_UNIT, DS_BED_ASSIGNED, QT_RED_ALARMS, QT_YELLOW_ALARMS, DS_SERVICE_LINE, QT_TIME_STAGE_PA, IE_STAGE_PA, IE_OVER_THRESHOLD, CD_GROUP_PA, DS_GROUP_PA, IE_CLINIC, DS_CLINIC, DT_EXPECTED_DISCHARGE, DT_LAST_DISCHARGE, DS_PHYSICIAN, DS_REASON_DISCHARGE, CD_REASON_DISCHARGE, QT_TIME_SCHEDULE, CD_CLASSIFICATION, CD_STAGE_PA, DS_STAGE_PA, DS_CURRENT_LOCATION, IE_SYMPTOMS, DS_SYMPTOMS, DS_AGE_RANGE, NR_ENCOUNTER_VARCHAR, NM_PHYSICIAN, IE_CONFIRMED, IE_DISCHARGE_ORDER_STATUS)
VALUES (
nextval('pfcs_detail_patient_seq'), clock_timestamp(), nm_usuario_p, clock_timestamp(), nm_usuario_p, 4512965, '', 6249287, '', '', '', '', '', 3425473, '', '', '', '', '', '', '', '', '', '', '', '', 'M', '', '', '', '', '', 'LeitoPaciente', '', '', '', '', '', '', '', '', '', '', '', '', '', '', '', '', '', '', '', 'SetorPaciente', '', '', '10-15', '', '', '', ''
);

/* INSERT QUERY NO: 2 */

INSERT INTO pfcs_detail_patient(NR_SEQUENCIA, DT_ATUALIZACAO, NM_USUARIO, DT_ATUALIZACAO_NREC, NM_USUARIO_NREC, ID_PATIENT, NM_PATIENT, NR_SEQ_DETAIL, QT_TIME_AWAITING_BED, DS_UNIT_PA, DS_CLASSIFICATION, QT_TIME_BOX_PA, DT_ENTRANCE, NR_ENCOUNTER, QT_TIME_QUEUE, QT_TIME_RECEPTION, QT_TIME_TRIAGE, QT_TIME_CALL, QT_TIME_EXAM, QT_TIME_MEDIC, QT_TIME_OUTCOME, QT_TIME_TOTAL_PA, QT_TIME_TOTAL_HOSPITALIZATION, QT_TIME_AWAIT_AFTER_DISCHARGE, NR_LAST_ENCOUNTER, DT_LAST_ENTRANCE, DS_GENDER, DT_BIRTHDATE, DS_PRIMARY_DIAGNOSIS, DS_DNR_STATUS, QT_TIME_TELEMETRY, DS_REQUESTED_UNIT, DS_BED_ASSIGNED, QT_RED_ALARMS, QT_YELLOW_ALARMS, DS_SERVICE_LINE, QT_TIME_STAGE_PA, IE_STAGE_PA, IE_OVER_THRESHOLD, CD_GROUP_PA, DS_GROUP_PA, IE_CLINIC, DS_CLINIC, DT_EXPECTED_DISCHARGE, DT_LAST_DISCHARGE, DS_PHYSICIAN, DS_REASON_DISCHARGE, CD_REASON_DISCHARGE, QT_TIME_SCHEDULE, CD_CLASSIFICATION, CD_STAGE_PA, DS_STAGE_PA, DS_CURRENT_LOCATION, IE_SYMPTOMS, DS_SYMPTOMS, DS_AGE_RANGE, NR_ENCOUNTER_VARCHAR, NM_PHYSICIAN, IE_CONFIRMED, IE_DISCHARGE_ORDER_STATUS)
VALUES (
nextval('pfcs_detail_patient_seq'), clock_timestamp(), nm_usuario_p, clock_timestamp(), nm_usuario_p, 4512966, '', 6249288, '', '', '', '', '', 3425474, '', '', '', '', '', '', '', '', '', '', '', '', 'M', '', '', '', '', '', '1238- ', '', '', '', '', '', '', '', '', '', '', '', '', '', '', '', '', '', '', '', 'Ankit  Department', '', 'B341 - B34.1 Infecc p/coronavirus NE', '31 - 35', '', '', '', ''
);

/* INSERT QUERY NO: 3 */

INSERT INTO pfcs_detail_patient(NR_SEQUENCIA, DT_ATUALIZACAO, NM_USUARIO, DT_ATUALIZACAO_NREC, NM_USUARIO_NREC, ID_PATIENT, NM_PATIENT, NR_SEQ_DETAIL, QT_TIME_AWAITING_BED, DS_UNIT_PA, DS_CLASSIFICATION, QT_TIME_BOX_PA, DT_ENTRANCE, NR_ENCOUNTER, QT_TIME_QUEUE, QT_TIME_RECEPTION, QT_TIME_TRIAGE, QT_TIME_CALL, QT_TIME_EXAM, QT_TIME_MEDIC, QT_TIME_OUTCOME, QT_TIME_TOTAL_PA, QT_TIME_TOTAL_HOSPITALIZATION, QT_TIME_AWAIT_AFTER_DISCHARGE, NR_LAST_ENCOUNTER, DT_LAST_ENTRANCE, DS_GENDER, DT_BIRTHDATE, DS_PRIMARY_DIAGNOSIS, DS_DNR_STATUS, QT_TIME_TELEMETRY, DS_REQUESTED_UNIT, DS_BED_ASSIGNED, QT_RED_ALARMS, QT_YELLOW_ALARMS, DS_SERVICE_LINE, QT_TIME_STAGE_PA, IE_STAGE_PA, IE_OVER_THRESHOLD, CD_GROUP_PA, DS_GROUP_PA, IE_CLINIC, DS_CLINIC, DT_EXPECTED_DISCHARGE, DT_LAST_DISCHARGE, DS_PHYSICIAN, DS_REASON_DISCHARGE, CD_REASON_DISCHARGE, QT_TIME_SCHEDULE, CD_CLASSIFICATION, CD_STAGE_PA, DS_STAGE_PA, DS_CURRENT_LOCATION, IE_SYMPTOMS, DS_SYMPTOMS, DS_AGE_RANGE, NR_ENCOUNTER_VARCHAR, NM_PHYSICIAN, IE_CONFIRMED, IE_DISCHARGE_ORDER_STATUS)
VALUES (
nextval('pfcs_detail_patient_seq'), clock_timestamp(), nm_usuario_p, clock_timestamp(), nm_usuario_p, 4512967, '', 6249289, '', '', '', '', '', 3425556, '', '', '', '', '', '', '', '', '', '', '', '', 'M', '', '', '', '', '', '900- ', '', '', '', '', '', '', '', '', '', '', '', '', '', '', '', '', '', '', '', 'Ankit  Department', '', '', '31 - 35', '', '', '', ''
);

/* INSERT QUERY NO: 4 */

INSERT INTO pfcs_detail_patient(NR_SEQUENCIA, DT_ATUALIZACAO, NM_USUARIO, DT_ATUALIZACAO_NREC, NM_USUARIO_NREC, ID_PATIENT, NM_PATIENT, NR_SEQ_DETAIL, QT_TIME_AWAITING_BED, DS_UNIT_PA, DS_CLASSIFICATION, QT_TIME_BOX_PA, DT_ENTRANCE, NR_ENCOUNTER, QT_TIME_QUEUE, QT_TIME_RECEPTION, QT_TIME_TRIAGE, QT_TIME_CALL, QT_TIME_EXAM, QT_TIME_MEDIC, QT_TIME_OUTCOME, QT_TIME_TOTAL_PA, QT_TIME_TOTAL_HOSPITALIZATION, QT_TIME_AWAIT_AFTER_DISCHARGE, NR_LAST_ENCOUNTER, DT_LAST_ENTRANCE, DS_GENDER, DT_BIRTHDATE, DS_PRIMARY_DIAGNOSIS, DS_DNR_STATUS, QT_TIME_TELEMETRY, DS_REQUESTED_UNIT, DS_BED_ASSIGNED, QT_RED_ALARMS, QT_YELLOW_ALARMS, DS_SERVICE_LINE, QT_TIME_STAGE_PA, IE_STAGE_PA, IE_OVER_THRESHOLD, CD_GROUP_PA, DS_GROUP_PA, IE_CLINIC, DS_CLINIC, DT_EXPECTED_DISCHARGE, DT_LAST_DISCHARGE, DS_PHYSICIAN, DS_REASON_DISCHARGE, CD_REASON_DISCHARGE, QT_TIME_SCHEDULE, CD_CLASSIFICATION, CD_STAGE_PA, DS_STAGE_PA, DS_CURRENT_LOCATION, IE_SYMPTOMS, DS_SYMPTOMS, DS_AGE_RANGE, NR_ENCOUNTER_VARCHAR, NM_PHYSICIAN, IE_CONFIRMED, IE_DISCHARGE_ORDER_STATUS)
VALUES (
nextval('pfcs_detail_patient_seq'), clock_timestamp(), nm_usuario_p, clock_timestamp(), nm_usuario_p, 4512968, '', 6249290, '', '', '', '', '', 3427848, '', '', '', '', '', '', '', '', '', '', '', '', 'F', '', '', '', '', '', '06-06', '', '', '', '', '', '', '', '', '', '', '', '', '', '', '', '', '', '', 'Hospital WardB', '', '', 'B340 - BR34.0 Infecc p/adenovirus NE', '21 - 25', '', '', '', ''
);

/* INSERT QUERY NO: 5 */

INSERT INTO pfcs_detail_patient(NR_SEQUENCIA, DT_ATUALIZACAO, NM_USUARIO, DT_ATUALIZACAO_NREC, NM_USUARIO_NREC, ID_PATIENT, NM_PATIENT, NR_SEQ_DETAIL, QT_TIME_AWAITING_BED, DS_UNIT_PA, DS_CLASSIFICATION, QT_TIME_BOX_PA, DT_ENTRANCE, NR_ENCOUNTER, QT_TIME_QUEUE, QT_TIME_RECEPTION, QT_TIME_TRIAGE, QT_TIME_CALL, QT_TIME_EXAM, QT_TIME_MEDIC, QT_TIME_OUTCOME, QT_TIME_TOTAL_PA, QT_TIME_TOTAL_HOSPITALIZATION, QT_TIME_AWAIT_AFTER_DISCHARGE, NR_LAST_ENCOUNTER, DT_LAST_ENTRANCE, DS_GENDER, DT_BIRTHDATE, DS_PRIMARY_DIAGNOSIS, DS_DNR_STATUS, QT_TIME_TELEMETRY, DS_REQUESTED_UNIT, DS_BED_ASSIGNED, QT_RED_ALARMS, QT_YELLOW_ALARMS, DS_SERVICE_LINE, QT_TIME_STAGE_PA, IE_STAGE_PA, IE_OVER_THRESHOLD, CD_GROUP_PA, DS_GROUP_PA, IE_CLINIC, DS_CLINIC, DT_EXPECTED_DISCHARGE, DT_LAST_DISCHARGE, DS_PHYSICIAN, DS_REASON_DISCHARGE, CD_REASON_DISCHARGE, QT_TIME_SCHEDULE, CD_CLASSIFICATION, CD_STAGE_PA, DS_STAGE_PA, DS_CURRENT_LOCATION, IE_SYMPTOMS, DS_SYMPTOMS, DS_AGE_RANGE, NR_ENCOUNTER_VARCHAR, NM_PHYSICIAN, IE_CONFIRMED, IE_DISCHARGE_ORDER_STATUS)
VALUES (
nextval('pfcs_detail_patient_seq'), clock_timestamp(), nm_usuario_p, clock_timestamp(), nm_usuario_p, 4512969, '', 6249291, '', '', '', '', '', 3427969, '', '', '', '', '', '', '', '', '', '', '', '', 'F', '', '', '', '', '', '808-', '', '', '', '', '', '', '', '', '', '', '', '', '', '', '', '', '', '', 'Hospital WardB', '', '', 'B349 - B34.9 Infecc viral NE', '31 - 35', '', '', '', ''
);

/* INSERT QUERY NO: 6 */

INSERT INTO pfcs_detail_patient(NR_SEQUENCIA, DT_ATUALIZACAO, NM_USUARIO, DT_ATUALIZACAO_NREC, NM_USUARIO_NREC, ID_PATIENT, NM_PATIENT, NR_SEQ_DETAIL, QT_TIME_AWAITING_BED, DS_UNIT_PA, DS_CLASSIFICATION, QT_TIME_BOX_PA, DT_ENTRANCE, NR_ENCOUNTER, QT_TIME_QUEUE, QT_TIME_RECEPTION, QT_TIME_TRIAGE, QT_TIME_CALL, QT_TIME_EXAM, QT_TIME_MEDIC, QT_TIME_OUTCOME, QT_TIME_TOTAL_PA, QT_TIME_TOTAL_HOSPITALIZATION, QT_TIME_AWAIT_AFTER_DISCHARGE, NR_LAST_ENCOUNTER, DT_LAST_ENTRANCE, DS_GENDER, DT_BIRTHDATE, DS_PRIMARY_DIAGNOSIS, DS_DNR_STATUS, QT_TIME_TELEMETRY, DS_REQUESTED_UNIT, DS_BED_ASSIGNED, QT_RED_ALARMS, QT_YELLOW_ALARMS, DS_SERVICE_LINE, QT_TIME_STAGE_PA, IE_STAGE_PA, IE_OVER_THRESHOLD, CD_GROUP_PA, DS_GROUP_PA, IE_CLINIC, DS_CLINIC, DT_EXPECTED_DISCHARGE, DT_LAST_DISCHARGE, DS_PHYSICIAN, DS_REASON_DISCHARGE, CD_REASON_DISCHARGE, QT_TIME_SCHEDULE, CD_CLASSIFICATION, CD_STAGE_PA, DS_STAGE_PA, DS_CURRENT_LOCATION, IE_SYMPTOMS, DS_SYMPTOMS, DS_AGE_RANGE, NR_ENCOUNTER_VARCHAR, NM_PHYSICIAN, IE_CONFIRMED, IE_DISCHARGE_ORDER_STATUS)
VALUES (
nextval('pfcs_detail_patient_seq'), clock_timestamp(), nm_usuario_p, clock_timestamp(), nm_usuario_p, 4512970, '', 6249292, '', '', '', '', '', 3425252, '', '', '', '', '', '', '', '', '', '', '', '', 'M', '', '', '', '', '', 'Tomograf-2', '', '', '', '', '', '', '', '', '', '', '', '', '', '', '', '', '', '', '', 'Tomografia', '', '', '16 - 20', '', '', '', ''
);

/* INSERT QUERY NO: 7 */

INSERT INTO pfcs_detail_patient(NR_SEQUENCIA, DT_ATUALIZACAO, NM_USUARIO, DT_ATUALIZACAO_NREC, NM_USUARIO_NREC, ID_PATIENT, NM_PATIENT, NR_SEQ_DETAIL, QT_TIME_AWAITING_BED, DS_UNIT_PA, DS_CLASSIFICATION, QT_TIME_BOX_PA, DT_ENTRANCE, NR_ENCOUNTER, QT_TIME_QUEUE, QT_TIME_RECEPTION, QT_TIME_TRIAGE, QT_TIME_CALL, QT_TIME_EXAM, QT_TIME_MEDIC, QT_TIME_OUTCOME, QT_TIME_TOTAL_PA, QT_TIME_TOTAL_HOSPITALIZATION, QT_TIME_AWAIT_AFTER_DISCHARGE, NR_LAST_ENCOUNTER, DT_LAST_ENTRANCE, DS_GENDER, DT_BIRTHDATE, DS_PRIMARY_DIAGNOSIS, DS_DNR_STATUS, QT_TIME_TELEMETRY, DS_REQUESTED_UNIT, DS_BED_ASSIGNED, QT_RED_ALARMS, QT_YELLOW_ALARMS, DS_SERVICE_LINE, QT_TIME_STAGE_PA, IE_STAGE_PA, IE_OVER_THRESHOLD, CD_GROUP_PA, DS_GROUP_PA, IE_CLINIC, DS_CLINIC, DT_EXPECTED_DISCHARGE, DT_LAST_DISCHARGE, DS_PHYSICIAN, DS_REASON_DISCHARGE, CD_REASON_DISCHARGE, QT_TIME_SCHEDULE, CD_CLASSIFICATION, CD_STAGE_PA, DS_STAGE_PA, DS_CURRENT_LOCATION, IE_SYMPTOMS, DS_SYMPTOMS, DS_AGE_RANGE, NR_ENCOUNTER_VARCHAR, NM_PHYSICIAN, IE_CONFIRMED, IE_DISCHARGE_ORDER_STATUS)
VALUES (
nextval('pfcs_detail_patient_seq'), clock_timestamp(), nm_usuario_p, clock_timestamp(), nm_usuario_p, 4512971, '', 6249293, '', '', '', '', '', 3425560, '', '', '', '', '', '', '', '', '', '', '', '', 'M', '', '', '', '', '', '902- ', '', '', '', '', '', '', '', '', '', '', '', '', '', '', '', '', '', '', '', 'Ankit Department', '', '', '31 - 35', '', '', '', ''
);

/* INSERT QUERY NO: 8 */

INSERT INTO pfcs_detail_patient(NR_SEQUENCIA, DT_ATUALIZACAO, NM_USUARIO, DT_ATUALIZACAO_NREC, NM_USUARIO_NREC, ID_PATIENT, NM_PATIENT, NR_SEQ_DETAIL, QT_TIME_AWAITING_BED, DS_UNIT_PA, DS_CLASSIFICATION, QT_TIME_BOX_PA, DT_ENTRANCE, NR_ENCOUNTER, QT_TIME_QUEUE, QT_TIME_RECEPTION, QT_TIME_TRIAGE, QT_TIME_CALL, QT_TIME_EXAM, QT_TIME_MEDIC, QT_TIME_OUTCOME, QT_TIME_TOTAL_PA, QT_TIME_TOTAL_HOSPITALIZATION, QT_TIME_AWAIT_AFTER_DISCHARGE, NR_LAST_ENCOUNTER, DT_LAST_ENTRANCE, DS_GENDER, DT_BIRTHDATE, DS_PRIMARY_DIAGNOSIS, DS_DNR_STATUS, QT_TIME_TELEMETRY, DS_REQUESTED_UNIT, DS_BED_ASSIGNED, QT_RED_ALARMS, QT_YELLOW_ALARMS, DS_SERVICE_LINE, QT_TIME_STAGE_PA, IE_STAGE_PA, IE_OVER_THRESHOLD, CD_GROUP_PA, DS_GROUP_PA, IE_CLINIC, DS_CLINIC, DT_EXPECTED_DISCHARGE, DT_LAST_DISCHARGE, DS_PHYSICIAN, DS_REASON_DISCHARGE, CD_REASON_DISCHARGE, QT_TIME_SCHEDULE, CD_CLASSIFICATION, CD_STAGE_PA, DS_STAGE_PA, DS_CURRENT_LOCATION, IE_SYMPTOMS, DS_SYMPTOMS, DS_AGE_RANGE, NR_ENCOUNTER_VARCHAR, NM_PHYSICIAN, IE_CONFIRMED, IE_DISCHARGE_ORDER_STATUS)
VALUES (
nextval('pfcs_detail_patient_seq'), clock_timestamp(), nm_usuario_p, clock_timestamp(), nm_usuario_p, 4512972, '', 6249294, '', '', '', '', '', 3427700, '', '', '', '', '', '', '', '', '', '', '', '', 'F', '', '', '', '', '', '05-05', '', '', '', '', '', '', '', '', '', '', '', '', '', '', '', '', '', '', '', 'Hospital WardB', '', '', '21 - 25', '', '', '', ''
);

/* INSERT QUERY NO: 9 */

INSERT INTO pfcs_detail_patient(NR_SEQUENCIA, DT_ATUALIZACAO, NM_USUARIO, DT_ATUALIZACAO_NREC, NM_USUARIO_NREC, ID_PATIENT, NM_PATIENT, NR_SEQ_DETAIL, QT_TIME_AWAITING_BED, DS_UNIT_PA, DS_CLASSIFICATION, QT_TIME_BOX_PA, DT_ENTRANCE, NR_ENCOUNTER, QT_TIME_QUEUE, QT_TIME_RECEPTION, QT_TIME_TRIAGE, QT_TIME_CALL, QT_TIME_EXAM, QT_TIME_MEDIC, QT_TIME_OUTCOME, QT_TIME_TOTAL_PA, QT_TIME_TOTAL_HOSPITALIZATION, QT_TIME_AWAIT_AFTER_DISCHARGE, NR_LAST_ENCOUNTER, DT_LAST_ENTRANCE, DS_GENDER, DT_BIRTHDATE, DS_PRIMARY_DIAGNOSIS, DS_DNR_STATUS, QT_TIME_TELEMETRY, DS_REQUESTED_UNIT, DS_BED_ASSIGNED, QT_RED_ALARMS, QT_YELLOW_ALARMS, DS_SERVICE_LINE, QT_TIME_STAGE_PA, IE_STAGE_PA, IE_OVER_THRESHOLD, CD_GROUP_PA, DS_GROUP_PA, IE_CLINIC, DS_CLINIC, DT_EXPECTED_DISCHARGE, DT_LAST_DISCHARGE, DS_PHYSICIAN, DS_REASON_DISCHARGE, CD_REASON_DISCHARGE, QT_TIME_SCHEDULE, CD_CLASSIFICATION, CD_STAGE_PA, DS_STAGE_PA, DS_CURRENT_LOCATION, IE_SYMPTOMS, DS_SYMPTOMS, DS_AGE_RANGE, NR_ENCOUNTER_VARCHAR, NM_PHYSICIAN, IE_CONFIRMED, IE_DISCHARGE_ORDER_STATUS)
VALUES (
nextval('pfcs_detail_patient_seq'), clock_timestamp(), nm_usuario_p, clock_timestamp(), nm_usuario_p, 4512973, '', 6249295, '', '', '', '', '', 3427859, '', '', '', '', '', '', '', '', '', '', '', '', 'F', '', '', '', '', '', '03-03', '', '', '', '', '', '', '', '', '', '', '', '', '', '', '', '', '', '', '', 'Daniela Melo - UI', '', '', '26 - 30', '', '', '', ''
);

/* INSERT QUERY NO: 10 */

INSERT INTO pfcs_detail_patient(NR_SEQUENCIA, DT_ATUALIZACAO, NM_USUARIO, DT_ATUALIZACAO_NREC, NM_USUARIO_NREC, ID_PATIENT, NM_PATIENT, NR_SEQ_DETAIL, QT_TIME_AWAITING_BED, DS_UNIT_PA, DS_CLASSIFICATION, QT_TIME_BOX_PA, DT_ENTRANCE, NR_ENCOUNTER, QT_TIME_QUEUE, QT_TIME_RECEPTION, QT_TIME_TRIAGE, QT_TIME_CALL, QT_TIME_EXAM, QT_TIME_MEDIC, QT_TIME_OUTCOME, QT_TIME_TOTAL_PA, QT_TIME_TOTAL_HOSPITALIZATION, QT_TIME_AWAIT_AFTER_DISCHARGE, NR_LAST_ENCOUNTER, DT_LAST_ENTRANCE, DS_GENDER, DT_BIRTHDATE, DS_PRIMARY_DIAGNOSIS, DS_DNR_STATUS, QT_TIME_TELEMETRY, DS_REQUESTED_UNIT, DS_BED_ASSIGNED, QT_RED_ALARMS, QT_YELLOW_ALARMS, DS_SERVICE_LINE, QT_TIME_STAGE_PA, IE_STAGE_PA, IE_OVER_THRESHOLD, CD_GROUP_PA, DS_GROUP_PA, IE_CLINIC, DS_CLINIC, DT_EXPECTED_DISCHARGE, DT_LAST_DISCHARGE, DS_PHYSICIAN, DS_REASON_DISCHARGE, CD_REASON_DISCHARGE, QT_TIME_SCHEDULE, CD_CLASSIFICATION, CD_STAGE_PA, DS_STAGE_PA, DS_CURRENT_LOCATION, IE_SYMPTOMS, DS_SYMPTOMS, DS_AGE_RANGE, NR_ENCOUNTER_VARCHAR, NM_PHYSICIAN, IE_CONFIRMED, IE_DISCHARGE_ORDER_STATUS)
VALUES (
nextval('pfcs_detail_patient_seq'), clock_timestamp(), nm_usuario_p, clock_timestamp(), nm_usuario_p, 4512974, '', 6249296, '', '', '', '', '', 3427864, '', '', '', '', '', '', '', '', '', '', '', '', 'F', '', '', '', '', '', '07- ', '', '', '', '', '', '', '', '', '', '', '', '', '', '', '', '', '', '', '', 'Daniela Melo - UI', '', '', '26 - 30', '', '', '', ''
);

/* INSERT QUERY NO: 11 */

INSERT INTO pfcs_detail_patient(NR_SEQUENCIA, DT_ATUALIZACAO, NM_USUARIO, DT_ATUALIZACAO_NREC, NM_USUARIO_NREC, ID_PATIENT, NM_PATIENT, NR_SEQ_DETAIL, QT_TIME_AWAITING_BED, DS_UNIT_PA, DS_CLASSIFICATION, QT_TIME_BOX_PA, DT_ENTRANCE, NR_ENCOUNTER, QT_TIME_QUEUE, QT_TIME_RECEPTION, QT_TIME_TRIAGE, QT_TIME_CALL, QT_TIME_EXAM, QT_TIME_MEDIC, QT_TIME_OUTCOME, QT_TIME_TOTAL_PA, QT_TIME_TOTAL_HOSPITALIZATION, QT_TIME_AWAIT_AFTER_DISCHARGE, NR_LAST_ENCOUNTER, DT_LAST_ENTRANCE, DS_GENDER, DT_BIRTHDATE, DS_PRIMARY_DIAGNOSIS, DS_DNR_STATUS, QT_TIME_TELEMETRY, DS_REQUESTED_UNIT, DS_BED_ASSIGNED, QT_RED_ALARMS, QT_YELLOW_ALARMS, DS_SERVICE_LINE, QT_TIME_STAGE_PA, IE_STAGE_PA, IE_OVER_THRESHOLD, CD_GROUP_PA, DS_GROUP_PA, IE_CLINIC, DS_CLINIC, DT_EXPECTED_DISCHARGE, DT_LAST_DISCHARGE, DS_PHYSICIAN, DS_REASON_DISCHARGE, CD_REASON_DISCHARGE, QT_TIME_SCHEDULE, CD_CLASSIFICATION, CD_STAGE_PA, DS_STAGE_PA, DS_CURRENT_LOCATION, IE_SYMPTOMS, DS_SYMPTOMS, DS_AGE_RANGE, NR_ENCOUNTER_VARCHAR, NM_PHYSICIAN, IE_CONFIRMED, IE_DISCHARGE_ORDER_STATUS)
VALUES (
nextval('pfcs_detail_patient_seq'), clock_timestamp(), nm_usuario_p, clock_timestamp(), nm_usuario_p, 4512975, '', 6249297, '', '', '', '', '', 3427250, '', '', '', '', '', '', '', '', '', '', '', '', 'M', '', '', '', '', '', 'SHK-P-2', '', '', '', '', '', '', '', '', '', '', '', '', '', '', '', '', '', '', '', 'Hospital WardB', '', 'B34 - DOENCAS POR VIRUS DE LOCALIZACAO NAO ESPECIFICADA', '66 - 70', '', '', '', ''
);

/* INSERT QUERY NO: 12 */

INSERT INTO pfcs_detail_patient(NR_SEQUENCIA, DT_ATUALIZACAO, NM_USUARIO, DT_ATUALIZACAO_NREC, NM_USUARIO_NREC, ID_PATIENT, NM_PATIENT, NR_SEQ_DETAIL, QT_TIME_AWAITING_BED, DS_UNIT_PA, DS_CLASSIFICATION, QT_TIME_BOX_PA, DT_ENTRANCE, NR_ENCOUNTER, QT_TIME_QUEUE, QT_TIME_RECEPTION, QT_TIME_TRIAGE, QT_TIME_CALL, QT_TIME_EXAM, QT_TIME_MEDIC, QT_TIME_OUTCOME, QT_TIME_TOTAL_PA, QT_TIME_TOTAL_HOSPITALIZATION, QT_TIME_AWAIT_AFTER_DISCHARGE, NR_LAST_ENCOUNTER, DT_LAST_ENTRANCE, DS_GENDER, DT_BIRTHDATE, DS_PRIMARY_DIAGNOSIS, DS_DNR_STATUS, QT_TIME_TELEMETRY, DS_REQUESTED_UNIT, DS_BED_ASSIGNED, QT_RED_ALARMS, QT_YELLOW_ALARMS, DS_SERVICE_LINE, QT_TIME_STAGE_PA, IE_STAGE_PA, IE_OVER_THRESHOLD, CD_GROUP_PA, DS_GROUP_PA, IE_CLINIC, DS_CLINIC, DT_EXPECTED_DISCHARGE, DT_LAST_DISCHARGE, DS_PHYSICIAN, DS_REASON_DISCHARGE, CD_REASON_DISCHARGE, QT_TIME_SCHEDULE, CD_CLASSIFICATION, CD_STAGE_PA, DS_STAGE_PA, DS_CURRENT_LOCATION, IE_SYMPTOMS, DS_SYMPTOMS, DS_AGE_RANGE, NR_ENCOUNTER_VARCHAR, NM_PHYSICIAN, IE_CONFIRMED, IE_DISCHARGE_ORDER_STATUS)
VALUES (
nextval('pfcs_detail_patient_seq'), clock_timestamp(), nm_usuario_p, clock_timestamp(), nm_usuario_p, 4512976, '', 6249298, '', '', '', '', '', 3424838, '', '', '', '', '', '', '', '', '', '', '', '', 'M', '', '', '', '', '', 'ASAC-DRM', '', '', '', '', '', '', '', '', '', '', '', '', '', '', '', '', '', '', '', 'Tomografia', '', '', '16 - 20', '', '', '', ''
);

/* INSERT QUERY NO: 13 */

INSERT INTO pfcs_detail_patient(NR_SEQUENCIA, DT_ATUALIZACAO, NM_USUARIO, DT_ATUALIZACAO_NREC, NM_USUARIO_NREC, ID_PATIENT, NM_PATIENT, NR_SEQ_DETAIL, QT_TIME_AWAITING_BED, DS_UNIT_PA, DS_CLASSIFICATION, QT_TIME_BOX_PA, DT_ENTRANCE, NR_ENCOUNTER, QT_TIME_QUEUE, QT_TIME_RECEPTION, QT_TIME_TRIAGE, QT_TIME_CALL, QT_TIME_EXAM, QT_TIME_MEDIC, QT_TIME_OUTCOME, QT_TIME_TOTAL_PA, QT_TIME_TOTAL_HOSPITALIZATION, QT_TIME_AWAIT_AFTER_DISCHARGE, NR_LAST_ENCOUNTER, DT_LAST_ENTRANCE, DS_GENDER, DT_BIRTHDATE, DS_PRIMARY_DIAGNOSIS, DS_DNR_STATUS, QT_TIME_TELEMETRY, DS_REQUESTED_UNIT, DS_BED_ASSIGNED, QT_RED_ALARMS, QT_YELLOW_ALARMS, DS_SERVICE_LINE, QT_TIME_STAGE_PA, IE_STAGE_PA, IE_OVER_THRESHOLD, CD_GROUP_PA, DS_GROUP_PA, IE_CLINIC, DS_CLINIC, DT_EXPECTED_DISCHARGE, DT_LAST_DISCHARGE, DS_PHYSICIAN, DS_REASON_DISCHARGE, CD_REASON_DISCHARGE, QT_TIME_SCHEDULE, CD_CLASSIFICATION, CD_STAGE_PA, DS_STAGE_PA, DS_CURRENT_LOCATION, IE_SYMPTOMS, DS_SYMPTOMS, DS_AGE_RANGE, NR_ENCOUNTER_VARCHAR, NM_PHYSICIAN, IE_CONFIRMED, IE_DISCHARGE_ORDER_STATUS)
VALUES (
nextval('pfcs_detail_patient_seq'), clock_timestamp(), nm_usuario_p, clock_timestamp(), nm_usuario_p, 4512977, '', 6249299, '', '', '', '', '', 3425559, '', '', '', '', '', '', '', '', '', '', '', '', 'M', '', '', '', '', '', '103- ', '', '', '', '', '', '', '', '', '', '', '', '', '', '', '', '', '', '', '', 'Ankit  Department', '', '', '31 - 35', '', '', '', ''
);

/* INSERT QUERY NO: 14 */

INSERT INTO pfcs_detail_patient(NR_SEQUENCIA, DT_ATUALIZACAO, NM_USUARIO, DT_ATUALIZACAO_NREC, NM_USUARIO_NREC, ID_PATIENT, NM_PATIENT, NR_SEQ_DETAIL, QT_TIME_AWAITING_BED, DS_UNIT_PA, DS_CLASSIFICATION, QT_TIME_BOX_PA, DT_ENTRANCE, NR_ENCOUNTER, QT_TIME_QUEUE, QT_TIME_RECEPTION, QT_TIME_TRIAGE, QT_TIME_CALL, QT_TIME_EXAM, QT_TIME_MEDIC, QT_TIME_OUTCOME, QT_TIME_TOTAL_PA, QT_TIME_TOTAL_HOSPITALIZATION, QT_TIME_AWAIT_AFTER_DISCHARGE, NR_LAST_ENCOUNTER, DT_LAST_ENTRANCE, DS_GENDER, DT_BIRTHDATE, DS_PRIMARY_DIAGNOSIS, DS_DNR_STATUS, QT_TIME_TELEMETRY, DS_REQUESTED_UNIT, DS_BED_ASSIGNED, QT_RED_ALARMS, QT_YELLOW_ALARMS, DS_SERVICE_LINE, QT_TIME_STAGE_PA, IE_STAGE_PA, IE_OVER_THRESHOLD, CD_GROUP_PA, DS_GROUP_PA, IE_CLINIC, DS_CLINIC, DT_EXPECTED_DISCHARGE, DT_LAST_DISCHARGE, DS_PHYSICIAN, DS_REASON_DISCHARGE, CD_REASON_DISCHARGE, QT_TIME_SCHEDULE, CD_CLASSIFICATION, CD_STAGE_PA, DS_STAGE_PA, DS_CURRENT_LOCATION, IE_SYMPTOMS, DS_SYMPTOMS, DS_AGE_RANGE, NR_ENCOUNTER_VARCHAR, NM_PHYSICIAN, IE_CONFIRMED, IE_DISCHARGE_ORDER_STATUS)
VALUES (
nextval('pfcs_detail_patient_seq'), clock_timestamp(), nm_usuario_p, clock_timestamp(), nm_usuario_p, 4512978, '', 6249300, '', '', '', '', '', 3426267, '', '', '', '', '', '', '', '', '', '', '', '', 'M', '', '', '', '', '', '200-A', '', '', '', '', '', '', '', '', '', '', '', '', '', '', '', '', '', '', '', 'Hospital WardA', '', 'B342 - B34.2 Infecc p/coronavirus NE', '21 - 25', '', '', '', ''
);

/* INSERT QUERY NO: 15 */

INSERT INTO pfcs_detail_patient(NR_SEQUENCIA, DT_ATUALIZACAO, NM_USUARIO, DT_ATUALIZACAO_NREC, NM_USUARIO_NREC, ID_PATIENT, NM_PATIENT, NR_SEQ_DETAIL, QT_TIME_AWAITING_BED, DS_UNIT_PA, DS_CLASSIFICATION, QT_TIME_BOX_PA, DT_ENTRANCE, NR_ENCOUNTER, QT_TIME_QUEUE, QT_TIME_RECEPTION, QT_TIME_TRIAGE, QT_TIME_CALL, QT_TIME_EXAM, QT_TIME_MEDIC, QT_TIME_OUTCOME, QT_TIME_TOTAL_PA, QT_TIME_TOTAL_HOSPITALIZATION, QT_TIME_AWAIT_AFTER_DISCHARGE, NR_LAST_ENCOUNTER, DT_LAST_ENTRANCE, DS_GENDER, DT_BIRTHDATE, DS_PRIMARY_DIAGNOSIS, DS_DNR_STATUS, QT_TIME_TELEMETRY, DS_REQUESTED_UNIT, DS_BED_ASSIGNED, QT_RED_ALARMS, QT_YELLOW_ALARMS, DS_SERVICE_LINE, QT_TIME_STAGE_PA, IE_STAGE_PA, IE_OVER_THRESHOLD, CD_GROUP_PA, DS_GROUP_PA, IE_CLINIC, DS_CLINIC, DT_EXPECTED_DISCHARGE, DT_LAST_DISCHARGE, DS_PHYSICIAN, DS_REASON_DISCHARGE, CD_REASON_DISCHARGE, QT_TIME_SCHEDULE, CD_CLASSIFICATION, CD_STAGE_PA, DS_STAGE_PA, DS_CURRENT_LOCATION, IE_SYMPTOMS, DS_SYMPTOMS, DS_AGE_RANGE, NR_ENCOUNTER_VARCHAR, NM_PHYSICIAN, IE_CONFIRMED, IE_DISCHARGE_ORDER_STATUS)
VALUES (
nextval('pfcs_detail_patient_seq'), clock_timestamp(), nm_usuario_p, clock_timestamp(), nm_usuario_p, 4512979, '', 6249301, '', '', '', '', '', 3426514, '', '', '', '', '', '', '', '', '', '', '', '', 'F', '', '', '', '', '', 'ICU-3', '', '', '', '', '', '', '', '', '', '', '', '', '', '', '', '', '', '', '', 'ICU - 1 ° FLOOR', '', 'B342 - B34.2 Infecc p/coronavirus NE', '31 - 35', '', '', '', ''
);

/* INSERT QUERY NO: 16 */

INSERT INTO pfcs_detail_patient(NR_SEQUENCIA, DT_ATUALIZACAO, NM_USUARIO, DT_ATUALIZACAO_NREC, NM_USUARIO_NREC, ID_PATIENT, NM_PATIENT, NR_SEQ_DETAIL, QT_TIME_AWAITING_BED, DS_UNIT_PA, DS_CLASSIFICATION, QT_TIME_BOX_PA, DT_ENTRANCE, NR_ENCOUNTER, QT_TIME_QUEUE, QT_TIME_RECEPTION, QT_TIME_TRIAGE, QT_TIME_CALL, QT_TIME_EXAM, QT_TIME_MEDIC, QT_TIME_OUTCOME, QT_TIME_TOTAL_PA, QT_TIME_TOTAL_HOSPITALIZATION, QT_TIME_AWAIT_AFTER_DISCHARGE, NR_LAST_ENCOUNTER, DT_LAST_ENTRANCE, DS_GENDER, DT_BIRTHDATE, DS_PRIMARY_DIAGNOSIS, DS_DNR_STATUS, QT_TIME_TELEMETRY, DS_REQUESTED_UNIT, DS_BED_ASSIGNED, QT_RED_ALARMS, QT_YELLOW_ALARMS, DS_SERVICE_LINE, QT_TIME_STAGE_PA, IE_STAGE_PA, IE_OVER_THRESHOLD, CD_GROUP_PA, DS_GROUP_PA, IE_CLINIC, DS_CLINIC, DT_EXPECTED_DISCHARGE, DT_LAST_DISCHARGE, DS_PHYSICIAN, DS_REASON_DISCHARGE, CD_REASON_DISCHARGE, QT_TIME_SCHEDULE, CD_CLASSIFICATION, CD_STAGE_PA, DS_STAGE_PA, DS_CURRENT_LOCATION, IE_SYMPTOMS, DS_SYMPTOMS, DS_AGE_RANGE, NR_ENCOUNTER_VARCHAR, NM_PHYSICIAN, IE_CONFIRMED, IE_DISCHARGE_ORDER_STATUS)
VALUES (
nextval('pfcs_detail_patient_seq'), clock_timestamp(), nm_usuario_p, clock_timestamp(), nm_usuario_p, 4512980, '', 6249302, '', '', '', '', '', 3426521, '', '', '', '', '', '', '', '', '', '', '', '', 'M', '', '', '', '', '', '105- ', '', '', '', '', '', '', '', '', '', '', '', '', '', '', '', '', '', '', '', 'Ankit  Department', '', '', '31 - 35', '', '', '', ''
);

/* INSERT QUERY NO: 17 */

INSERT INTO pfcs_detail_patient(NR_SEQUENCIA, DT_ATUALIZACAO, NM_USUARIO, DT_ATUALIZACAO_NREC, NM_USUARIO_NREC, ID_PATIENT, NM_PATIENT, NR_SEQ_DETAIL, QT_TIME_AWAITING_BED, DS_UNIT_PA, DS_CLASSIFICATION, QT_TIME_BOX_PA, DT_ENTRANCE, NR_ENCOUNTER, QT_TIME_QUEUE, QT_TIME_RECEPTION, QT_TIME_TRIAGE, QT_TIME_CALL, QT_TIME_EXAM, QT_TIME_MEDIC, QT_TIME_OUTCOME, QT_TIME_TOTAL_PA, QT_TIME_TOTAL_HOSPITALIZATION, QT_TIME_AWAIT_AFTER_DISCHARGE, NR_LAST_ENCOUNTER, DT_LAST_ENTRANCE, DS_GENDER, DT_BIRTHDATE, DS_PRIMARY_DIAGNOSIS, DS_DNR_STATUS, QT_TIME_TELEMETRY, DS_REQUESTED_UNIT, DS_BED_ASSIGNED, QT_RED_ALARMS, QT_YELLOW_ALARMS, DS_SERVICE_LINE, QT_TIME_STAGE_PA, IE_STAGE_PA, IE_OVER_THRESHOLD, CD_GROUP_PA, DS_GROUP_PA, IE_CLINIC, DS_CLINIC, DT_EXPECTED_DISCHARGE, DT_LAST_DISCHARGE, DS_PHYSICIAN, DS_REASON_DISCHARGE, CD_REASON_DISCHARGE, QT_TIME_SCHEDULE, CD_CLASSIFICATION, CD_STAGE_PA, DS_STAGE_PA, DS_CURRENT_LOCATION, IE_SYMPTOMS, DS_SYMPTOMS, DS_AGE_RANGE, NR_ENCOUNTER_VARCHAR, NM_PHYSICIAN, IE_CONFIRMED, IE_DISCHARGE_ORDER_STATUS)
VALUES (
nextval('pfcs_detail_patient_seq'), clock_timestamp(), nm_usuario_p, clock_timestamp(), nm_usuario_p, 4512981, '', 6249303, '', '', '', '', '', 3426522, '', '', '', '', '', '', '', '', '', '', '', '', 'M', '', '', '', '', '', '904- ', '', '', '', '', '', '', '', '', '', '', '', '', '', '', '', '', '', '', '', 'Ankit  Department', '', '', '31 - 35', '', '', '', ''
);

/* INSERT QUERY NO: 18 */

INSERT INTO pfcs_detail_patient(NR_SEQUENCIA, DT_ATUALIZACAO, NM_USUARIO, DT_ATUALIZACAO_NREC, NM_USUARIO_NREC, ID_PATIENT, NM_PATIENT, NR_SEQ_DETAIL, QT_TIME_AWAITING_BED, DS_UNIT_PA, DS_CLASSIFICATION, QT_TIME_BOX_PA, DT_ENTRANCE, NR_ENCOUNTER, QT_TIME_QUEUE, QT_TIME_RECEPTION, QT_TIME_TRIAGE, QT_TIME_CALL, QT_TIME_EXAM, QT_TIME_MEDIC, QT_TIME_OUTCOME, QT_TIME_TOTAL_PA, QT_TIME_TOTAL_HOSPITALIZATION, QT_TIME_AWAIT_AFTER_DISCHARGE, NR_LAST_ENCOUNTER, DT_LAST_ENTRANCE, DS_GENDER, DT_BIRTHDATE, DS_PRIMARY_DIAGNOSIS, DS_DNR_STATUS, QT_TIME_TELEMETRY, DS_REQUESTED_UNIT, DS_BED_ASSIGNED, QT_RED_ALARMS, QT_YELLOW_ALARMS, DS_SERVICE_LINE, QT_TIME_STAGE_PA, IE_STAGE_PA, IE_OVER_THRESHOLD, CD_GROUP_PA, DS_GROUP_PA, IE_CLINIC, DS_CLINIC, DT_EXPECTED_DISCHARGE, DT_LAST_DISCHARGE, DS_PHYSICIAN, DS_REASON_DISCHARGE, CD_REASON_DISCHARGE, QT_TIME_SCHEDULE, CD_CLASSIFICATION, CD_STAGE_PA, DS_STAGE_PA, DS_CURRENT_LOCATION, IE_SYMPTOMS, DS_SYMPTOMS, DS_AGE_RANGE, NR_ENCOUNTER_VARCHAR, NM_PHYSICIAN, IE_CONFIRMED, IE_DISCHARGE_ORDER_STATUS)
VALUES (
nextval('pfcs_detail_patient_seq'), clock_timestamp(), nm_usuario_p, clock_timestamp(), nm_usuario_p, 4512982, '', 6249304, '', '', '', '', '', 3426366, '', '', '', '', '', '', '', '', '', '', '', '', 'M', '', '', '', '', '', 'ICU-4', '', '', '', '', '', '', '', '', '', '', '', '', '', '', '', '', '', '', '', 'Emergency Department (MM)', '', '', '21 - 25', '', '', '', ''
);

/* INSERT QUERY NO: 19 */

INSERT INTO pfcs_detail_patient(NR_SEQUENCIA, DT_ATUALIZACAO, NM_USUARIO, DT_ATUALIZACAO_NREC, NM_USUARIO_NREC, ID_PATIENT, NM_PATIENT, NR_SEQ_DETAIL, QT_TIME_AWAITING_BED, DS_UNIT_PA, DS_CLASSIFICATION, QT_TIME_BOX_PA, DT_ENTRANCE, NR_ENCOUNTER, QT_TIME_QUEUE, QT_TIME_RECEPTION, QT_TIME_TRIAGE, QT_TIME_CALL, QT_TIME_EXAM, QT_TIME_MEDIC, QT_TIME_OUTCOME, QT_TIME_TOTAL_PA, QT_TIME_TOTAL_HOSPITALIZATION, QT_TIME_AWAIT_AFTER_DISCHARGE, NR_LAST_ENCOUNTER, DT_LAST_ENTRANCE, DS_GENDER, DT_BIRTHDATE, DS_PRIMARY_DIAGNOSIS, DS_DNR_STATUS, QT_TIME_TELEMETRY, DS_REQUESTED_UNIT, DS_BED_ASSIGNED, QT_RED_ALARMS, QT_YELLOW_ALARMS, DS_SERVICE_LINE, QT_TIME_STAGE_PA, IE_STAGE_PA, IE_OVER_THRESHOLD, CD_GROUP_PA, DS_GROUP_PA, IE_CLINIC, DS_CLINIC, DT_EXPECTED_DISCHARGE, DT_LAST_DISCHARGE, DS_PHYSICIAN, DS_REASON_DISCHARGE, CD_REASON_DISCHARGE, QT_TIME_SCHEDULE, CD_CLASSIFICATION, CD_STAGE_PA, DS_STAGE_PA, DS_CURRENT_LOCATION, IE_SYMPTOMS, DS_SYMPTOMS, DS_AGE_RANGE, NR_ENCOUNTER_VARCHAR, NM_PHYSICIAN, IE_CONFIRMED, IE_DISCHARGE_ORDER_STATUS)
VALUES (
nextval('pfcs_detail_patient_seq'), clock_timestamp(), nm_usuario_p, clock_timestamp(), nm_usuario_p, 4512983, '', 6249305, '', '', '', '', '', 3425557, '', '', '', '', '', '', '', '', '', '', '', '', 'M', '', '', '', '', '', '901- ', '', '', '', '', '', '', '', '', '', '', '', '', '', '', '', '', '', '', '', 'Ankit  Department', '', '', '31 - 35', '', '', '', ''
);

/* INSERT QUERY NO: 20 */

INSERT INTO pfcs_detail_patient(NR_SEQUENCIA, DT_ATUALIZACAO, NM_USUARIO, DT_ATUALIZACAO_NREC, NM_USUARIO_NREC, ID_PATIENT, NM_PATIENT, NR_SEQ_DETAIL, QT_TIME_AWAITING_BED, DS_UNIT_PA, DS_CLASSIFICATION, QT_TIME_BOX_PA, DT_ENTRANCE, NR_ENCOUNTER, QT_TIME_QUEUE, QT_TIME_RECEPTION, QT_TIME_TRIAGE, QT_TIME_CALL, QT_TIME_EXAM, QT_TIME_MEDIC, QT_TIME_OUTCOME, QT_TIME_TOTAL_PA, QT_TIME_TOTAL_HOSPITALIZATION, QT_TIME_AWAIT_AFTER_DISCHARGE, NR_LAST_ENCOUNTER, DT_LAST_ENTRANCE, DS_GENDER, DT_BIRTHDATE, DS_PRIMARY_DIAGNOSIS, DS_DNR_STATUS, QT_TIME_TELEMETRY, DS_REQUESTED_UNIT, DS_BED_ASSIGNED, QT_RED_ALARMS, QT_YELLOW_ALARMS, DS_SERVICE_LINE, QT_TIME_STAGE_PA, IE_STAGE_PA, IE_OVER_THRESHOLD, CD_GROUP_PA, DS_GROUP_PA, IE_CLINIC, DS_CLINIC, DT_EXPECTED_DISCHARGE, DT_LAST_DISCHARGE, DS_PHYSICIAN, DS_REASON_DISCHARGE, CD_REASON_DISCHARGE, QT_TIME_SCHEDULE, CD_CLASSIFICATION, CD_STAGE_PA, DS_STAGE_PA, DS_CURRENT_LOCATION, IE_SYMPTOMS, DS_SYMPTOMS, DS_AGE_RANGE, NR_ENCOUNTER_VARCHAR, NM_PHYSICIAN, IE_CONFIRMED, IE_DISCHARGE_ORDER_STATUS)
VALUES (
nextval('pfcs_detail_patient_seq'), clock_timestamp(), nm_usuario_p, clock_timestamp(), nm_usuario_p, 4512984, '', 6249306, '', '', '', '', '', 3425403, '', '', '', '', '', '', '', '', '', '', '', '', 'F', '', '', '', '', '', '02-02', '', '', '', '', '', '', '', '', '', '', '', '', '', '', '', '', '', '', '', 'ICU - 1 ° FLOOR', '', '', '21 - 25', '', '', '', ''
);

/* INSERT QUERY NO: 21 */

INSERT INTO pfcs_detail_patient(NR_SEQUENCIA, DT_ATUALIZACAO, NM_USUARIO, DT_ATUALIZACAO_NREC, NM_USUARIO_NREC, ID_PATIENT, NM_PATIENT, NR_SEQ_DETAIL, QT_TIME_AWAITING_BED, DS_UNIT_PA, DS_CLASSIFICATION, QT_TIME_BOX_PA, DT_ENTRANCE, NR_ENCOUNTER, QT_TIME_QUEUE, QT_TIME_RECEPTION, QT_TIME_TRIAGE, QT_TIME_CALL, QT_TIME_EXAM, QT_TIME_MEDIC, QT_TIME_OUTCOME, QT_TIME_TOTAL_PA, QT_TIME_TOTAL_HOSPITALIZATION, QT_TIME_AWAIT_AFTER_DISCHARGE, NR_LAST_ENCOUNTER, DT_LAST_ENTRANCE, DS_GENDER, DT_BIRTHDATE, DS_PRIMARY_DIAGNOSIS, DS_DNR_STATUS, QT_TIME_TELEMETRY, DS_REQUESTED_UNIT, DS_BED_ASSIGNED, QT_RED_ALARMS, QT_YELLOW_ALARMS, DS_SERVICE_LINE, QT_TIME_STAGE_PA, IE_STAGE_PA, IE_OVER_THRESHOLD, CD_GROUP_PA, DS_GROUP_PA, IE_CLINIC, DS_CLINIC, DT_EXPECTED_DISCHARGE, DT_LAST_DISCHARGE, DS_PHYSICIAN, DS_REASON_DISCHARGE, CD_REASON_DISCHARGE, QT_TIME_SCHEDULE, CD_CLASSIFICATION, CD_STAGE_PA, DS_STAGE_PA, DS_CURRENT_LOCATION, IE_SYMPTOMS, DS_SYMPTOMS, DS_AGE_RANGE, NR_ENCOUNTER_VARCHAR, NM_PHYSICIAN, IE_CONFIRMED, IE_DISCHARGE_ORDER_STATUS)
VALUES (
nextval('pfcs_detail_patient_seq'), clock_timestamp(), nm_usuario_p, clock_timestamp(), nm_usuario_p, 4512985, '', 6249307, '', '', '', '', '', 3425484, '', '', '', '', '', '', '', '', '', '', '', '', 'M', '', '', '', '', '', '104- ', '', '', '', '', '', '', '', '', '', '', '', '', '', '', '', '', '', '', '', 'Ankit  Department', '', '', '31 - 35', '', '', '', ''
);

/* INSERT QUERY NO: 22 */

INSERT INTO pfcs_detail_patient(NR_SEQUENCIA, DT_ATUALIZACAO, NM_USUARIO, DT_ATUALIZACAO_NREC, NM_USUARIO_NREC, ID_PATIENT, NM_PATIENT, NR_SEQ_DETAIL, QT_TIME_AWAITING_BED, DS_UNIT_PA, DS_CLASSIFICATION, QT_TIME_BOX_PA, DT_ENTRANCE, NR_ENCOUNTER, QT_TIME_QUEUE, QT_TIME_RECEPTION, QT_TIME_TRIAGE, QT_TIME_CALL, QT_TIME_EXAM, QT_TIME_MEDIC, QT_TIME_OUTCOME, QT_TIME_TOTAL_PA, QT_TIME_TOTAL_HOSPITALIZATION, QT_TIME_AWAIT_AFTER_DISCHARGE, NR_LAST_ENCOUNTER, DT_LAST_ENTRANCE, DS_GENDER, DT_BIRTHDATE, DS_PRIMARY_DIAGNOSIS, DS_DNR_STATUS, QT_TIME_TELEMETRY, DS_REQUESTED_UNIT, DS_BED_ASSIGNED, QT_RED_ALARMS, QT_YELLOW_ALARMS, DS_SERVICE_LINE, QT_TIME_STAGE_PA, IE_STAGE_PA, IE_OVER_THRESHOLD, CD_GROUP_PA, DS_GROUP_PA, IE_CLINIC, DS_CLINIC, DT_EXPECTED_DISCHARGE, DT_LAST_DISCHARGE, DS_PHYSICIAN, DS_REASON_DISCHARGE, CD_REASON_DISCHARGE, QT_TIME_SCHEDULE, CD_CLASSIFICATION, CD_STAGE_PA, DS_STAGE_PA, DS_CURRENT_LOCATION, IE_SYMPTOMS, DS_SYMPTOMS, DS_AGE_RANGE, NR_ENCOUNTER_VARCHAR, NM_PHYSICIAN, IE_CONFIRMED, IE_DISCHARGE_ORDER_STATUS)
VALUES (
nextval('pfcs_detail_patient_seq'), clock_timestamp(), nm_usuario_p, clock_timestamp(), nm_usuario_p, 4512986, '', 6249308, '', '', '', '', '', 3427695, '', '', '', '', '', '', '', '', '', '', '', '', 'F', '', '', '', '', '', 'ICU-6', '', '', '', '', '', '', '', '', '', '', '', '', '', '', '', '', '', '', '', 'ICU - 1 ° FLOOR', '', '', '21 - 25', '', '', '', ''
);

/* INSERT QUERY NO: 23 */

INSERT INTO pfcs_detail_patient(NR_SEQUENCIA, DT_ATUALIZACAO, NM_USUARIO, DT_ATUALIZACAO_NREC, NM_USUARIO_NREC, ID_PATIENT, NM_PATIENT, NR_SEQ_DETAIL, QT_TIME_AWAITING_BED, DS_UNIT_PA, DS_CLASSIFICATION, QT_TIME_BOX_PA, DT_ENTRANCE, NR_ENCOUNTER, QT_TIME_QUEUE, QT_TIME_RECEPTION, QT_TIME_TRIAGE, QT_TIME_CALL, QT_TIME_EXAM, QT_TIME_MEDIC, QT_TIME_OUTCOME, QT_TIME_TOTAL_PA, QT_TIME_TOTAL_HOSPITALIZATION, QT_TIME_AWAIT_AFTER_DISCHARGE, NR_LAST_ENCOUNTER, DT_LAST_ENTRANCE, DS_GENDER, DT_BIRTHDATE, DS_PRIMARY_DIAGNOSIS, DS_DNR_STATUS, QT_TIME_TELEMETRY, DS_REQUESTED_UNIT, DS_BED_ASSIGNED, QT_RED_ALARMS, QT_YELLOW_ALARMS, DS_SERVICE_LINE, QT_TIME_STAGE_PA, IE_STAGE_PA, IE_OVER_THRESHOLD, CD_GROUP_PA, DS_GROUP_PA, IE_CLINIC, DS_CLINIC, DT_EXPECTED_DISCHARGE, DT_LAST_DISCHARGE, DS_PHYSICIAN, DS_REASON_DISCHARGE, CD_REASON_DISCHARGE, QT_TIME_SCHEDULE, CD_CLASSIFICATION, CD_STAGE_PA, DS_STAGE_PA, DS_CURRENT_LOCATION, IE_SYMPTOMS, DS_SYMPTOMS, DS_AGE_RANGE, NR_ENCOUNTER_VARCHAR, NM_PHYSICIAN, IE_CONFIRMED, IE_DISCHARGE_ORDER_STATUS)
VALUES (
nextval('pfcs_detail_patient_seq'), clock_timestamp(), nm_usuario_p, clock_timestamp(), nm_usuario_p, 4512987, '', 6249309, '', '', '', '', '', 3427697, '', '', '', '', '', '', '', '', '', '', '', '', 'F', '', '', '', '', '', 'ICU-8', '', '', '', '', '', '', '', '', '', '', '', '', '', '', '', '', '', '', '', 'ICU - 1 ° FLOOR', '', '', '21 - 25', '', '', '', ''
);

/* INSERT QUERY NO: 24 */

INSERT INTO pfcs_detail_patient(NR_SEQUENCIA, DT_ATUALIZACAO, NM_USUARIO, DT_ATUALIZACAO_NREC, NM_USUARIO_NREC, ID_PATIENT, NM_PATIENT, NR_SEQ_DETAIL, QT_TIME_AWAITING_BED, DS_UNIT_PA, DS_CLASSIFICATION, QT_TIME_BOX_PA, DT_ENTRANCE, NR_ENCOUNTER, QT_TIME_QUEUE, QT_TIME_RECEPTION, QT_TIME_TRIAGE, QT_TIME_CALL, QT_TIME_EXAM, QT_TIME_MEDIC, QT_TIME_OUTCOME, QT_TIME_TOTAL_PA, QT_TIME_TOTAL_HOSPITALIZATION, QT_TIME_AWAIT_AFTER_DISCHARGE, NR_LAST_ENCOUNTER, DT_LAST_ENTRANCE, DS_GENDER, DT_BIRTHDATE, DS_PRIMARY_DIAGNOSIS, DS_DNR_STATUS, QT_TIME_TELEMETRY, DS_REQUESTED_UNIT, DS_BED_ASSIGNED, QT_RED_ALARMS, QT_YELLOW_ALARMS, DS_SERVICE_LINE, QT_TIME_STAGE_PA, IE_STAGE_PA, IE_OVER_THRESHOLD, CD_GROUP_PA, DS_GROUP_PA, IE_CLINIC, DS_CLINIC, DT_EXPECTED_DISCHARGE, DT_LAST_DISCHARGE, DS_PHYSICIAN, DS_REASON_DISCHARGE, CD_REASON_DISCHARGE, QT_TIME_SCHEDULE, CD_CLASSIFICATION, CD_STAGE_PA, DS_STAGE_PA, DS_CURRENT_LOCATION, IE_SYMPTOMS, DS_SYMPTOMS, DS_AGE_RANGE, NR_ENCOUNTER_VARCHAR, NM_PHYSICIAN, IE_CONFIRMED, IE_DISCHARGE_ORDER_STATUS)
VALUES (
nextval('pfcs_detail_patient_seq'), clock_timestamp(), nm_usuario_p, clock_timestamp(), nm_usuario_p, 4512988, '', 6249310, '', '', '', '', '', 3427865, '', '', '', '', '', '', '', '', '', '', '', '', 'F', '', '', '', '', '', '08- ', '', '', '', '', '', '', '', '', '', '', '', '', '', '', '', '', '', '', '', 'Daniela Melo - UI', '', '', '26 - 30', '', '', '', ''
);

/* INSERT QUERY NO: 25 */

INSERT INTO pfcs_detail_patient(NR_SEQUENCIA, DT_ATUALIZACAO, NM_USUARIO, DT_ATUALIZACAO_NREC, NM_USUARIO_NREC, ID_PATIENT, NM_PATIENT, NR_SEQ_DETAIL, QT_TIME_AWAITING_BED, DS_UNIT_PA, DS_CLASSIFICATION, QT_TIME_BOX_PA, DT_ENTRANCE, NR_ENCOUNTER, QT_TIME_QUEUE, QT_TIME_RECEPTION, QT_TIME_TRIAGE, QT_TIME_CALL, QT_TIME_EXAM, QT_TIME_MEDIC, QT_TIME_OUTCOME, QT_TIME_TOTAL_PA, QT_TIME_TOTAL_HOSPITALIZATION, QT_TIME_AWAIT_AFTER_DISCHARGE, NR_LAST_ENCOUNTER, DT_LAST_ENTRANCE, DS_GENDER, DT_BIRTHDATE, DS_PRIMARY_DIAGNOSIS, DS_DNR_STATUS, QT_TIME_TELEMETRY, DS_REQUESTED_UNIT, DS_BED_ASSIGNED, QT_RED_ALARMS, QT_YELLOW_ALARMS, DS_SERVICE_LINE, QT_TIME_STAGE_PA, IE_STAGE_PA, IE_OVER_THRESHOLD, CD_GROUP_PA, DS_GROUP_PA, IE_CLINIC, DS_CLINIC, DT_EXPECTED_DISCHARGE, DT_LAST_DISCHARGE, DS_PHYSICIAN, DS_REASON_DISCHARGE, CD_REASON_DISCHARGE, QT_TIME_SCHEDULE, CD_CLASSIFICATION, CD_STAGE_PA, DS_STAGE_PA, DS_CURRENT_LOCATION, IE_SYMPTOMS, DS_SYMPTOMS, DS_AGE_RANGE, NR_ENCOUNTER_VARCHAR, NM_PHYSICIAN, IE_CONFIRMED, IE_DISCHARGE_ORDER_STATUS)
VALUES (
nextval('pfcs_detail_patient_seq'), clock_timestamp(), nm_usuario_p, clock_timestamp(), nm_usuario_p, 4512989, '', 6249311, '', '', '', '', '', 3425452, '', '', '', '', '', '', '', '', '', '', '', '', 'M', '', '', '', '', '', '204- ', '', '', '', '', '', '', '', '', '', '', '', '', '', '', '', '', '', '', '', 'Ankit  Department', '', '', '31 - 35', '', '', '', ''
);

/* INSERT QUERY NO: 30 */

INSERT INTO pfcs_detail_patient(NR_SEQUENCIA, DT_ATUALIZACAO, NM_USUARIO, DT_ATUALIZACAO_NREC, NM_USUARIO_NREC, ID_PATIENT, NM_PATIENT, NR_SEQ_DETAIL, QT_TIME_AWAITING_BED, DS_UNIT_PA, DS_CLASSIFICATION, QT_TIME_BOX_PA, DT_ENTRANCE, NR_ENCOUNTER, QT_TIME_QUEUE, QT_TIME_RECEPTION, QT_TIME_TRIAGE, QT_TIME_CALL, QT_TIME_EXAM, QT_TIME_MEDIC, QT_TIME_OUTCOME, QT_TIME_TOTAL_PA, QT_TIME_TOTAL_HOSPITALIZATION, QT_TIME_AWAIT_AFTER_DISCHARGE, NR_LAST_ENCOUNTER, DT_LAST_ENTRANCE, DS_GENDER, DT_BIRTHDATE, DS_PRIMARY_DIAGNOSIS, DS_DNR_STATUS, QT_TIME_TELEMETRY, DS_REQUESTED_UNIT, DS_BED_ASSIGNED, QT_RED_ALARMS, QT_YELLOW_ALARMS, DS_SERVICE_LINE, QT_TIME_STAGE_PA, IE_STAGE_PA, IE_OVER_THRESHOLD, CD_GROUP_PA, DS_GROUP_PA, IE_CLINIC, DS_CLINIC, DT_EXPECTED_DISCHARGE, DT_LAST_DISCHARGE, DS_PHYSICIAN, DS_REASON_DISCHARGE, CD_REASON_DISCHARGE, QT_TIME_SCHEDULE, CD_CLASSIFICATION, CD_STAGE_PA, DS_STAGE_PA, DS_CURRENT_LOCATION, IE_SYMPTOMS, DS_SYMPTOMS, DS_AGE_RANGE, NR_ENCOUNTER_VARCHAR, NM_PHYSICIAN, IE_CONFIRMED, IE_DISCHARGE_ORDER_STATUS)
VALUES (
nextval('pfcs_detail_patient_seq'), clock_timestamp(), nm_usuario_p, clock_timestamp(), nm_usuario_p, 4512994, '', 6249312, '', '', '', '', '', 3426836, '', '', '', '', '', '', '', '', '', '', '', '', 'M', '', '', '', '', '', 'Box01- ', '', '', '', '', '', '', '', '', '', '', '', '', '', '', '', '', '', '', '', 'Emergency Department (MM)', '', 'B342 - B34.2 Infecc p/coronavirus NE', '21 - 25', '', '', '', ''
);
/* INSERT QUERY NO: 35 */

INSERT INTO pfcs_detail_patient(NR_SEQUENCIA, DT_ATUALIZACAO, NM_USUARIO, DT_ATUALIZACAO_NREC, NM_USUARIO_NREC, ID_PATIENT, NM_PATIENT, NR_SEQ_DETAIL, QT_TIME_AWAITING_BED, DS_UNIT_PA, DS_CLASSIFICATION, QT_TIME_BOX_PA, DT_ENTRANCE, NR_ENCOUNTER, QT_TIME_QUEUE, QT_TIME_RECEPTION, QT_TIME_TRIAGE, QT_TIME_CALL, QT_TIME_EXAM, QT_TIME_MEDIC, QT_TIME_OUTCOME, QT_TIME_TOTAL_PA, QT_TIME_TOTAL_HOSPITALIZATION, QT_TIME_AWAIT_AFTER_DISCHARGE, NR_LAST_ENCOUNTER, DT_LAST_ENTRANCE, DS_GENDER, DT_BIRTHDATE, DS_PRIMARY_DIAGNOSIS, DS_DNR_STATUS, QT_TIME_TELEMETRY, DS_BED_ASSIGNED, QT_RED_ALARMS, QT_YELLOW_ALARMS, DS_SERVICE_LINE, QT_TIME_STAGE_PA, IE_STAGE_PA, IE_OVER_THRESHOLD, CD_GROUP_PA, DS_GROUP_PA, IE_CLINIC, DS_CLINIC, DT_EXPECTED_DISCHARGE, DT_LAST_DISCHARGE, DS_PHYSICIAN, DS_REASON_DISCHARGE, CD_REASON_DISCHARGE, QT_TIME_SCHEDULE, CD_CLASSIFICATION, CD_STAGE_PA, DS_STAGE_PA, DS_CURRENT_LOCATION, IE_SYMPTOMS, DS_SYMPTOMS, DS_AGE_RANGE, NR_ENCOUNTER_VARCHAR, NM_PHYSICIAN, IE_CONFIRMED, IE_DISCHARGE_ORDER_STATUS)
VALUES (
nextval('pfcs_detail_patient_seq'), clock_timestamp(), nm_usuario_p, clock_timestamp(), nm_usuario_p, 1015760251, '', 6249313, '', '', '', '',  TO_DATE('26/07/2020 03:45:53', 'DD/MM/YYYY HH24:MI:SS'), 3652378, '', '', '', '', '', '', '', '', '', '', '', '', 'M', '', '', '', '', 'teste tsteRi', '', '', '', '', '', 'S', '', '', '', '', '', '', '', '', '', '', '', '', '', 'Ankit Test Department', '', '', '31 - 35', '', '', '', ''
);

/* INSERT QUERY NO: 36 */

INSERT INTO pfcs_detail_patient(NR_SEQUENCIA, DT_ATUALIZACAO, NM_USUARIO, DT_ATUALIZACAO_NREC, NM_USUARIO_NREC, ID_PATIENT, NM_PATIENT, NR_SEQ_DETAIL, QT_TIME_AWAITING_BED, DS_UNIT_PA, DS_CLASSIFICATION, QT_TIME_BOX_PA, DT_ENTRANCE, NR_ENCOUNTER, QT_TIME_QUEUE, QT_TIME_RECEPTION, QT_TIME_TRIAGE, QT_TIME_CALL, QT_TIME_EXAM, QT_TIME_MEDIC, QT_TIME_OUTCOME, QT_TIME_TOTAL_PA, QT_TIME_TOTAL_HOSPITALIZATION, QT_TIME_AWAIT_AFTER_DISCHARGE, NR_LAST_ENCOUNTER, DT_LAST_ENTRANCE, DS_GENDER, DT_BIRTHDATE, DS_PRIMARY_DIAGNOSIS, DS_DNR_STATUS, QT_TIME_TELEMETRY, DS_BED_ASSIGNED, QT_RED_ALARMS, QT_YELLOW_ALARMS, DS_SERVICE_LINE, QT_TIME_STAGE_PA, IE_STAGE_PA, IE_OVER_THRESHOLD, CD_GROUP_PA, DS_GROUP_PA, IE_CLINIC, DS_CLINIC, DT_EXPECTED_DISCHARGE, DT_LAST_DISCHARGE, DS_PHYSICIAN, DS_REASON_DISCHARGE, CD_REASON_DISCHARGE, QT_TIME_SCHEDULE, CD_CLASSIFICATION, CD_STAGE_PA, DS_STAGE_PA, DS_CURRENT_LOCATION, IE_SYMPTOMS, DS_SYMPTOMS, DS_AGE_RANGE, NR_ENCOUNTER_VARCHAR, NM_PHYSICIAN, IE_CONFIRMED, IE_DISCHARGE_ORDER_STATUS)
VALUES (
nextval('pfcs_detail_patient_seq'), clock_timestamp(), nm_usuario_p, clock_timestamp(), nm_usuario_p, 1015760251, '', 6249314, '', '', '', '',  TO_DATE('30/01/2020 01:35:45', 'DD/MM/YYYY HH24:MI:SS'), 3670699, '', '', '', '', '', '', '', '', '', '', '', '', 'M', '', '', '', '', 'teste tsteRi', '', '', '', '', '', 'S', '', '', '', '', '', '', '', '', '', '', '', '', '', 'Ankit Test Department', '', '', '31 - 35', '', '', '', ''
);

/* INSERT QUERY NO: 37 */

INSERT INTO pfcs_detail_patient(NR_SEQUENCIA, DT_ATUALIZACAO, NM_USUARIO, DT_ATUALIZACAO_NREC, NM_USUARIO_NREC, ID_PATIENT, NM_PATIENT, NR_SEQ_DETAIL, QT_TIME_AWAITING_BED, DS_UNIT_PA, DS_CLASSIFICATION, QT_TIME_BOX_PA, DT_ENTRANCE, NR_ENCOUNTER, QT_TIME_QUEUE, QT_TIME_RECEPTION, QT_TIME_TRIAGE, QT_TIME_CALL, QT_TIME_EXAM, QT_TIME_MEDIC, QT_TIME_OUTCOME, QT_TIME_TOTAL_PA, QT_TIME_TOTAL_HOSPITALIZATION, QT_TIME_AWAIT_AFTER_DISCHARGE, NR_LAST_ENCOUNTER, DT_LAST_ENTRANCE, DS_GENDER, DT_BIRTHDATE, DS_PRIMARY_DIAGNOSIS, DS_DNR_STATUS, QT_TIME_TELEMETRY, DS_BED_ASSIGNED, QT_RED_ALARMS, QT_YELLOW_ALARMS, DS_SERVICE_LINE, QT_TIME_STAGE_PA, IE_STAGE_PA, IE_OVER_THRESHOLD, CD_GROUP_PA, DS_GROUP_PA, IE_CLINIC, DS_CLINIC, DT_EXPECTED_DISCHARGE, DT_LAST_DISCHARGE, DS_PHYSICIAN, DS_REASON_DISCHARGE, CD_REASON_DISCHARGE, QT_TIME_SCHEDULE, CD_CLASSIFICATION, CD_STAGE_PA, DS_STAGE_PA, DS_CURRENT_LOCATION, IE_SYMPTOMS, DS_SYMPTOMS, DS_AGE_RANGE, NR_ENCOUNTER_VARCHAR, NM_PHYSICIAN, IE_CONFIRMED, IE_DISCHARGE_ORDER_STATUS)
VALUES (
nextval('pfcs_detail_patient_seq'), clock_timestamp(), nm_usuario_p, clock_timestamp(), nm_usuario_p, 1015760251, '', 6249315, '', '', '', '',  TO_DATE('09/04/2020 07:40:54', 'DD/MM/YYYY HH24:MI:SS'), 3689019, '', '', '', '', '', '', '', '', '', '', '', '', 'F', '', '', '', '', 'teste tsteRi', '', '', '', '', '', 'S', '', '', '', '', '', '', '', '', '', '', '', '', '', 'SetorPaciente', '', '', '21 - 25', '', '', '', ''
);


/* INSERT QUERY NO: 1 */

INSERT INTO pfcs_detail_exam_lab(NR_SEQUENCIA, DT_ATUALIZACAO, NM_USUARIO, DT_ATUALIZACAO_NREC, NM_USUARIO_NREC, NR_SEQ_EXAME, NM_EXAM, IE_STATUS_ATEND, DT_APPROVAL, NM_USER_APPROVAL, NR_REQUEST, DT_REQUEST, DT_RELEASE_REQUEST, DS_REQUEST_PHYSICIAN, DS_RESULT, IE_FAST_RESULT_CHECK, NR_SEQ_DETAIL)
VALUES (
nextval('pfcs_detail_exam_lab_seq'), clock_timestamp(), nm_usuario_p, clock_timestamp(), nm_usuario_p, 996810, 'Covid-19', 35,  TO_DATE('28/03/2020 10:22:34', 'DD/MM/YYYY HH24:MI:SS'), 'rrmenardi', 16891072, TO_DATE('07/03/2020 09:06:56', 'DD/MM/YYYY HH24:MI:SS'), TO_DATE('07/04/2020 09:06:56', 'DD/MM/YYYY HH24:MI:SS'), 'Claudiomar Pereira Dias', 'S', '', 6249287
);

/* INSERT QUERY NO: 2 */

INSERT INTO pfcs_detail_exam_lab(NR_SEQUENCIA, DT_ATUALIZACAO, NM_USUARIO, DT_ATUALIZACAO_NREC, NM_USUARIO_NREC, NR_SEQ_EXAME, NM_EXAM, IE_STATUS_ATEND, DT_APPROVAL, NM_USER_APPROVAL, NR_REQUEST, DT_REQUEST, DT_RELEASE_REQUEST, DS_REQUEST_PHYSICIAN, DS_RESULT, IE_FAST_RESULT_CHECK, NR_SEQ_DETAIL)
VALUES (
nextval('pfcs_detail_exam_lab_seq'), clock_timestamp(), nm_usuario_p, clock_timestamp(), nm_usuario_p, 996811, 'Covid-19', 35,  TO_DATE('29/03/2020 10:22:34', 'DD/MM/YYYY HH24:MI:SS'), 'rrmenardi', 16891072, TO_DATE('20/03/2020 09:06:56', 'DD/MM/YYYY HH24:MI:SS'), TO_DATE('08/04/2020 09:06:56', 'DD/MM/YYYY HH24:MI:SS'), 'Claudiomar Pereira Dias', 'S', '', 6249288
);

/* INSERT QUERY NO: 3 */

INSERT INTO pfcs_detail_exam_lab(NR_SEQUENCIA, DT_ATUALIZACAO, NM_USUARIO, DT_ATUALIZACAO_NREC, NM_USUARIO_NREC, NR_SEQ_EXAME, NM_EXAM, IE_STATUS_ATEND, DT_APPROVAL, NM_USER_APPROVAL, NR_REQUEST, DT_REQUEST, DT_RELEASE_REQUEST, DS_REQUEST_PHYSICIAN, DS_RESULT, IE_FAST_RESULT_CHECK, NR_SEQ_DETAIL)
VALUES (
nextval('pfcs_detail_exam_lab_seq'), clock_timestamp(), nm_usuario_p, clock_timestamp(), nm_usuario_p, 996812, 'Covid-19', 35, TO_DATE('24/02/2020 10:22:34', 'DD/MM/YYYY HH24:MI:SS'), 'rrmenardi', 16891073, TO_DATE('09/04/2020 09:06:56', 'DD/MM/YYYY HH24:MI:SS'), TO_DATE('09/04/2020 09:06:56', 'DD/MM/YYYY HH24:MI:SS'), 'Claudiomar Pereira Dias', 'S', '', 6249289
);

/* INSERT QUERY NO: 4 */

INSERT INTO pfcs_detail_exam_lab(NR_SEQUENCIA, DT_ATUALIZACAO, NM_USUARIO, DT_ATUALIZACAO_NREC, NM_USUARIO_NREC, NR_SEQ_EXAME, NM_EXAM, IE_STATUS_ATEND, DT_APPROVAL, NM_USER_APPROVAL, NR_REQUEST, DT_REQUEST, DT_RELEASE_REQUEST, DS_REQUEST_PHYSICIAN, DS_RESULT, IE_FAST_RESULT_CHECK, NR_SEQ_DETAIL)
VALUES (
nextval('pfcs_detail_exam_lab_seq'), clock_timestamp(), nm_usuario_p, clock_timestamp(), nm_usuario_p, 996813, 'Covid-19', 35, TO_DATE('07/03/2020 10:22:34', 'DD/MM/YYYY HH24:MI:SS'), 'rrmenardi', 16891074, TO_DATE('10/04/2020 09:06:56', 'DD/MM/YYYY HH24:MI:SS'), TO_DATE('10/04/2020 09:06:56', 'DD/MM/YYYY HH24:MI:SS'), 'Claudiomar Pereira Dias', 'S', '', 6249290
);

/* INSERT QUERY NO: 5 */

INSERT INTO pfcs_detail_exam_lab(NR_SEQUENCIA, DT_ATUALIZACAO, NM_USUARIO, DT_ATUALIZACAO_NREC, NM_USUARIO_NREC, NR_SEQ_EXAME, NM_EXAM, IE_STATUS_ATEND, DT_APPROVAL, NM_USER_APPROVAL, NR_REQUEST, DT_REQUEST, DT_RELEASE_REQUEST, DS_REQUEST_PHYSICIAN, DS_RESULT, IE_FAST_RESULT_CHECK, NR_SEQ_DETAIL)
VALUES (
nextval('pfcs_detail_exam_lab_seq'), clock_timestamp(), nm_usuario_p, clock_timestamp(), nm_usuario_p, 996814, 'Covid-19', 35, TO_DATE('20/03/2020 10:22:34', 'DD/MM/YYYY HH24:MI:SS'), 'rrmenardi', 16891075, TO_DATE('11/04/2020 09:06:56', 'DD/MM/YYYY HH24:MI:SS'), TO_DATE('11/04/2020 09:06:56', 'DD/MM/YYYY HH24:MI:SS'), 'Claudiomar Pereira Dias', 'S', '', 6249291
);

/* INSERT QUERY NO: 6 */

INSERT INTO pfcs_detail_exam_lab(NR_SEQUENCIA, DT_ATUALIZACAO, NM_USUARIO, DT_ATUALIZACAO_NREC, NM_USUARIO_NREC, NR_SEQ_EXAME, NM_EXAM, IE_STATUS_ATEND, DT_APPROVAL, NM_USER_APPROVAL, NR_REQUEST, DT_REQUEST, DT_RELEASE_REQUEST, DS_REQUEST_PHYSICIAN, DS_RESULT, IE_FAST_RESULT_CHECK, NR_SEQ_DETAIL)
VALUES (
nextval('pfcs_detail_exam_lab_seq'), clock_timestamp(), nm_usuario_p, clock_timestamp(), nm_usuario_p, 996815, 'Covid-19', 35, TO_DATE('02/04/2020 10:22:34', 'DD/MM/YYYY HH24:MI:SS'), 'rrmenardi', 16891076, TO_DATE('12/04/2020 09:06:56', 'DD/MM/YYYY HH24:MI:SS'), TO_DATE('12/04/2020 09:06:56', 'DD/MM/YYYY HH24:MI:SS'), 'Claudiomar Pereira Dias', 'S', '', 6249292
);

/* INSERT QUERY NO: 7 */

INSERT INTO pfcs_detail_exam_lab(NR_SEQUENCIA, DT_ATUALIZACAO, NM_USUARIO, DT_ATUALIZACAO_NREC, NM_USUARIO_NREC, NR_SEQ_EXAME, NM_EXAM, IE_STATUS_ATEND, DT_APPROVAL, NM_USER_APPROVAL, NR_REQUEST, DT_REQUEST, DT_RELEASE_REQUEST, DS_REQUEST_PHYSICIAN, DS_RESULT, IE_FAST_RESULT_CHECK, NR_SEQ_DETAIL)
VALUES (
nextval('pfcs_detail_exam_lab_seq'), clock_timestamp(), nm_usuario_p, clock_timestamp(), nm_usuario_p, 996816, 'Covid-19', 35, TO_DATE('03/04/2020 10:22:34', 'DD/MM/YYYY HH24:MI:SS'), 'rrmenardi', 16891077, TO_DATE('13/04/2020 09:06:56', 'DD/MM/YYYY HH24:MI:SS'), TO_DATE('13/04/2020 09:06:56', 'DD/MM/YYYY HH24:MI:SS'), 'Claudiomar Pereira Dias', 'S', '', 6249293
);

/* INSERT QUERY NO: 8 */

INSERT INTO pfcs_detail_exam_lab(NR_SEQUENCIA, DT_ATUALIZACAO, NM_USUARIO, DT_ATUALIZACAO_NREC, NM_USUARIO_NREC, NR_SEQ_EXAME, NM_EXAM, IE_STATUS_ATEND, DT_APPROVAL, NM_USER_APPROVAL, NR_REQUEST, DT_REQUEST, DT_RELEASE_REQUEST, DS_REQUEST_PHYSICIAN, DS_RESULT, IE_FAST_RESULT_CHECK, NR_SEQ_DETAIL)
VALUES (
nextval('pfcs_detail_exam_lab_seq'), clock_timestamp(), nm_usuario_p, clock_timestamp(), nm_usuario_p, 996817, 'Covid-19', 35, TO_DATE('04/04/2020 10:22:34', 'DD/MM/YYYY HH24:MI:SS'), 'rrmenardi', 16891078, TO_DATE('14/04/2020 09:06:56', 'DD/MM/YYYY HH24:MI:SS'), TO_DATE('14/04/2020 09:06:56', 'DD/MM/YYYY HH24:MI:SS'), 'Claudiomar Pereira Dias', 'S', '', 6249294
);

/* INSERT QUERY NO: 9 */

INSERT INTO pfcs_detail_exam_lab(NR_SEQUENCIA, DT_ATUALIZACAO, NM_USUARIO, DT_ATUALIZACAO_NREC, NM_USUARIO_NREC, NR_SEQ_EXAME, NM_EXAM, IE_STATUS_ATEND, DT_APPROVAL, NM_USER_APPROVAL, NR_REQUEST, DT_REQUEST, DT_RELEASE_REQUEST, DS_REQUEST_PHYSICIAN, DS_RESULT, IE_FAST_RESULT_CHECK, NR_SEQ_DETAIL)
VALUES (
nextval('pfcs_detail_exam_lab_seq'), clock_timestamp(), nm_usuario_p, clock_timestamp(), nm_usuario_p, 996818, 'Covid-19', 35, TO_DATE('05/04/2020 10:22:34', 'DD/MM/YYYY HH24:MI:SS'), 'rrmenardi', 16891079, TO_DATE('15/04/2020 09:06:56', 'DD/MM/YYYY HH24:MI:SS'), TO_DATE('15/04/2020 09:06:56', 'DD/MM/YYYY HH24:MI:SS'), 'Claudiomar Pereira Dias', 'S', '', 6249295
);

/* INSERT QUERY NO: 10 */

INSERT INTO pfcs_detail_exam_lab(NR_SEQUENCIA, DT_ATUALIZACAO, NM_USUARIO, DT_ATUALIZACAO_NREC, NM_USUARIO_NREC, NR_SEQ_EXAME, NM_EXAM, IE_STATUS_ATEND, DT_APPROVAL, NM_USER_APPROVAL, NR_REQUEST, DT_REQUEST, DT_RELEASE_REQUEST, DS_REQUEST_PHYSICIAN, DS_RESULT, IE_FAST_RESULT_CHECK, NR_SEQ_DETAIL)
VALUES (
nextval('pfcs_detail_exam_lab_seq'), clock_timestamp(), nm_usuario_p, clock_timestamp(), nm_usuario_p, 996819, 'Covid-19', 35, TO_DATE('06/04/2020 10:22:34', 'DD/MM/YYYY HH24:MI:SS'), 'rrmenardi', 16891080, TO_DATE('16/04/2020 09:06:56', 'DD/MM/YYYY HH24:MI:SS'), TO_DATE('16/04/2020 09:06:56', 'DD/MM/YYYY HH24:MI:SS'), 'Claudiomar Pereira Dias', 'S', '', 6249296
);

/* INSERT QUERY NO: 11 */

INSERT INTO pfcs_detail_exam_lab(NR_SEQUENCIA, DT_ATUALIZACAO, NM_USUARIO, DT_ATUALIZACAO_NREC, NM_USUARIO_NREC, NR_SEQ_EXAME, NM_EXAM, IE_STATUS_ATEND, DT_APPROVAL, NM_USER_APPROVAL, NR_REQUEST, DT_REQUEST, DT_RELEASE_REQUEST, DS_REQUEST_PHYSICIAN, DS_RESULT, IE_FAST_RESULT_CHECK, NR_SEQ_DETAIL)
VALUES (
nextval('pfcs_detail_exam_lab_seq'), clock_timestamp(), nm_usuario_p, clock_timestamp(), nm_usuario_p, 996820, 'Covid-19', 35, TO_DATE('07/04/2020 10:22:34', 'DD/MM/YYYY HH24:MI:SS'), 'rrmenardi', 16891081, TO_DATE('17/04/2020 09:06:56', 'DD/MM/YYYY HH24:MI:SS'), TO_DATE('17/04/2020 09:06:56', 'DD/MM/YYYY HH24:MI:SS'), 'Claudiomar Pereira Dias', 'S', '', 6249297
);

/* INSERT QUERY NO: 12 */

INSERT INTO pfcs_detail_exam_lab(NR_SEQUENCIA, DT_ATUALIZACAO, NM_USUARIO, DT_ATUALIZACAO_NREC, NM_USUARIO_NREC, NR_SEQ_EXAME, NM_EXAM, IE_STATUS_ATEND, DT_APPROVAL, NM_USER_APPROVAL, NR_REQUEST, DT_REQUEST, DT_RELEASE_REQUEST, DS_REQUEST_PHYSICIAN, DS_RESULT, IE_FAST_RESULT_CHECK, NR_SEQ_DETAIL)
VALUES (
nextval('pfcs_detail_exam_lab_seq'), clock_timestamp(), nm_usuario_p, clock_timestamp(), nm_usuario_p, 996821, 'Covid-19', 35, TO_DATE('08/04/2020 10:22:34', 'DD/MM/YYYY HH24:MI:SS'), 'rrmenardi', 16891082, TO_DATE('18/04/2020 09:06:56', 'DD/MM/YYYY HH24:MI:SS'), TO_DATE('18/04/2020 09:06:56', 'DD/MM/YYYY HH24:MI:SS'), 'Claudiomar Pereira Dias', 'S', '', 6249298
);

/* INSERT QUERY NO: 13 */

INSERT INTO pfcs_detail_exam_lab(NR_SEQUENCIA, DT_ATUALIZACAO, NM_USUARIO, DT_ATUALIZACAO_NREC, NM_USUARIO_NREC, NR_SEQ_EXAME, NM_EXAM, IE_STATUS_ATEND, DT_APPROVAL, NM_USER_APPROVAL, NR_REQUEST, DT_REQUEST, DT_RELEASE_REQUEST, DS_REQUEST_PHYSICIAN, DS_RESULT, IE_FAST_RESULT_CHECK, NR_SEQ_DETAIL)
VALUES (
nextval('pfcs_detail_exam_lab_seq'), clock_timestamp(), nm_usuario_p, clock_timestamp(), nm_usuario_p, 996822, 'Covid-19', 35, TO_DATE('09/04/2020 10:22:34', 'DD/MM/YYYY HH24:MI:SS'), 'rrmenardi', 16891083, TO_DATE('19/04/2020 09:06:56', 'DD/MM/YYYY HH24:MI:SS'), TO_DATE('19/04/2020 09:06:56', 'DD/MM/YYYY HH24:MI:SS'), 'Claudiomar Pereira Dias', 'S', '', 6249299
);

/* INSERT QUERY NO: 14 */

INSERT INTO pfcs_detail_exam_lab(NR_SEQUENCIA, DT_ATUALIZACAO, NM_USUARIO, DT_ATUALIZACAO_NREC, NM_USUARIO_NREC, NR_SEQ_EXAME, NM_EXAM, IE_STATUS_ATEND, DT_APPROVAL, NM_USER_APPROVAL, NR_REQUEST, DT_REQUEST, DT_RELEASE_REQUEST, DS_REQUEST_PHYSICIAN, DS_RESULT, IE_FAST_RESULT_CHECK, NR_SEQ_DETAIL)
VALUES (
nextval('pfcs_detail_exam_lab_seq'), clock_timestamp(), nm_usuario_p, clock_timestamp(), nm_usuario_p, 996823, 'Covid-19', 35, TO_DATE('10/04/2020 10:22:34', 'DD/MM/YYYY HH24:MI:SS'), 'rrmenardi', 16891084, TO_DATE('20/04/2020 09:06:56', 'DD/MM/YYYY HH24:MI:SS'), TO_DATE('20/04/2020 09:06:56', 'DD/MM/YYYY HH24:MI:SS'), 'Claudiomar Pereira Dias', 'S', '', 6249300
);

/* INSERT QUERY NO: 15 */

INSERT INTO pfcs_detail_exam_lab(NR_SEQUENCIA, DT_ATUALIZACAO, NM_USUARIO, DT_ATUALIZACAO_NREC, NM_USUARIO_NREC, NR_SEQ_EXAME, NM_EXAM, IE_STATUS_ATEND, DT_APPROVAL, NM_USER_APPROVAL, NR_REQUEST, DT_REQUEST, DT_RELEASE_REQUEST, DS_REQUEST_PHYSICIAN, DS_RESULT, IE_FAST_RESULT_CHECK, NR_SEQ_DETAIL)
VALUES (
nextval('pfcs_detail_exam_lab_seq'), clock_timestamp(), nm_usuario_p, clock_timestamp(), nm_usuario_p, 996824, 'Covid-19', 35, TO_DATE('11/04/2020 10:22:34', 'DD/MM/YYYY HH24:MI:SS'), 'rrmenardi', 16891085, TO_DATE('21/04/2020 09:06:56', 'DD/MM/YYYY HH24:MI:SS'), TO_DATE('21/04/2020 09:06:56', 'DD/MM/YYYY HH24:MI:SS'), 'Claudiomar Pereira Dias', 'S', '', 6249301
);

/* INSERT QUERY NO: 16 */

INSERT INTO pfcs_detail_exam_lab(NR_SEQUENCIA, DT_ATUALIZACAO, NM_USUARIO, DT_ATUALIZACAO_NREC, NM_USUARIO_NREC, NR_SEQ_EXAME, NM_EXAM, IE_STATUS_ATEND, DT_APPROVAL, NM_USER_APPROVAL, NR_REQUEST, DT_REQUEST, DT_RELEASE_REQUEST, DS_REQUEST_PHYSICIAN, DS_RESULT, IE_FAST_RESULT_CHECK, NR_SEQ_DETAIL)
VALUES (
nextval('pfcs_detail_exam_lab_seq'), clock_timestamp(), nm_usuario_p, clock_timestamp(), nm_usuario_p, 996825, 'Covid-19', 35, TO_DATE('12/04/2020 10:22:34', 'DD/MM/YYYY HH24:MI:SS'), 'rrmenardi', 16891086, TO_DATE('22/04/2020 09:06:56', 'DD/MM/YYYY HH24:MI:SS'), TO_DATE('22/04/2020 09:06:56', 'DD/MM/YYYY HH24:MI:SS'), 'Claudiomar Pereira Dias', 'S', '', 6249302
);

/* INSERT QUERY NO: 17 */

INSERT INTO pfcs_detail_exam_lab(NR_SEQUENCIA, DT_ATUALIZACAO, NM_USUARIO, DT_ATUALIZACAO_NREC, NM_USUARIO_NREC, NR_SEQ_EXAME, NM_EXAM, IE_STATUS_ATEND, DT_APPROVAL, NM_USER_APPROVAL, NR_REQUEST, DT_REQUEST, DT_RELEASE_REQUEST, DS_REQUEST_PHYSICIAN, DS_RESULT, IE_FAST_RESULT_CHECK, NR_SEQ_DETAIL)
VALUES (
nextval('pfcs_detail_exam_lab_seq'), clock_timestamp(), nm_usuario_p, clock_timestamp(), nm_usuario_p, 996826, 'Covid-19', 35, TO_DATE('13/04/2020 10:22:34', 'DD/MM/YYYY HH24:MI:SS'), 'rrmenardi', 16891087, TO_DATE('23/04/2020 09:06:56', 'DD/MM/YYYY HH24:MI:SS'), TO_DATE('23/04/2020 09:06:56', 'DD/MM/YYYY HH24:MI:SS'), 'Claudiomar Pereira Dias', 'S', '', 6249303
);

/* INSERT QUERY NO: 18 */

INSERT INTO pfcs_detail_exam_lab(NR_SEQUENCIA, DT_ATUALIZACAO, NM_USUARIO, DT_ATUALIZACAO_NREC, NM_USUARIO_NREC, NR_SEQ_EXAME, NM_EXAM, IE_STATUS_ATEND, DT_APPROVAL, NM_USER_APPROVAL, NR_REQUEST, DT_REQUEST, DT_RELEASE_REQUEST, DS_REQUEST_PHYSICIAN, DS_RESULT, IE_FAST_RESULT_CHECK, NR_SEQ_DETAIL)
VALUES (
nextval('pfcs_detail_exam_lab_seq'), clock_timestamp(), nm_usuario_p, clock_timestamp(), nm_usuario_p, 996827, 'Covid-19', 35, TO_DATE('14/04/2020 10:22:34', 'DD/MM/YYYY HH24:MI:SS'), 'rrmenardi', 16891088, TO_DATE('24/04/2020 09:06:56', 'DD/MM/YYYY HH24:MI:SS'), TO_DATE('24/04/2020 09:06:56', 'DD/MM/YYYY HH24:MI:SS'), 'Claudiomar Pereira Dias', 'S', '', 6249304
);

/* INSERT QUERY NO: 19 */

INSERT INTO pfcs_detail_exam_lab(NR_SEQUENCIA, DT_ATUALIZACAO, NM_USUARIO, DT_ATUALIZACAO_NREC, NM_USUARIO_NREC, NR_SEQ_EXAME, NM_EXAM, IE_STATUS_ATEND, DT_APPROVAL, NM_USER_APPROVAL, NR_REQUEST, DT_REQUEST, DT_RELEASE_REQUEST, DS_REQUEST_PHYSICIAN, DS_RESULT, IE_FAST_RESULT_CHECK, NR_SEQ_DETAIL)
VALUES (
nextval('pfcs_detail_exam_lab_seq'), clock_timestamp(), nm_usuario_p, clock_timestamp(), nm_usuario_p, 996828, 'Covid-19', 35, TO_DATE('15/04/2020 10:22:34', 'DD/MM/YYYY HH24:MI:SS'), 'rrmenardi', 16891089, TO_DATE('25/04/2020 09:06:56', 'DD/MM/YYYY HH24:MI:SS'), TO_DATE('25/04/2020 09:06:56', 'DD/MM/YYYY HH24:MI:SS'), 'Claudiomar Pereira Dias', 'S', '', 6249305
);

/* INSERT QUERY NO: 20 */

INSERT INTO pfcs_detail_exam_lab(NR_SEQUENCIA, DT_ATUALIZACAO, NM_USUARIO, DT_ATUALIZACAO_NREC, NM_USUARIO_NREC, NR_SEQ_EXAME, NM_EXAM, IE_STATUS_ATEND, DT_APPROVAL, NM_USER_APPROVAL, NR_REQUEST, DT_REQUEST, DT_RELEASE_REQUEST, DS_REQUEST_PHYSICIAN, DS_RESULT, IE_FAST_RESULT_CHECK, NR_SEQ_DETAIL)
VALUES (
nextval('pfcs_detail_exam_lab_seq'), clock_timestamp(), nm_usuario_p, clock_timestamp(), nm_usuario_p, 996829, 'Covid-19', 35, TO_DATE('16/04/2020 10:22:34', 'DD/MM/YYYY HH24:MI:SS'), 'rrmenardi', 16891090, TO_DATE('26/04/2020 09:06:56', 'DD/MM/YYYY HH24:MI:SS'), TO_DATE('26/04/2020 09:06:56', 'DD/MM/YYYY HH24:MI:SS'), 'Claudiomar Pereira Dias', 'S', '', 6249306
);

/* INSERT QUERY NO: 21 */

INSERT INTO pfcs_detail_exam_lab(NR_SEQUENCIA, DT_ATUALIZACAO, NM_USUARIO, DT_ATUALIZACAO_NREC, NM_USUARIO_NREC, NR_SEQ_EXAME, NM_EXAM, IE_STATUS_ATEND, DT_APPROVAL, NM_USER_APPROVAL, NR_REQUEST, DT_REQUEST, DT_RELEASE_REQUEST, DS_REQUEST_PHYSICIAN, DS_RESULT, IE_FAST_RESULT_CHECK, NR_SEQ_DETAIL)
VALUES (
nextval('pfcs_detail_exam_lab_seq'), clock_timestamp(), nm_usuario_p, clock_timestamp(), nm_usuario_p, 996830, 'Covid-19', 35, TO_DATE('17/04/2020 10:22:34', 'DD/MM/YYYY HH24:MI:SS'), 'rrmenardi', 16891091, TO_DATE('27/04/2020 09:06:56', 'DD/MM/YYYY HH24:MI:SS'), TO_DATE('27/04/2020 09:06:56', 'DD/MM/YYYY HH24:MI:SS'), 'Claudiomar Pereira Dias', 'S', '', 6249307
);

/* INSERT QUERY NO: 22 */

INSERT INTO pfcs_detail_exam_lab(NR_SEQUENCIA, DT_ATUALIZACAO, NM_USUARIO, DT_ATUALIZACAO_NREC, NM_USUARIO_NREC, NR_SEQ_EXAME, NM_EXAM, IE_STATUS_ATEND, DT_APPROVAL, NM_USER_APPROVAL, NR_REQUEST, DT_REQUEST, DT_RELEASE_REQUEST, DS_REQUEST_PHYSICIAN, DS_RESULT, IE_FAST_RESULT_CHECK, NR_SEQ_DETAIL)
VALUES (
nextval('pfcs_detail_exam_lab_seq'), clock_timestamp(), nm_usuario_p, clock_timestamp(), nm_usuario_p, 996831, 'Covid-19', 35,  TO_DATE('18/04/2020 10:22:34', 'DD/MM/YYYY HH24:MI:SS'), 'rrmenardi', 16891092, TO_DATE('28/04/2020 09:06:56', 'DD/MM/YYYY HH24:MI:SS'), TO_DATE('28/04/2020 09:06:56', 'DD/MM/YYYY HH24:MI:SS'), 'Claudiomar Pereira Dias', 'S', '', 6249308
);

/* INSERT QUERY NO: 23 */

INSERT INTO pfcs_detail_exam_lab(NR_SEQUENCIA, DT_ATUALIZACAO, NM_USUARIO, DT_ATUALIZACAO_NREC, NM_USUARIO_NREC, NR_SEQ_EXAME, NM_EXAM, IE_STATUS_ATEND, DT_APPROVAL, NM_USER_APPROVAL, NR_REQUEST, DT_REQUEST, DT_RELEASE_REQUEST, DS_REQUEST_PHYSICIAN, DS_RESULT, IE_FAST_RESULT_CHECK, NR_SEQ_DETAIL)
VALUES (
nextval('pfcs_detail_exam_lab_seq'), clock_timestamp(), nm_usuario_p, clock_timestamp(), nm_usuario_p, 996832, 'Covid-19', 35,  TO_DATE('19/04/2020 10:22:34', 'DD/MM/YYYY HH24:MI:SS'), 'rrmenardi', 16891093, TO_DATE('29/04/2020 09:06:56', 'DD/MM/YYYY HH24:MI:SS'), TO_DATE('29/04/2020 09:06:56', 'DD/MM/YYYY HH24:MI:SS'), 'Claudiomar Pereira Dias', 'S', '', 6249309
);

/* INSERT QUERY NO: 24 */

INSERT INTO pfcs_detail_exam_lab(NR_SEQUENCIA, DT_ATUALIZACAO, NM_USUARIO, DT_ATUALIZACAO_NREC, NM_USUARIO_NREC, NR_SEQ_EXAME, NM_EXAM, IE_STATUS_ATEND, DT_APPROVAL, NM_USER_APPROVAL, NR_REQUEST, DT_REQUEST, DT_RELEASE_REQUEST, DS_REQUEST_PHYSICIAN, DS_RESULT, IE_FAST_RESULT_CHECK, NR_SEQ_DETAIL)
VALUES (
nextval('pfcs_detail_exam_lab_seq'), clock_timestamp(), nm_usuario_p, clock_timestamp(), nm_usuario_p, 996833, 'Covid-19', 35,  TO_DATE('20/04/2020 10:22:34', 'DD/MM/YYYY HH24:MI:SS'), 'rrmenardi', 16891094, TO_DATE('30/04/2020 09:06:56', 'DD/MM/YYYY HH24:MI:SS'), TO_DATE('30/04/2020 09:06:56', 'DD/MM/YYYY HH24:MI:SS'), 'Claudiomar Pereira Dias', 'S', '', 6249310
);

/* INSERT QUERY NO: 25 */

INSERT INTO pfcs_detail_exam_lab(NR_SEQUENCIA, DT_ATUALIZACAO, NM_USUARIO, DT_ATUALIZACAO_NREC, NM_USUARIO_NREC, NR_SEQ_EXAME, NM_EXAM, IE_STATUS_ATEND, DT_APPROVAL, NM_USER_APPROVAL, NR_REQUEST, DT_REQUEST, DT_RELEASE_REQUEST, DS_REQUEST_PHYSICIAN, DS_RESULT, IE_FAST_RESULT_CHECK, NR_SEQ_DETAIL)
VALUES (
nextval('pfcs_detail_exam_lab_seq'), clock_timestamp(), nm_usuario_p, clock_timestamp(), nm_usuario_p, 996834, 'Covid-19', 35,  TO_DATE('21/04/2020 10:22:34', 'DD/MM/YYYY HH24:MI:SS'), 'rrmenardi', 16891095, TO_DATE('01/05/2020 09:06:56', 'DD/MM/YYYY HH24:MI:SS'), TO_DATE('01/05/2020 09:06:56', 'DD/MM/YYYY HH24:MI:SS'), 'Claudiomar Pereira Dias', 'S', '', 6249311
);

/* INSERT QUERY NO: 26 */

INSERT INTO pfcs_detail_exam_lab(NR_SEQUENCIA, DT_ATUALIZACAO, NM_USUARIO, DT_ATUALIZACAO_NREC, NM_USUARIO_NREC, NR_SEQ_EXAME, NM_EXAM, IE_STATUS_ATEND, DT_APPROVAL, NM_USER_APPROVAL, NR_REQUEST, DT_REQUEST, DT_RELEASE_REQUEST, DS_REQUEST_PHYSICIAN, DS_RESULT, IE_FAST_RESULT_CHECK, NR_SEQ_DETAIL)
VALUES (
nextval('pfcs_detail_exam_lab_seq'), clock_timestamp(), nm_usuario_p, clock_timestamp(), nm_usuario_p, 996835, 'Covid-19', 35,  TO_DATE('22/04/2020 10:22:34', 'DD/MM/YYYY HH24:MI:SS'), 'rrmenardi', 16891096, TO_DATE('02/05/2020 09:06:56', 'DD/MM/YYYY HH24:MI:SS'), TO_DATE('02/05/2020 09:06:56', 'DD/MM/YYYY HH24:MI:SS'), 'Claudiomar Pereira Dias', 'N', '', 6249312
);

/* INSERT QUERY NO: 27 */

INSERT INTO pfcs_detail_exam_lab(NR_SEQUENCIA, DT_ATUALIZACAO, NM_USUARIO, DT_ATUALIZACAO_NREC, NM_USUARIO_NREC, NR_SEQ_EXAME, NM_EXAM, IE_STATUS_ATEND, DT_APPROVAL, NM_USER_APPROVAL, NR_REQUEST, DT_REQUEST, DT_RELEASE_REQUEST, DS_REQUEST_PHYSICIAN, DS_RESULT, IE_FAST_RESULT_CHECK, NR_SEQ_DETAIL)
VALUES (
nextval('pfcs_detail_exam_lab_seq'), clock_timestamp(), nm_usuario_p, clock_timestamp(), nm_usuario_p, 996836, 'Covid-19', 35,  TO_DATE('23/04/2020 10:22:34', 'DD/MM/YYYY HH24:MI:SS'), 'rrmenardi', 16891097, TO_DATE('03/05/2020 09:06:56', 'DD/MM/YYYY HH24:MI:SS'), TO_DATE('03/05/2020 09:06:56', 'DD/MM/YYYY HH24:MI:SS'), 'Claudiomar Pereira Dias', 'N', '', 6249313
);

/* INSERT QUERY NO: 28 */

INSERT INTO pfcs_detail_exam_lab(NR_SEQUENCIA, DT_ATUALIZACAO, NM_USUARIO, DT_ATUALIZACAO_NREC, NM_USUARIO_NREC, NR_SEQ_EXAME, NM_EXAM, IE_STATUS_ATEND, DT_APPROVAL, NM_USER_APPROVAL, NR_REQUEST, DT_REQUEST, DT_RELEASE_REQUEST, DS_REQUEST_PHYSICIAN, DS_RESULT, IE_FAST_RESULT_CHECK, NR_SEQ_DETAIL)
VALUES (
nextval('pfcs_detail_exam_lab_seq'), clock_timestamp(), nm_usuario_p, clock_timestamp(), nm_usuario_p, 996837, 'Covid-19', 35,  TO_DATE('24/04/2020 10:22:34', 'DD/MM/YYYY HH24:MI:SS'), 'rrmenardi', 16891098, TO_DATE('04/05/2020 09:06:56', 'DD/MM/YYYY HH24:MI:SS'), TO_DATE('04/05/2020 09:06:56', 'DD/MM/YYYY HH24:MI:SS'), 'Claudiomar Pereira Dias', 'N', '', 6249314
);

/* INSERT QUERY NO: 29 */

INSERT INTO pfcs_detail_exam_lab(NR_SEQUENCIA, DT_ATUALIZACAO, NM_USUARIO, DT_ATUALIZACAO_NREC, NM_USUARIO_NREC, NR_SEQ_EXAME, NM_EXAM, IE_STATUS_ATEND, DT_APPROVAL, NM_USER_APPROVAL, NR_REQUEST, DT_REQUEST, DT_RELEASE_REQUEST, DS_REQUEST_PHYSICIAN, DS_RESULT, IE_FAST_RESULT_CHECK, NR_SEQ_DETAIL)
VALUES (
nextval('pfcs_detail_exam_lab_seq'), clock_timestamp(), nm_usuario_p, clock_timestamp(), nm_usuario_p, 996838, 'Covid-19', 35,  TO_DATE('25/04/2020 10:22:34', 'DD/MM/YYYY HH24:MI:SS'), 'rrmenardi', 16891099, TO_DATE('05/03/2020 09:06:56', 'DD/MM/YYYY HH24:MI:SS'), TO_DATE('05/05/2020 09:06:56', 'DD/MM/YYYY HH24:MI:SS'), 'Claudiomar Pereira Dias', 'N', '', 6249315
);


CALL pfcs_pck.pfcs_update_detail(
		nr_seq_indicator_p => nr_seq_indicator_p,
		nr_seq_panel_p => pfcs_panel_seq_w,
		nr_seq_operational_level_p => cd_estabelecimento_w,
		nm_usuario_p => nm_usuario_p);

CALL pfcs_pck.pfcs_activate_records(
            nr_seq_indicator_p => nr_seq_indicator_p,
            nr_seq_operational_level_p => cd_estabelecimento_w,
            nm_usuario_p => nm_usuario_p);

cd_estabelecimento_w	:= 15;

/* INSERT QUERY NO: 1 */

select	nextval('pfcs_panel_seq')
	into STRICT	pfcs_panel_seq_w
	;

 := pfcs_pck.pfcs_generate_results(
		vl_indicator_p => 10, nr_seq_indicator_p => nr_seq_indicator_p, nr_seq_operational_level_p => cd_estabelecimento_w, nm_usuario_p => nm_usuario_p, nr_seq_panel_p => pfcs_panel_seq_w);


/* INSERT QUERY NO: 30 */

INSERT INTO pfcs_panel_detail(NR_SEQUENCIA, DT_ATUALIZACAO, NM_USUARIO, DT_ATUALIZACAO_NREC, NM_USUARIO_NREC, NR_SEQ_INDICATOR, VL_INDICATOR, NR_SEQ_OPERATIONAL_LEVEL, NR_SEQ_TACTICAL_LEVEL, IE_SITUATION, NR_SEQ_PANEL)
VALUES (
6249316, clock_timestamp(), nm_usuario_p, clock_timestamp(), nm_usuario_p, nr_seq_indicator_p, '', cd_estabelecimento_w, '', 'A', pfcs_panel_seq_w
);

/* INSERT QUERY NO: 31 */

INSERT INTO pfcs_panel_detail(NR_SEQUENCIA, DT_ATUALIZACAO, NM_USUARIO, DT_ATUALIZACAO_NREC, NM_USUARIO_NREC, NR_SEQ_INDICATOR, VL_INDICATOR, NR_SEQ_OPERATIONAL_LEVEL, NR_SEQ_TACTICAL_LEVEL, IE_SITUATION, NR_SEQ_PANEL)
VALUES (
6249317, clock_timestamp(), nm_usuario_p, clock_timestamp(), nm_usuario_p, nr_seq_indicator_p, '', cd_estabelecimento_w, '', 'A', pfcs_panel_seq_w
);

/* INSERT QUERY NO: 32 */

INSERT INTO pfcs_panel_detail(NR_SEQUENCIA, DT_ATUALIZACAO, NM_USUARIO, DT_ATUALIZACAO_NREC, NM_USUARIO_NREC, NR_SEQ_INDICATOR, VL_INDICATOR, NR_SEQ_OPERATIONAL_LEVEL, NR_SEQ_TACTICAL_LEVEL, IE_SITUATION, NR_SEQ_PANEL)
VALUES (
6249318, clock_timestamp(), nm_usuario_p, clock_timestamp(), nm_usuario_p, nr_seq_indicator_p, '', cd_estabelecimento_w, '', 'A', pfcs_panel_seq_w
);

/* INSERT QUERY NO: 33 */

INSERT INTO pfcs_panel_detail(NR_SEQUENCIA, DT_ATUALIZACAO, NM_USUARIO, DT_ATUALIZACAO_NREC, NM_USUARIO_NREC, NR_SEQ_INDICATOR, VL_INDICATOR, NR_SEQ_OPERATIONAL_LEVEL, NR_SEQ_TACTICAL_LEVEL, IE_SITUATION, NR_SEQ_PANEL)
VALUES (
6249319, clock_timestamp(), nm_usuario_p, clock_timestamp(), nm_usuario_p, nr_seq_indicator_p, '', cd_estabelecimento_w, '', 'A', pfcs_panel_seq_w
);

/* INSERT QUERY NO: 34 */

INSERT INTO pfcs_panel_detail(NR_SEQUENCIA, DT_ATUALIZACAO, NM_USUARIO, DT_ATUALIZACAO_NREC, NM_USUARIO_NREC, NR_SEQ_INDICATOR, VL_INDICATOR, NR_SEQ_OPERATIONAL_LEVEL, NR_SEQ_TACTICAL_LEVEL, IE_SITUATION, NR_SEQ_PANEL)
VALUES (
6249320, clock_timestamp(), nm_usuario_p, clock_timestamp(), nm_usuario_p, nr_seq_indicator_p, '', cd_estabelecimento_w, '', 'A', pfcs_panel_seq_w
);

/* INSERT QUERY NO: 35 */

INSERT INTO pfcs_panel_detail(NR_SEQUENCIA, DT_ATUALIZACAO, NM_USUARIO, DT_ATUALIZACAO_NREC, NM_USUARIO_NREC, NR_SEQ_INDICATOR, VL_INDICATOR, NR_SEQ_OPERATIONAL_LEVEL, NR_SEQ_TACTICAL_LEVEL, IE_SITUATION, NR_SEQ_PANEL)
VALUES (
6249321, clock_timestamp(), nm_usuario_p, clock_timestamp(), nm_usuario_p, nr_seq_indicator_p, '', cd_estabelecimento_w, '', 'A', pfcs_panel_seq_w
);

/* INSERT QUERY NO: 36 */

INSERT INTO pfcs_panel_detail(NR_SEQUENCIA, DT_ATUALIZACAO, NM_USUARIO, DT_ATUALIZACAO_NREC, NM_USUARIO_NREC, NR_SEQ_INDICATOR, VL_INDICATOR, NR_SEQ_OPERATIONAL_LEVEL, NR_SEQ_TACTICAL_LEVEL, IE_SITUATION, NR_SEQ_PANEL)
VALUES (
6249322, clock_timestamp(), nm_usuario_p, clock_timestamp(), nm_usuario_p, nr_seq_indicator_p, '', cd_estabelecimento_w, '', 'A', pfcs_panel_seq_w
);

/* INSERT QUERY NO: 37 */

INSERT INTO pfcs_panel_detail(NR_SEQUENCIA, DT_ATUALIZACAO, NM_USUARIO, DT_ATUALIZACAO_NREC, NM_USUARIO_NREC, NR_SEQ_INDICATOR, VL_INDICATOR, NR_SEQ_OPERATIONAL_LEVEL, NR_SEQ_TACTICAL_LEVEL, IE_SITUATION, NR_SEQ_PANEL)
VALUES (
6249323, clock_timestamp(), nm_usuario_p, clock_timestamp(), nm_usuario_p, nr_seq_indicator_p, '', cd_estabelecimento_w, '', 'A', pfcs_panel_seq_w
);



/* INSERT QUERY NO: 26 */

INSERT INTO pfcs_detail_patient(NR_SEQUENCIA, DT_ATUALIZACAO, NM_USUARIO, DT_ATUALIZACAO_NREC, NM_USUARIO_NREC, ID_PATIENT, NM_PATIENT, NR_SEQ_DETAIL, QT_TIME_AWAITING_BED, DS_UNIT_PA, DS_CLASSIFICATION, QT_TIME_BOX_PA, DT_ENTRANCE, NR_ENCOUNTER, QT_TIME_QUEUE, QT_TIME_RECEPTION, QT_TIME_TRIAGE, QT_TIME_CALL, QT_TIME_EXAM, QT_TIME_MEDIC, QT_TIME_OUTCOME, QT_TIME_TOTAL_PA, QT_TIME_TOTAL_HOSPITALIZATION, QT_TIME_AWAIT_AFTER_DISCHARGE, NR_LAST_ENCOUNTER, DT_LAST_ENTRANCE, DS_GENDER, DT_BIRTHDATE, DS_PRIMARY_DIAGNOSIS, DS_DNR_STATUS, QT_TIME_TELEMETRY, DS_REQUESTED_UNIT, DS_BED_ASSIGNED, QT_RED_ALARMS, QT_YELLOW_ALARMS, DS_SERVICE_LINE, QT_TIME_STAGE_PA, IE_STAGE_PA, IE_OVER_THRESHOLD, CD_GROUP_PA, DS_GROUP_PA, IE_CLINIC, DS_CLINIC, DT_EXPECTED_DISCHARGE, DT_LAST_DISCHARGE, DS_PHYSICIAN, DS_REASON_DISCHARGE, CD_REASON_DISCHARGE, QT_TIME_SCHEDULE, CD_CLASSIFICATION, CD_STAGE_PA, DS_STAGE_PA, DS_CURRENT_LOCATION, IE_SYMPTOMS, DS_SYMPTOMS, DS_AGE_RANGE, NR_ENCOUNTER_VARCHAR, NM_PHYSICIAN, IE_CONFIRMED, IE_DISCHARGE_ORDER_STATUS)
VALUES (
nextval('pfcs_detail_patient_seq'), clock_timestamp(), nm_usuario_p, clock_timestamp(), nm_usuario_p, 4512990, '', 6249316, '', '', '', '', '', 3425455, '', '', '', '', '', '', '', '', '', '', '', '', 'M', '', '', '', '', '', '301- ', '', '', '', '', '', '', '', '', '', '', '', '', '', '', '', '', '', '', '', 'Ankit  Department', '', '', '31 - 35', '', '', '', ''
);

/* INSERT QUERY NO: 27 */

INSERT INTO pfcs_detail_patient(NR_SEQUENCIA, DT_ATUALIZACAO, NM_USUARIO, DT_ATUALIZACAO_NREC, NM_USUARIO_NREC, ID_PATIENT, NM_PATIENT, NR_SEQ_DETAIL, QT_TIME_AWAITING_BED, DS_UNIT_PA, DS_CLASSIFICATION, QT_TIME_BOX_PA, DT_ENTRANCE, NR_ENCOUNTER, QT_TIME_QUEUE, QT_TIME_RECEPTION, QT_TIME_TRIAGE, QT_TIME_CALL, QT_TIME_EXAM, QT_TIME_MEDIC, QT_TIME_OUTCOME, QT_TIME_TOTAL_PA, QT_TIME_TOTAL_HOSPITALIZATION, QT_TIME_AWAIT_AFTER_DISCHARGE, NR_LAST_ENCOUNTER, DT_LAST_ENTRANCE, DS_GENDER, DT_BIRTHDATE, DS_PRIMARY_DIAGNOSIS, DS_DNR_STATUS, QT_TIME_TELEMETRY, DS_REQUESTED_UNIT, DS_BED_ASSIGNED, QT_RED_ALARMS, QT_YELLOW_ALARMS, DS_SERVICE_LINE, QT_TIME_STAGE_PA, IE_STAGE_PA, IE_OVER_THRESHOLD, CD_GROUP_PA, DS_GROUP_PA, IE_CLINIC, DS_CLINIC, DT_EXPECTED_DISCHARGE, DT_LAST_DISCHARGE, DS_PHYSICIAN, DS_REASON_DISCHARGE, CD_REASON_DISCHARGE, QT_TIME_SCHEDULE, CD_CLASSIFICATION, CD_STAGE_PA, DS_STAGE_PA, DS_CURRENT_LOCATION, IE_SYMPTOMS, DS_SYMPTOMS, DS_AGE_RANGE, NR_ENCOUNTER_VARCHAR, NM_PHYSICIAN, IE_CONFIRMED, IE_DISCHARGE_ORDER_STATUS)
VALUES (
nextval('pfcs_detail_patient_seq'), clock_timestamp(), nm_usuario_p, clock_timestamp(), nm_usuario_p, 4512991, '', 6249317, '', '', '', '', '', 3425481, '', '', '', '', '', '', '', '', '', '', '', '', 'M', '', '', '', '', '', '202- ', '', '', '', '', '', '', '', '', '', '', '', '', '', '', '', '', '', '', '', 'Ankit  Department', '', '', '31 - 35', '', '', '', ''
);

/* INSERT QUERY NO: 28 */

INSERT INTO pfcs_detail_patient(NR_SEQUENCIA, DT_ATUALIZACAO, NM_USUARIO, DT_ATUALIZACAO_NREC, NM_USUARIO_NREC, ID_PATIENT, NM_PATIENT, NR_SEQ_DETAIL, QT_TIME_AWAITING_BED, DS_UNIT_PA, DS_CLASSIFICATION, QT_TIME_BOX_PA, DT_ENTRANCE, NR_ENCOUNTER, QT_TIME_QUEUE, QT_TIME_RECEPTION, QT_TIME_TRIAGE, QT_TIME_CALL, QT_TIME_EXAM, QT_TIME_MEDIC, QT_TIME_OUTCOME, QT_TIME_TOTAL_PA, QT_TIME_TOTAL_HOSPITALIZATION, QT_TIME_AWAIT_AFTER_DISCHARGE, NR_LAST_ENCOUNTER, DT_LAST_ENTRANCE, DS_GENDER, DT_BIRTHDATE, DS_PRIMARY_DIAGNOSIS, DS_DNR_STATUS, QT_TIME_TELEMETRY, DS_REQUESTED_UNIT, DS_BED_ASSIGNED, QT_RED_ALARMS, QT_YELLOW_ALARMS, DS_SERVICE_LINE, QT_TIME_STAGE_PA, IE_STAGE_PA, IE_OVER_THRESHOLD, CD_GROUP_PA, DS_GROUP_PA, IE_CLINIC, DS_CLINIC, DT_EXPECTED_DISCHARGE, DT_LAST_DISCHARGE, DS_PHYSICIAN, DS_REASON_DISCHARGE, CD_REASON_DISCHARGE, QT_TIME_SCHEDULE, CD_CLASSIFICATION, CD_STAGE_PA, DS_STAGE_PA, DS_CURRENT_LOCATION, IE_SYMPTOMS, DS_SYMPTOMS, DS_AGE_RANGE, NR_ENCOUNTER_VARCHAR, NM_PHYSICIAN, IE_CONFIRMED, IE_DISCHARGE_ORDER_STATUS)
VALUES (
nextval('pfcs_detail_patient_seq'), clock_timestamp(), nm_usuario_p, clock_timestamp(), nm_usuario_p, 4512992, '', 6249318, '', '', '', '', '', 3425477, '', '', '', '', '', '', '', '', '', '', '', '', 'M', '', '', '', '', '', '1005- ', '', '', '', '', '', '', '', '', '', '', '', '', '', '', '', '', '', '', '', 'Ankit  Department', '', '', '31 - 35', '', '', '', ''
);

/* INSERT QUERY NO: 29 */

INSERT INTO pfcs_detail_patient(NR_SEQUENCIA, DT_ATUALIZACAO, NM_USUARIO, DT_ATUALIZACAO_NREC, NM_USUARIO_NREC, ID_PATIENT, NM_PATIENT, NR_SEQ_DETAIL, QT_TIME_AWAITING_BED, DS_UNIT_PA, DS_CLASSIFICATION, QT_TIME_BOX_PA, DT_ENTRANCE, NR_ENCOUNTER, QT_TIME_QUEUE, QT_TIME_RECEPTION, QT_TIME_TRIAGE, QT_TIME_CALL, QT_TIME_EXAM, QT_TIME_MEDIC, QT_TIME_OUTCOME, QT_TIME_TOTAL_PA, QT_TIME_TOTAL_HOSPITALIZATION, QT_TIME_AWAIT_AFTER_DISCHARGE, NR_LAST_ENCOUNTER, DT_LAST_ENTRANCE, DS_GENDER, DT_BIRTHDATE, DS_PRIMARY_DIAGNOSIS, DS_DNR_STATUS, QT_TIME_TELEMETRY, DS_REQUESTED_UNIT, DS_BED_ASSIGNED, QT_RED_ALARMS, QT_YELLOW_ALARMS, DS_SERVICE_LINE, QT_TIME_STAGE_PA, IE_STAGE_PA, IE_OVER_THRESHOLD, CD_GROUP_PA, DS_GROUP_PA, IE_CLINIC, DS_CLINIC, DT_EXPECTED_DISCHARGE, DT_LAST_DISCHARGE, DS_PHYSICIAN, DS_REASON_DISCHARGE, CD_REASON_DISCHARGE, QT_TIME_SCHEDULE, CD_CLASSIFICATION, CD_STAGE_PA, DS_STAGE_PA, DS_CURRENT_LOCATION, IE_SYMPTOMS, DS_SYMPTOMS, DS_AGE_RANGE, NR_ENCOUNTER_VARCHAR, NM_PHYSICIAN, IE_CONFIRMED, IE_DISCHARGE_ORDER_STATUS)
VALUES (
nextval('pfcs_detail_patient_seq'), clock_timestamp(), nm_usuario_p, clock_timestamp(), nm_usuario_p, 4512993, '', 6249319, '', '', '', '', '', 3425483, '', '', '', '', '', '', '', '', '', '', '', '', 'M', '', '', '', '', '', '201- ', '', '', '', '', '', '', '', '', '', '', '', '', '', '', '', '', '', '', '', 'Ankit  Department', '', '', '31 - 35', '', '', '', ''
);

/* INSERT QUERY NO: 30 */

INSERT INTO pfcs_detail_patient(NR_SEQUENCIA, DT_ATUALIZACAO, NM_USUARIO, DT_ATUALIZACAO_NREC, NM_USUARIO_NREC, ID_PATIENT, NM_PATIENT, NR_SEQ_DETAIL, QT_TIME_AWAITING_BED, DS_UNIT_PA, DS_CLASSIFICATION, QT_TIME_BOX_PA, DT_ENTRANCE, NR_ENCOUNTER, QT_TIME_QUEUE, QT_TIME_RECEPTION, QT_TIME_TRIAGE, QT_TIME_CALL, QT_TIME_EXAM, QT_TIME_MEDIC, QT_TIME_OUTCOME, QT_TIME_TOTAL_PA, QT_TIME_TOTAL_HOSPITALIZATION, QT_TIME_AWAIT_AFTER_DISCHARGE, NR_LAST_ENCOUNTER, DT_LAST_ENTRANCE, DS_GENDER, DT_BIRTHDATE, DS_PRIMARY_DIAGNOSIS, DS_DNR_STATUS, QT_TIME_TELEMETRY, DS_REQUESTED_UNIT, DS_BED_ASSIGNED, QT_RED_ALARMS, QT_YELLOW_ALARMS, DS_SERVICE_LINE, QT_TIME_STAGE_PA, IE_STAGE_PA, IE_OVER_THRESHOLD, CD_GROUP_PA, DS_GROUP_PA, IE_CLINIC, DS_CLINIC, DT_EXPECTED_DISCHARGE, DT_LAST_DISCHARGE, DS_PHYSICIAN, DS_REASON_DISCHARGE, CD_REASON_DISCHARGE, QT_TIME_SCHEDULE, CD_CLASSIFICATION, CD_STAGE_PA, DS_STAGE_PA, DS_CURRENT_LOCATION, IE_SYMPTOMS, DS_SYMPTOMS, DS_AGE_RANGE, NR_ENCOUNTER_VARCHAR, NM_PHYSICIAN, IE_CONFIRMED, IE_DISCHARGE_ORDER_STATUS)
VALUES (
nextval('pfcs_detail_patient_seq'), clock_timestamp(), nm_usuario_p, clock_timestamp(), nm_usuario_p, 4512994, '', 6249320, '', '', '', '', '', 3426836, '', '', '', '', '', '', '', '', '', '', '', '', 'M', '', '', '', '', '', 'Box01- ', '', '', '', '', '', '', '', '', '', '', '', '', '', '', '', '', '', '', '', 'Emergency Department (MM)', '', 'B342 - B34.2 Infecc p/coronavirus NE', '21 - 25', '', '', '', ''
);
/* INSERT QUERY NO: 35 */

INSERT INTO pfcs_detail_patient(NR_SEQUENCIA, DT_ATUALIZACAO, NM_USUARIO, DT_ATUALIZACAO_NREC, NM_USUARIO_NREC, ID_PATIENT, NM_PATIENT, NR_SEQ_DETAIL, QT_TIME_AWAITING_BED, DS_UNIT_PA, DS_CLASSIFICATION, QT_TIME_BOX_PA, DT_ENTRANCE, NR_ENCOUNTER, QT_TIME_QUEUE, QT_TIME_RECEPTION, QT_TIME_TRIAGE, QT_TIME_CALL, QT_TIME_EXAM, QT_TIME_MEDIC, QT_TIME_OUTCOME, QT_TIME_TOTAL_PA, QT_TIME_TOTAL_HOSPITALIZATION, QT_TIME_AWAIT_AFTER_DISCHARGE, NR_LAST_ENCOUNTER, DT_LAST_ENTRANCE, DS_GENDER, DT_BIRTHDATE, DS_PRIMARY_DIAGNOSIS, DS_DNR_STATUS, QT_TIME_TELEMETRY, DS_BED_ASSIGNED, QT_RED_ALARMS, QT_YELLOW_ALARMS, DS_SERVICE_LINE, QT_TIME_STAGE_PA, IE_STAGE_PA, IE_OVER_THRESHOLD, CD_GROUP_PA, DS_GROUP_PA, IE_CLINIC, DS_CLINIC, DT_EXPECTED_DISCHARGE, DT_LAST_DISCHARGE, DS_PHYSICIAN, DS_REASON_DISCHARGE, CD_REASON_DISCHARGE, QT_TIME_SCHEDULE, CD_CLASSIFICATION, CD_STAGE_PA, DS_STAGE_PA, DS_CURRENT_LOCATION, IE_SYMPTOMS, DS_SYMPTOMS, DS_AGE_RANGE, NR_ENCOUNTER_VARCHAR, NM_PHYSICIAN, IE_CONFIRMED, IE_DISCHARGE_ORDER_STATUS)
VALUES (
nextval('pfcs_detail_patient_seq'), clock_timestamp(), nm_usuario_p, clock_timestamp(), nm_usuario_p, 1015760251, '', 6249321, '', '', '', '',  TO_DATE('26/07/2020 03:45:53', 'DD/MM/YYYY HH24:MI:SS'), 3652378, '', '', '', '', '', '', '', '', '', '', '', '', 'M', '', '', '', '', 'teste tsteRi', '', '', '', '', '', 'S', '', '', '', '', '', '', '', '', '', '', '', '', '', 'Ankit Test Department', '', '', '31 - 35', '', '', '', ''
);

/* INSERT QUERY NO: 36 */

INSERT INTO pfcs_detail_patient(NR_SEQUENCIA, DT_ATUALIZACAO, NM_USUARIO, DT_ATUALIZACAO_NREC, NM_USUARIO_NREC, ID_PATIENT, NM_PATIENT, NR_SEQ_DETAIL, QT_TIME_AWAITING_BED, DS_UNIT_PA, DS_CLASSIFICATION, QT_TIME_BOX_PA, DT_ENTRANCE, NR_ENCOUNTER, QT_TIME_QUEUE, QT_TIME_RECEPTION, QT_TIME_TRIAGE, QT_TIME_CALL, QT_TIME_EXAM, QT_TIME_MEDIC, QT_TIME_OUTCOME, QT_TIME_TOTAL_PA, QT_TIME_TOTAL_HOSPITALIZATION, QT_TIME_AWAIT_AFTER_DISCHARGE, NR_LAST_ENCOUNTER, DT_LAST_ENTRANCE, DS_GENDER, DT_BIRTHDATE, DS_PRIMARY_DIAGNOSIS, DS_DNR_STATUS, QT_TIME_TELEMETRY, DS_BED_ASSIGNED, QT_RED_ALARMS, QT_YELLOW_ALARMS, DS_SERVICE_LINE, QT_TIME_STAGE_PA, IE_STAGE_PA, IE_OVER_THRESHOLD, CD_GROUP_PA, DS_GROUP_PA, IE_CLINIC, DS_CLINIC, DT_EXPECTED_DISCHARGE, DT_LAST_DISCHARGE, DS_PHYSICIAN, DS_REASON_DISCHARGE, CD_REASON_DISCHARGE, QT_TIME_SCHEDULE, CD_CLASSIFICATION, CD_STAGE_PA, DS_STAGE_PA, DS_CURRENT_LOCATION, IE_SYMPTOMS, DS_SYMPTOMS, DS_AGE_RANGE, NR_ENCOUNTER_VARCHAR, NM_PHYSICIAN, IE_CONFIRMED, IE_DISCHARGE_ORDER_STATUS)
VALUES (
nextval('pfcs_detail_patient_seq'), clock_timestamp(), nm_usuario_p, clock_timestamp(), nm_usuario_p, 1015760251, '', 6249322, '', '', '', '',  TO_DATE('30/01/2020 01:35:45', 'DD/MM/YYYY HH24:MI:SS'), 3670699, '', '', '', '', '', '', '', '', '', '', '', '', 'M', '', '', '', '', 'teste tsteRi', '', '', '', '', '', 'S', '', '', '', '', '', '', '', '', '', '', '', '', '', 'Ankit Test Department', '', '', '31 - 35', '', '', '', ''
);

/* INSERT QUERY NO: 37 */

INSERT INTO pfcs_detail_patient(NR_SEQUENCIA, DT_ATUALIZACAO, NM_USUARIO, DT_ATUALIZACAO_NREC, NM_USUARIO_NREC, ID_PATIENT, NM_PATIENT, NR_SEQ_DETAIL, QT_TIME_AWAITING_BED, DS_UNIT_PA, DS_CLASSIFICATION, QT_TIME_BOX_PA, DT_ENTRANCE, NR_ENCOUNTER, QT_TIME_QUEUE, QT_TIME_RECEPTION, QT_TIME_TRIAGE, QT_TIME_CALL, QT_TIME_EXAM, QT_TIME_MEDIC, QT_TIME_OUTCOME, QT_TIME_TOTAL_PA, QT_TIME_TOTAL_HOSPITALIZATION, QT_TIME_AWAIT_AFTER_DISCHARGE, NR_LAST_ENCOUNTER, DT_LAST_ENTRANCE, DS_GENDER, DT_BIRTHDATE, DS_PRIMARY_DIAGNOSIS, DS_DNR_STATUS, QT_TIME_TELEMETRY, DS_BED_ASSIGNED, QT_RED_ALARMS, QT_YELLOW_ALARMS, DS_SERVICE_LINE, QT_TIME_STAGE_PA, IE_STAGE_PA, IE_OVER_THRESHOLD, CD_GROUP_PA, DS_GROUP_PA, IE_CLINIC, DS_CLINIC, DT_EXPECTED_DISCHARGE, DT_LAST_DISCHARGE, DS_PHYSICIAN, DS_REASON_DISCHARGE, CD_REASON_DISCHARGE, QT_TIME_SCHEDULE, CD_CLASSIFICATION, CD_STAGE_PA, DS_STAGE_PA, DS_CURRENT_LOCATION, IE_SYMPTOMS, DS_SYMPTOMS, DS_AGE_RANGE, NR_ENCOUNTER_VARCHAR, NM_PHYSICIAN, IE_CONFIRMED, IE_DISCHARGE_ORDER_STATUS)
VALUES (
nextval('pfcs_detail_patient_seq'), clock_timestamp(), nm_usuario_p, clock_timestamp(), nm_usuario_p, 1015760251, '', 6249323, '', '', '', '',  TO_DATE('09/04/2020 07:40:54', 'DD/MM/YYYY HH24:MI:SS'), 3689019, '', '', '', '', '', '', '', '', '', '', '', '', 'F', '', '', '', '', 'teste tsteRi', '', '', '', '', '', 'S', '', '', '', '', '', '', '', '', '', '', '', '', '', 'SetorPaciente', '', '', '21 - 25', '', '', '', ''
);



/* INSERT QUERY NO: 30 */

INSERT INTO pfcs_detail_exam_lab(NR_SEQUENCIA, DT_ATUALIZACAO, NM_USUARIO, DT_ATUALIZACAO_NREC, NM_USUARIO_NREC, NR_SEQ_EXAME, NM_EXAM, IE_STATUS_ATEND, DT_APPROVAL, NM_USER_APPROVAL, NR_REQUEST, DT_REQUEST, DT_RELEASE_REQUEST, DS_REQUEST_PHYSICIAN, DS_RESULT, IE_FAST_RESULT_CHECK, NR_SEQ_DETAIL)
VALUES (
nextval('pfcs_detail_exam_lab_seq'), clock_timestamp(), nm_usuario_p, clock_timestamp(), nm_usuario_p, 996839, 'Covid-19', 35,  TO_DATE('26/04/2020 10:22:34', 'DD/MM/YYYY HH24:MI:SS'), 'rrmenardi', 16891100, TO_DATE('06/05/2020 09:06:56', 'DD/MM/YYYY HH24:MI:SS'), TO_DATE('06/05/2020 09:06:56', 'DD/MM/YYYY HH24:MI:SS'), 'Claudiomar Pereira Dias', 'S', '', 6249316
);

/* INSERT QUERY NO: 31 */

INSERT INTO pfcs_detail_exam_lab(NR_SEQUENCIA, DT_ATUALIZACAO, NM_USUARIO, DT_ATUALIZACAO_NREC, NM_USUARIO_NREC, NR_SEQ_EXAME, NM_EXAM, IE_STATUS_ATEND, DT_APPROVAL, NM_USER_APPROVAL, NR_REQUEST, DT_REQUEST, DT_RELEASE_REQUEST, DS_REQUEST_PHYSICIAN, DS_RESULT, IE_FAST_RESULT_CHECK, NR_SEQ_DETAIL)
VALUES (
nextval('pfcs_detail_exam_lab_seq'), clock_timestamp(), nm_usuario_p, clock_timestamp(), nm_usuario_p, 996840, 'Covid-19', 35,  TO_DATE('27/04/2020 10:22:34', 'DD/MM/YYYY HH24:MI:SS'), 'rrmenardi', 16891101, TO_DATE('07/05/2020 09:06:56', 'DD/MM/YYYY HH24:MI:SS'), TO_DATE('07/05/2020 09:06:56', 'DD/MM/YYYY HH24:MI:SS'), 'Claudiomar Pereira Dias', 'S', '', 6249317
);

/* INSERT QUERY NO: 32 */

INSERT INTO pfcs_detail_exam_lab(NR_SEQUENCIA, DT_ATUALIZACAO, NM_USUARIO, DT_ATUALIZACAO_NREC, NM_USUARIO_NREC, NR_SEQ_EXAME, NM_EXAM, IE_STATUS_ATEND, DT_APPROVAL, NM_USER_APPROVAL, NR_REQUEST, DT_REQUEST, DT_RELEASE_REQUEST, DS_REQUEST_PHYSICIAN, DS_RESULT, IE_FAST_RESULT_CHECK, NR_SEQ_DETAIL)
VALUES (
nextval('pfcs_detail_exam_lab_seq'), clock_timestamp(), nm_usuario_p, clock_timestamp(), nm_usuario_p, 996841, 'Covid-19', 35,  TO_DATE('28/04/2020 10:22:34', 'DD/MM/YYYY HH24:MI:SS'), 'rrmenardi', 16891102, TO_DATE('08/05/2020 09:06:56', 'DD/MM/YYYY HH24:MI:SS'), TO_DATE('08/05/2020 09:06:56', 'DD/MM/YYYY HH24:MI:SS'), 'Claudiomar Pereira Dias', 'S', '', 6249318
);

/* INSERT QUERY NO: 33 */

INSERT INTO pfcs_detail_exam_lab(NR_SEQUENCIA, DT_ATUALIZACAO, NM_USUARIO, DT_ATUALIZACAO_NREC, NM_USUARIO_NREC, NR_SEQ_EXAME, NM_EXAM, IE_STATUS_ATEND, DT_APPROVAL, NM_USER_APPROVAL, NR_REQUEST, DT_REQUEST, DT_RELEASE_REQUEST, DS_REQUEST_PHYSICIAN, DS_RESULT, IE_FAST_RESULT_CHECK, NR_SEQ_DETAIL)
VALUES (
nextval('pfcs_detail_exam_lab_seq'), clock_timestamp(), nm_usuario_p, clock_timestamp(), nm_usuario_p, 996842, 'Covid-19', 35,  TO_DATE('29/04/2020 10:22:34', 'DD/MM/YYYY HH24:MI:SS'), 'rrmenardi', 16891103, TO_DATE('17/05/2020 09:06:56', 'DD/MM/YYYY HH24:MI:SS'), TO_DATE('09/05/2020 09:06:56', 'DD/MM/YYYY HH24:MI:SS'), 'Claudiomar Pereira Dias', 'S', '', 6249319
);

/* INSERT QUERY NO: 34 */

INSERT INTO pfcs_detail_exam_lab(NR_SEQUENCIA, DT_ATUALIZACAO, NM_USUARIO, DT_ATUALIZACAO_NREC, NM_USUARIO_NREC, NR_SEQ_EXAME, NM_EXAM, IE_STATUS_ATEND, DT_APPROVAL, NM_USER_APPROVAL, NR_REQUEST, DT_REQUEST, DT_RELEASE_REQUEST, DS_REQUEST_PHYSICIAN, DS_RESULT, IE_FAST_RESULT_CHECK, NR_SEQ_DETAIL)
VALUES (
nextval('pfcs_detail_exam_lab_seq'), clock_timestamp(), nm_usuario_p, clock_timestamp(), nm_usuario_p, 996843, 'Covid-19', 35,  TO_DATE('30/04/2020 10:22:34', 'DD/MM/YYYY HH24:MI:SS'), 'rrmenardi', 16891104, TO_DATE('10/05/2020 09:06:56', 'DD/MM/YYYY HH24:MI:SS'), TO_DATE('10/05/2020 09:06:56', 'DD/MM/YYYY HH24:MI:SS'), 'Claudiomar Pereira Dias', 'S', '', 6249320
);

/* INSERT QUERY NO: 35 */

INSERT INTO pfcs_detail_exam_lab(NR_SEQUENCIA, DT_ATUALIZACAO, NM_USUARIO, DT_ATUALIZACAO_NREC, NM_USUARIO_NREC, NR_SEQ_EXAME, NM_EXAM, IE_STATUS_ATEND, DT_APPROVAL, NM_USER_APPROVAL, NR_REQUEST, DT_REQUEST, DT_RELEASE_REQUEST, DS_REQUEST_PHYSICIAN, DS_RESULT, IE_FAST_RESULT_CHECK, NR_SEQ_DETAIL)
VALUES (
nextval('pfcs_detail_exam_lab_seq'), clock_timestamp(), nm_usuario_p, clock_timestamp(), nm_usuario_p, 996844, 'Covid-19', 35,  TO_DATE('01/05/2020 10:22:34', 'DD/MM/YYYY HH24:MI:SS'), 'rrmenardi', 16891105, TO_DATE('11/05/2020 09:06:56', 'DD/MM/YYYY HH24:MI:SS'), TO_DATE('11/05/2020 09:06:56', 'DD/MM/YYYY HH24:MI:SS'), 'Claudiomar Pereira Dias', 'N', '', 6249321
);

/* INSERT QUERY NO: 36 */

INSERT INTO pfcs_detail_exam_lab(NR_SEQUENCIA, DT_ATUALIZACAO, NM_USUARIO, DT_ATUALIZACAO_NREC, NM_USUARIO_NREC, NR_SEQ_EXAME, NM_EXAM, IE_STATUS_ATEND, DT_APPROVAL, NM_USER_APPROVAL, NR_REQUEST, DT_REQUEST, DT_RELEASE_REQUEST, DS_REQUEST_PHYSICIAN, DS_RESULT, IE_FAST_RESULT_CHECK, NR_SEQ_DETAIL)
VALUES (
nextval('pfcs_detail_exam_lab_seq'), clock_timestamp(), nm_usuario_p, clock_timestamp(), nm_usuario_p, 996845, 'Covid-19', 35,  TO_DATE('02/05/2020 10:22:34', 'DD/MM/YYYY HH24:MI:SS'), 'rrmenardi', 16891106, TO_DATE('12/05/2020 09:06:56', 'DD/MM/YYYY HH24:MI:SS'), TO_DATE('12/05/2020 09:06:56', 'DD/MM/YYYY HH24:MI:SS'), 'Claudiomar Pereira Dias', 'N', '', 6249322
);

/* INSERT QUERY NO: 37 */

INSERT INTO pfcs_detail_exam_lab(NR_SEQUENCIA, DT_ATUALIZACAO, NM_USUARIO, DT_ATUALIZACAO_NREC, NM_USUARIO_NREC, NR_SEQ_EXAME, NM_EXAM, IE_STATUS_ATEND, DT_APPROVAL, NM_USER_APPROVAL, NR_REQUEST, DT_REQUEST, DT_RELEASE_REQUEST, DS_REQUEST_PHYSICIAN, DS_RESULT, IE_FAST_RESULT_CHECK, NR_SEQ_DETAIL)
VALUES (
nextval('pfcs_detail_exam_lab_seq'), clock_timestamp(), nm_usuario_p, clock_timestamp(), nm_usuario_p, 996846, 'Covid-19', 35,  TO_DATE('03/05/2020 10:22:34', 'DD/MM/YYYY HH24:MI:SS'), 'rrmenardi', 16891107, TO_DATE('13/05/2020 09:06:56', 'DD/MM/YYYY HH24:MI:SS'), TO_DATE('13/05/2020 09:06:56', 'DD/MM/YYYY HH24:MI:SS'), 'Claudiomar Pereira Dias', 'N', '', 6249323
);


CALL pfcs_pck.pfcs_update_detail(
		nr_seq_indicator_p => nr_seq_indicator_p,
		nr_seq_panel_p => pfcs_panel_seq_w,
		nr_seq_operational_level_p => cd_estabelecimento_w,
		nm_usuario_p => nm_usuario_p);

CALL pfcs_pck.pfcs_activate_records(
            nr_seq_indicator_p => nr_seq_indicator_p,
            nr_seq_operational_level_p => cd_estabelecimento_w,
            nm_usuario_p => nm_usuario_p);

cd_estabelecimento_w	:= 14;

/* INSERT QUERY NO: 1 */

select	nextval('pfcs_panel_seq')
	into STRICT	pfcs_panel_seq_w
	;

 := pfcs_pck.pfcs_generate_results(
		vl_indicator_p => 10, nr_seq_indicator_p => nr_seq_indicator_p, nr_seq_operational_level_p => cd_estabelecimento_w, nm_usuario_p => nm_usuario_p, nr_seq_panel_p => pfcs_panel_seq_w);




/* INSERT QUERY NO: 38 */

INSERT INTO pfcs_panel_detail(NR_SEQUENCIA, DT_ATUALIZACAO, NM_USUARIO, DT_ATUALIZACAO_NREC, NM_USUARIO_NREC, NR_SEQ_INDICATOR, VL_INDICATOR, NR_SEQ_OPERATIONAL_LEVEL, NR_SEQ_TACTICAL_LEVEL, IE_SITUATION, NR_SEQ_PANEL)
VALUES (
6249324, clock_timestamp(), nm_usuario_p, clock_timestamp(), nm_usuario_p, nr_seq_indicator_p, '', cd_estabelecimento_w, '', 'A', pfcs_panel_seq_w
);

/* INSERT QUERY NO: 39 */

INSERT INTO pfcs_panel_detail(NR_SEQUENCIA, DT_ATUALIZACAO, NM_USUARIO, DT_ATUALIZACAO_NREC, NM_USUARIO_NREC, NR_SEQ_INDICATOR, VL_INDICATOR, NR_SEQ_OPERATIONAL_LEVEL, NR_SEQ_TACTICAL_LEVEL, IE_SITUATION, NR_SEQ_PANEL)
VALUES (
6249325, clock_timestamp(), nm_usuario_p, clock_timestamp(), nm_usuario_p, nr_seq_indicator_p, '', cd_estabelecimento_w, '', 'A', pfcs_panel_seq_w
);

/* INSERT QUERY NO: 40 */

INSERT INTO pfcs_panel_detail(NR_SEQUENCIA, DT_ATUALIZACAO, NM_USUARIO, DT_ATUALIZACAO_NREC, NM_USUARIO_NREC, NR_SEQ_INDICATOR, VL_INDICATOR, NR_SEQ_OPERATIONAL_LEVEL, NR_SEQ_TACTICAL_LEVEL, IE_SITUATION, NR_SEQ_PANEL)
VALUES (
6249326, clock_timestamp(), nm_usuario_p, clock_timestamp(), nm_usuario_p, nr_seq_indicator_p, '', cd_estabelecimento_w, '', 'A', pfcs_panel_seq_w
);

/* INSERT QUERY NO: 4pfcs_panel_seq_w */

INSERT INTO pfcs_panel_detail(NR_SEQUENCIA, DT_ATUALIZACAO, NM_USUARIO, DT_ATUALIZACAO_NREC, NM_USUARIO_NREC, NR_SEQ_INDICATOR, VL_INDICATOR, NR_SEQ_OPERATIONAL_LEVEL, NR_SEQ_TACTICAL_LEVEL, IE_SITUATION, NR_SEQ_PANEL)
VALUES (
6249327, clock_timestamp(), nm_usuario_p, clock_timestamp(), nm_usuario_p, nr_seq_indicator_p, '', cd_estabelecimento_w, '', 'A', pfcs_panel_seq_w
);

/* INSERT QUERY NO: 42 */

INSERT INTO pfcs_panel_detail(NR_SEQUENCIA, DT_ATUALIZACAO, NM_USUARIO, DT_ATUALIZACAO_NREC, NM_USUARIO_NREC, NR_SEQ_INDICATOR, VL_INDICATOR, NR_SEQ_OPERATIONAL_LEVEL, NR_SEQ_TACTICAL_LEVEL, IE_SITUATION, NR_SEQ_PANEL)
VALUES (
6249328, clock_timestamp(), nm_usuario_p, clock_timestamp(), nm_usuario_p, nr_seq_indicator_p, '', cd_estabelecimento_w, '', 'A', pfcs_panel_seq_w
);

/* INSERT QUERY NO: 43 */

INSERT INTO pfcs_panel_detail(NR_SEQUENCIA, DT_ATUALIZACAO, NM_USUARIO, DT_ATUALIZACAO_NREC, NM_USUARIO_NREC, NR_SEQ_INDICATOR, VL_INDICATOR, NR_SEQ_OPERATIONAL_LEVEL, NR_SEQ_TACTICAL_LEVEL, IE_SITUATION, NR_SEQ_PANEL)
VALUES (
6249329, clock_timestamp(), nm_usuario_p, clock_timestamp(), nm_usuario_p, nr_seq_indicator_p, '', cd_estabelecimento_w, '', 'A', pfcs_panel_seq_w
);

/* INSERT QUERY NO: 44 */

INSERT INTO pfcs_panel_detail(NR_SEQUENCIA, DT_ATUALIZACAO, NM_USUARIO, DT_ATUALIZACAO_NREC, NM_USUARIO_NREC, NR_SEQ_INDICATOR, VL_INDICATOR, NR_SEQ_OPERATIONAL_LEVEL, NR_SEQ_TACTICAL_LEVEL, IE_SITUATION, NR_SEQ_PANEL)
VALUES (
6249330, clock_timestamp(), nm_usuario_p, clock_timestamp(), nm_usuario_p, nr_seq_indicator_p, '', cd_estabelecimento_w, '', 'A', pfcs_panel_seq_w
);

/* INSERT QUERY NO: 45 */

INSERT INTO pfcs_panel_detail(NR_SEQUENCIA, DT_ATUALIZACAO, NM_USUARIO, DT_ATUALIZACAO_NREC, NM_USUARIO_NREC, NR_SEQ_INDICATOR, VL_INDICATOR, NR_SEQ_OPERATIONAL_LEVEL, NR_SEQ_TACTICAL_LEVEL, IE_SITUATION, NR_SEQ_PANEL)
VALUES (
6249331, clock_timestamp(), nm_usuario_p, clock_timestamp(), nm_usuario_p, nr_seq_indicator_p, '', cd_estabelecimento_w, '', 'A', pfcs_panel_seq_w
);

/* INSERT QUERY NO: 46 */

INSERT INTO pfcs_panel_detail(NR_SEQUENCIA, DT_ATUALIZACAO, NM_USUARIO, DT_ATUALIZACAO_NREC, NM_USUARIO_NREC, NR_SEQ_INDICATOR, VL_INDICATOR, NR_SEQ_OPERATIONAL_LEVEL, NR_SEQ_TACTICAL_LEVEL, IE_SITUATION, NR_SEQ_PANEL)
VALUES (
6249332, clock_timestamp(), nm_usuario_p, clock_timestamp(), nm_usuario_p, nr_seq_indicator_p, '', cd_estabelecimento_w, '', 'A', pfcs_panel_seq_w
);

/* INSERT QUERY NO: 47 */

INSERT INTO pfcs_panel_detail(NR_SEQUENCIA, DT_ATUALIZACAO, NM_USUARIO, DT_ATUALIZACAO_NREC, NM_USUARIO_NREC, NR_SEQ_INDICATOR, VL_INDICATOR, NR_SEQ_OPERATIONAL_LEVEL, NR_SEQ_TACTICAL_LEVEL, IE_SITUATION, NR_SEQ_PANEL)
VALUES (
6249333, clock_timestamp(), nm_usuario_p, clock_timestamp(), nm_usuario_p, nr_seq_indicator_p, '', cd_estabelecimento_w, '', 'A', pfcs_panel_seq_w
);

/* INSERT QUERY NO: 48 */

INSERT INTO pfcs_panel_detail(NR_SEQUENCIA, DT_ATUALIZACAO, NM_USUARIO, DT_ATUALIZACAO_NREC, NM_USUARIO_NREC, NR_SEQ_INDICATOR, VL_INDICATOR, NR_SEQ_OPERATIONAL_LEVEL, NR_SEQ_TACTICAL_LEVEL, IE_SITUATION, NR_SEQ_PANEL)
VALUES (
6249334, clock_timestamp(), nm_usuario_p, clock_timestamp(), nm_usuario_p, nr_seq_indicator_p, '', cd_estabelecimento_w, '', 'A', pfcs_panel_seq_w
);

/* INSERT QUERY NO: 49 */

INSERT INTO pfcs_panel_detail(NR_SEQUENCIA, DT_ATUALIZACAO, NM_USUARIO, DT_ATUALIZACAO_NREC, NM_USUARIO_NREC, NR_SEQ_INDICATOR, VL_INDICATOR, NR_SEQ_OPERATIONAL_LEVEL, NR_SEQ_TACTICAL_LEVEL, IE_SITUATION, NR_SEQ_PANEL)
VALUES (
6249335, clock_timestamp(), nm_usuario_p, clock_timestamp(), nm_usuario_p, nr_seq_indicator_p, '', cd_estabelecimento_w, '', 'A', pfcs_panel_seq_w
);

/* INSERT QUERY NO: 50 */

INSERT INTO pfcs_panel_detail(NR_SEQUENCIA, DT_ATUALIZACAO, NM_USUARIO, DT_ATUALIZACAO_NREC, NM_USUARIO_NREC, NR_SEQ_INDICATOR, VL_INDICATOR, NR_SEQ_OPERATIONAL_LEVEL, NR_SEQ_TACTICAL_LEVEL, IE_SITUATION, NR_SEQ_PANEL)
VALUES (
6249336, clock_timestamp(), nm_usuario_p, clock_timestamp(), nm_usuario_p, nr_seq_indicator_p, '', cd_estabelecimento_w, '', 'A', pfcs_panel_seq_w
);




/* INSERT QUERY NO: 31 */

INSERT INTO pfcs_detail_patient(NR_SEQUENCIA, DT_ATUALIZACAO, NM_USUARIO, DT_ATUALIZACAO_NREC, NM_USUARIO_NREC, ID_PATIENT, NM_PATIENT, NR_SEQ_DETAIL, QT_TIME_AWAITING_BED, DS_UNIT_PA, DS_CLASSIFICATION, QT_TIME_BOX_PA, DT_ENTRANCE, NR_ENCOUNTER, QT_TIME_QUEUE, QT_TIME_RECEPTION, QT_TIME_TRIAGE, QT_TIME_CALL, QT_TIME_EXAM, QT_TIME_MEDIC, QT_TIME_OUTCOME, QT_TIME_TOTAL_PA, QT_TIME_TOTAL_HOSPITALIZATION, QT_TIME_AWAIT_AFTER_DISCHARGE, NR_LAST_ENCOUNTER, DT_LAST_ENTRANCE, DS_GENDER, DT_BIRTHDATE, DS_PRIMARY_DIAGNOSIS, DS_DNR_STATUS, QT_TIME_TELEMETRY, DS_REQUESTED_UNIT, DS_BED_ASSIGNED, QT_RED_ALARMS, QT_YELLOW_ALARMS, DS_SERVICE_LINE, QT_TIME_STAGE_PA, IE_STAGE_PA, IE_OVER_THRESHOLD, CD_GROUP_PA, DS_GROUP_PA, IE_CLINIC, DS_CLINIC, DT_EXPECTED_DISCHARGE, DT_LAST_DISCHARGE, DS_PHYSICIAN, DS_REASON_DISCHARGE, CD_REASON_DISCHARGE, QT_TIME_SCHEDULE, CD_CLASSIFICATION, CD_STAGE_PA, DS_STAGE_PA, DS_CURRENT_LOCATION, IE_SYMPTOMS, DS_SYMPTOMS, DS_AGE_RANGE, NR_ENCOUNTER_VARCHAR, NM_PHYSICIAN, IE_CONFIRMED, IE_DISCHARGE_ORDER_STATUS)
VALUES (
nextval('pfcs_detail_patient_seq'), clock_timestamp(), nm_usuario_p, clock_timestamp(), nm_usuario_p, 4512995, '', 6249324, '', '', '', '', '', 3427664, '', '', '', '', '', '', '', '', '', '', '', '', 'F', '', '', '', '', '', 'ICU-9', '', '', '', '', '', '', '', '', '', '', '', '', '', '', '', '', '', '', '', 'Hospital WardA', '', '', '36 - 40', '', '', '', ''
);

/* INSERT QUERY NO: 32 */

INSERT INTO pfcs_detail_patient(NR_SEQUENCIA, DT_ATUALIZACAO, NM_USUARIO, DT_ATUALIZACAO_NREC, NM_USUARIO_NREC, ID_PATIENT, NM_PATIENT, NR_SEQ_DETAIL, QT_TIME_AWAITING_BED, DS_UNIT_PA, DS_CLASSIFICATION, QT_TIME_BOX_PA, DT_ENTRANCE, NR_ENCOUNTER, QT_TIME_QUEUE, QT_TIME_RECEPTION, QT_TIME_TRIAGE, QT_TIME_CALL, QT_TIME_EXAM, QT_TIME_MEDIC, QT_TIME_OUTCOME, QT_TIME_TOTAL_PA, QT_TIME_TOTAL_HOSPITALIZATION, QT_TIME_AWAIT_AFTER_DISCHARGE, NR_LAST_ENCOUNTER, DT_LAST_ENTRANCE, DS_GENDER, DT_BIRTHDATE, DS_PRIMARY_DIAGNOSIS, DS_DNR_STATUS, QT_TIME_TELEMETRY, DS_REQUESTED_UNIT, DS_BED_ASSIGNED, QT_RED_ALARMS, QT_YELLOW_ALARMS, DS_SERVICE_LINE, QT_TIME_STAGE_PA, IE_STAGE_PA, IE_OVER_THRESHOLD, CD_GROUP_PA, DS_GROUP_PA, IE_CLINIC, DS_CLINIC, DT_EXPECTED_DISCHARGE, DT_LAST_DISCHARGE, DS_PHYSICIAN, DS_REASON_DISCHARGE, CD_REASON_DISCHARGE, QT_TIME_SCHEDULE, CD_CLASSIFICATION, CD_STAGE_PA, DS_STAGE_PA, DS_CURRENT_LOCATION, IE_SYMPTOMS, DS_SYMPTOMS, DS_AGE_RANGE, NR_ENCOUNTER_VARCHAR, NM_PHYSICIAN, IE_CONFIRMED, IE_DISCHARGE_ORDER_STATUS)
VALUES (
nextval('pfcs_detail_patient_seq'), clock_timestamp(), nm_usuario_p, clock_timestamp(), nm_usuario_p, 4512996, '', 6249325, '', '', '', '', '', 3425451, '', '', '', '', '', '', '', '', '', '', '', '', 'M', '', '', '', '', '', '1237- ', '', '', '', '', '', '', '', '', '', '', '', '', '', '', '', '', '', '', '', 'Ankit  Department', '', '', '31 - 35', '', '', '', ''
);

/* INSERT QUERY NO: 33 */

INSERT INTO pfcs_detail_patient(NR_SEQUENCIA, DT_ATUALIZACAO, NM_USUARIO, DT_ATUALIZACAO_NREC, NM_USUARIO_NREC, ID_PATIENT, NM_PATIENT, NR_SEQ_DETAIL, QT_TIME_AWAITING_BED, DS_UNIT_PA, DS_CLASSIFICATION, QT_TIME_BOX_PA, DT_ENTRANCE, NR_ENCOUNTER, QT_TIME_QUEUE, QT_TIME_RECEPTION, QT_TIME_TRIAGE, QT_TIME_CALL, QT_TIME_EXAM, QT_TIME_MEDIC, QT_TIME_OUTCOME, QT_TIME_TOTAL_PA, QT_TIME_TOTAL_HOSPITALIZATION, QT_TIME_AWAIT_AFTER_DISCHARGE, NR_LAST_ENCOUNTER, DT_LAST_ENTRANCE, DS_GENDER, DT_BIRTHDATE, DS_PRIMARY_DIAGNOSIS, DS_DNR_STATUS, QT_TIME_TELEMETRY, DS_REQUESTED_UNIT, DS_BED_ASSIGNED, QT_RED_ALARMS, QT_YELLOW_ALARMS, DS_SERVICE_LINE, QT_TIME_STAGE_PA, IE_STAGE_PA, IE_OVER_THRESHOLD, CD_GROUP_PA, DS_GROUP_PA, IE_CLINIC, DS_CLINIC, DT_EXPECTED_DISCHARGE, DT_LAST_DISCHARGE, DS_PHYSICIAN, DS_REASON_DISCHARGE, CD_REASON_DISCHARGE, QT_TIME_SCHEDULE, CD_CLASSIFICATION, CD_STAGE_PA, DS_STAGE_PA, DS_CURRENT_LOCATION, IE_SYMPTOMS, DS_SYMPTOMS, DS_AGE_RANGE, NR_ENCOUNTER_VARCHAR, NM_PHYSICIAN, IE_CONFIRMED, IE_DISCHARGE_ORDER_STATUS)
VALUES (
nextval('pfcs_detail_patient_seq'), clock_timestamp(), nm_usuario_p, clock_timestamp(), nm_usuario_p, 4512997, '', 6249326, '', '', '', '', '', 3428357, '', '', '', '', '', '', '', '', '', '', '', '', 'M', '', '', '', '', '', '03- ', '', '', '', '', '', '', '', '', '', '', '', '', '', '', '', '', '', '', '', 'Unidade de Internação (Juliana)', '', 'B342 - B34.2 Infecc p/coronavirus NE', '21 - 25', '', '', '', ''
);

/* INSERT QUERY NO: 41 */

INSERT INTO pfcs_detail_patient(NR_SEQUENCIA, DT_ATUALIZACAO, NM_USUARIO, DT_ATUALIZACAO_NREC, NM_USUARIO_NREC, ID_PATIENT, NM_PATIENT, NR_SEQ_DETAIL, QT_TIME_AWAITING_BED, DS_UNIT_PA, DS_CLASSIFICATION, QT_TIME_BOX_PA, DT_ENTRANCE, NR_ENCOUNTER, QT_TIME_QUEUE, QT_TIME_RECEPTION, QT_TIME_TRIAGE, QT_TIME_CALL, QT_TIME_EXAM, QT_TIME_MEDIC, QT_TIME_OUTCOME, QT_TIME_TOTAL_PA, QT_TIME_TOTAL_HOSPITALIZATION, QT_TIME_AWAIT_AFTER_DISCHARGE, NR_LAST_ENCOUNTER, DT_LAST_ENTRANCE, DS_GENDER, DT_BIRTHDATE, DS_PRIMARY_DIAGNOSIS, DS_DNR_STATUS, QT_TIME_TELEMETRY, DS_BED_ASSIGNED, QT_RED_ALARMS, QT_YELLOW_ALARMS, DS_SERVICE_LINE, QT_TIME_STAGE_PA, IE_STAGE_PA, IE_OVER_THRESHOLD, CD_GROUP_PA, DS_GROUP_PA, IE_CLINIC, DS_CLINIC, DT_EXPECTED_DISCHARGE, DT_LAST_DISCHARGE, DS_PHYSICIAN, DS_REASON_DISCHARGE, CD_REASON_DISCHARGE, QT_TIME_SCHEDULE, CD_CLASSIFICATION, CD_STAGE_PA, DS_STAGE_PA, DS_CURRENT_LOCATION, IE_SYMPTOMS, DS_SYMPTOMS, DS_AGE_RANGE, NR_ENCOUNTER_VARCHAR, NM_PHYSICIAN, IE_CONFIRMED, IE_DISCHARGE_ORDER_STATUS)
VALUES (
nextval('pfcs_detail_patient_seq'), clock_timestamp(), nm_usuario_p, clock_timestamp(), nm_usuario_p, 1015760251, '', 6249327, '', '', '', '',  TO_DATE('28/03/2020 12:11:14', 'DD/MM/YYYY HH24:MI:SS'), 3762300, '', '', '', '', '', '', '', '', '', '', '', '', 'F', '', '', '', '', 'teste tsteRi', '', '', '', '', '', 'S', '', '', '', '', '', '', '', '', '', '', '', '', '', 'SetorPaciente', '', '', '21 - 25', '', '', '', ''
);

/* INSERT QUERY NO: 42 */

INSERT INTO pfcs_detail_patient(NR_SEQUENCIA, DT_ATUALIZACAO, NM_USUARIO, DT_ATUALIZACAO_NREC, NM_USUARIO_NREC, ID_PATIENT, NM_PATIENT, NR_SEQ_DETAIL, QT_TIME_AWAITING_BED, DS_UNIT_PA, DS_CLASSIFICATION, QT_TIME_BOX_PA, DT_ENTRANCE, NR_ENCOUNTER, QT_TIME_QUEUE, QT_TIME_RECEPTION, QT_TIME_TRIAGE, QT_TIME_CALL, QT_TIME_EXAM, QT_TIME_MEDIC, QT_TIME_OUTCOME, QT_TIME_TOTAL_PA, QT_TIME_TOTAL_HOSPITALIZATION, QT_TIME_AWAIT_AFTER_DISCHARGE, NR_LAST_ENCOUNTER, DT_LAST_ENTRANCE, DS_GENDER, DT_BIRTHDATE, DS_PRIMARY_DIAGNOSIS, DS_DNR_STATUS, QT_TIME_TELEMETRY, DS_BED_ASSIGNED, QT_RED_ALARMS, QT_YELLOW_ALARMS, DS_SERVICE_LINE, QT_TIME_STAGE_PA, IE_STAGE_PA, IE_OVER_THRESHOLD, CD_GROUP_PA, DS_GROUP_PA, IE_CLINIC, DS_CLINIC, DT_EXPECTED_DISCHARGE, DT_LAST_DISCHARGE, DS_PHYSICIAN, DS_REASON_DISCHARGE, CD_REASON_DISCHARGE, QT_TIME_SCHEDULE, CD_CLASSIFICATION, CD_STAGE_PA, DS_STAGE_PA, DS_CURRENT_LOCATION, IE_SYMPTOMS, DS_SYMPTOMS, DS_AGE_RANGE, NR_ENCOUNTER_VARCHAR, NM_PHYSICIAN, IE_CONFIRMED, IE_DISCHARGE_ORDER_STATUS)
VALUES (
nextval('pfcs_detail_patient_seq'), clock_timestamp(), nm_usuario_p, clock_timestamp(), nm_usuario_p, 1015760251, '', 6249328, '', '', '', '', TO_DATE('17/03/2020 10:22:44', 'DD/MM/YYYY HH24:MI:SS'), 3780620, '', '', '', '', '', '', '', '', '', '', '', '', 'F', '', '', '', '', 'teste tsteRi', '', '', '', '', '', 'S', '', '', '', '', '', '', '', '', '', '', '', '', '', 'Daniela Melo - UI', '', '', '26 - 30', '', '', '', ''
);

/* INSERT QUERY NO: 43 */

INSERT INTO pfcs_detail_patient(NR_SEQUENCIA, DT_ATUALIZACAO, NM_USUARIO, DT_ATUALIZACAO_NREC, NM_USUARIO_NREC, ID_PATIENT, NM_PATIENT, NR_SEQ_DETAIL, QT_TIME_AWAITING_BED, DS_UNIT_PA, DS_CLASSIFICATION, QT_TIME_BOX_PA, DT_ENTRANCE, NR_ENCOUNTER, QT_TIME_QUEUE, QT_TIME_RECEPTION, QT_TIME_TRIAGE, QT_TIME_CALL, QT_TIME_EXAM, QT_TIME_MEDIC, QT_TIME_OUTCOME, QT_TIME_TOTAL_PA, QT_TIME_TOTAL_HOSPITALIZATION, QT_TIME_AWAIT_AFTER_DISCHARGE, NR_LAST_ENCOUNTER, DT_LAST_ENTRANCE, DS_GENDER, DT_BIRTHDATE, DS_PRIMARY_DIAGNOSIS, DS_DNR_STATUS, QT_TIME_TELEMETRY, DS_BED_ASSIGNED, QT_RED_ALARMS, QT_YELLOW_ALARMS, DS_SERVICE_LINE, QT_TIME_STAGE_PA, IE_STAGE_PA, IE_OVER_THRESHOLD, CD_GROUP_PA, DS_GROUP_PA, IE_CLINIC, DS_CLINIC, DT_EXPECTED_DISCHARGE, DT_LAST_DISCHARGE, DS_PHYSICIAN, DS_REASON_DISCHARGE, CD_REASON_DISCHARGE, QT_TIME_SCHEDULE, CD_CLASSIFICATION, CD_STAGE_PA, DS_STAGE_PA, DS_CURRENT_LOCATION, IE_SYMPTOMS, DS_SYMPTOMS, DS_AGE_RANGE, NR_ENCOUNTER_VARCHAR, NM_PHYSICIAN, IE_CONFIRMED, IE_DISCHARGE_ORDER_STATUS)
VALUES (
nextval('pfcs_detail_patient_seq'), clock_timestamp(), nm_usuario_p, clock_timestamp(), nm_usuario_p, 1015760251, '', 6249329, '', '', '', '', TO_DATE('25/03/2020 04:46:09', 'DD/MM/YYYY HH24:MI:SS'), 3798940, '', '', '', '', '', '', '', '', '', '', '', '', 'F', '', '', '', '', 'teste tsteRi', '', '', '', '', '', 'S', '', '', '', '', '', '', '', '', '', '', '', '', '', 'Daniela Melo - UI', '', '', '26 - 30', '', '', '', ''
);

/* INSERT QUERY NO: 44 */

INSERT INTO pfcs_detail_patient(NR_SEQUENCIA, DT_ATUALIZACAO, NM_USUARIO, DT_ATUALIZACAO_NREC, NM_USUARIO_NREC, ID_PATIENT, NM_PATIENT, NR_SEQ_DETAIL, QT_TIME_AWAITING_BED, DS_UNIT_PA, DS_CLASSIFICATION, QT_TIME_BOX_PA, DT_ENTRANCE, NR_ENCOUNTER, QT_TIME_QUEUE, QT_TIME_RECEPTION, QT_TIME_TRIAGE, QT_TIME_CALL, QT_TIME_EXAM, QT_TIME_MEDIC, QT_TIME_OUTCOME, QT_TIME_TOTAL_PA, QT_TIME_TOTAL_HOSPITALIZATION, QT_TIME_AWAIT_AFTER_DISCHARGE, NR_LAST_ENCOUNTER, DT_LAST_ENTRANCE, DS_GENDER, DT_BIRTHDATE, DS_PRIMARY_DIAGNOSIS, DS_DNR_STATUS, QT_TIME_TELEMETRY, DS_BED_ASSIGNED, QT_RED_ALARMS, QT_YELLOW_ALARMS, DS_SERVICE_LINE, QT_TIME_STAGE_PA, IE_STAGE_PA, IE_OVER_THRESHOLD, CD_GROUP_PA, DS_GROUP_PA, IE_CLINIC, DS_CLINIC, DT_EXPECTED_DISCHARGE, DT_LAST_DISCHARGE, DS_PHYSICIAN, DS_REASON_DISCHARGE, CD_REASON_DISCHARGE, QT_TIME_SCHEDULE, CD_CLASSIFICATION, CD_STAGE_PA, DS_STAGE_PA, DS_CURRENT_LOCATION, IE_SYMPTOMS, DS_SYMPTOMS, DS_AGE_RANGE, NR_ENCOUNTER_VARCHAR, NM_PHYSICIAN, IE_CONFIRMED, IE_DISCHARGE_ORDER_STATUS)
VALUES (
nextval('pfcs_detail_patient_seq'), clock_timestamp(), nm_usuario_p, clock_timestamp(), nm_usuario_p, 1015760251, '', 6249330, '', '', '', '', TO_DATE('20/05/2020 04:35:30', 'DD/MM/YYYY HH24:MI:SS'), 3817260, '', '', '', '', '', '', '', '', '', '', '', '', 'M', '', '', '', '', 'teste tsteRi', '', '', '', '', '', 'S', '', '', '', '', '', '', '', '', '', '', '', '', '', 'Hospital WardB', '', '', '66 - 70', '', '', '', ''
);

/* INSERT QUERY NO: 45 */

INSERT INTO pfcs_detail_patient(NR_SEQUENCIA, DT_ATUALIZACAO, NM_USUARIO, DT_ATUALIZACAO_NREC, NM_USUARIO_NREC, ID_PATIENT, NM_PATIENT, NR_SEQ_DETAIL, QT_TIME_AWAITING_BED, DS_UNIT_PA, DS_CLASSIFICATION, QT_TIME_BOX_PA, DT_ENTRANCE, NR_ENCOUNTER, QT_TIME_QUEUE, QT_TIME_RECEPTION, QT_TIME_TRIAGE, QT_TIME_CALL, QT_TIME_EXAM, QT_TIME_MEDIC, QT_TIME_OUTCOME, QT_TIME_TOTAL_PA, QT_TIME_TOTAL_HOSPITALIZATION, QT_TIME_AWAIT_AFTER_DISCHARGE, NR_LAST_ENCOUNTER, DT_LAST_ENTRANCE, DS_GENDER, DT_BIRTHDATE, DS_PRIMARY_DIAGNOSIS, DS_DNR_STATUS, QT_TIME_TELEMETRY, DS_BED_ASSIGNED, QT_RED_ALARMS, QT_YELLOW_ALARMS, DS_SERVICE_LINE, QT_TIME_STAGE_PA, IE_STAGE_PA, IE_OVER_THRESHOLD, CD_GROUP_PA, DS_GROUP_PA, IE_CLINIC, DS_CLINIC, DT_EXPECTED_DISCHARGE, DT_LAST_DISCHARGE, DS_PHYSICIAN, DS_REASON_DISCHARGE, CD_REASON_DISCHARGE, QT_TIME_SCHEDULE, CD_CLASSIFICATION, CD_STAGE_PA, DS_STAGE_PA, DS_CURRENT_LOCATION, IE_SYMPTOMS, DS_SYMPTOMS, DS_AGE_RANGE, NR_ENCOUNTER_VARCHAR, NM_PHYSICIAN, IE_CONFIRMED, IE_DISCHARGE_ORDER_STATUS)
VALUES (
nextval('pfcs_detail_patient_seq'), clock_timestamp(), nm_usuario_p, clock_timestamp(), nm_usuario_p, 1015760251, '', 6249331, '', '', '', '', TO_DATE('21/05/2020 06:31:44', 'DD/MM/YYYY HH24:MI:SS'), 3835581, '', '', '', '', '', '', '', '', '', '', '', '', 'M', '', '', '', '', 'teste tsteRi', '', '', '', '', '', 'S', '', '', '', '', '', '', '', '', '', '', '', '', '', 'Tomografia', '', '', '16 - 20', '', '', '', ''
);

/* INSERT QUERY NO: 46 */

INSERT INTO pfcs_detail_patient(NR_SEQUENCIA, DT_ATUALIZACAO, NM_USUARIO, DT_ATUALIZACAO_NREC, NM_USUARIO_NREC, ID_PATIENT, NM_PATIENT, NR_SEQ_DETAIL, QT_TIME_AWAITING_BED, DS_UNIT_PA, DS_CLASSIFICATION, QT_TIME_BOX_PA, DT_ENTRANCE, NR_ENCOUNTER, QT_TIME_QUEUE, QT_TIME_RECEPTION, QT_TIME_TRIAGE, QT_TIME_CALL, QT_TIME_EXAM, QT_TIME_MEDIC, QT_TIME_OUTCOME, QT_TIME_TOTAL_PA, QT_TIME_TOTAL_HOSPITALIZATION, QT_TIME_AWAIT_AFTER_DISCHARGE, NR_LAST_ENCOUNTER, DT_LAST_ENTRANCE, DS_GENDER, DT_BIRTHDATE, DS_PRIMARY_DIAGNOSIS, DS_DNR_STATUS, QT_TIME_TELEMETRY, DS_BED_ASSIGNED, QT_RED_ALARMS, QT_YELLOW_ALARMS, DS_SERVICE_LINE, QT_TIME_STAGE_PA, IE_STAGE_PA, IE_OVER_THRESHOLD, CD_GROUP_PA, DS_GROUP_PA, IE_CLINIC, DS_CLINIC, DT_EXPECTED_DISCHARGE, DT_LAST_DISCHARGE, DS_PHYSICIAN, DS_REASON_DISCHARGE, CD_REASON_DISCHARGE, QT_TIME_SCHEDULE, CD_CLASSIFICATION, CD_STAGE_PA, DS_STAGE_PA, DS_CURRENT_LOCATION, IE_SYMPTOMS, DS_SYMPTOMS, DS_AGE_RANGE, NR_ENCOUNTER_VARCHAR, NM_PHYSICIAN, IE_CONFIRMED, IE_DISCHARGE_ORDER_STATUS)
VALUES (
nextval('pfcs_detail_patient_seq'), clock_timestamp(), nm_usuario_p, clock_timestamp(), nm_usuario_p, 1015760251, '', 6249332, '', '', '', '', TO_DATE('02/01/2020 11:42:27', 'DD/MM/YYYY HH24:MI:SS'), 3853901, '', '', '', '', '', '', '', '', '', '', '', '', 'M', '', '', '', '', 'teste tsteRi', '', '', '', '', '', 'S', '', '', '', '', '', '', '', '', '', '', '', '', '', 'Ankit Test Department', '', '', '31 - 35', '', '', '', ''
);

/* INSERT QUERY NO: 47 */

INSERT INTO pfcs_detail_patient(NR_SEQUENCIA, DT_ATUALIZACAO, NM_USUARIO, DT_ATUALIZACAO_NREC, NM_USUARIO_NREC, ID_PATIENT, NM_PATIENT, NR_SEQ_DETAIL, QT_TIME_AWAITING_BED, DS_UNIT_PA, DS_CLASSIFICATION, QT_TIME_BOX_PA, DT_ENTRANCE, NR_ENCOUNTER, QT_TIME_QUEUE, QT_TIME_RECEPTION, QT_TIME_TRIAGE, QT_TIME_CALL, QT_TIME_EXAM, QT_TIME_MEDIC, QT_TIME_OUTCOME, QT_TIME_TOTAL_PA, QT_TIME_TOTAL_HOSPITALIZATION, QT_TIME_AWAIT_AFTER_DISCHARGE, NR_LAST_ENCOUNTER, DT_LAST_ENTRANCE, DS_GENDER, DT_BIRTHDATE, DS_PRIMARY_DIAGNOSIS, DS_DNR_STATUS, QT_TIME_TELEMETRY, DS_BED_ASSIGNED, QT_RED_ALARMS, QT_YELLOW_ALARMS, DS_SERVICE_LINE, QT_TIME_STAGE_PA, IE_STAGE_PA, IE_OVER_THRESHOLD, CD_GROUP_PA, DS_GROUP_PA, IE_CLINIC, DS_CLINIC, DT_EXPECTED_DISCHARGE, DT_LAST_DISCHARGE, DS_PHYSICIAN, DS_REASON_DISCHARGE, CD_REASON_DISCHARGE, QT_TIME_SCHEDULE, CD_CLASSIFICATION, CD_STAGE_PA, DS_STAGE_PA, DS_CURRENT_LOCATION, IE_SYMPTOMS, DS_SYMPTOMS, DS_AGE_RANGE, NR_ENCOUNTER_VARCHAR, NM_PHYSICIAN, IE_CONFIRMED, IE_DISCHARGE_ORDER_STATUS)
VALUES (
nextval('pfcs_detail_patient_seq'), clock_timestamp(), nm_usuario_p, clock_timestamp(), nm_usuario_p, 1015760251, '', 6249333, '', '', '', '', TO_DATE('05/05/2020 10:31:27', 'DD/MM/YYYY HH24:MI:SS'), 3872221, '', '', '', '', '', '', '', '', '', '', '', '', 'M', '', '', '', '', 'teste tsteRi', '', '', '', '', '', 'S', '', '', '', '', '', '', '', '', '', '', '', '', '', 'Hospital WardA ', '', '', '21 - 25', '', '', '', ''
);

/* INSERT QUERY NO: 48 */

INSERT INTO pfcs_detail_patient(NR_SEQUENCIA, DT_ATUALIZACAO, NM_USUARIO, DT_ATUALIZACAO_NREC, NM_USUARIO_NREC, ID_PATIENT, NM_PATIENT, NR_SEQ_DETAIL, QT_TIME_AWAITING_BED, DS_UNIT_PA, DS_CLASSIFICATION, QT_TIME_BOX_PA, DT_ENTRANCE, NR_ENCOUNTER, QT_TIME_QUEUE, QT_TIME_RECEPTION, QT_TIME_TRIAGE, QT_TIME_CALL, QT_TIME_EXAM, QT_TIME_MEDIC, QT_TIME_OUTCOME, QT_TIME_TOTAL_PA, QT_TIME_TOTAL_HOSPITALIZATION, QT_TIME_AWAIT_AFTER_DISCHARGE, NR_LAST_ENCOUNTER, DT_LAST_ENTRANCE, DS_GENDER, DT_BIRTHDATE, DS_PRIMARY_DIAGNOSIS, DS_DNR_STATUS, QT_TIME_TELEMETRY, DS_BED_ASSIGNED, QT_RED_ALARMS, QT_YELLOW_ALARMS, DS_SERVICE_LINE, QT_TIME_STAGE_PA, IE_STAGE_PA, IE_OVER_THRESHOLD, CD_GROUP_PA, DS_GROUP_PA, IE_CLINIC, DS_CLINIC, DT_EXPECTED_DISCHARGE, DT_LAST_DISCHARGE, DS_PHYSICIAN, DS_REASON_DISCHARGE, CD_REASON_DISCHARGE, QT_TIME_SCHEDULE, CD_CLASSIFICATION, CD_STAGE_PA, DS_STAGE_PA, DS_CURRENT_LOCATION, IE_SYMPTOMS, DS_SYMPTOMS, DS_AGE_RANGE, NR_ENCOUNTER_VARCHAR, NM_PHYSICIAN, IE_CONFIRMED, IE_DISCHARGE_ORDER_STATUS)
VALUES (
nextval('pfcs_detail_patient_seq'), clock_timestamp(), nm_usuario_p, clock_timestamp(), nm_usuario_p, 1015760251, '', 6249334, '', '', '', '', TO_DATE('27/02/2020 12:09:32', 'DD/MM/YYYY HH24:MI:SS'), 3890541, '', '', '', '', '', '', '', '', '', '', '', '', 'F', '', '', '', '', 'teste tsteRi', '', '', '', '', '', 'S', '', '', '', '', '', '', '', '', '', '', '', '', '', 'ICU - 1 ° FLOOR', '', '', '31 - 35', '', '', '', ''
);

/* INSERT QUERY NO: 49 */

INSERT INTO pfcs_detail_patient(NR_SEQUENCIA, DT_ATUALIZACAO, NM_USUARIO, DT_ATUALIZACAO_NREC, NM_USUARIO_NREC, ID_PATIENT, NM_PATIENT, NR_SEQ_DETAIL, QT_TIME_AWAITING_BED, DS_UNIT_PA, DS_CLASSIFICATION, QT_TIME_BOX_PA, DT_ENTRANCE, NR_ENCOUNTER, QT_TIME_QUEUE, QT_TIME_RECEPTION, QT_TIME_TRIAGE, QT_TIME_CALL, QT_TIME_EXAM, QT_TIME_MEDIC, QT_TIME_OUTCOME, QT_TIME_TOTAL_PA, QT_TIME_TOTAL_HOSPITALIZATION, QT_TIME_AWAIT_AFTER_DISCHARGE, NR_LAST_ENCOUNTER, DT_LAST_ENTRANCE, DS_GENDER, DT_BIRTHDATE, DS_PRIMARY_DIAGNOSIS, DS_DNR_STATUS, QT_TIME_TELEMETRY, DS_BED_ASSIGNED, QT_RED_ALARMS, QT_YELLOW_ALARMS, DS_SERVICE_LINE, QT_TIME_STAGE_PA, IE_STAGE_PA, IE_OVER_THRESHOLD, CD_GROUP_PA, DS_GROUP_PA, IE_CLINIC, DS_CLINIC, DT_EXPECTED_DISCHARGE, DT_LAST_DISCHARGE, DS_PHYSICIAN, DS_REASON_DISCHARGE, CD_REASON_DISCHARGE, QT_TIME_SCHEDULE, CD_CLASSIFICATION, CD_STAGE_PA, DS_STAGE_PA, DS_CURRENT_LOCATION, IE_SYMPTOMS, DS_SYMPTOMS, DS_AGE_RANGE, NR_ENCOUNTER_VARCHAR, NM_PHYSICIAN, IE_CONFIRMED, IE_DISCHARGE_ORDER_STATUS)
VALUES (
nextval('pfcs_detail_patient_seq'), clock_timestamp(), nm_usuario_p, clock_timestamp(), nm_usuario_p, 1015760251, '', 6249335, '', '', '', '', TO_DATE('28/02/2020 15:09:32', 'DD/MM/YYYY HH24:MI:SS'), 3908862, '', '', '', '', '', '', '', '', '', '', '', '', 'M', '', '', '', '', 'teste tsteRi', '', '', '', '', '', 'S', '', '', '', '', '', '', '', '', '', '', '', '', '', 'Ankit Test Department', '', '', '31 - 35', '', '', '', ''
);

/* INSERT QUERY NO: 50 */

INSERT INTO pfcs_detail_patient(NR_SEQUENCIA, DT_ATUALIZACAO, NM_USUARIO, DT_ATUALIZACAO_NREC, NM_USUARIO_NREC, ID_PATIENT, NM_PATIENT, NR_SEQ_DETAIL, QT_TIME_AWAITING_BED, DS_UNIT_PA, DS_CLASSIFICATION, QT_TIME_BOX_PA, DT_ENTRANCE, NR_ENCOUNTER, QT_TIME_QUEUE, QT_TIME_RECEPTION, QT_TIME_TRIAGE, QT_TIME_CALL, QT_TIME_EXAM, QT_TIME_MEDIC, QT_TIME_OUTCOME, QT_TIME_TOTAL_PA, QT_TIME_TOTAL_HOSPITALIZATION, QT_TIME_AWAIT_AFTER_DISCHARGE, NR_LAST_ENCOUNTER, DT_LAST_ENTRANCE, DS_GENDER, DT_BIRTHDATE, DS_PRIMARY_DIAGNOSIS, DS_DNR_STATUS, QT_TIME_TELEMETRY, DS_BED_ASSIGNED, QT_RED_ALARMS, QT_YELLOW_ALARMS, DS_SERVICE_LINE, QT_TIME_STAGE_PA, IE_STAGE_PA, IE_OVER_THRESHOLD, CD_GROUP_PA, DS_GROUP_PA, IE_CLINIC, DS_CLINIC, DT_EXPECTED_DISCHARGE, DT_LAST_DISCHARGE, DS_PHYSICIAN, DS_REASON_DISCHARGE, CD_REASON_DISCHARGE, QT_TIME_SCHEDULE, CD_CLASSIFICATION, CD_STAGE_PA, DS_STAGE_PA, DS_CURRENT_LOCATION, IE_SYMPTOMS, DS_SYMPTOMS, DS_AGE_RANGE, NR_ENCOUNTER_VARCHAR, NM_PHYSICIAN, IE_CONFIRMED, IE_DISCHARGE_ORDER_STATUS)
VALUES (
nextval('pfcs_detail_patient_seq'), clock_timestamp(), nm_usuario_p, clock_timestamp(), nm_usuario_p, 1015760251, '', 6249336, '', '', '', '', TO_DATE('29/02/2020 17:09:32', 'DD/MM/YYYY HH24:MI:SS'), 3927182, '', '', '', '', '', '', '', '', '', '', '', '', 'M', '', '', '', '', 'teste tsteRi', '', '', '', '', '', 'S', '', '', '', '', '', '', '', '', '', '', '', '', '', 'Ankit Test Department', '', '', '31 - 35', '', '', '', ''
);

/* INSERT QUERY NO: 38 */

INSERT INTO pfcs_detail_exam_lab(NR_SEQUENCIA, DT_ATUALIZACAO, NM_USUARIO, DT_ATUALIZACAO_NREC, NM_USUARIO_NREC, NR_SEQ_EXAME, NM_EXAM, IE_STATUS_ATEND, DT_APPROVAL, NM_USER_APPROVAL, NR_REQUEST, DT_REQUEST, DT_RELEASE_REQUEST, DS_REQUEST_PHYSICIAN, DS_RESULT, IE_FAST_RESULT_CHECK, NR_SEQ_DETAIL)
VALUES (
nextval('pfcs_detail_exam_lab_seq'), clock_timestamp(), nm_usuario_p, clock_timestamp(), nm_usuario_p, 996847, 'Covid-19', 35,  TO_DATE('04/05/2020 10:22:34', 'DD/MM/YYYY HH24:MI:SS'), 'rrmenardi', 16891108, TO_DATE('14/05/2020 09:06:56', 'DD/MM/YYYY HH24:MI:SS'), TO_DATE('14/05/2020 09:06:56', 'DD/MM/YYYY HH24:MI:SS'), 'Claudiomar Pereira Dias', 'S', '', 6249324
);

/* INSERT QUERY NO: 39 */

INSERT INTO pfcs_detail_exam_lab(NR_SEQUENCIA, DT_ATUALIZACAO, NM_USUARIO, DT_ATUALIZACAO_NREC, NM_USUARIO_NREC, NR_SEQ_EXAME, NM_EXAM, IE_STATUS_ATEND, DT_APPROVAL, NM_USER_APPROVAL, NR_REQUEST, DT_REQUEST, DT_RELEASE_REQUEST, DS_REQUEST_PHYSICIAN, DS_RESULT, IE_FAST_RESULT_CHECK, NR_SEQ_DETAIL)
VALUES (
nextval('pfcs_detail_exam_lab_seq'), clock_timestamp(), nm_usuario_p, clock_timestamp(), nm_usuario_p, 996848, 'Covid-19', 35,  TO_DATE('05/05/2020 10:22:34', 'DD/MM/YYYY HH24:MI:SS'), 'rrmenardi', 16891109, TO_DATE('15/05/2020 09:06:56', 'DD/MM/YYYY HH24:MI:SS'), TO_DATE('15/05/2020 09:06:56', 'DD/MM/YYYY HH24:MI:SS'), 'Claudiomar Pereira Dias', 'S', '', 6249325
);

/* INSERT QUERY NO: 40 */

INSERT INTO pfcs_detail_exam_lab(NR_SEQUENCIA, DT_ATUALIZACAO, NM_USUARIO, DT_ATUALIZACAO_NREC, NM_USUARIO_NREC, NR_SEQ_EXAME, NM_EXAM, IE_STATUS_ATEND, DT_APPROVAL, NM_USER_APPROVAL, NR_REQUEST, DT_REQUEST, DT_RELEASE_REQUEST, DS_REQUEST_PHYSICIAN, DS_RESULT, IE_FAST_RESULT_CHECK, NR_SEQ_DETAIL)
VALUES (
nextval('pfcs_detail_exam_lab_seq'), clock_timestamp(), nm_usuario_p, clock_timestamp(), nm_usuario_p, 996849, 'Covid-19', 35,  TO_DATE('06/05/2020 10:22:34', 'DD/MM/YYYY HH24:MI:SS'), 'rrmenardi', 16891110, TO_DATE('16/05/2020 09:06:56', 'DD/MM/YYYY HH24:MI:SS'), TO_DATE('16/05/2020 09:06:56', 'DD/MM/YYYY HH24:MI:SS'), 'Claudiomar Pereira Dias', 'S', '', 6249326
);

/* INSERT QUERY NO: 41 */

INSERT INTO pfcs_detail_exam_lab(NR_SEQUENCIA, DT_ATUALIZACAO, NM_USUARIO, DT_ATUALIZACAO_NREC, NM_USUARIO_NREC, NR_SEQ_EXAME, NM_EXAM, IE_STATUS_ATEND, DT_APPROVAL, NM_USER_APPROVAL, NR_REQUEST, DT_REQUEST, DT_RELEASE_REQUEST, DS_REQUEST_PHYSICIAN, DS_RESULT, IE_FAST_RESULT_CHECK, NR_SEQ_DETAIL)
VALUES (
nextval('pfcs_detail_exam_lab_seq'), clock_timestamp(), nm_usuario_p, clock_timestamp(), nm_usuario_p, 996850, 'Covid-19', 35,  TO_DATE('07/05/2020 10:22:34', 'DD/MM/YYYY HH24:MI:SS'), 'rrmenardi', 16891111, TO_DATE('17/05/2020 09:06:56', 'DD/MM/YYYY HH24:MI:SS'), TO_DATE('17/05/2020 09:06:56', 'DD/MM/YYYY HH24:MI:SS'), 'Claudiomar Pereira Dias', 'N', '', 6249327
);

/* INSERT QUERY NO: 42 */

INSERT INTO pfcs_detail_exam_lab(NR_SEQUENCIA, DT_ATUALIZACAO, NM_USUARIO, DT_ATUALIZACAO_NREC, NM_USUARIO_NREC, NR_SEQ_EXAME, NM_EXAM, IE_STATUS_ATEND, DT_APPROVAL, NM_USER_APPROVAL, NR_REQUEST, DT_REQUEST, DT_RELEASE_REQUEST, DS_REQUEST_PHYSICIAN, DS_RESULT, IE_FAST_RESULT_CHECK, NR_SEQ_DETAIL)
VALUES (
nextval('pfcs_detail_exam_lab_seq'), clock_timestamp(), nm_usuario_p, clock_timestamp(), nm_usuario_p, 996851, 'Covid-19', 35,  TO_DATE('08/05/2020 10:22:34', 'DD/MM/YYYY HH24:MI:SS'), 'rrmenardi', 16891112, TO_DATE('18/05/2020 09:06:56', 'DD/MM/YYYY HH24:MI:SS'), TO_DATE('18/05/2020 09:06:56', 'DD/MM/YYYY HH24:MI:SS'), 'Claudiomar Pereira Dias', 'N', '', 6249328
);

/* INSERT QUERY NO: 43 */

INSERT INTO pfcs_detail_exam_lab(NR_SEQUENCIA, DT_ATUALIZACAO, NM_USUARIO, DT_ATUALIZACAO_NREC, NM_USUARIO_NREC, NR_SEQ_EXAME, NM_EXAM, IE_STATUS_ATEND, DT_APPROVAL, NM_USER_APPROVAL, NR_REQUEST, DT_REQUEST, DT_RELEASE_REQUEST, DS_REQUEST_PHYSICIAN, DS_RESULT, IE_FAST_RESULT_CHECK, NR_SEQ_DETAIL)
VALUES (
nextval('pfcs_detail_exam_lab_seq'), clock_timestamp(), nm_usuario_p, clock_timestamp(), nm_usuario_p, 996852, 'Covid-19', 35,  TO_DATE('09/05/2020 10:22:34', 'DD/MM/YYYY HH24:MI:SS'), 'rrmenardi', 16891113, TO_DATE('19/05/2020 09:06:56', 'DD/MM/YYYY HH24:MI:SS'), TO_DATE('19/05/2020 09:06:56', 'DD/MM/YYYY HH24:MI:SS'), 'Claudiomar Pereira Dias', 'N', '', 6249329
);

/* INSERT QUERY NO: 44 */

INSERT INTO pfcs_detail_exam_lab(NR_SEQUENCIA, DT_ATUALIZACAO, NM_USUARIO, DT_ATUALIZACAO_NREC, NM_USUARIO_NREC, NR_SEQ_EXAME, NM_EXAM, IE_STATUS_ATEND, DT_APPROVAL, NM_USER_APPROVAL, NR_REQUEST, DT_REQUEST, DT_RELEASE_REQUEST, DS_REQUEST_PHYSICIAN, DS_RESULT, IE_FAST_RESULT_CHECK, NR_SEQ_DETAIL)
VALUES (
nextval('pfcs_detail_exam_lab_seq'), clock_timestamp(), nm_usuario_p, clock_timestamp(), nm_usuario_p, 996853, 'Covid-19', 35,  TO_DATE('10/05/2020 10:22:34', 'DD/MM/YYYY HH24:MI:SS'), 'rrmenardi', 16891114, TO_DATE('20/05/2020 09:06:56', 'DD/MM/YYYY HH24:MI:SS'), TO_DATE('20/05/2020 09:06:56', 'DD/MM/YYYY HH24:MI:SS'), 'Claudiomar Pereira Dias', 'N', '', 6249330
);

/* INSERT QUERY NO: 45 */

INSERT INTO pfcs_detail_exam_lab(NR_SEQUENCIA, DT_ATUALIZACAO, NM_USUARIO, DT_ATUALIZACAO_NREC, NM_USUARIO_NREC, NR_SEQ_EXAME, NM_EXAM, IE_STATUS_ATEND, DT_APPROVAL, NM_USER_APPROVAL, NR_REQUEST, DT_REQUEST, DT_RELEASE_REQUEST, DS_REQUEST_PHYSICIAN, DS_RESULT, IE_FAST_RESULT_CHECK, NR_SEQ_DETAIL)
VALUES (
nextval('pfcs_detail_exam_lab_seq'), clock_timestamp(), nm_usuario_p, clock_timestamp(), nm_usuario_p, 996854, 'Covid-19', 35,  TO_DATE('11/05/2020 10:22:34', 'DD/MM/YYYY HH24:MI:SS'), 'rrmenardi', 16891115, TO_DATE('21/05/2020 09:06:56', 'DD/MM/YYYY HH24:MI:SS'), TO_DATE('21/05/2020 09:06:56', 'DD/MM/YYYY HH24:MI:SS'), 'Claudiomar Pereira Dias', 'N', '', 6249331
);

/* INSERT QUERY NO: 46 */

INSERT INTO pfcs_detail_exam_lab(NR_SEQUENCIA, DT_ATUALIZACAO, NM_USUARIO, DT_ATUALIZACAO_NREC, NM_USUARIO_NREC, NR_SEQ_EXAME, NM_EXAM, IE_STATUS_ATEND, DT_APPROVAL, NM_USER_APPROVAL, NR_REQUEST, DT_REQUEST, DT_RELEASE_REQUEST, DS_REQUEST_PHYSICIAN, DS_RESULT, IE_FAST_RESULT_CHECK, NR_SEQ_DETAIL)
VALUES (
nextval('pfcs_detail_exam_lab_seq'), clock_timestamp(), nm_usuario_p, clock_timestamp(), nm_usuario_p, 996855, 'Covid-19', 35,  TO_DATE('12/05/2020 10:22:34', 'DD/MM/YYYY HH24:MI:SS'), 'rrmenardi', 16891116, TO_DATE('22/05/2020 09:06:56', 'DD/MM/YYYY HH24:MI:SS'), TO_DATE('22/05/2020 09:06:56', 'DD/MM/YYYY HH24:MI:SS'), 'Claudiomar Pereira Dias', 'N', '', 6249332
);

/* INSERT QUERY NO: 47 */

INSERT INTO pfcs_detail_exam_lab(NR_SEQUENCIA, DT_ATUALIZACAO, NM_USUARIO, DT_ATUALIZACAO_NREC, NM_USUARIO_NREC, NR_SEQ_EXAME, NM_EXAM, IE_STATUS_ATEND, DT_APPROVAL, NM_USER_APPROVAL, NR_REQUEST, DT_REQUEST, DT_RELEASE_REQUEST, DS_REQUEST_PHYSICIAN, DS_RESULT, IE_FAST_RESULT_CHECK, NR_SEQ_DETAIL)
VALUES (
nextval('pfcs_detail_exam_lab_seq'), clock_timestamp(), nm_usuario_p, clock_timestamp(), nm_usuario_p, 996856, 'Covid-19', 35,  TO_DATE('13/05/2020 10:22:34', 'DD/MM/YYYY HH24:MI:SS'), 'rrmenardi', 16891117, TO_DATE('23/05/2020 09:06:56', 'DD/MM/YYYY HH24:MI:SS'), TO_DATE('23/05/2020 09:06:56', 'DD/MM/YYYY HH24:MI:SS'), 'Claudiomar Pereira Dias', 'N', '', 6249333
);

/* INSERT QUERY NO: 48 */

INSERT INTO pfcs_detail_exam_lab(NR_SEQUENCIA, DT_ATUALIZACAO, NM_USUARIO, DT_ATUALIZACAO_NREC, NM_USUARIO_NREC, NR_SEQ_EXAME, NM_EXAM, IE_STATUS_ATEND, DT_APPROVAL, NM_USER_APPROVAL, NR_REQUEST, DT_REQUEST, DT_RELEASE_REQUEST, DS_REQUEST_PHYSICIAN, DS_RESULT, IE_FAST_RESULT_CHECK, NR_SEQ_DETAIL)
VALUES (
nextval('pfcs_detail_exam_lab_seq'), clock_timestamp(), nm_usuario_p, clock_timestamp(), nm_usuario_p, 996857, 'Covid-19', 35,  TO_DATE('14/05/2020 10:22:34', 'DD/MM/YYYY HH24:MI:SS'), 'rrmenardi', 16891118, TO_DATE('24/05/2020 09:06:56', 'DD/MM/YYYY HH24:MI:SS'), TO_DATE('24/05/2020 09:06:56', 'DD/MM/YYYY HH24:MI:SS'), 'Claudiomar Pereira Dias', 'N', '', 6249334
);

/* INSERT QUERY NO: 49 */

INSERT INTO pfcs_detail_exam_lab(NR_SEQUENCIA, DT_ATUALIZACAO, NM_USUARIO, DT_ATUALIZACAO_NREC, NM_USUARIO_NREC, NR_SEQ_EXAME, NM_EXAM, IE_STATUS_ATEND, DT_APPROVAL, NM_USER_APPROVAL, NR_REQUEST, DT_REQUEST, DT_RELEASE_REQUEST, DS_REQUEST_PHYSICIAN, DS_RESULT, IE_FAST_RESULT_CHECK, NR_SEQ_DETAIL)
VALUES (
nextval('pfcs_detail_exam_lab_seq'), clock_timestamp(), nm_usuario_p, clock_timestamp(), nm_usuario_p, 996858, 'Covid-19', 35,  TO_DATE('15/05/2020 10:22:34', 'DD/MM/YYYY HH24:MI:SS'), 'rrmenardi', 16891119, TO_DATE('25/05/2020 09:06:56', 'DD/MM/YYYY HH24:MI:SS'), TO_DATE('25/05/2020 09:06:56', 'DD/MM/YYYY HH24:MI:SS'), 'Claudiomar Pereira Dias', 'N', '', 6249335
);

/* INSERT QUERY NO: 50 */

INSERT INTO pfcs_detail_exam_lab(NR_SEQUENCIA, DT_ATUALIZACAO, NM_USUARIO, DT_ATUALIZACAO_NREC, NM_USUARIO_NREC, NR_SEQ_EXAME, NM_EXAM, IE_STATUS_ATEND, DT_APPROVAL, NM_USER_APPROVAL, NR_REQUEST, DT_REQUEST, DT_RELEASE_REQUEST, DS_REQUEST_PHYSICIAN, DS_RESULT, IE_FAST_RESULT_CHECK, NR_SEQ_DETAIL)
VALUES (
nextval('pfcs_detail_exam_lab_seq'), clock_timestamp(), nm_usuario_p, clock_timestamp(), nm_usuario_p, 996859, 'Covid-19', 35,  TO_DATE('16/05/2020 10:22:34', 'DD/MM/YYYY HH24:MI:SS'), 'rrmenardi', 16891120, TO_DATE('26/05/2020 09:06:56', 'DD/MM/YYYY HH24:MI:SS'), TO_DATE('26/05/2020 09:06:56', 'DD/MM/YYYY HH24:MI:SS'), 'Claudiomar Pereira Dias', 'N', '', 6249336
);

CALL pfcs_pck.pfcs_update_detail(
		nr_seq_indicator_p => nr_seq_indicator_p,
		nr_seq_panel_p => pfcs_panel_seq_w,
		nr_seq_operational_level_p => cd_estabelecimento_w,
		nm_usuario_p => nm_usuario_p);

CALL pfcs_pck.pfcs_activate_records(
            nr_seq_indicator_p => nr_seq_indicator_p,
            nr_seq_operational_level_p => cd_estabelecimento_w,
            nm_usuario_p => nm_usuario_p);

end;
$body$
LANGUAGE PLPGSQL
SECURITY DEFINER
;
-- REVOKE ALL ON PROCEDURE pfcs_generate_fr4_co ( nr_seq_indicator_p bigint, cd_estabelecimento_p text, nm_usuario_p text) FROM PUBLIC;

