-- Generated by Ora2Pg, the Oracle database Schema converter, version 23.1
-- Copyright 2000-2022 Gilles DAROLD. All rights reserved.
-- DATASOURCE: dbi:Oracle:host=srv-dbora-03.whebdc.com.br;service_name=DEV_1815;port=1521

SET client_encoding TO 'UTF8';





CREATE OR REPLACE PROCEDURE pfcs_generate_4_gl (nr_seq_indicator_p bigint) AS $body$
DECLARE


pfcs_panel_seq_w			pfcs_panel.nr_sequencia%type;
cd_estabelecimento_w			bigint;
nm_usuario_p				varchar(20);


BEGIN
DELETE FROM pfcs_detail_bed WHERE NR_SEQ_DETAIL in (16000,16001,16002,16003,16004,16033,16006,16007,16008,16009,16010,16011,16012,16013,16014,16015,16016,16017,16018,16019,16020,16021,16022,16023,16024,16025,16026,16027,16028,16029,16030,16031,16032);
DELETE FROM pfcs_detail_patient WHERE NR_SEQ_DETAIL in (16000,16001,16002,16003,16004,16033,16006,16007,16008,16009,16010,16011,16012,16013,16014,16015,16016,16017,16018,16019,16020,16021,16022,16023,16024,16025,16026,16027,16028,16029,16030,16031,16032);
DELETE FROM pfcs_panel_detail WHERE NR_SEQUENCIA in (16000,16001,16002,16003,16004,16033,16006,16007,16008,16009,16010,16011,16012,16013,16014,16015,16016,16017,16018,16019,16020,16021,16022,16023,16024,16025,16026,16027,16028,16029,16030,16031,16032);
DELETE FROM pfcs_panel where NR_SEQ_INDICATOR = 21;
nm_usuario_p := 'asimovbr';

cd_estabelecimento_w	:= pfcs_get_structure_level(cd_establishment_p => 1, ie_level_p => 'O', ie_info_p => 'C');
-------------------------------------------------- pfcs_panel_detail -----------------------------------------------
/* INSERT QUERY NO: 1 */

INSERT INTO pfcs_panel_detail(NR_SEQUENCIA, NM_USUARIO, DT_ATUALIZACAO, NM_USUARIO_NREC, DT_ATUALIZACAO_NREC, IE_SITUATION, NR_SEQ_INDICATOR, NR_SEQ_OPERATIONAL_LEVEL)
VALUES (
16000, nm_usuario_p, clock_timestamp(), nm_usuario_p, clock_timestamp(), 'T', 21, cd_estabelecimento_w
);

/* INSERT QUERY NO: 2 */

INSERT INTO pfcs_panel_detail(NR_SEQUENCIA, NM_USUARIO, DT_ATUALIZACAO, NM_USUARIO_NREC, DT_ATUALIZACAO_NREC, IE_SITUATION, NR_SEQ_INDICATOR, NR_SEQ_OPERATIONAL_LEVEL)
VALUES (
16001, nm_usuario_p, clock_timestamp(), nm_usuario_p, clock_timestamp(), 'T', 21, cd_estabelecimento_w
);

/* INSERT QUERY NO: 3 */

INSERT INTO pfcs_panel_detail(NR_SEQUENCIA, NM_USUARIO, DT_ATUALIZACAO, NM_USUARIO_NREC, DT_ATUALIZACAO_NREC, IE_SITUATION, NR_SEQ_INDICATOR, NR_SEQ_OPERATIONAL_LEVEL)
VALUES (
16002, nm_usuario_p, clock_timestamp(), nm_usuario_p, clock_timestamp(), 'T', 21, cd_estabelecimento_w
);

/* INSERT QUERY NO: 4 */

INSERT INTO pfcs_panel_detail(NR_SEQUENCIA, NM_USUARIO, DT_ATUALIZACAO, NM_USUARIO_NREC, DT_ATUALIZACAO_NREC, IE_SITUATION, NR_SEQ_INDICATOR, NR_SEQ_OPERATIONAL_LEVEL)
VALUES (
16003, nm_usuario_p, clock_timestamp(), nm_usuario_p, clock_timestamp(), 'T', 21, cd_estabelecimento_w
);

/* INSERT QUERY NO: 5 */

INSERT INTO pfcs_panel_detail(NR_SEQUENCIA, NM_USUARIO, DT_ATUALIZACAO, NM_USUARIO_NREC, DT_ATUALIZACAO_NREC, IE_SITUATION, NR_SEQ_INDICATOR, NR_SEQ_OPERATIONAL_LEVEL)
VALUES (
16004, nm_usuario_p, clock_timestamp(), nm_usuario_p, clock_timestamp(), 'T', 21, cd_estabelecimento_w
);

/* INSERT QUERY NO: 7 */

INSERT INTO pfcs_panel_detail(NR_SEQUENCIA, NM_USUARIO, DT_ATUALIZACAO, NM_USUARIO_NREC, DT_ATUALIZACAO_NREC, IE_SITUATION, NR_SEQ_INDICATOR, NR_SEQ_OPERATIONAL_LEVEL)
VALUES (
16006, nm_usuario_p, clock_timestamp(), nm_usuario_p, clock_timestamp(), 'T', 21, cd_estabelecimento_w
);

/* INSERT QUERY NO: 8 */

INSERT INTO pfcs_panel_detail(NR_SEQUENCIA, NM_USUARIO, DT_ATUALIZACAO, NM_USUARIO_NREC, DT_ATUALIZACAO_NREC, IE_SITUATION, NR_SEQ_INDICATOR, NR_SEQ_OPERATIONAL_LEVEL)
VALUES (
16007, nm_usuario_p, clock_timestamp(), nm_usuario_p, clock_timestamp(), 'T', 21, cd_estabelecimento_w
);

/* INSERT QUERY NO: 9 */

INSERT INTO pfcs_panel_detail(NR_SEQUENCIA, NM_USUARIO, DT_ATUALIZACAO, NM_USUARIO_NREC, DT_ATUALIZACAO_NREC, IE_SITUATION, NR_SEQ_INDICATOR, NR_SEQ_OPERATIONAL_LEVEL)
VALUES (
16008, nm_usuario_p, clock_timestamp(), nm_usuario_p, clock_timestamp(), 'T', 21, cd_estabelecimento_w
);

/* INSERT QUERY NO: 10 */

INSERT INTO pfcs_panel_detail(NR_SEQUENCIA, NM_USUARIO, DT_ATUALIZACAO, NM_USUARIO_NREC, DT_ATUALIZACAO_NREC, IE_SITUATION, NR_SEQ_INDICATOR, NR_SEQ_OPERATIONAL_LEVEL)
VALUES (
16009, nm_usuario_p, clock_timestamp(), nm_usuario_p, clock_timestamp(), 'T', 21, cd_estabelecimento_w
);

/* INSERT QUERY NO: 11 */

INSERT INTO pfcs_panel_detail(NR_SEQUENCIA, NM_USUARIO, DT_ATUALIZACAO, NM_USUARIO_NREC, DT_ATUALIZACAO_NREC, IE_SITUATION, NR_SEQ_INDICATOR, NR_SEQ_OPERATIONAL_LEVEL)
VALUES (
16010, nm_usuario_p, clock_timestamp(), nm_usuario_p, clock_timestamp(), 'T', 21, cd_estabelecimento_w
);

/* INSERT QUERY NO: 12 */

INSERT INTO pfcs_panel_detail(NR_SEQUENCIA, NM_USUARIO, DT_ATUALIZACAO, NM_USUARIO_NREC, DT_ATUALIZACAO_NREC, IE_SITUATION, NR_SEQ_INDICATOR, NR_SEQ_OPERATIONAL_LEVEL)
VALUES (
16011, nm_usuario_p, clock_timestamp(), nm_usuario_p, clock_timestamp(), 'T', 21, cd_estabelecimento_w
);

/* INSERT QUERY NO: 13 */

INSERT INTO pfcs_panel_detail(NR_SEQUENCIA, NM_USUARIO, DT_ATUALIZACAO, NM_USUARIO_NREC, DT_ATUALIZACAO_NREC, IE_SITUATION, NR_SEQ_INDICATOR, NR_SEQ_OPERATIONAL_LEVEL)
VALUES (
16012, nm_usuario_p, clock_timestamp(), nm_usuario_p, clock_timestamp(), 'T', 21, cd_estabelecimento_w
);

/* INSERT QUERY NO: 14 */

INSERT INTO pfcs_panel_detail(NR_SEQUENCIA, NM_USUARIO, DT_ATUALIZACAO, NM_USUARIO_NREC, DT_ATUALIZACAO_NREC, IE_SITUATION, NR_SEQ_INDICATOR, NR_SEQ_OPERATIONAL_LEVEL)
VALUES (
16013, nm_usuario_p, clock_timestamp(), nm_usuario_p, clock_timestamp(), 'T', 21, cd_estabelecimento_w
);

-------------------------------------------------- pfcs_detail_patient ---------------------------------------------
/* INSERT QUERY NO: 5 */

INSERT INTO pfcs_detail_patient(NR_SEQUENCIA, NM_USUARIO, DT_ATUALIZACAO, NM_USUARIO_NREC, DT_ATUALIZACAO_NREC, NR_SEQ_DETAIL, ID_PATIENT, NM_PATIENT, NR_ENCOUNTER, DT_ENTRANCE, DS_GENDER, DS_CLASSIFICATION, DT_BIRTHDATE)
VALUES
(
nextval('pfcs_detail_patient_seq'), nm_usuario_p, clock_timestamp(), nm_usuario_p, clock_timestamp(), 16004, 4874681, 'ZULEIKA, Serafim', 150744, (clock_timestamp() - (162/24/60)), 'Female', 'ACO Groups', TO_DATE('03/03/1996 00:00:00', 'DD/MM/YYYY HH24:MI:SS')
);

/* INSERT QUERY NO: 7 */

INSERT INTO pfcs_detail_patient(NR_SEQUENCIA, NM_USUARIO, DT_ATUALIZACAO, NM_USUARIO_NREC, DT_ATUALIZACAO_NREC, NR_SEQ_DETAIL, ID_PATIENT, NM_PATIENT, NR_ENCOUNTER, DT_ENTRANCE, DS_GENDER, DS_CLASSIFICATION, DT_BIRTHDATE)
VALUES
(
nextval('pfcs_detail_patient_seq'), nm_usuario_p, clock_timestamp(), nm_usuario_p, clock_timestamp(), 16006, 4757002, 'ZOMER, Zilma', 3396098, (clock_timestamp() - (167/24/60)), 'Female', '', TO_DATE('25/11/1999 00:00:00', 'DD/MM/YYYY HH24:MI:SS')
);

/* INSERT QUERY NO: 8 */

INSERT INTO pfcs_detail_patient(NR_SEQUENCIA, NM_USUARIO, DT_ATUALIZACAO, NM_USUARIO_NREC, DT_ATUALIZACAO_NREC, NR_SEQ_DETAIL, ID_PATIENT, NM_PATIENT, NR_ENCOUNTER, DT_ENTRANCE, DS_GENDER, DS_CLASSIFICATION, DT_BIRTHDATE)
VALUES
(
nextval('pfcs_detail_patient_seq'), nm_usuario_p, clock_timestamp(), nm_usuario_p, clock_timestamp(), 16007, 1381760, 'ZONATO, Adriane', 122753, (clock_timestamp() - (163/24/60)), 'Female', '', TO_DATE('08/11/1993 00:00:00', 'DD/MM/YYYY HH24:MI:SS')
);

/* INSERT QUERY NO: 9 */

INSERT INTO pfcs_detail_patient(NR_SEQUENCIA, NM_USUARIO, DT_ATUALIZACAO, NM_USUARIO_NREC, DT_ATUALIZACAO_NREC, NR_SEQ_DETAIL, ID_PATIENT, NM_PATIENT, NR_ENCOUNTER, DT_ENTRANCE, DS_GENDER, DS_CLASSIFICATION, DT_BIRTHDATE)
VALUES
(
nextval('pfcs_detail_patient_seq'), nm_usuario_p, clock_timestamp(), nm_usuario_p, clock_timestamp(), 16008, 1007945, 'ZIBETTI, Camila', 3392516, (clock_timestamp() - (164/24/60)), 'Female', '', TO_DATE('03/05/1964 00:00:00', 'DD/MM/YYYY HH24:MI:SS')
);

/* INSERT QUERY NO: 10 */

INSERT INTO pfcs_detail_patient(NR_SEQUENCIA, NM_USUARIO, DT_ATUALIZACAO, NM_USUARIO_NREC, DT_ATUALIZACAO_NREC, NR_SEQ_DETAIL, ID_PATIENT, NM_PATIENT, NR_ENCOUNTER, DT_ENTRANCE, DS_GENDER, DS_CLASSIFICATION, DT_BIRTHDATE)
VALUES
(
nextval('pfcs_detail_patient_seq'), nm_usuario_p, clock_timestamp(), nm_usuario_p, clock_timestamp(), 16009, 5064023, 'JULIO, Clara', 72447, (clock_timestamp() - (175/24/60)), 'Female', '', TO_DATE('29/09/2015 00:00:00', 'DD/MM/YYYY HH24:MI:SS')
);

/* INSERT QUERY NO: 11 */

INSERT INTO pfcs_detail_patient(NR_SEQUENCIA, NM_USUARIO, DT_ATUALIZACAO, NM_USUARIO_NREC, DT_ATUALIZACAO_NREC, NR_SEQ_DETAIL, ID_PATIENT, NM_PATIENT, NR_ENCOUNTER, DT_ENTRANCE, DS_GENDER, DS_CLASSIFICATION, DT_BIRTHDATE)
VALUES
(
nextval('pfcs_detail_patient_seq'), nm_usuario_p, clock_timestamp(), nm_usuario_p, clock_timestamp(), 16010, 55288, 'JUNG, Adolar', 149133, (clock_timestamp() - (171/24/60)), 'Male', '', TO_DATE('12/03/1997 00:00:00', 'DD/MM/YYYY HH24:MI:SS')
);

/* INSERT QUERY NO: 12 */

INSERT INTO pfcs_detail_patient(NR_SEQUENCIA, NM_USUARIO, DT_ATUALIZACAO, NM_USUARIO_NREC, DT_ATUALIZACAO_NREC, NR_SEQ_DETAIL, ID_PATIENT, NM_PATIENT, NR_ENCOUNTER, DT_ENTRANCE, DS_GENDER, DS_CLASSIFICATION, DT_BIRTHDATE)
VALUES
(
nextval('pfcs_detail_patient_seq'), nm_usuario_p, clock_timestamp(), nm_usuario_p, clock_timestamp(), 16011, 875152, 'MARQUES, Eunize', 11364, (clock_timestamp() - (169/24/60)), 'Female', '', TO_DATE('06/06/1982 00:00:00', 'DD/MM/YYYY HH24:MI:SS')
);

/* INSERT QUERY NO: 13 */

INSERT INTO pfcs_detail_patient(NR_SEQUENCIA, NM_USUARIO, DT_ATUALIZACAO, NM_USUARIO_NREC, DT_ATUALIZACAO_NREC, NR_SEQ_DETAIL, ID_PATIENT, NM_PATIENT, NR_ENCOUNTER, DT_ENTRANCE, DS_GENDER, DS_CLASSIFICATION, DT_BIRTHDATE)
VALUES
(
nextval('pfcs_detail_patient_seq'), nm_usuario_p, clock_timestamp(), nm_usuario_p, clock_timestamp(), 16012, 876096, 'MARRONI, Adelaide', 25550, (clock_timestamp() - (174/24/60)), 'Female', '', TO_DATE('08/06/1972 00:00:00', 'DD/MM/YYYY HH24:MI:SS')
);

/* INSERT QUERY NO: 14 */

INSERT INTO pfcs_detail_patient(NR_SEQUENCIA, NM_USUARIO, DT_ATUALIZACAO, NM_USUARIO_NREC, DT_ATUALIZACAO_NREC, NR_SEQ_DETAIL, ID_PATIENT, NM_PATIENT, NR_ENCOUNTER, DT_ENTRANCE, DS_GENDER, DS_CLASSIFICATION, DT_BIRTHDATE)
VALUES
(
nextval('pfcs_detail_patient_seq'), nm_usuario_p, clock_timestamp(), nm_usuario_p, clock_timestamp(), 16013, 2274303, 'MARQUES, Lucas', 68857, (clock_timestamp() - (178/24/60)), 'Male', '', TO_DATE('01/10/1971 00:00:00', 'DD/MM/YYYY HH24:MI:SS')
);

-------------------------------------------------- pfcs_detail_bed -------------------------------------------------
/* INSERT QUERY NO: 1 */

INSERT INTO pfcs_detail_bed(NR_SEQUENCIA, NM_USUARIO, DT_ATUALIZACAO, NM_USUARIO_NREC, DT_ATUALIZACAO_NREC, NR_SEQ_DETAIL, DS_LOCATION, CD_DEPARTMENT, DS_DEPARTMENT, DS_STATUS, DT_ENTRY_UNIT, CD_STATUS, IE_TEMPORARY)
VALUES
(
nextval('pfcs_detail_bed_seq'), nm_usuario_p, clock_timestamp(), nm_usuario_p, clock_timestamp(), 16000, 1, 162, 'Emergency department', 'Available', (clock_timestamp() - (162/24/60)), 'L', 'N'
);

/* INSERT QUERY NO: 2 */

INSERT INTO pfcs_detail_bed(NR_SEQUENCIA, NM_USUARIO, DT_ATUALIZACAO, NM_USUARIO_NREC, DT_ATUALIZACAO_NREC, NR_SEQ_DETAIL, DS_LOCATION, CD_DEPARTMENT, DS_DEPARTMENT, DS_STATUS, DT_ENTRY_UNIT, CD_STATUS, IE_TEMPORARY)
VALUES
(
nextval('pfcs_detail_bed_seq'), nm_usuario_p, clock_timestamp(), nm_usuario_p, clock_timestamp(), 16001, 0, 79287, 'East Wing', 'Available', (clock_timestamp() - (162/24/60)), 'L', 'N'
);

/* INSERT QUERY NO: 3 */

INSERT INTO pfcs_detail_bed(NR_SEQUENCIA, NM_USUARIO, DT_ATUALIZACAO, NM_USUARIO_NREC, DT_ATUALIZACAO_NREC, NR_SEQ_DETAIL, DS_LOCATION, CD_DEPARTMENT, DS_DEPARTMENT, DS_STATUS, DT_ENTRY_UNIT, CD_STATUS, IE_TEMPORARY)
VALUES
(
nextval('pfcs_detail_bed_seq'), nm_usuario_p, clock_timestamp(), nm_usuario_p, clock_timestamp(), 16002, 0, 79287, 'East Wing', 'Blocked', (clock_timestamp() - (165/24/60)), 'I', 'N'
);

/* INSERT QUERY NO: 4 */

INSERT INTO pfcs_detail_bed(NR_SEQUENCIA, NM_USUARIO, DT_ATUALIZACAO, NM_USUARIO_NREC, DT_ATUALIZACAO_NREC, NR_SEQ_DETAIL, DS_LOCATION, CD_DEPARTMENT, DS_DEPARTMENT, DS_STATUS, DT_ENTRY_UNIT, CD_STATUS, IE_TEMPORARY)
VALUES
(
nextval('pfcs_detail_bed_seq'), nm_usuario_p, clock_timestamp(), nm_usuario_p, clock_timestamp(), 16003, 0, 79287, 'East Wing', 'Available', (clock_timestamp() - (166/24/60)), 'L', 'N'
);

/* INSERT QUERY NO: 5 */

INSERT INTO pfcs_detail_bed(NR_SEQUENCIA, NM_USUARIO, DT_ATUALIZACAO, NM_USUARIO_NREC, DT_ATUALIZACAO_NREC, NR_SEQ_DETAIL, DS_LOCATION, CD_DEPARTMENT, DS_DEPARTMENT, DS_STATUS, DT_ENTRY_UNIT, CD_STATUS, IE_TEMPORARY)
VALUES
(
nextval('pfcs_detail_bed_seq'), nm_usuario_p, clock_timestamp(), nm_usuario_p, clock_timestamp(), 16004, 0, 79287, 'East Wing', 'Patient', (clock_timestamp() - (169/24/60)), 'P', 'N'
);


/* INSERT QUERY NO: 7 */

INSERT INTO pfcs_detail_bed(NR_SEQUENCIA, NM_USUARIO, DT_ATUALIZACAO, NM_USUARIO_NREC, DT_ATUALIZACAO_NREC, NR_SEQ_DETAIL, DS_LOCATION, CD_DEPARTMENT, DS_DEPARTMENT, DS_STATUS, DT_ENTRY_UNIT, CD_STATUS, IE_TEMPORARY)
VALUES
(
nextval('pfcs_detail_bed_seq'), nm_usuario_p, clock_timestamp(), nm_usuario_p, clock_timestamp(), 16006, 0, 79287, 'East Wing', 'Patient', (clock_timestamp() - (161/24/60)), 'P', 'N'
);

/* INSERT QUERY NO: 8 */

INSERT INTO pfcs_detail_bed(NR_SEQUENCIA, NM_USUARIO, DT_ATUALIZACAO, NM_USUARIO_NREC, DT_ATUALIZACAO_NREC, NR_SEQ_DETAIL, DS_LOCATION, CD_DEPARTMENT, DS_DEPARTMENT, DS_STATUS, DT_ENTRY_UNIT, CD_STATUS, IE_TEMPORARY)
VALUES
(
nextval('pfcs_detail_bed_seq'), nm_usuario_p, clock_timestamp(), nm_usuario_p, clock_timestamp(), 16007, 0, 79287, 'East Wing', 'Patient', (clock_timestamp() - (167/24/60)), 'P', 'N'
);

/* INSERT QUERY NO: 9 */

INSERT INTO pfcs_detail_bed(NR_SEQUENCIA, NM_USUARIO, DT_ATUALIZACAO, NM_USUARIO_NREC, DT_ATUALIZACAO_NREC, NR_SEQ_DETAIL, DS_LOCATION, CD_DEPARTMENT, DS_DEPARTMENT, DS_STATUS, DT_ENTRY_UNIT, CD_STATUS, IE_TEMPORARY)
VALUES
(
nextval('pfcs_detail_bed_seq'), nm_usuario_p, clock_timestamp(), nm_usuario_p, clock_timestamp(), 16008, 0, 79287, 'East Wing', 'Patient', (clock_timestamp() - (163/24/60)), 'P', 'N'
);

/* INSERT QUERY NO: 10 */

INSERT INTO pfcs_detail_bed(NR_SEQUENCIA, NM_USUARIO, DT_ATUALIZACAO, NM_USUARIO_NREC, DT_ATUALIZACAO_NREC, NR_SEQ_DETAIL, DS_LOCATION, CD_DEPARTMENT, DS_DEPARTMENT, DS_STATUS, DT_ENTRY_UNIT, CD_STATUS, IE_TEMPORARY)
VALUES
(
nextval('pfcs_detail_bed_seq'), nm_usuario_p, clock_timestamp(), nm_usuario_p, clock_timestamp(), 16009, 0, 79287, 'East Wing', 'Patient', (clock_timestamp() - (164/24/60)), 'P', 'N'
);

/* INSERT QUERY NO: 11 */

INSERT INTO pfcs_detail_bed(NR_SEQUENCIA, NM_USUARIO, DT_ATUALIZACAO, NM_USUARIO_NREC, DT_ATUALIZACAO_NREC, NR_SEQ_DETAIL, DS_LOCATION, CD_DEPARTMENT, DS_DEPARTMENT, DS_STATUS, DT_ENTRY_UNIT, CD_STATUS, IE_TEMPORARY)
VALUES
(
nextval('pfcs_detail_bed_seq'), nm_usuario_p, clock_timestamp(), nm_usuario_p, clock_timestamp(), 16010, 0, 79287, 'East Wing', 'Patient', (clock_timestamp() - (175/24/60)), 'P', 'N'
);

/* INSERT QUERY NO: 12 */

INSERT INTO pfcs_detail_bed(NR_SEQUENCIA, NM_USUARIO, DT_ATUALIZACAO, NM_USUARIO_NREC, DT_ATUALIZACAO_NREC, NR_SEQ_DETAIL, DS_LOCATION, CD_DEPARTMENT, DS_DEPARTMENT, DS_STATUS, DT_ENTRY_UNIT, CD_STATUS, IE_TEMPORARY)
VALUES
(
nextval('pfcs_detail_bed_seq'), nm_usuario_p, clock_timestamp(), nm_usuario_p, clock_timestamp(), 16011, 0, 79287, 'East Wing', 'Patient', (clock_timestamp() - (171/24/60)), 'P', 'N'
);

/* INSERT QUERY NO: 13 */

INSERT INTO pfcs_detail_bed(NR_SEQUENCIA, NM_USUARIO, DT_ATUALIZACAO, NM_USUARIO_NREC, DT_ATUALIZACAO_NREC, NR_SEQ_DETAIL, DS_LOCATION, CD_DEPARTMENT, DS_DEPARTMENT, DS_STATUS, DT_ENTRY_UNIT, CD_STATUS, IE_TEMPORARY)
VALUES
(
nextval('pfcs_detail_bed_seq'), nm_usuario_p, clock_timestamp(), nm_usuario_p, clock_timestamp(), 16012, 0, 79287, 'East Wing', 'Patient', (clock_timestamp() - (169/24/60)), 'P', 'N'
);

/* INSERT QUERY NO: 14 */

INSERT INTO pfcs_detail_bed(NR_SEQUENCIA, NM_USUARIO, DT_ATUALIZACAO, NM_USUARIO_NREC, DT_ATUALIZACAO_NREC, NR_SEQ_DETAIL, DS_LOCATION, CD_DEPARTMENT, DS_DEPARTMENT, DS_STATUS, DT_ENTRY_UNIT, CD_STATUS, IE_TEMPORARY)
VALUES
(
nextval('pfcs_detail_bed_seq'), nm_usuario_p, clock_timestamp(), nm_usuario_p, clock_timestamp(), 16013, 0, 79287, 'East Wing', 'Patient', (clock_timestamp() - (174/24/60)), 'P', 'N'
);

 := pfcs_pck.pfcs_generate_results(
	vl_indicator_p => 14, --leitos
	vl_indicator_aux_p => 0, --leitos temporarios
	vl_indicator_help_p => 11, --leitos ocupados
	vl_indicator_assist_p => 0, --leitos temporarios ocupados
	vl_indicator_collab_p => 1, --leitos bloqueados
	nr_seq_indicator_p => nr_seq_indicator_p, nr_seq_operational_level_p => cd_estabelecimento_w, nm_usuario_p => nm_usuario_p, nr_seq_panel_p => pfcs_panel_seq_w);

CALL pfcs_pck.pfcs_update_detail(
	nr_seq_indicator_p => nr_seq_indicator_p,
	nr_seq_panel_p => pfcs_panel_seq_w,
	nr_seq_operational_level_p => cd_estabelecimento_w,
	nm_usuario_p => nm_usuario_p);

CALL pfcs_pck.pfcs_activate_records(
	nr_seq_indicator_p => nr_seq_indicator_p,
	nr_seq_operational_level_p => cd_estabelecimento_w,
	nm_usuario_p => nm_usuario_p);

cd_estabelecimento_w	:= pfcs_get_structure_level(cd_establishment_p => 39, ie_level_p => 'O', ie_info_p => 'C');
-------------------------------------------------- pfcs_panel_detail -----------------------------------------------
/* INSERT QUERY NO: 15 */

INSERT INTO pfcs_panel_detail(NR_SEQUENCIA, NM_USUARIO, DT_ATUALIZACAO, NM_USUARIO_NREC, DT_ATUALIZACAO_NREC, IE_SITUATION, NR_SEQ_INDICATOR, NR_SEQ_OPERATIONAL_LEVEL)
VALUES (
16014, nm_usuario_p, clock_timestamp(), nm_usuario_p, clock_timestamp(), 'T', 21, cd_estabelecimento_w
);

/* INSERT QUERY NO: 16 */

INSERT INTO pfcs_panel_detail(NR_SEQUENCIA, NM_USUARIO, DT_ATUALIZACAO, NM_USUARIO_NREC, DT_ATUALIZACAO_NREC, IE_SITUATION, NR_SEQ_INDICATOR, NR_SEQ_OPERATIONAL_LEVEL)
VALUES (
16015, nm_usuario_p, clock_timestamp(), nm_usuario_p, clock_timestamp(), 'T', 21, cd_estabelecimento_w
);

/* INSERT QUERY NO: 17 */

INSERT INTO pfcs_panel_detail(NR_SEQUENCIA, NM_USUARIO, DT_ATUALIZACAO, NM_USUARIO_NREC, DT_ATUALIZACAO_NREC, IE_SITUATION, NR_SEQ_INDICATOR, NR_SEQ_OPERATIONAL_LEVEL)
VALUES (
16016, nm_usuario_p, clock_timestamp(), nm_usuario_p, clock_timestamp(), 'T', 21, cd_estabelecimento_w
);

/* INSERT QUERY NO: 18 */

INSERT INTO pfcs_panel_detail(NR_SEQUENCIA, NM_USUARIO, DT_ATUALIZACAO, NM_USUARIO_NREC, DT_ATUALIZACAO_NREC, IE_SITUATION, NR_SEQ_INDICATOR, NR_SEQ_OPERATIONAL_LEVEL)
VALUES (
16017, nm_usuario_p, clock_timestamp(), nm_usuario_p, clock_timestamp(), 'T', 21, cd_estabelecimento_w
);

/* INSERT QUERY NO: 19 */

INSERT INTO pfcs_panel_detail(NR_SEQUENCIA, NM_USUARIO, DT_ATUALIZACAO, NM_USUARIO_NREC, DT_ATUALIZACAO_NREC, IE_SITUATION, NR_SEQ_INDICATOR, NR_SEQ_OPERATIONAL_LEVEL)
VALUES (
16018, nm_usuario_p, clock_timestamp(), nm_usuario_p, clock_timestamp(), 'T', 21, cd_estabelecimento_w
);

/* INSERT QUERY NO: 20 */

INSERT INTO pfcs_panel_detail(NR_SEQUENCIA, NM_USUARIO, DT_ATUALIZACAO, NM_USUARIO_NREC, DT_ATUALIZACAO_NREC, IE_SITUATION, NR_SEQ_INDICATOR, NR_SEQ_OPERATIONAL_LEVEL)
VALUES (
16019, nm_usuario_p, clock_timestamp(), nm_usuario_p, clock_timestamp(), 'T', 21, cd_estabelecimento_w
);

-------------------------------------------------- pfcs_detail_patient ---------------------------------------------
/* INSERT QUERY NO: 18 */

INSERT INTO pfcs_detail_patient(NR_SEQUENCIA, NM_USUARIO, DT_ATUALIZACAO, NM_USUARIO_NREC, DT_ATUALIZACAO_NREC, NR_SEQ_DETAIL, ID_PATIENT, NM_PATIENT, NR_ENCOUNTER, DT_ENTRANCE, DS_GENDER, DS_CLASSIFICATION, DT_BIRTHDATE)
VALUES
(
nextval('pfcs_detail_patient_seq'), nm_usuario_p, clock_timestamp(), nm_usuario_p, clock_timestamp(), 16017, 64456, 'SOUZA, Abelardo', 28498, (clock_timestamp() - (181/24/60)), 'Male', '', TO_DATE('20/05/2001 00:00:00', 'DD/MM/YYYY HH24:MI:SS')
);

/* INSERT QUERY NO: 19 */

INSERT INTO pfcs_detail_patient(NR_SEQUENCIA, NM_USUARIO, DT_ATUALIZACAO, NM_USUARIO_NREC, DT_ATUALIZACAO_NREC, NR_SEQ_DETAIL, ID_PATIENT, NM_PATIENT, NR_ENCOUNTER, DT_ENTRANCE, DS_GENDER, DS_CLASSIFICATION, DT_BIRTHDATE)
VALUES
(
nextval('pfcs_detail_patient_seq'), nm_usuario_p, clock_timestamp(), nm_usuario_p, clock_timestamp(), 16018, 2433650, 'SOUZA, Alef', 58283, (clock_timestamp() - (189/24/60)), 'Male', '', TO_DATE('28/01/1943 00:00:00', 'DD/MM/YYYY HH24:MI:SS')
);

/* INSERT QUERY NO: 20 */

INSERT INTO pfcs_detail_patient(NR_SEQUENCIA, NM_USUARIO, DT_ATUALIZACAO, NM_USUARIO_NREC, DT_ATUALIZACAO_NREC, NR_SEQ_DETAIL, ID_PATIENT, NM_PATIENT, NR_ENCOUNTER, DT_ENTRANCE, DS_GENDER, DS_CLASSIFICATION, DT_BIRTHDATE)
VALUES
(
nextval('pfcs_detail_patient_seq'), nm_usuario_p, clock_timestamp(), nm_usuario_p, clock_timestamp(), 16019, 4895490, 'MACHADO, Alice', 3397215, (clock_timestamp() - (192/24/60)), 'Female', '', TO_DATE('01/06/1989 00:00:00', 'DD/MM/YYYY HH24:MI:SS')
);

-------------------------------------------------- pfcs_detail_bed -------------------------------------------------
/* INSERT QUERY NO: 15 */

INSERT INTO pfcs_detail_bed(NR_SEQUENCIA, NM_USUARIO, DT_ATUALIZACAO, NM_USUARIO_NREC, DT_ATUALIZACAO_NREC, NR_SEQ_DETAIL, DS_LOCATION, CD_DEPARTMENT, DS_DEPARTMENT, DS_STATUS, DT_ENTRY_UNIT, CD_STATUS, IE_TEMPORARY)
VALUES
(
nextval('pfcs_detail_bed_seq'), nm_usuario_p, clock_timestamp(), nm_usuario_p, clock_timestamp(), 16014, 0, 79287, 'East Wing', 'Available', (clock_timestamp() - (178/24/60)), 'L', 'N'
);

/* INSERT QUERY NO: 16 */

INSERT INTO pfcs_detail_bed(NR_SEQUENCIA, NM_USUARIO, DT_ATUALIZACAO, NM_USUARIO_NREC, DT_ATUALIZACAO_NREC, NR_SEQ_DETAIL, DS_LOCATION, CD_DEPARTMENT, DS_DEPARTMENT, DS_STATUS, DT_ENTRY_UNIT, CD_STATUS, IE_TEMPORARY)
VALUES
(
nextval('pfcs_detail_bed_seq'), nm_usuario_p, clock_timestamp(), nm_usuario_p, clock_timestamp(), 16015, 0, 79287, 'East Wing', 'Available', (clock_timestamp() - (172/24/60)), 'L', 'N'
);

/* INSERT QUERY NO: 17 */

INSERT INTO pfcs_detail_bed(NR_SEQUENCIA, NM_USUARIO, DT_ATUALIZACAO, NM_USUARIO_NREC, DT_ATUALIZACAO_NREC, NR_SEQ_DETAIL, DS_LOCATION, CD_DEPARTMENT, DS_DEPARTMENT, DS_STATUS, DT_ENTRY_UNIT, CD_STATUS, IE_TEMPORARY)
VALUES
(
nextval('pfcs_detail_bed_seq'), nm_usuario_p, clock_timestamp(), nm_usuario_p, clock_timestamp(), 16016, 0, 79287, 'East Wing', 'Blocked', (clock_timestamp() - (179/24/60)), 'I', 'N'
);

/* INSERT QUERY NO: 18 */

INSERT INTO pfcs_detail_bed(NR_SEQUENCIA, NM_USUARIO, DT_ATUALIZACAO, NM_USUARIO_NREC, DT_ATUALIZACAO_NREC, NR_SEQ_DETAIL, DS_LOCATION, CD_DEPARTMENT, DS_DEPARTMENT, DS_STATUS, DT_ENTRY_UNIT, CD_STATUS, IE_TEMPORARY)
VALUES
(
nextval('pfcs_detail_bed_seq'), nm_usuario_p, clock_timestamp(), nm_usuario_p, clock_timestamp(), 16017, 0, 79287, 'East Wing', 'Patient', (clock_timestamp() - (185/24/60)), 'P', 'N'
);

/* INSERT QUERY NO: 19 */

INSERT INTO pfcs_detail_bed(NR_SEQUENCIA, NM_USUARIO, DT_ATUALIZACAO, NM_USUARIO_NREC, DT_ATUALIZACAO_NREC, NR_SEQ_DETAIL, DS_LOCATION, CD_DEPARTMENT, DS_DEPARTMENT, DS_STATUS, DT_ENTRY_UNIT, CD_STATUS, IE_TEMPORARY)
VALUES
(
nextval('pfcs_detail_bed_seq'), nm_usuario_p, clock_timestamp(), nm_usuario_p, clock_timestamp(), 16018, 0, 79287, 'East Wing', 'Patient', (clock_timestamp() - (181/24/60)), 'P', 'N'
);

/* INSERT QUERY NO: 20 */

INSERT INTO pfcs_detail_bed(NR_SEQUENCIA, NM_USUARIO, DT_ATUALIZACAO, NM_USUARIO_NREC, DT_ATUALIZACAO_NREC, NR_SEQ_DETAIL, DS_LOCATION, CD_DEPARTMENT, DS_DEPARTMENT, DS_STATUS, DT_ENTRY_UNIT, CD_STATUS, IE_TEMPORARY)
VALUES
(
nextval('pfcs_detail_bed_seq'), nm_usuario_p, clock_timestamp(), nm_usuario_p, clock_timestamp(), 16019, 0, 79287, 'East Wing', 'Patient', (clock_timestamp() - (189/24/60)), 'P', 'N'
);

 := pfcs_pck.pfcs_generate_results(
	vl_indicator_p => 6, --leitos
	vl_indicator_aux_p => 0, --leitos temporarios
	vl_indicator_help_p => 3, --leitos ocupados
	vl_indicator_assist_p => 0, --leitos temporarios ocupados
	vl_indicator_collab_p => 1, --leitos bloqueados
	nr_seq_indicator_p => nr_seq_indicator_p, nr_seq_operational_level_p => cd_estabelecimento_w, nm_usuario_p => nm_usuario_p, nr_seq_panel_p => pfcs_panel_seq_w);

CALL pfcs_pck.pfcs_update_detail(
	nr_seq_indicator_p => nr_seq_indicator_p,
	nr_seq_panel_p => pfcs_panel_seq_w,
	nr_seq_operational_level_p => cd_estabelecimento_w,
	nm_usuario_p => nm_usuario_p);

CALL pfcs_pck.pfcs_activate_records(
	nr_seq_indicator_p => nr_seq_indicator_p,
	nr_seq_operational_level_p => cd_estabelecimento_w,
	nm_usuario_p => nm_usuario_p);

cd_estabelecimento_w	:= pfcs_get_structure_level(cd_establishment_p => 11, ie_level_p => 'O', ie_info_p => 'C');
-------------------------------------------------- pfcs_panel_detail -----------------------------------------------
/* INSERT QUERY NO: 1 */

INSERT INTO pfcs_panel_detail(NR_SEQUENCIA, NM_USUARIO, DT_ATUALIZACAO, NM_USUARIO_NREC, DT_ATUALIZACAO_NREC, IE_SITUATION, NR_SEQ_INDICATOR, NR_SEQ_OPERATIONAL_LEVEL)
VALUES (
16020, nm_usuario_p, clock_timestamp(), nm_usuario_p, clock_timestamp(), 'T', 21, cd_estabelecimento_w
);

/* INSERT QUERY NO: 2 */

INSERT INTO pfcs_panel_detail(NR_SEQUENCIA, NM_USUARIO, DT_ATUALIZACAO, NM_USUARIO_NREC, DT_ATUALIZACAO_NREC, IE_SITUATION, NR_SEQ_INDICATOR, NR_SEQ_OPERATIONAL_LEVEL)
VALUES (
16021, nm_usuario_p, clock_timestamp(), nm_usuario_p, clock_timestamp(), 'T', 21, cd_estabelecimento_w
);

/* INSERT QUERY NO: 3 */

INSERT INTO pfcs_panel_detail(NR_SEQUENCIA, NM_USUARIO, DT_ATUALIZACAO, NM_USUARIO_NREC, DT_ATUALIZACAO_NREC, IE_SITUATION, NR_SEQ_INDICATOR, NR_SEQ_OPERATIONAL_LEVEL)
VALUES (
16022, nm_usuario_p, clock_timestamp(), nm_usuario_p, clock_timestamp(), 'T', 21, cd_estabelecimento_w
);

/* INSERT QUERY NO: 4 */

INSERT INTO pfcs_panel_detail(NR_SEQUENCIA, NM_USUARIO, DT_ATUALIZACAO, NM_USUARIO_NREC, DT_ATUALIZACAO_NREC, IE_SITUATION, NR_SEQ_INDICATOR, NR_SEQ_OPERATIONAL_LEVEL)
VALUES (
16023, nm_usuario_p, clock_timestamp(), nm_usuario_p, clock_timestamp(), 'T', 21, cd_estabelecimento_w
);

/* INSERT QUERY NO: 5 */

INSERT INTO pfcs_panel_detail(NR_SEQUENCIA, NM_USUARIO, DT_ATUALIZACAO, NM_USUARIO_NREC, DT_ATUALIZACAO_NREC, IE_SITUATION, NR_SEQ_INDICATOR, NR_SEQ_OPERATIONAL_LEVEL)
VALUES (
16024, nm_usuario_p, clock_timestamp(), nm_usuario_p, clock_timestamp(), 'T', 21, cd_estabelecimento_w
);


/* INSERT QUERY NO: 8 */

INSERT INTO pfcs_panel_detail(NR_SEQUENCIA, NM_USUARIO, DT_ATUALIZACAO, NM_USUARIO_NREC, DT_ATUALIZACAO_NREC, IE_SITUATION, NR_SEQ_INDICATOR, NR_SEQ_OPERATIONAL_LEVEL)
VALUES (
16027, nm_usuario_p, clock_timestamp(), nm_usuario_p, clock_timestamp(), 'T', 21, cd_estabelecimento_w
);

/* INSERT QUERY NO: 9 */

INSERT INTO pfcs_panel_detail(NR_SEQUENCIA, NM_USUARIO, DT_ATUALIZACAO, NM_USUARIO_NREC, DT_ATUALIZACAO_NREC, IE_SITUATION, NR_SEQ_INDICATOR, NR_SEQ_OPERATIONAL_LEVEL)
VALUES (
16028, nm_usuario_p, clock_timestamp(), nm_usuario_p, clock_timestamp(), 'T', 21, cd_estabelecimento_w
);

/* INSERT QUERY NO: 10 */

INSERT INTO pfcs_panel_detail(NR_SEQUENCIA, NM_USUARIO, DT_ATUALIZACAO, NM_USUARIO_NREC, DT_ATUALIZACAO_NREC, IE_SITUATION, NR_SEQ_INDICATOR, NR_SEQ_OPERATIONAL_LEVEL)
VALUES (
16029, nm_usuario_p, clock_timestamp(), nm_usuario_p, clock_timestamp(), 'T', 21, cd_estabelecimento_w
);

/* INSERT QUERY NO: 11 */

INSERT INTO pfcs_panel_detail(NR_SEQUENCIA, NM_USUARIO, DT_ATUALIZACAO, NM_USUARIO_NREC, DT_ATUALIZACAO_NREC, IE_SITUATION, NR_SEQ_INDICATOR, NR_SEQ_OPERATIONAL_LEVEL)
VALUES (
16030, nm_usuario_p, clock_timestamp(), nm_usuario_p, clock_timestamp(), 'T', 21, cd_estabelecimento_w
);

/* INSERT QUERY NO: 12 */

INSERT INTO pfcs_panel_detail(NR_SEQUENCIA, NM_USUARIO, DT_ATUALIZACAO, NM_USUARIO_NREC, DT_ATUALIZACAO_NREC, IE_SITUATION, NR_SEQ_INDICATOR, NR_SEQ_OPERATIONAL_LEVEL)
VALUES (
16031, nm_usuario_p, clock_timestamp(), nm_usuario_p, clock_timestamp(), 'T', 21, cd_estabelecimento_w
);

/* INSERT QUERY NO: 13 */

INSERT INTO pfcs_panel_detail(NR_SEQUENCIA, NM_USUARIO, DT_ATUALIZACAO, NM_USUARIO_NREC, DT_ATUALIZACAO_NREC, IE_SITUATION, NR_SEQ_INDICATOR, NR_SEQ_OPERATIONAL_LEVEL)
VALUES (
16032, nm_usuario_p, clock_timestamp(), nm_usuario_p, clock_timestamp(), 'T', 21, cd_estabelecimento_w
);

-------------------------------------------------- pfcs_detail_patient ---------------------------------------------
/* INSERT QUERY NO: 5 */

INSERT INTO pfcs_detail_patient(NR_SEQUENCIA, NM_USUARIO, DT_ATUALIZACAO, NM_USUARIO_NREC, DT_ATUALIZACAO_NREC, NR_SEQ_DETAIL, ID_PATIENT, NM_PATIENT, NR_ENCOUNTER, DT_ENTRANCE, DS_GENDER, DS_CLASSIFICATION, DT_BIRTHDATE)
VALUES
(
nextval('pfcs_detail_patient_seq'), nm_usuario_p, clock_timestamp(), nm_usuario_p, clock_timestamp(), 16024, 4874681, 'ZULEIKA, Jhoan', 150744, (clock_timestamp() - (162/24/60)), 'Female', 'ACO Groups', TO_DATE('03/03/1986 00:00:00', 'DD/MM/YYYY HH24:MI:SS')
);

/* INSERT QUERY NO: 8 */

INSERT INTO pfcs_detail_patient(NR_SEQUENCIA, NM_USUARIO, DT_ATUALIZACAO, NM_USUARIO_NREC, DT_ATUALIZACAO_NREC, NR_SEQ_DETAIL, ID_PATIENT, NM_PATIENT, NR_ENCOUNTER, DT_ENTRANCE, DS_GENDER, DS_CLASSIFICATION, DT_BIRTHDATE)
VALUES
(
nextval('pfcs_detail_patient_seq'), nm_usuario_p, clock_timestamp(), nm_usuario_p, clock_timestamp(), 16027, 1381760, 'BONATO, Dilma', 122753, (clock_timestamp() - (163/24/60)), 'Female', '', TO_DATE('08/11/1997 00:00:00', 'DD/MM/YYYY HH24:MI:SS')
);

/* INSERT QUERY NO: 9 */

INSERT INTO pfcs_detail_patient(NR_SEQUENCIA, NM_USUARIO, DT_ATUALIZACAO, NM_USUARIO_NREC, DT_ATUALIZACAO_NREC, NR_SEQ_DETAIL, ID_PATIENT, NM_PATIENT, NR_ENCOUNTER, DT_ENTRANCE, DS_GENDER, DS_CLASSIFICATION, DT_BIRTHDATE)
VALUES
(
nextval('pfcs_detail_patient_seq'), nm_usuario_p, clock_timestamp(), nm_usuario_p, clock_timestamp(), 16028, 1007945, 'ZICARELLI, Clara', 3392516, (clock_timestamp() - (164/24/60)), 'Female', '', TO_DATE('03/05/1974 00:00:00', 'DD/MM/YYYY HH24:MI:SS')
);

/* INSERT QUERY NO: 10 */

INSERT INTO pfcs_detail_patient(NR_SEQUENCIA, NM_USUARIO, DT_ATUALIZACAO, NM_USUARIO_NREC, DT_ATUALIZACAO_NREC, NR_SEQ_DETAIL, ID_PATIENT, NM_PATIENT, NR_ENCOUNTER, DT_ENTRANCE, DS_GENDER, DS_CLASSIFICATION, DT_BIRTHDATE)
VALUES
(
nextval('pfcs_detail_patient_seq'), nm_usuario_p, clock_timestamp(), nm_usuario_p, clock_timestamp(), 16029, 5064023, 'SANTOS, Camila', 72447, (clock_timestamp() - (175/24/60)), 'Female', '', TO_DATE('29/09/2005 00:00:00', 'DD/MM/YYYY HH24:MI:SS')
);

/* INSERT QUERY NO: 11 */

INSERT INTO pfcs_detail_patient(NR_SEQUENCIA, NM_USUARIO, DT_ATUALIZACAO, NM_USUARIO_NREC, DT_ATUALIZACAO_NREC, NR_SEQ_DETAIL, ID_PATIENT, NM_PATIENT, NR_ENCOUNTER, DT_ENTRANCE, DS_GENDER, DS_CLASSIFICATION, DT_BIRTHDATE)
VALUES
(
nextval('pfcs_detail_patient_seq'), nm_usuario_p, clock_timestamp(), nm_usuario_p, clock_timestamp(), 16030, 55288, 'EBEHARDT, Adolar', 149133, (clock_timestamp() - (171/24/60)), 'Male', '', TO_DATE('12/03/1987 00:00:00', 'DD/MM/YYYY HH24:MI:SS')
);

/* INSERT QUERY NO: 12 */

INSERT INTO pfcs_detail_patient(NR_SEQUENCIA, NM_USUARIO, DT_ATUALIZACAO, NM_USUARIO_NREC, DT_ATUALIZACAO_NREC, NR_SEQ_DETAIL, ID_PATIENT, NM_PATIENT, NR_ENCOUNTER, DT_ENTRANCE, DS_GENDER, DS_CLASSIFICATION, DT_BIRTHDATE)
VALUES
(
nextval('pfcs_detail_patient_seq'), nm_usuario_p, clock_timestamp(), nm_usuario_p, clock_timestamp(), 16031, 875152, 'MARQUES, Marcos', 11364, (clock_timestamp() - (169/24/60)), 'Female', '', TO_DATE('06/06/1987 00:00:00', 'DD/MM/YYYY HH24:MI:SS')
);

/* INSERT QUERY NO: 13 */

INSERT INTO pfcs_detail_patient(NR_SEQUENCIA, NM_USUARIO, DT_ATUALIZACAO, NM_USUARIO_NREC, DT_ATUALIZACAO_NREC, NR_SEQ_DETAIL, ID_PATIENT, NM_PATIENT, NR_ENCOUNTER, DT_ENTRANCE, DS_GENDER, DS_CLASSIFICATION, DT_BIRTHDATE)
VALUES
(
nextval('pfcs_detail_patient_seq'), nm_usuario_p, clock_timestamp(), nm_usuario_p, clock_timestamp(), 16032, 876096, 'MARRONI, Cleunize', 25550, (clock_timestamp() - (174/24/60)), 'Female', '', TO_DATE('08/06/1975 00:00:00', 'DD/MM/YYYY HH24:MI:SS')
);

-------------------------------------------------- pfcs_detail_bed -------------------------------------------------
/* INSERT QUERY NO: 1 */

INSERT INTO pfcs_detail_bed(NR_SEQUENCIA, NM_USUARIO, DT_ATUALIZACAO, NM_USUARIO_NREC, DT_ATUALIZACAO_NREC, NR_SEQ_DETAIL, DS_LOCATION, CD_DEPARTMENT, DS_DEPARTMENT, DS_STATUS, DT_ENTRY_UNIT, CD_STATUS, IE_TEMPORARY)
VALUES
(
nextval('pfcs_detail_bed_seq'), nm_usuario_p, clock_timestamp(), nm_usuario_p, clock_timestamp(), 16020, 1, 162, 'Emergency department', 'Available', (clock_timestamp() - (162/24/60)), 'L', 'N'
);

/* INSERT QUERY NO: 2 */

INSERT INTO pfcs_detail_bed(NR_SEQUENCIA, NM_USUARIO, DT_ATUALIZACAO, NM_USUARIO_NREC, DT_ATUALIZACAO_NREC, NR_SEQ_DETAIL, DS_LOCATION, CD_DEPARTMENT, DS_DEPARTMENT, DS_STATUS, DT_ENTRY_UNIT, CD_STATUS, IE_TEMPORARY)
VALUES
(
nextval('pfcs_detail_bed_seq'), nm_usuario_p, clock_timestamp(), nm_usuario_p, clock_timestamp(), 16021, 0, 79288, 'West Wing', 'Available', (clock_timestamp() - (162/24/60)), 'L', 'N'
);

/* INSERT QUERY NO: 3 */

INSERT INTO pfcs_detail_bed(NR_SEQUENCIA, NM_USUARIO, DT_ATUALIZACAO, NM_USUARIO_NREC, DT_ATUALIZACAO_NREC, NR_SEQ_DETAIL, DS_LOCATION, CD_DEPARTMENT, DS_DEPARTMENT, DS_STATUS, DT_ENTRY_UNIT, CD_STATUS, IE_TEMPORARY)
VALUES
(
nextval('pfcs_detail_bed_seq'), nm_usuario_p, clock_timestamp(), nm_usuario_p, clock_timestamp(), 16022, 0, 79288, 'West Wing', 'Blocked', (clock_timestamp() - (165/24/60)), 'I', 'N'
);

/* INSERT QUERY NO: 4 */

INSERT INTO pfcs_detail_bed(NR_SEQUENCIA, NM_USUARIO, DT_ATUALIZACAO, NM_USUARIO_NREC, DT_ATUALIZACAO_NREC, NR_SEQ_DETAIL, DS_LOCATION, CD_DEPARTMENT, DS_DEPARTMENT, DS_STATUS, DT_ENTRY_UNIT, CD_STATUS, IE_TEMPORARY)
VALUES
(
nextval('pfcs_detail_bed_seq'), nm_usuario_p, clock_timestamp(), nm_usuario_p, clock_timestamp(), 16023, 0, 79288, 'West Wing', 'Available', (clock_timestamp() - (166/24/60)), 'L', 'N'
);

/* INSERT QUERY NO: 5 */

INSERT INTO pfcs_detail_bed(NR_SEQUENCIA, NM_USUARIO, DT_ATUALIZACAO, NM_USUARIO_NREC, DT_ATUALIZACAO_NREC, NR_SEQ_DETAIL, DS_LOCATION, CD_DEPARTMENT, DS_DEPARTMENT, DS_STATUS, DT_ENTRY_UNIT, CD_STATUS, IE_TEMPORARY)
VALUES
(
nextval('pfcs_detail_bed_seq'), nm_usuario_p, clock_timestamp(), nm_usuario_p, clock_timestamp(), 16024, 0, 79288, 'West Wing', 'Patient', (clock_timestamp() - (169/24/60)), 'P', 'N'
);

/* INSERT QUERY NO: 8 */

INSERT INTO pfcs_detail_bed(NR_SEQUENCIA, NM_USUARIO, DT_ATUALIZACAO, NM_USUARIO_NREC, DT_ATUALIZACAO_NREC, NR_SEQ_DETAIL, DS_LOCATION, CD_DEPARTMENT, DS_DEPARTMENT, DS_STATUS, DT_ENTRY_UNIT, CD_STATUS, IE_TEMPORARY)
VALUES
(
nextval('pfcs_detail_bed_seq'), nm_usuario_p, clock_timestamp(), nm_usuario_p, clock_timestamp(), 16027, 0, 79288, 'West Wing', 'Patient', (clock_timestamp() - (167/24/60)), 'P', 'N'
);

/* INSERT QUERY NO: 9 */

INSERT INTO pfcs_detail_bed(NR_SEQUENCIA, NM_USUARIO, DT_ATUALIZACAO, NM_USUARIO_NREC, DT_ATUALIZACAO_NREC, NR_SEQ_DETAIL, DS_LOCATION, CD_DEPARTMENT, DS_DEPARTMENT, DS_STATUS, DT_ENTRY_UNIT, CD_STATUS, IE_TEMPORARY)
VALUES
(
nextval('pfcs_detail_bed_seq'), nm_usuario_p, clock_timestamp(), nm_usuario_p, clock_timestamp(), 16028, 0, 79288, 'West Wing', 'Patient', (clock_timestamp() - (163/24/60)), 'P', 'N'
);

/* INSERT QUERY NO: 10 */

INSERT INTO pfcs_detail_bed(NR_SEQUENCIA, NM_USUARIO, DT_ATUALIZACAO, NM_USUARIO_NREC, DT_ATUALIZACAO_NREC, NR_SEQ_DETAIL, DS_LOCATION, CD_DEPARTMENT, DS_DEPARTMENT, DS_STATUS, DT_ENTRY_UNIT, CD_STATUS, IE_TEMPORARY)
VALUES
(
nextval('pfcs_detail_bed_seq'), nm_usuario_p, clock_timestamp(), nm_usuario_p, clock_timestamp(), 16029, 0, 79288, 'West Wing', 'Patient', (clock_timestamp() - (164/24/60)), 'P', 'N'
);

/* INSERT QUERY NO: 11 */

INSERT INTO pfcs_detail_bed(NR_SEQUENCIA, NM_USUARIO, DT_ATUALIZACAO, NM_USUARIO_NREC, DT_ATUALIZACAO_NREC, NR_SEQ_DETAIL, DS_LOCATION, CD_DEPARTMENT, DS_DEPARTMENT, DS_STATUS, DT_ENTRY_UNIT, CD_STATUS, IE_TEMPORARY)
VALUES
(
nextval('pfcs_detail_bed_seq'), nm_usuario_p, clock_timestamp(), nm_usuario_p, clock_timestamp(), 16030, 0, 79288, 'West Wing', 'Patient', (clock_timestamp() - (175/24/60)), 'P', 'N'
);

/* INSERT QUERY NO: 12 */

INSERT INTO pfcs_detail_bed(NR_SEQUENCIA, NM_USUARIO, DT_ATUALIZACAO, NM_USUARIO_NREC, DT_ATUALIZACAO_NREC, NR_SEQ_DETAIL, DS_LOCATION, CD_DEPARTMENT, DS_DEPARTMENT, DS_STATUS, DT_ENTRY_UNIT, CD_STATUS, IE_TEMPORARY)
VALUES
(
nextval('pfcs_detail_bed_seq'), nm_usuario_p, clock_timestamp(), nm_usuario_p, clock_timestamp(), 16031, 0, 79288, 'West Wing', 'Patient', (clock_timestamp() - (171/24/60)), 'P', 'N'
);

/* INSERT QUERY NO: 13 */

INSERT INTO pfcs_detail_bed(NR_SEQUENCIA, NM_USUARIO, DT_ATUALIZACAO, NM_USUARIO_NREC, DT_ATUALIZACAO_NREC, NR_SEQ_DETAIL, DS_LOCATION, CD_DEPARTMENT, DS_DEPARTMENT, DS_STATUS, DT_ENTRY_UNIT, CD_STATUS, IE_TEMPORARY)
VALUES
(
nextval('pfcs_detail_bed_seq'), nm_usuario_p, clock_timestamp(), nm_usuario_p, clock_timestamp(), 16032, 0, 79288, 'West Wing', 'Patient', (clock_timestamp() - (169/24/60)), 'P', 'N'
);

 := pfcs_pck.pfcs_generate_results(
	vl_indicator_p => 13, --leitos
	vl_indicator_aux_p => 0, --leitos temporarios
	vl_indicator_help_p => 9, --leitos ocupados
	vl_indicator_assist_p => 0, --leitos temporarios ocupados
	vl_indicator_collab_p => 1, --leitos bloqueados
	nr_seq_indicator_p => nr_seq_indicator_p, nr_seq_operational_level_p => cd_estabelecimento_w, nm_usuario_p => nm_usuario_p, nr_seq_panel_p => pfcs_panel_seq_w);

CALL pfcs_pck.pfcs_update_detail(
	nr_seq_indicator_p => nr_seq_indicator_p,
	nr_seq_panel_p => pfcs_panel_seq_w,
	nr_seq_operational_level_p => cd_estabelecimento_w,
	nm_usuario_p => nm_usuario_p);

CALL pfcs_pck.pfcs_activate_records(
	nr_seq_indicator_p => nr_seq_indicator_p,
	nr_seq_operational_level_p => cd_estabelecimento_w,
	nm_usuario_p => nm_usuario_p);

commit;

end;
$body$
LANGUAGE PLPGSQL
SECURITY DEFINER
;
-- REVOKE ALL ON PROCEDURE pfcs_generate_4_gl (nr_seq_indicator_p bigint) FROM PUBLIC;

