-- Generated by Ora2Pg, the Oracle database Schema converter, version 23.1
-- Copyright 2000-2022 Gilles DAROLD. All rights reserved.
-- DATASOURCE: dbi:Oracle:host=srv-dbora-03.whebdc.com.br;service_name=DEV_1815;port=1521

SET client_encoding TO 'UTF8';





CREATE OR REPLACE PROCEDURE pfcs_generate_3_gl (nr_seq_indicator_p bigint) AS $body$
DECLARE


pfcs_panel_seq_w			pfcs_panel.nr_sequencia%type;
cd_estabelecimento_w			bigint;
nm_usuario_p				varchar(20);


BEGIN
DELETE FROM pfcs_detail_patient WHERE NR_SEQ_DETAIL in (15000,15001,15002,15003,15004,15005,15006, 15019,15020,15021,15022,15023,15007,15008,15009,15010,15011,15012,15024,15025,15026,15027,15013,15014,15015,15016,15017,15018,15028,15029,15030);
DELETE FROM pfcs_detail_bed_request WHERE NR_SEQ_DETAIL in (15000,15001,15002,15003,15004,15005,15006, 15019,15020,15021,15022,15023,15007,15008,15009,15010,15011,15012,15024,15025,15026,15027,15013,15014,15015,15016,15017,15018,15028,15029,15030);
DELETE FROM pfcs_panel_detail WHERE NR_SEQ_INDICATOR = 20;
DELETE FROM pfcs_panel WHERE NR_SEQ_INDICATOR = 20;

nm_usuario_p := 'asimovbr';
cd_estabelecimento_w	:= pfcs_get_structure_level(cd_establishment_p => 1, ie_level_p => 'O', ie_info_p => 'C');

/* INSERT QUERY NO: 1 */

INSERT INTO pfcs_panel_detail(NR_SEQUENCIA, NM_USUARIO, DT_ATUALIZACAO, NM_USUARIO_NREC, DT_ATUALIZACAO_NREC, IE_SITUATION, NR_SEQ_INDICATOR, NR_SEQ_OPERATIONAL_LEVEL)
VALUES (
15000, nm_usuario_p, clock_timestamp(), nm_usuario_p, clock_timestamp(), 'T', 20, cd_estabelecimento_w
);

/* INSERT QUERY NO: 2 */

INSERT INTO pfcs_panel_detail(NR_SEQUENCIA, NM_USUARIO, DT_ATUALIZACAO, NM_USUARIO_NREC, DT_ATUALIZACAO_NREC, IE_SITUATION, NR_SEQ_INDICATOR, NR_SEQ_OPERATIONAL_LEVEL)
VALUES (
15001, nm_usuario_p, clock_timestamp(), nm_usuario_p, clock_timestamp(), 'T', 20, cd_estabelecimento_w
);

/* INSERT QUERY NO: 3 */

INSERT INTO pfcs_panel_detail(NR_SEQUENCIA, NM_USUARIO, DT_ATUALIZACAO, NM_USUARIO_NREC, DT_ATUALIZACAO_NREC, IE_SITUATION, NR_SEQ_INDICATOR, NR_SEQ_OPERATIONAL_LEVEL)
VALUES (
15002, nm_usuario_p, clock_timestamp(), nm_usuario_p, clock_timestamp(), 'T', 20, cd_estabelecimento_w
);

/* INSERT QUERY NO: 4 */

INSERT INTO pfcs_panel_detail(NR_SEQUENCIA, NM_USUARIO, DT_ATUALIZACAO, NM_USUARIO_NREC, DT_ATUALIZACAO_NREC, IE_SITUATION, NR_SEQ_INDICATOR, NR_SEQ_OPERATIONAL_LEVEL)
VALUES (
15003, nm_usuario_p, clock_timestamp(), nm_usuario_p, clock_timestamp(), 'T', 20, cd_estabelecimento_w
);

/* INSERT QUERY NO: 5 */

INSERT INTO pfcs_panel_detail(NR_SEQUENCIA, NM_USUARIO, DT_ATUALIZACAO, NM_USUARIO_NREC, DT_ATUALIZACAO_NREC, IE_SITUATION, NR_SEQ_INDICATOR, NR_SEQ_OPERATIONAL_LEVEL)
VALUES (
15004, nm_usuario_p, clock_timestamp(), nm_usuario_p, clock_timestamp(), 'T', 20, cd_estabelecimento_w
);

/* INSERT QUERY NO: 6 */

INSERT INTO pfcs_panel_detail(NR_SEQUENCIA, NM_USUARIO, DT_ATUALIZACAO, NM_USUARIO_NREC, DT_ATUALIZACAO_NREC, IE_SITUATION, NR_SEQ_INDICATOR, NR_SEQ_OPERATIONAL_LEVEL)
VALUES (
15005, nm_usuario_p, clock_timestamp(), nm_usuario_p, clock_timestamp(), 'T', 20, cd_estabelecimento_w
);

/* INSERT QUERY NO: 7 */

INSERT INTO pfcs_panel_detail(NR_SEQUENCIA, NM_USUARIO, DT_ATUALIZACAO, NM_USUARIO_NREC, DT_ATUALIZACAO_NREC, IE_SITUATION, NR_SEQ_INDICATOR, NR_SEQ_OPERATIONAL_LEVEL)
VALUES (
15006, nm_usuario_p, clock_timestamp(), nm_usuario_p, clock_timestamp(), 'T', 20, cd_estabelecimento_w
);

/* INSERT QUERY NO: 1 */

INSERT INTO pfcs_detail_patient(NR_SEQUENCIA, DT_ATUALIZACAO, NM_USUARIO, DT_ATUALIZACAO_NREC, NM_USUARIO_NREC, ID_PATIENT, NM_PATIENT, QT_TIME_AWAITING_BED, NR_SEQ_DETAIL, NR_ENCOUNTER, DT_ENTRANCE, DS_GENDER, DS_CLASSIFICATION, DT_BIRTHDATE,IE_OVER_THRESHOLD)
VALUES
(
nextval('pfcs_detail_patient_seq'), clock_timestamp(), nm_usuario_p, clock_timestamp(), nm_usuario_p, 625052, 'PAGE, Karen', 33, 15000, 991812, (clock_timestamp() - (1256/24/60)), 'Female', 'ACO Groups', TO_DATE('11/11/1947 00:00:00', 'DD/MM/YYYY HH24:MI:SS'),'N'
);

/* INSERT QUERY NO: 2 */

INSERT INTO pfcs_detail_patient(NR_SEQUENCIA, DT_ATUALIZACAO, NM_USUARIO, DT_ATUALIZACAO_NREC, NM_USUARIO_NREC, ID_PATIENT, NM_PATIENT, QT_TIME_AWAITING_BED, NR_SEQ_DETAIL, NR_ENCOUNTER, DT_ENTRANCE, DS_GENDER, DS_CLASSIFICATION, DT_BIRTHDATE,IE_OVER_THRESHOLD)
VALUES
(
nextval('pfcs_detail_patient_seq'), clock_timestamp(), nm_usuario_p, clock_timestamp(), nm_usuario_p, 1537022, 'BARROS, Juliana', 27, 15001, 33165, (clock_timestamp() - (1156/24/60)), 'Female', 'ACO Groups', TO_DATE('04/01/1965 00:00:00', 'DD/MM/YYYY HH24:MI:SS'),'N'
);

/* INSERT QUERY NO: 3 */

INSERT INTO pfcs_detail_patient(NR_SEQUENCIA, DT_ATUALIZACAO, NM_USUARIO, DT_ATUALIZACAO_NREC, NM_USUARIO_NREC, ID_PATIENT, NM_PATIENT, QT_TIME_AWAITING_BED, NR_SEQ_DETAIL, NR_ENCOUNTER, DT_ENTRANCE, DS_GENDER, DS_CLASSIFICATION, DT_BIRTHDATE,IE_OVER_THRESHOLD)
VALUES
(
nextval('pfcs_detail_patient_seq'), clock_timestamp(), nm_usuario_p, clock_timestamp(), nm_usuario_p, 2567995, 'BECKER, LOLITA', 52, 15002, 33167, (clock_timestamp() - (1101/24/60)), 'Female', 'VIP', TO_DATE('23/10/1956 00:00:00', 'DD/MM/YYYY HH24:MI:SS'),'N'
);

/* INSERT QUERY NO: 4 */

INSERT INTO pfcs_detail_patient(NR_SEQUENCIA, DT_ATUALIZACAO, NM_USUARIO, DT_ATUALIZACAO_NREC, NM_USUARIO_NREC, ID_PATIENT, NM_PATIENT, QT_TIME_AWAITING_BED, NR_SEQ_DETAIL, NR_ENCOUNTER, DT_ENTRANCE, DS_GENDER, DS_CLASSIFICATION, DT_BIRTHDATE,IE_OVER_THRESHOLD)
VALUES
(
nextval('pfcs_detail_patient_seq'), clock_timestamp(), nm_usuario_p, clock_timestamp(), nm_usuario_p, 4580607, 'FELLER, Luiz', 22, 15003, 33169, (clock_timestamp() - (1096/24/60)), 'Female', 'VIP', TO_DATE('14/03/1984 00:00:00', 'DD/MM/YYYY HH24:MI:SS'),'N'
);

/* INSERT QUERY NO: 5 */

INSERT INTO pfcs_detail_patient(NR_SEQUENCIA, DT_ATUALIZACAO, NM_USUARIO, DT_ATUALIZACAO_NREC, NM_USUARIO_NREC, ID_PATIENT, NM_PATIENT, QT_TIME_AWAITING_BED, NR_SEQ_DETAIL, NR_ENCOUNTER, DT_ENTRANCE, DS_GENDER, DS_CLASSIFICATION, DT_BIRTHDATE,IE_OVER_THRESHOLD)
VALUES
(
nextval('pfcs_detail_patient_seq'), clock_timestamp(), nm_usuario_p, clock_timestamp(), nm_usuario_p, 4770375, 'SOUZA, ASHLEY', 24, 15004, 33170, (clock_timestamp() - (1095/24/60)), 'Female', 'ACO Groups', TO_DATE('03/03/1986 00:00:00', 'DD/MM/YYYY HH24:MI:SS'),'N'
);

/* INSERT QUERY NO: 6 */

INSERT INTO pfcs_detail_patient(NR_SEQUENCIA, DT_ATUALIZACAO, NM_USUARIO, DT_ATUALIZACAO_NREC, NM_USUARIO_NREC, ID_PATIENT, NM_PATIENT, QT_TIME_AWAITING_BED, NR_SEQ_DETAIL, NR_ENCOUNTER, DT_ENTRANCE, DS_GENDER, DS_CLASSIFICATION, DT_BIRTHDATE,IE_OVER_THRESHOLD)
VALUES
(
nextval('pfcs_detail_patient_seq'), clock_timestamp(), nm_usuario_p, clock_timestamp(), nm_usuario_p, 4836353, 'ALMEIDA, SHEILA', 50, 15005, 33172, (clock_timestamp() - (1090/24/60)), 'Female', 'ACO Groups', TO_DATE('11/01/2010 00:00:00', 'DD/MM/YYYY HH24:MI:SS'),'S'
);

/* INSERT QUERY NO: 7 */

INSERT INTO pfcs_detail_patient(NR_SEQUENCIA, DT_ATUALIZACAO, NM_USUARIO, DT_ATUALIZACAO_NREC, NM_USUARIO_NREC, ID_PATIENT, NM_PATIENT, QT_TIME_AWAITING_BED, NR_SEQ_DETAIL, NR_ENCOUNTER, DT_ENTRANCE, DS_GENDER, DS_CLASSIFICATION, DT_BIRTHDATE,IE_OVER_THRESHOLD)
VALUES
(
nextval('pfcs_detail_patient_seq'), clock_timestamp(), nm_usuario_p, clock_timestamp(), nm_usuario_p, 4976756, 'BERNARDI, Pietro', 46, 15006, 33173, (clock_timestamp() - (1085/24/60)), 'Male', '', TO_DATE('25/11/1979 00:00:00', 'DD/MM/YYYY HH24:MI:SS'),'S'
);

/* INSERT QUERY NO: 1 */

INSERT INTO pfcs_detail_bed_request(NR_SEQUENCIA, DT_ATUALIZACAO, NM_USUARIO, DT_ATUALIZACAO_NREC, NM_USUARIO_NREC, CD_STATUS, DS_STATUS, DT_TIME_REQUEST, NR_SEQ_DETAIL, DS_TYPE)
VALUES
(
nextval('pfcs_detail_bed_request_seq'), clock_timestamp(), nm_usuario_p, clock_timestamp(), nm_usuario_p, 1, 'Accepted', (clock_timestamp() - (150/24/60)), 15000, 'Oncology'
);

/* INSERT QUERY NO: 2 */

INSERT INTO pfcs_detail_bed_request(NR_SEQUENCIA, DT_ATUALIZACAO, NM_USUARIO, DT_ATUALIZACAO_NREC, NM_USUARIO_NREC, CD_STATUS, DS_STATUS, DT_TIME_REQUEST, NR_SEQ_DETAIL, DS_TYPE)
VALUES
(
nextval('pfcs_detail_bed_request_seq'), clock_timestamp(), nm_usuario_p, clock_timestamp(), nm_usuario_p, 1, 'Accepted', (clock_timestamp() - (123/24/60)), 15001, 'Surgical'
);

/* INSERT QUERY NO: 3 */

INSERT INTO pfcs_detail_bed_request(NR_SEQUENCIA, DT_ATUALIZACAO, NM_USUARIO, DT_ATUALIZACAO_NREC, NM_USUARIO_NREC, CD_STATUS, DS_STATUS, DT_TIME_REQUEST, NR_SEQ_DETAIL, DS_TYPE)
VALUES
(
nextval('pfcs_detail_bed_request_seq'), clock_timestamp(), nm_usuario_p, clock_timestamp(), nm_usuario_p, 1, 'Accepted', (clock_timestamp() - (98/24/60)), 15002, 'Clinic'
);

/* INSERT QUERY NO: 4 */

INSERT INTO pfcs_detail_bed_request(NR_SEQUENCIA, DT_ATUALIZACAO, NM_USUARIO, DT_ATUALIZACAO_NREC, NM_USUARIO_NREC, CD_STATUS, DS_STATUS, DT_TIME_REQUEST, NR_SEQ_DETAIL, DS_TYPE)
VALUES
(
nextval('pfcs_detail_bed_request_seq'), clock_timestamp(), nm_usuario_p, clock_timestamp(), nm_usuario_p, 1, 'Accepted', (clock_timestamp() - (152/24/60)), 15003, 'Surgical'
);

/* INSERT QUERY NO: 5 */

INSERT INTO pfcs_detail_bed_request(NR_SEQUENCIA, DT_ATUALIZACAO, NM_USUARIO, DT_ATUALIZACAO_NREC, NM_USUARIO_NREC, CD_STATUS, DS_STATUS, DT_TIME_REQUEST, NR_SEQ_DETAIL, DS_TYPE)
VALUES
(
nextval('pfcs_detail_bed_request_seq'), clock_timestamp(), nm_usuario_p, clock_timestamp(), nm_usuario_p, 1, 'Accepted', (clock_timestamp() - (100/24/60)), 15004, 'Oncology'
);

/* INSERT QUERY NO: 6 */

INSERT INTO pfcs_detail_bed_request(NR_SEQUENCIA, DT_ATUALIZACAO, NM_USUARIO, DT_ATUALIZACAO_NREC, NM_USUARIO_NREC, CD_STATUS, DS_STATUS, DT_TIME_REQUEST, NR_SEQ_DETAIL, DS_TYPE)
VALUES
(
nextval('pfcs_detail_bed_request_seq'), clock_timestamp(), nm_usuario_p, clock_timestamp(), nm_usuario_p, 1, 'Accepted', (clock_timestamp() - (196/24/60)), 15005, 'Pediatric'
);

/* INSERT QUERY NO: 7 */

INSERT INTO pfcs_detail_bed_request(NR_SEQUENCIA, DT_ATUALIZACAO, NM_USUARIO, DT_ATUALIZACAO_NREC, NM_USUARIO_NREC, CD_STATUS, DS_STATUS, DT_TIME_REQUEST, NR_SEQ_DETAIL, DS_TYPE)
VALUES
(
nextval('pfcs_detail_bed_request_seq'), clock_timestamp(), nm_usuario_p, clock_timestamp(), nm_usuario_p, 1, 'Accepted', (clock_timestamp() - (186/24/60)), 15006, 'Clinic'
);

 := pfcs_pck.pfcs_generate_results(
		vl_indicator_p => 254/7, vl_indicator_aux_p => 2, ds_reference_value_p => 'Accepted', cd_reference_value_p => 'O', nr_seq_indicator_p => nr_seq_indicator_p, nr_seq_operational_level_p => cd_estabelecimento_w, nm_usuario_p => nm_usuario_p, nr_seq_panel_p => pfcs_panel_seq_w);

	CALL pfcs_pck.pfcs_update_detail(
		nr_seq_indicator_p => nr_seq_indicator_p,
		nr_seq_panel_p => pfcs_panel_seq_w,
		nr_seq_operational_level_p => cd_estabelecimento_w,
		nm_usuario_p => nm_usuario_p);
		
/* INSERT QUERY NO: 20 */

INSERT INTO pfcs_panel_detail(NR_SEQUENCIA, NM_USUARIO, DT_ATUALIZACAO, NM_USUARIO_NREC, DT_ATUALIZACAO_NREC, IE_SITUATION, NR_SEQ_INDICATOR, NR_SEQ_OPERATIONAL_LEVEL)
VALUES (
15019, nm_usuario_p, clock_timestamp(), nm_usuario_p, clock_timestamp(), 'T', 20, cd_estabelecimento_w
);

/* INSERT QUERY NO: 21 */

INSERT INTO pfcs_panel_detail(NR_SEQUENCIA, NM_USUARIO, DT_ATUALIZACAO, NM_USUARIO_NREC, DT_ATUALIZACAO_NREC, IE_SITUATION, NR_SEQ_INDICATOR, NR_SEQ_OPERATIONAL_LEVEL)
VALUES (
15020, nm_usuario_p, clock_timestamp(), nm_usuario_p, clock_timestamp(), 'T', 20, cd_estabelecimento_w
);

/* INSERT QUERY NO: 22 */

INSERT INTO pfcs_panel_detail(NR_SEQUENCIA, NM_USUARIO, DT_ATUALIZACAO, NM_USUARIO_NREC, DT_ATUALIZACAO_NREC, IE_SITUATION, NR_SEQ_INDICATOR, NR_SEQ_OPERATIONAL_LEVEL)
VALUES (
15021, nm_usuario_p, clock_timestamp(), nm_usuario_p, clock_timestamp(), 'T', 20, cd_estabelecimento_w
);

/* INSERT QUERY NO: 23 */

INSERT INTO pfcs_panel_detail(NR_SEQUENCIA, NM_USUARIO, DT_ATUALIZACAO, NM_USUARIO_NREC, DT_ATUALIZACAO_NREC, IE_SITUATION, NR_SEQ_INDICATOR, NR_SEQ_OPERATIONAL_LEVEL)
VALUES (
15022, nm_usuario_p, clock_timestamp(), nm_usuario_p, clock_timestamp(), 'T', 20, cd_estabelecimento_w
);

/* INSERT QUERY NO: 24 */

INSERT INTO pfcs_panel_detail(NR_SEQUENCIA, NM_USUARIO, DT_ATUALIZACAO, NM_USUARIO_NREC, DT_ATUALIZACAO_NREC, IE_SITUATION, NR_SEQ_INDICATOR, NR_SEQ_OPERATIONAL_LEVEL)
VALUES (
15023, nm_usuario_p, clock_timestamp(), nm_usuario_p, clock_timestamp(), 'T', 20, cd_estabelecimento_w
);		
		
		
/* INSERT QUERY NO: 20 */

INSERT INTO pfcs_detail_patient(NR_SEQUENCIA, DT_ATUALIZACAO, NM_USUARIO, DT_ATUALIZACAO_NREC, NM_USUARIO_NREC, ID_PATIENT, NM_PATIENT, QT_TIME_AWAITING_BED, NR_SEQ_DETAIL, NR_ENCOUNTER, DT_ENTRANCE, DS_GENDER, DS_CLASSIFICATION, DT_BIRTHDATE,IE_OVER_THRESHOLD)
VALUES
(
nextval('pfcs_detail_patient_seq'), clock_timestamp(), nm_usuario_p, clock_timestamp(), nm_usuario_p, 5542324, 'ANZAI, NANAKO', 63, 15019, 33265, (clock_timestamp() - (1051/24/60)), 'Male', '', TO_DATE('01/06/1989 00:00:00', 'DD/MM/YYYY HH24:MI:SS'),'N'
);

/* INSERT QUERY NO: 21 */

INSERT INTO pfcs_detail_patient(NR_SEQUENCIA, DT_ATUALIZACAO, NM_USUARIO, DT_ATUALIZACAO_NREC, NM_USUARIO_NREC, ID_PATIENT, NM_PATIENT, QT_TIME_AWAITING_BED, NR_SEQ_DETAIL, NR_ENCOUNTER, DT_ENTRANCE, DS_GENDER, DS_CLASSIFICATION, DT_BIRTHDATE,IE_OVER_THRESHOLD)
VALUES
(
nextval('pfcs_detail_patient_seq'), clock_timestamp(), nm_usuario_p, clock_timestamp(), nm_usuario_p, 5580347, 'SILVA, Samantha', 57, 15020, 33270, (clock_timestamp() - (1000/24/60)), 'Female', '', TO_DATE('11/11/1990 00:00:00', 'DD/MM/YYYY HH24:MI:SS'),'N'
);

/* INSERT QUERY NO: 22 */

INSERT INTO pfcs_detail_patient(NR_SEQUENCIA, DT_ATUALIZACAO, NM_USUARIO, DT_ATUALIZACAO_NREC, NM_USUARIO_NREC, ID_PATIENT, NM_PATIENT, QT_TIME_AWAITING_BED, NR_SEQ_DETAIL, NR_ENCOUNTER, DT_ENTRANCE, DS_GENDER, DS_CLASSIFICATION, DT_BIRTHDATE,IE_OVER_THRESHOLD)
VALUES
(
nextval('pfcs_detail_patient_seq'), clock_timestamp(), nm_usuario_p, clock_timestamp(), nm_usuario_p, 1015591225, 'DALLABONA, Diogo', 78, 15021, 33369, (clock_timestamp() - (789/24/60)), 'Male', '', TO_DATE('11/10/1947 00:00:00', 'DD/MM/YYYY HH24:MI:SS'),'S'
);

/* INSERT QUERY NO: 23 */

INSERT INTO pfcs_detail_patient(NR_SEQUENCIA, DT_ATUALIZACAO, NM_USUARIO, DT_ATUALIZACAO_NREC, NM_USUARIO_NREC, ID_PATIENT, NM_PATIENT, QT_TIME_AWAITING_BED, NR_SEQ_DETAIL, NR_ENCOUNTER, DT_ENTRANCE, DS_GENDER, DS_CLASSIFICATION, DT_BIRTHDATE,IE_OVER_THRESHOLD)
VALUES
(
nextval('pfcs_detail_patient_seq'), clock_timestamp(), nm_usuario_p, clock_timestamp(), nm_usuario_p, 1015597697, 'MESSIA, Riane', 91, 15022, 33401, (clock_timestamp() - (658/24/60)), 'Female', '', TO_DATE('04/01/1965 00:00:00', 'DD/MM/YYYY HH24:MI:SS'),'S'
);

/* INSERT QUERY NO: 24 */

INSERT INTO pfcs_detail_patient(NR_SEQUENCIA, DT_ATUALIZACAO, NM_USUARIO, DT_ATUALIZACAO_NREC, NM_USUARIO_NREC, ID_PATIENT, NM_PATIENT, QT_TIME_AWAITING_BED, NR_SEQ_DETAIL, NR_ENCOUNTER, DT_ENTRANCE, DS_GENDER, DS_CLASSIFICATION, DT_BIRTHDATE,IE_OVER_THRESHOLD)
VALUES
(
nextval('pfcs_detail_patient_seq'), clock_timestamp(), nm_usuario_p, clock_timestamp(), nm_usuario_p, 1015759557, 'ALVES, Daniela', 98, 15023, 33405, (clock_timestamp() - (632/24/60)), 'Female', '', TO_DATE('23/10/1956 00:00:00', 'DD/MM/YYYY HH24:MI:SS'),'S'
);
		
		
/* INSERT QUERY NO: 20 */

INSERT INTO pfcs_detail_bed_request(NR_SEQUENCIA, DT_ATUALIZACAO, NM_USUARIO, DT_ATUALIZACAO_NREC, NM_USUARIO_NREC, CD_STATUS, DS_STATUS, DT_TIME_REQUEST, NR_SEQ_DETAIL, DS_TYPE)
VALUES
(
nextval('pfcs_detail_bed_request_seq'), clock_timestamp(), nm_usuario_p, clock_timestamp(), nm_usuario_p, 2, 'Accommodated', (clock_timestamp() - (132/24/60)), 15019, 'Pediatric'
);

/* INSERT QUERY NO: 21 */

INSERT INTO pfcs_detail_bed_request(NR_SEQUENCIA, DT_ATUALIZACAO, NM_USUARIO, DT_ATUALIZACAO_NREC, NM_USUARIO_NREC, CD_STATUS, DS_STATUS, DT_TIME_REQUEST, NR_SEQ_DETAIL, DS_TYPE)
VALUES
(
nextval('pfcs_detail_bed_request_seq'), clock_timestamp(), nm_usuario_p, clock_timestamp(), nm_usuario_p, 2, 'Accommodated', (clock_timestamp() - (129/24/60)), 15020, 'Clinic'
);

/* INSERT QUERY NO: 22 */

INSERT INTO pfcs_detail_bed_request(NR_SEQUENCIA, DT_ATUALIZACAO, NM_USUARIO, DT_ATUALIZACAO_NREC, NM_USUARIO_NREC, CD_STATUS, DS_STATUS, DT_TIME_REQUEST, NR_SEQ_DETAIL, DS_TYPE)
VALUES
(
nextval('pfcs_detail_bed_request_seq'), clock_timestamp(), nm_usuario_p, clock_timestamp(), nm_usuario_p, 2, 'Accommodated', (clock_timestamp() - (149/24/60)), 15021, 'Clinic'
);

/* INSERT QUERY NO: 23 */

INSERT INTO pfcs_detail_bed_request(NR_SEQUENCIA, DT_ATUALIZACAO, NM_USUARIO, DT_ATUALIZACAO_NREC, NM_USUARIO_NREC, CD_STATUS, DS_STATUS, DT_TIME_REQUEST, NR_SEQ_DETAIL, DS_TYPE)
VALUES
(
nextval('pfcs_detail_bed_request_seq'), clock_timestamp(), nm_usuario_p, clock_timestamp(), nm_usuario_p, 2, 'Accommodated', (clock_timestamp() - (187/24/60)), 15022, 'Clinic'
);

/* INSERT QUERY NO: 24 */

INSERT INTO pfcs_detail_bed_request(NR_SEQUENCIA, DT_ATUALIZACAO, NM_USUARIO, DT_ATUALIZACAO_NREC, NM_USUARIO_NREC, CD_STATUS, DS_STATUS, DT_TIME_REQUEST, NR_SEQ_DETAIL, DS_TYPE)
VALUES
(
nextval('pfcs_detail_bed_request_seq'), clock_timestamp(), nm_usuario_p, clock_timestamp(), nm_usuario_p, 2, 'Accommodated', (clock_timestamp() - (201/24/60)), 15023, 'Clinic'
);

 := pfcs_pck.pfcs_generate_results(
	vl_indicator_p =>  387/5, vl_indicator_aux_p => 3, ds_reference_value_p => 'Accommodated', cd_reference_value_p => 'F', nr_seq_indicator_p => nr_seq_indicator_p, nr_seq_operational_level_p => cd_estabelecimento_w, nm_usuario_p => nm_usuario_p, nr_seq_panel_p => pfcs_panel_seq_w);

CALL pfcs_pck.pfcs_update_detail(
	nr_seq_indicator_p => nr_seq_indicator_p,
	nr_seq_panel_p => pfcs_panel_seq_w,
	nr_seq_operational_level_p => cd_estabelecimento_w,
	nm_usuario_p => nm_usuario_p);
	
CALL pfcs_pck.pfcs_activate_records(
	nr_seq_indicator_p => nr_seq_indicator_p,
	nr_seq_operational_level_p => cd_estabelecimento_w,
	nm_usuario_p => nm_usuario_p);	
	
cd_estabelecimento_w	:= pfcs_get_structure_level(cd_establishment_p => 39, ie_level_p => 'O', ie_info_p => 'C');	

/* INSERT QUERY NO: 8 */

INSERT INTO pfcs_panel_detail(NR_SEQUENCIA, NM_USUARIO, DT_ATUALIZACAO, NM_USUARIO_NREC, DT_ATUALIZACAO_NREC, IE_SITUATION, NR_SEQ_INDICATOR, NR_SEQ_OPERATIONAL_LEVEL)
VALUES (
15007, nm_usuario_p, clock_timestamp(), nm_usuario_p, clock_timestamp(), 'T', 20, cd_estabelecimento_w
);

/* INSERT QUERY NO: 9 */

INSERT INTO pfcs_panel_detail(NR_SEQUENCIA, NM_USUARIO, DT_ATUALIZACAO, NM_USUARIO_NREC, DT_ATUALIZACAO_NREC, IE_SITUATION, NR_SEQ_INDICATOR, NR_SEQ_OPERATIONAL_LEVEL)
VALUES (
15008, nm_usuario_p, clock_timestamp(), nm_usuario_p, clock_timestamp(), 'T', 20, cd_estabelecimento_w
);

/* INSERT QUERY NO: 10 */

INSERT INTO pfcs_panel_detail(NR_SEQUENCIA, NM_USUARIO, DT_ATUALIZACAO, NM_USUARIO_NREC, DT_ATUALIZACAO_NREC, IE_SITUATION, NR_SEQ_INDICATOR, NR_SEQ_OPERATIONAL_LEVEL)
VALUES (
15009, nm_usuario_p, clock_timestamp(), nm_usuario_p, clock_timestamp(), 'T', 20, cd_estabelecimento_w
);

/* INSERT QUERY NO: 11 */

INSERT INTO pfcs_panel_detail(NR_SEQUENCIA, NM_USUARIO, DT_ATUALIZACAO, NM_USUARIO_NREC, DT_ATUALIZACAO_NREC, IE_SITUATION, NR_SEQ_INDICATOR, NR_SEQ_OPERATIONAL_LEVEL)
VALUES (
15010, nm_usuario_p, clock_timestamp(), nm_usuario_p, clock_timestamp(), 'T', 20, cd_estabelecimento_w
);

/* INSERT QUERY NO: 12 */

INSERT INTO pfcs_panel_detail(NR_SEQUENCIA, NM_USUARIO, DT_ATUALIZACAO, NM_USUARIO_NREC, DT_ATUALIZACAO_NREC, IE_SITUATION, NR_SEQ_INDICATOR, NR_SEQ_OPERATIONAL_LEVEL)
VALUES (
15011, nm_usuario_p, clock_timestamp(), nm_usuario_p, clock_timestamp(), 'T', 20, cd_estabelecimento_w
);

/* INSERT QUERY NO: 13 */

INSERT INTO pfcs_panel_detail(NR_SEQUENCIA, NM_USUARIO, DT_ATUALIZACAO, NM_USUARIO_NREC, DT_ATUALIZACAO_NREC, IE_SITUATION, NR_SEQ_INDICATOR, NR_SEQ_OPERATIONAL_LEVEL)
VALUES (
15012, nm_usuario_p, clock_timestamp(), nm_usuario_p, clock_timestamp(), 'T', 20, cd_estabelecimento_w
);


/* INSERT QUERY NO: 8 */

INSERT INTO pfcs_detail_patient(NR_SEQUENCIA, DT_ATUALIZACAO, NM_USUARIO, DT_ATUALIZACAO_NREC, NM_USUARIO_NREC, ID_PATIENT, NM_PATIENT, QT_TIME_AWAITING_BED, NR_SEQ_DETAIL, NR_ENCOUNTER, DT_ENTRANCE, DS_GENDER, DS_CLASSIFICATION, DT_BIRTHDATE,IE_OVER_THRESHOLD)
VALUES
(
nextval('pfcs_detail_patient_seq'), clock_timestamp(), nm_usuario_p, clock_timestamp(), nm_usuario_p, 5046288, 'VALENCA, ADELAURA', 55, 15007, 33174, (clock_timestamp() - (1084/24/60)), 'Female', '', TO_DATE('08/11/1983 00:00:00', 'DD/MM/YYYY HH24:MI:SS'),'N'
);

/* INSERT QUERY NO: 9 */

INSERT INTO pfcs_detail_patient(NR_SEQUENCIA, DT_ATUALIZACAO, NM_USUARIO, DT_ATUALIZACAO_NREC, NM_USUARIO_NREC, ID_PATIENT, NM_PATIENT, QT_TIME_AWAITING_BED, NR_SEQ_DETAIL, NR_ENCOUNTER, DT_ENTRANCE, DS_GENDER, DS_CLASSIFICATION, DT_BIRTHDATE,IE_OVER_THRESHOLD)
VALUES
(
nextval('pfcs_detail_patient_seq'), clock_timestamp(), nm_usuario_p, clock_timestamp(), nm_usuario_p, 5158090, 'BORA, SUSANA', 27, 15008, 33175, (clock_timestamp() - (1080/24/60)), 'Female', '', TO_DATE('03/05/1974 00:00:00', 'DD/MM/YYYY HH24:MI:SS'),'N'
);

/* INSERT QUERY NO: 10 */

INSERT INTO pfcs_detail_patient(NR_SEQUENCIA, DT_ATUALIZACAO, NM_USUARIO, DT_ATUALIZACAO_NREC, NM_USUARIO_NREC, ID_PATIENT, NM_PATIENT, QT_TIME_AWAITING_BED, NR_SEQ_DETAIL, NR_ENCOUNTER, DT_ENTRANCE, DS_GENDER, DS_CLASSIFICATION, DT_BIRTHDATE,IE_OVER_THRESHOLD)
VALUES
(
nextval('pfcs_detail_patient_seq'), clock_timestamp(), nm_usuario_p, clock_timestamp(), nm_usuario_p, 5240652, 'ALONSO, ADRIANA', 32, 15009, 33176, (clock_timestamp() - (1079/24/60)), 'Female', '', TO_DATE('29/09/2011 00:00:00', 'DD/MM/YYYY HH24:MI:SS'),'N'
);

/* INSERT QUERY NO: 11 */

INSERT INTO pfcs_detail_patient(NR_SEQUENCIA, DT_ATUALIZACAO, NM_USUARIO, DT_ATUALIZACAO_NREC, NM_USUARIO_NREC, ID_PATIENT, NM_PATIENT, QT_TIME_AWAITING_BED, NR_SEQ_DETAIL, NR_ENCOUNTER, DT_ENTRANCE, DS_GENDER, DS_CLASSIFICATION, DT_BIRTHDATE,IE_OVER_THRESHOLD)
VALUES
(
nextval('pfcs_detail_patient_seq'), clock_timestamp(), nm_usuario_p, clock_timestamp(), nm_usuario_p, 5259734, 'BENSABATH, ANA', 41, 15010, 33177, (clock_timestamp() - (1075/24/60)), 'Female', '', TO_DATE('12/03/1987 00:00:00', 'DD/MM/YYYY HH24:MI:SS'),'N'
);

/* INSERT QUERY NO: 12 */

INSERT INTO pfcs_detail_patient(NR_SEQUENCIA, DT_ATUALIZACAO, NM_USUARIO, DT_ATUALIZACAO_NREC, NM_USUARIO_NREC, ID_PATIENT, NM_PATIENT, QT_TIME_AWAITING_BED, NR_SEQ_DETAIL, NR_ENCOUNTER, DT_ENTRANCE, DS_GENDER, DS_CLASSIFICATION, DT_BIRTHDATE,IE_OVER_THRESHOLD)
VALUES
(
nextval('pfcs_detail_patient_seq'), clock_timestamp(), nm_usuario_p, clock_timestamp(), nm_usuario_p, 5268653, 'CAND, ANASTACIA', 45, 15011, 33179, (clock_timestamp() - (1076/24/60)), 'Female', '', TO_DATE('06/06/1982 00:00:00', 'DD/MM/YYYY HH24:MI:SS'),'N'
);

/* INSERT QUERY NO: 13 */

INSERT INTO pfcs_detail_patient(NR_SEQUENCIA, DT_ATUALIZACAO, NM_USUARIO, DT_ATUALIZACAO_NREC, NM_USUARIO_NREC, ID_PATIENT, NM_PATIENT, QT_TIME_AWAITING_BED, NR_SEQ_DETAIL, NR_ENCOUNTER, DT_ENTRANCE, DS_GENDER, DS_CLASSIFICATION, DT_BIRTHDATE,IE_OVER_THRESHOLD)
VALUES
(
nextval('pfcs_detail_patient_seq'), clock_timestamp(), nm_usuario_p, clock_timestamp(), nm_usuario_p, 5313162, 'ARAUJO, MARCELA', 29, 15012, 33180, (clock_timestamp() - (1075/24/60)), 'Female', '', TO_DATE('08/06/1972 00:00:00', 'DD/MM/YYYY HH24:MI:SS'),'S'
);
	
/* INSERT QUERY NO: 8 */

INSERT INTO pfcs_detail_bed_request(NR_SEQUENCIA, DT_ATUALIZACAO, NM_USUARIO, DT_ATUALIZACAO_NREC, NM_USUARIO_NREC, CD_STATUS, DS_STATUS, DT_TIME_REQUEST, NR_SEQ_DETAIL, DS_TYPE)
VALUES
(
nextval('pfcs_detail_bed_request_seq'), clock_timestamp(), nm_usuario_p, clock_timestamp(), nm_usuario_p, 1, 'Accepted', (clock_timestamp() - (1084/24/60)), 15007, 'Surgical'
);

/* INSERT QUERY NO: 9 */

INSERT INTO pfcs_detail_bed_request(NR_SEQUENCIA, DT_ATUALIZACAO, NM_USUARIO, DT_ATUALIZACAO_NREC, NM_USUARIO_NREC, CD_STATUS, DS_STATUS, DT_TIME_REQUEST, NR_SEQ_DETAIL, DS_TYPE)
VALUES
(
nextval('pfcs_detail_bed_request_seq'), clock_timestamp(), nm_usuario_p, clock_timestamp(), nm_usuario_p, 1, 'Accepted', (clock_timestamp() - (1080/24/60)), 15008, 'Surgical'
);

/* INSERT QUERY NO: 10 */

INSERT INTO pfcs_detail_bed_request(NR_SEQUENCIA, DT_ATUALIZACAO, NM_USUARIO, DT_ATUALIZACAO_NREC, NM_USUARIO_NREC, CD_STATUS, DS_STATUS, DT_TIME_REQUEST, NR_SEQ_DETAIL, DS_TYPE)
VALUES
(
nextval('pfcs_detail_bed_request_seq'), clock_timestamp(), nm_usuario_p, clock_timestamp(), nm_usuario_p, 1, 'Accepted', (clock_timestamp() - (1079/24/60)), 15009, 'Oncology'
);

/* INSERT QUERY NO: 11 */

INSERT INTO pfcs_detail_bed_request(NR_SEQUENCIA, DT_ATUALIZACAO, NM_USUARIO, DT_ATUALIZACAO_NREC, NM_USUARIO_NREC, CD_STATUS, DS_STATUS, DT_TIME_REQUEST, NR_SEQ_DETAIL, DS_TYPE)
VALUES
(
nextval('pfcs_detail_bed_request_seq'), clock_timestamp(), nm_usuario_p, clock_timestamp(), nm_usuario_p, 1, 'Accepted', (clock_timestamp() - (1075/24/60)), 15010, 'Surgical'
);

/* INSERT QUERY NO: 12 */

INSERT INTO pfcs_detail_bed_request(NR_SEQUENCIA, DT_ATUALIZACAO, NM_USUARIO, DT_ATUALIZACAO_NREC, NM_USUARIO_NREC, CD_STATUS, DS_STATUS, DT_TIME_REQUEST, NR_SEQ_DETAIL, DS_TYPE)
VALUES
(
nextval('pfcs_detail_bed_request_seq'), clock_timestamp(), nm_usuario_p, clock_timestamp(), nm_usuario_p, 1, 'Accepted', (clock_timestamp() - (1076/24/60)), 15011, 'Clinic'
);

/* INSERT QUERY NO: 13 */

INSERT INTO pfcs_detail_bed_request(NR_SEQUENCIA, DT_ATUALIZACAO, NM_USUARIO, DT_ATUALIZACAO_NREC, NM_USUARIO_NREC, CD_STATUS, DS_STATUS, DT_TIME_REQUEST, NR_SEQ_DETAIL, DS_TYPE)
VALUES
(
nextval('pfcs_detail_bed_request_seq'), clock_timestamp(), nm_usuario_p, clock_timestamp(), nm_usuario_p, 1, 'Accepted', (clock_timestamp() - (1075/24/60)), 15012, 'Clinic'
);		

 := pfcs_pck.pfcs_generate_results(
		vl_indicator_p => 229/6, vl_indicator_aux_p => 1, ds_reference_value_p => 'Accepted', cd_reference_value_p => 'O', nr_seq_indicator_p => nr_seq_indicator_p, nr_seq_operational_level_p => cd_estabelecimento_w, nm_usuario_p => nm_usuario_p, nr_seq_panel_p => pfcs_panel_seq_w);

	CALL pfcs_pck.pfcs_update_detail(
		nr_seq_indicator_p => nr_seq_indicator_p,
		nr_seq_panel_p => pfcs_panel_seq_w,
		nr_seq_operational_level_p => cd_estabelecimento_w,
		nm_usuario_p => nm_usuario_p);
		
/* INSERT QUERY NO: 25 */

INSERT INTO pfcs_panel_detail(NR_SEQUENCIA, NM_USUARIO, DT_ATUALIZACAO, NM_USUARIO_NREC, DT_ATUALIZACAO_NREC, IE_SITUATION, NR_SEQ_INDICATOR, NR_SEQ_OPERATIONAL_LEVEL)
VALUES (
15024, nm_usuario_p, clock_timestamp(), nm_usuario_p, clock_timestamp(), 'T', 20, cd_estabelecimento_w
);

/* INSERT QUERY NO: 26 */

INSERT INTO pfcs_panel_detail(NR_SEQUENCIA, NM_USUARIO, DT_ATUALIZACAO, NM_USUARIO_NREC, DT_ATUALIZACAO_NREC, IE_SITUATION, NR_SEQ_INDICATOR, NR_SEQ_OPERATIONAL_LEVEL)
VALUES (
15025, nm_usuario_p, clock_timestamp(), nm_usuario_p, clock_timestamp(), 'T', 20, cd_estabelecimento_w
);

/* INSERT QUERY NO: 27 */

INSERT INTO pfcs_panel_detail(NR_SEQUENCIA, NM_USUARIO, DT_ATUALIZACAO, NM_USUARIO_NREC, DT_ATUALIZACAO_NREC, IE_SITUATION, NR_SEQ_INDICATOR, NR_SEQ_OPERATIONAL_LEVEL)
VALUES (
15026, nm_usuario_p, clock_timestamp(), nm_usuario_p, clock_timestamp(), 'T', 20, cd_estabelecimento_w
);

/* INSERT QUERY NO: 28 */

INSERT INTO pfcs_panel_detail(NR_SEQUENCIA, NM_USUARIO, DT_ATUALIZACAO, NM_USUARIO_NREC, DT_ATUALIZACAO_NREC, IE_SITUATION, NR_SEQ_INDICATOR, NR_SEQ_OPERATIONAL_LEVEL)
VALUES (
15027, nm_usuario_p, clock_timestamp(), nm_usuario_p, clock_timestamp(), 'T', 20, cd_estabelecimento_w
);		
		
/* INSERT QUERY NO: 25 */

INSERT INTO pfcs_detail_patient(NR_SEQUENCIA, DT_ATUALIZACAO, NM_USUARIO, DT_ATUALIZACAO_NREC, NM_USUARIO_NREC, ID_PATIENT, NM_PATIENT, QT_TIME_AWAITING_BED, NR_SEQ_DETAIL, NR_ENCOUNTER, DT_ENTRANCE, DS_GENDER, DS_CLASSIFICATION, DT_BIRTHDATE,IE_OVER_THRESHOLD)
VALUES
(
nextval('pfcs_detail_patient_seq'), clock_timestamp(), nm_usuario_p, clock_timestamp(), nm_usuario_p, 1015759829, 'JOLIE, ANGELINA', 23, 15024, 33406, (clock_timestamp() - (600/24/60)), 'Female', '', TO_DATE('14/03/1984 00:00:00', 'DD/MM/YYYY HH24:MI:SS'),'N'
);

/* INSERT QUERY NO: 26 */

INSERT INTO pfcs_detail_patient(NR_SEQUENCIA, DT_ATUALIZACAO, NM_USUARIO, DT_ATUALIZACAO_NREC, NM_USUARIO_NREC, ID_PATIENT, NM_PATIENT, QT_TIME_AWAITING_BED, NR_SEQ_DETAIL, NR_ENCOUNTER, DT_ENTRANCE, DS_GENDER, DS_CLASSIFICATION, DT_BIRTHDATE,IE_OVER_THRESHOLD)
VALUES
(
nextval('pfcs_detail_patient_seq'), clock_timestamp(), nm_usuario_p, clock_timestamp(), nm_usuario_p, 1015762935, 'GUIMARÃES, ALFRIDA', 35, 15025, 33407, (clock_timestamp() - (512/24/60)), 'Female', '', TO_DATE('03/03/1986 00:00:00', 'DD/MM/YYYY HH24:MI:SS'),'N'
);

/* INSERT QUERY NO: 27 */

INSERT INTO pfcs_detail_patient(NR_SEQUENCIA, DT_ATUALIZACAO, NM_USUARIO, DT_ATUALIZACAO_NREC, NM_USUARIO_NREC, ID_PATIENT, NM_PATIENT, QT_TIME_AWAITING_BED, NR_SEQ_DETAIL, NR_ENCOUNTER, DT_ENTRANCE, DS_GENDER, DS_CLASSIFICATION, DT_BIRTHDATE,IE_OVER_THRESHOLD)
VALUES
(
nextval('pfcs_detail_patient_seq'), clock_timestamp(), nm_usuario_p, clock_timestamp(), nm_usuario_p, 1015766215, 'Peruzzo, Aliane', 34, 15026, 33408, (clock_timestamp() - (505/24/60)), 'Female', '', TO_DATE('11/01/2010 00:00:00', 'DD/MM/YYYY HH24:MI:SS'),'N'
);

/* INSERT QUERY NO: 28 */

INSERT INTO pfcs_detail_patient(NR_SEQUENCIA, DT_ATUALIZACAO, NM_USUARIO, DT_ATUALIZACAO_NREC, NM_USUARIO_NREC, ID_PATIENT, NM_PATIENT, QT_TIME_AWAITING_BED, NR_SEQ_DETAIL, NR_ENCOUNTER, DT_ENTRANCE, DS_GENDER, DS_CLASSIFICATION, DT_BIRTHDATE,IE_OVER_THRESHOLD)
VALUES
(
nextval('pfcs_detail_patient_seq'), clock_timestamp(), nm_usuario_p, clock_timestamp(), nm_usuario_p, 1015775881, 'Bolena, Anna', 29, 15027, 33409, (clock_timestamp() - (489/24/60)), 'Female', '', TO_DATE('25/11/1979 00:00:00', 'DD/MM/YYYY HH24:MI:SS'),'S'
);					
		
/* INSERT QUERY NO: 25 */

INSERT INTO pfcs_detail_bed_request(NR_SEQUENCIA, DT_ATUALIZACAO, NM_USUARIO, DT_ATUALIZACAO_NREC, NM_USUARIO_NREC, CD_STATUS, DS_STATUS, DT_TIME_REQUEST, NR_SEQ_DETAIL, DS_TYPE)
VALUES
(
nextval('pfcs_detail_bed_request_seq'), clock_timestamp(), nm_usuario_p, clock_timestamp(), nm_usuario_p, 2, 'Accommodated', (clock_timestamp() - (600/24/60)), 15024, 'Surgical'
);

/* INSERT QUERY NO: 26 */

INSERT INTO pfcs_detail_bed_request(NR_SEQUENCIA, DT_ATUALIZACAO, NM_USUARIO, DT_ATUALIZACAO_NREC, NM_USUARIO_NREC, CD_STATUS, DS_STATUS, DT_TIME_REQUEST, NR_SEQ_DETAIL, DS_TYPE)
VALUES
(
nextval('pfcs_detail_bed_request_seq'), clock_timestamp(), nm_usuario_p, clock_timestamp(), nm_usuario_p, 2, 'Accommodated', (clock_timestamp() - (512/24/60)), 15025, 'Clinic'
);

/* INSERT QUERY NO: 27 */

INSERT INTO pfcs_detail_bed_request(NR_SEQUENCIA, DT_ATUALIZACAO, NM_USUARIO, DT_ATUALIZACAO_NREC, NM_USUARIO_NREC, CD_STATUS, DS_STATUS, DT_TIME_REQUEST, NR_SEQ_DETAIL, DS_TYPE)
VALUES
(
nextval('pfcs_detail_bed_request_seq'), clock_timestamp(), nm_usuario_p, clock_timestamp(), nm_usuario_p, 2, 'Accommodated', (clock_timestamp() - (505/24/60)), 15026, 'Surgical'
);

/* INSERT QUERY NO: 28 */

INSERT INTO pfcs_detail_bed_request(NR_SEQUENCIA, DT_ATUALIZACAO, NM_USUARIO, DT_ATUALIZACAO_NREC, NM_USUARIO_NREC, CD_STATUS, DS_STATUS, DT_TIME_REQUEST, NR_SEQ_DETAIL, DS_TYPE)
VALUES
(
nextval('pfcs_detail_bed_request_seq'), clock_timestamp(), nm_usuario_p, clock_timestamp(), nm_usuario_p, 2, 'Accommodated', (clock_timestamp() - (489/24/60)), 15027, 'Surgical'
);

 := pfcs_pck.pfcs_generate_results(
	vl_indicator_p => 120/4, vl_indicator_aux_p => 1, ds_reference_value_p => 'Accommodated', cd_reference_value_p => 'F', nr_seq_indicator_p => nr_seq_indicator_p, nr_seq_operational_level_p => cd_estabelecimento_w, nm_usuario_p => nm_usuario_p, nr_seq_panel_p => pfcs_panel_seq_w);

CALL pfcs_pck.pfcs_update_detail(
	nr_seq_indicator_p => nr_seq_indicator_p,
	nr_seq_panel_p => pfcs_panel_seq_w,
	nr_seq_operational_level_p => cd_estabelecimento_w,
	nm_usuario_p => nm_usuario_p);
	
CALL pfcs_pck.pfcs_activate_records(
	nr_seq_indicator_p => nr_seq_indicator_p,
	nr_seq_operational_level_p => cd_estabelecimento_w,
	nm_usuario_p => nm_usuario_p);	
	
cd_estabelecimento_w	:= pfcs_get_structure_level(cd_establishment_p => 11, ie_level_p => 'O', ie_info_p => 'C');

/* INSERT QUERY NO: 14 */

INSERT INTO pfcs_panel_detail(NR_SEQUENCIA, NM_USUARIO, DT_ATUALIZACAO, NM_USUARIO_NREC, DT_ATUALIZACAO_NREC, IE_SITUATION, NR_SEQ_INDICATOR, NR_SEQ_OPERATIONAL_LEVEL)
VALUES (
15013, nm_usuario_p, clock_timestamp(), nm_usuario_p, clock_timestamp(), 'T', 20, cd_estabelecimento_w
);

/* INSERT QUERY NO: 15 */

INSERT INTO pfcs_panel_detail(NR_SEQUENCIA, NM_USUARIO, DT_ATUALIZACAO, NM_USUARIO_NREC, DT_ATUALIZACAO_NREC, IE_SITUATION, NR_SEQ_INDICATOR, NR_SEQ_OPERATIONAL_LEVEL)
VALUES (
15014, nm_usuario_p, clock_timestamp(), nm_usuario_p, clock_timestamp(), 'T', 20, cd_estabelecimento_w
);

/* INSERT QUERY NO: 16 */

INSERT INTO pfcs_panel_detail(NR_SEQUENCIA, NM_USUARIO, DT_ATUALIZACAO, NM_USUARIO_NREC, DT_ATUALIZACAO_NREC, IE_SITUATION, NR_SEQ_INDICATOR, NR_SEQ_OPERATIONAL_LEVEL)
VALUES (
15015, nm_usuario_p, clock_timestamp(), nm_usuario_p, clock_timestamp(), 'T', 20, cd_estabelecimento_w
);

/* INSERT QUERY NO: 17 */

INSERT INTO pfcs_panel_detail(NR_SEQUENCIA, NM_USUARIO, DT_ATUALIZACAO, NM_USUARIO_NREC, DT_ATUALIZACAO_NREC, IE_SITUATION, NR_SEQ_INDICATOR, NR_SEQ_OPERATIONAL_LEVEL)
VALUES (
15016, nm_usuario_p, clock_timestamp(), nm_usuario_p, clock_timestamp(), 'T', 20, cd_estabelecimento_w
);

/* INSERT QUERY NO: 18 */

INSERT INTO pfcs_panel_detail(NR_SEQUENCIA, NM_USUARIO, DT_ATUALIZACAO, NM_USUARIO_NREC, DT_ATUALIZACAO_NREC, IE_SITUATION, NR_SEQ_INDICATOR, NR_SEQ_OPERATIONAL_LEVEL)
VALUES (
15017, nm_usuario_p, clock_timestamp(), nm_usuario_p, clock_timestamp(), 'T', 20, cd_estabelecimento_w
);

/* INSERT QUERY NO: 19 */

INSERT INTO pfcs_panel_detail(NR_SEQUENCIA, NM_USUARIO, DT_ATUALIZACAO, NM_USUARIO_NREC, DT_ATUALIZACAO_NREC, IE_SITUATION, NR_SEQ_INDICATOR, NR_SEQ_OPERATIONAL_LEVEL)
VALUES (
15018, nm_usuario_p, clock_timestamp(), nm_usuario_p, clock_timestamp(), 'T', 20, cd_estabelecimento_w
);

/* INSERT QUERY NO: 14 */

INSERT INTO pfcs_detail_patient(NR_SEQUENCIA, DT_ATUALIZACAO, NM_USUARIO, DT_ATUALIZACAO_NREC, NM_USUARIO_NREC, ID_PATIENT, NM_PATIENT, QT_TIME_AWAITING_BED, NR_SEQ_DETAIL, NR_ENCOUNTER, DT_ENTRANCE, DS_GENDER, DS_CLASSIFICATION, DT_BIRTHDATE,IE_OVER_THRESHOLD)
VALUES
(
nextval('pfcs_detail_patient_seq'), clock_timestamp(), nm_usuario_p, clock_timestamp(), nm_usuario_p, 5351902, 'AZEVEDO, KARIN', 31, 15013, 33181, (clock_timestamp() - (1070/24/60)), 'Female', '', TO_DATE('01/10/1971 00:00:00', 'DD/MM/YYYY HH24:MI:SS'),'S'
);

/* INSERT QUERY NO: 15 */

INSERT INTO pfcs_detail_patient(NR_SEQUENCIA, DT_ATUALIZACAO, NM_USUARIO, DT_ATUALIZACAO_NREC, NM_USUARIO_NREC, ID_PATIENT, NM_PATIENT, QT_TIME_AWAITING_BED, NR_SEQ_DETAIL, NR_ENCOUNTER, DT_ENTRANCE, DS_GENDER, DS_CLASSIFICATION, DT_BIRTHDATE,IE_OVER_THRESHOLD)
VALUES
(
nextval('pfcs_detail_patient_seq'), clock_timestamp(), nm_usuario_p, clock_timestamp(), nm_usuario_p, 5368924, 'PAULA, ADRIANA', 42, 15014, 33182, (clock_timestamp() - (1067/24/60)), 'Female', '', TO_DATE('06/10/1968 00:00:00', 'DD/MM/YYYY HH24:MI:SS'),'S'
);

/* INSERT QUERY NO: 16 */

INSERT INTO pfcs_detail_patient(NR_SEQUENCIA, DT_ATUALIZACAO, NM_USUARIO, DT_ATUALIZACAO_NREC, NM_USUARIO_NREC, ID_PATIENT, NM_PATIENT, QT_TIME_AWAITING_BED, NR_SEQ_DETAIL, NR_ENCOUNTER, DT_ENTRANCE, DS_GENDER, DS_CLASSIFICATION, DT_BIRTHDATE,IE_OVER_THRESHOLD)
VALUES
(
nextval('pfcs_detail_patient_seq'), clock_timestamp(), nm_usuario_p, clock_timestamp(), nm_usuario_p, 5388352, 'RUBBLE, Barney', 29, 15015, 33183, (clock_timestamp() - (1065/24/60)), 'Male', '', TO_DATE('05/12/1998 00:00:00', 'DD/MM/YYYY HH24:MI:SS'),'S'
);

/* INSERT QUERY NO: 17 */

INSERT INTO pfcs_detail_patient(NR_SEQUENCIA, DT_ATUALIZACAO, NM_USUARIO, DT_ATUALIZACAO_NREC, NM_USUARIO_NREC, ID_PATIENT, NM_PATIENT, QT_TIME_AWAITING_BED, NR_SEQ_DETAIL, NR_ENCOUNTER, DT_ENTRANCE, DS_GENDER, DS_CLASSIFICATION, DT_BIRTHDATE,IE_OVER_THRESHOLD)
VALUES
(
nextval('pfcs_detail_patient_seq'), clock_timestamp(), nm_usuario_p, clock_timestamp(), nm_usuario_p, 5398099, 'GERALDO, ANAI', 28, 15016, 33184, (clock_timestamp() - (1060/24/60)), 'Female', '', TO_DATE('12/10/1978 00:00:00', 'DD/MM/YYYY HH24:MI:SS'),'S'
);

/* INSERT QUERY NO: 18 */

INSERT INTO pfcs_detail_patient(NR_SEQUENCIA, DT_ATUALIZACAO, NM_USUARIO, DT_ATUALIZACAO_NREC, NM_USUARIO_NREC, ID_PATIENT, NM_PATIENT, QT_TIME_AWAITING_BED, NR_SEQ_DETAIL, NR_ENCOUNTER, DT_ENTRANCE, DS_GENDER, DS_CLASSIFICATION, DT_BIRTHDATE,IE_OVER_THRESHOLD)
VALUES
(
nextval('pfcs_detail_patient_seq'), clock_timestamp(), nm_usuario_p, clock_timestamp(), nm_usuario_p, 5426707, 'ACQUA, ANGELA', 33, 15017, 33186, (clock_timestamp() - (1057/24/60)), 'Female', '', TO_DATE('20/05/2001 00:00:00', 'DD/MM/YYYY HH24:MI:SS'),'S'
);

/* INSERT QUERY NO: 19 */

INSERT INTO pfcs_detail_patient(NR_SEQUENCIA, DT_ATUALIZACAO, NM_USUARIO, DT_ATUALIZACAO_NREC, NM_USUARIO_NREC, ID_PATIENT, NM_PATIENT, QT_TIME_AWAITING_BED, NR_SEQ_DETAIL, NR_ENCOUNTER, DT_ENTRANCE, DS_GENDER, DS_CLASSIFICATION, DT_BIRTHDATE,IE_OVER_THRESHOLD)
VALUES
(
nextval('pfcs_detail_patient_seq'), clock_timestamp(), nm_usuario_p, clock_timestamp(), nm_usuario_p, 5509263, 'Philips, Rosa', 37, 15018, 33190, (clock_timestamp() - (1055/24/60)), 'Female', '', TO_DATE('28/01/1943 00:00:00', 'DD/MM/YYYY HH24:MI:SS'),'S'
);

/* INSERT QUERY NO: 14 */

INSERT INTO pfcs_detail_bed_request(NR_SEQUENCIA, DT_ATUALIZACAO, NM_USUARIO, DT_ATUALIZACAO_NREC, NM_USUARIO_NREC, CD_STATUS, DS_STATUS, DT_TIME_REQUEST, NR_SEQ_DETAIL, DS_TYPE)
VALUES
(
nextval('pfcs_detail_bed_request_seq'), clock_timestamp(), nm_usuario_p, clock_timestamp(), nm_usuario_p, 1, 'Accepted', (clock_timestamp() - (1070/24/60)), 15013, 'Surgical'
);

/* INSERT QUERY NO: 15 */

INSERT INTO pfcs_detail_bed_request(NR_SEQUENCIA, DT_ATUALIZACAO, NM_USUARIO, DT_ATUALIZACAO_NREC, NM_USUARIO_NREC, CD_STATUS, DS_STATUS, DT_TIME_REQUEST, NR_SEQ_DETAIL, DS_TYPE)
VALUES
(
nextval('pfcs_detail_bed_request_seq'), clock_timestamp(), nm_usuario_p, clock_timestamp(), nm_usuario_p, 1, 'Accepted', (clock_timestamp() - (1067/24/60)), 15014, 'Surgical'
);

/* INSERT QUERY NO: 16 */

INSERT INTO pfcs_detail_bed_request(NR_SEQUENCIA, DT_ATUALIZACAO, NM_USUARIO, DT_ATUALIZACAO_NREC, NM_USUARIO_NREC, CD_STATUS, DS_STATUS, DT_TIME_REQUEST, NR_SEQ_DETAIL, DS_TYPE)
VALUES
(
nextval('pfcs_detail_bed_request_seq'), clock_timestamp(), nm_usuario_p, clock_timestamp(), nm_usuario_p, 1, 'Accepted', (clock_timestamp() - (1065/24/60)), 15015, 'Pediatric'
);

/* INSERT QUERY NO: 17 */

INSERT INTO pfcs_detail_bed_request(NR_SEQUENCIA, DT_ATUALIZACAO, NM_USUARIO, DT_ATUALIZACAO_NREC, NM_USUARIO_NREC, CD_STATUS, DS_STATUS, DT_TIME_REQUEST, NR_SEQ_DETAIL, DS_TYPE)
VALUES
(
nextval('pfcs_detail_bed_request_seq'), clock_timestamp(), nm_usuario_p, clock_timestamp(), nm_usuario_p, 1, 'Accepted', (clock_timestamp() - (1060/24/60)), 15016, 'Surgical'
);

/* INSERT QUERY NO: 18 */

INSERT INTO pfcs_detail_bed_request(NR_SEQUENCIA, DT_ATUALIZACAO, NM_USUARIO, DT_ATUALIZACAO_NREC, NM_USUARIO_NREC, CD_STATUS, DS_STATUS, DT_TIME_REQUEST, NR_SEQ_DETAIL, DS_TYPE)
VALUES
(
nextval('pfcs_detail_bed_request_seq'), clock_timestamp(), nm_usuario_p, clock_timestamp(), nm_usuario_p, 1, 'Accepted', (clock_timestamp() - (1057/24/60)), 15017, 'Clinic'
);

/* INSERT QUERY NO: 19 */

INSERT INTO pfcs_detail_bed_request(NR_SEQUENCIA, DT_ATUALIZACAO, NM_USUARIO, DT_ATUALIZACAO_NREC, NM_USUARIO_NREC, CD_STATUS, DS_STATUS, DT_TIME_REQUEST, NR_SEQ_DETAIL, DS_TYPE)
VALUES
(
nextval('pfcs_detail_bed_request_seq'), clock_timestamp(), nm_usuario_p, clock_timestamp(), nm_usuario_p, 1, 'Accepted', (clock_timestamp() - (1055/24/60)), 15018, 'Surgical'
);

 := pfcs_pck.pfcs_generate_results(
		vl_indicator_p => 200/6, vl_indicator_aux_p => 6, ds_reference_value_p => 'O', cd_reference_value_p => 1, nr_seq_indicator_p => nr_seq_indicator_p, nr_seq_operational_level_p => cd_estabelecimento_w, nm_usuario_p => nm_usuario_p, nr_seq_panel_p => pfcs_panel_seq_w);

	CALL pfcs_pck.pfcs_update_detail(
		nr_seq_indicator_p => nr_seq_indicator_p,
		nr_seq_panel_p => pfcs_panel_seq_w,
		nr_seq_operational_level_p => cd_estabelecimento_w,
		nm_usuario_p => nm_usuario_p);
		
/* INSERT QUERY NO: 29 */

INSERT INTO pfcs_panel_detail(NR_SEQUENCIA, NM_USUARIO, DT_ATUALIZACAO, NM_USUARIO_NREC, DT_ATUALIZACAO_NREC, IE_SITUATION, NR_SEQ_INDICATOR, NR_SEQ_OPERATIONAL_LEVEL)
VALUES (
15028, nm_usuario_p, clock_timestamp(), nm_usuario_p, clock_timestamp(), 'T', 20, cd_estabelecimento_w
);

/* INSERT QUERY NO: 30 */

INSERT INTO pfcs_panel_detail(NR_SEQUENCIA, NM_USUARIO, DT_ATUALIZACAO, NM_USUARIO_NREC, DT_ATUALIZACAO_NREC, IE_SITUATION, NR_SEQ_INDICATOR, NR_SEQ_OPERATIONAL_LEVEL)
VALUES (
15029, nm_usuario_p, clock_timestamp(), nm_usuario_p, clock_timestamp(), 'T', 20, cd_estabelecimento_w
);

/* INSERT QUERY NO: 31 */

INSERT INTO pfcs_panel_detail(NR_SEQUENCIA, NM_USUARIO, DT_ATUALIZACAO, NM_USUARIO_NREC, DT_ATUALIZACAO_NREC, IE_SITUATION, NR_SEQ_INDICATOR, NR_SEQ_OPERATIONAL_LEVEL)
VALUES (
15030, nm_usuario_p, clock_timestamp(), nm_usuario_p, clock_timestamp(), 'T', 20, cd_estabelecimento_w
);

/* INSERT QUERY NO: 29 */

INSERT INTO pfcs_detail_patient(NR_SEQUENCIA, DT_ATUALIZACAO, NM_USUARIO, DT_ATUALIZACAO_NREC, NM_USUARIO_NREC, ID_PATIENT, NM_PATIENT, QT_TIME_AWAITING_BED, NR_SEQ_DETAIL, NR_ENCOUNTER, DT_ENTRANCE, DS_GENDER, DS_CLASSIFICATION, DT_BIRTHDATE,IE_OVER_THRESHOLD)
VALUES
(
nextval('pfcs_detail_patient_seq'), clock_timestamp(), nm_usuario_p, clock_timestamp(), nm_usuario_p, 1015803420, 'Júnior, Aristides Cândido', 25, 15028, 33410, (clock_timestamp() - (470/24/60)), 'Male', '', TO_DATE('08/11/1983 00:00:00', 'DD/MM/YYYY HH24:MI:SS'),'N'
);

/* INSERT QUERY NO: 30 */

INSERT INTO pfcs_detail_patient(NR_SEQUENCIA, DT_ATUALIZACAO, NM_USUARIO, DT_ATUALIZACAO_NREC, NM_USUARIO_NREC, ID_PATIENT, NM_PATIENT, QT_TIME_AWAITING_BED, NR_SEQ_DETAIL, NR_ENCOUNTER, DT_ENTRANCE, DS_GENDER, DS_CLASSIFICATION, DT_BIRTHDATE,IE_OVER_THRESHOLD)
VALUES
(
nextval('pfcs_detail_patient_seq'), clock_timestamp(), nm_usuario_p, clock_timestamp(), nm_usuario_p, 1015839316, 'Antunes, Anderson', 47, 15029, 33564, (clock_timestamp() - (465/24/60)), 'Male', '', TO_DATE('03/05/1974 00:00:00', 'DD/MM/YYYY HH24:MI:SS'),'N'
);

/* INSERT QUERY NO: 31 */

INSERT INTO pfcs_detail_patient(NR_SEQUENCIA, DT_ATUALIZACAO, NM_USUARIO, DT_ATUALIZACAO_NREC, NM_USUARIO_NREC, ID_PATIENT, NM_PATIENT, QT_TIME_AWAITING_BED, NR_SEQ_DETAIL, NR_ENCOUNTER, DT_ENTRANCE, DS_GENDER, DS_CLASSIFICATION, DT_BIRTHDATE,IE_OVER_THRESHOLD)
VALUES
(
nextval('pfcs_detail_patient_seq'), clock_timestamp(), nm_usuario_p, clock_timestamp(), nm_usuario_p, 1020108931, 'Klinger, Anja', 33, 15030, 33565, (clock_timestamp() - (460/24/60)), 'Female', '', TO_DATE('15/09/2003 00:00:00', 'DD/MM/YYYY HH24:MI:SS'),'S'
);		

/* INSERT QUERY NO: 29 */

INSERT INTO pfcs_detail_bed_request(NR_SEQUENCIA, DT_ATUALIZACAO, NM_USUARIO, DT_ATUALIZACAO_NREC, NM_USUARIO_NREC, CD_STATUS, DS_STATUS, DT_TIME_REQUEST, NR_SEQ_DETAIL, DS_TYPE)
VALUES
(
nextval('pfcs_detail_bed_request_seq'), clock_timestamp(), nm_usuario_p, clock_timestamp(), nm_usuario_p, 2, 'Accommodated', (clock_timestamp() - (470/24/60)), 15028, 'Pediatric'
);

/* INSERT QUERY NO: 30 */

INSERT INTO pfcs_detail_bed_request(NR_SEQUENCIA, DT_ATUALIZACAO, NM_USUARIO, DT_ATUALIZACAO_NREC, NM_USUARIO_NREC, CD_STATUS, DS_STATUS, DT_TIME_REQUEST, NR_SEQ_DETAIL, DS_TYPE)
VALUES
(
nextval('pfcs_detail_bed_request_seq'), clock_timestamp(), nm_usuario_p, clock_timestamp(), nm_usuario_p, 2, 'Accommodated', (clock_timestamp() - (465/24/60)), 15029, 'Surgical'
);

/* INSERT QUERY NO: 31 */

INSERT INTO pfcs_detail_bed_request(NR_SEQUENCIA, DT_ATUALIZACAO, NM_USUARIO, DT_ATUALIZACAO_NREC, NM_USUARIO_NREC, CD_STATUS, DS_STATUS, DT_TIME_REQUEST, NR_SEQ_DETAIL, DS_TYPE)
VALUES
(
nextval('pfcs_detail_bed_request_seq'), clock_timestamp(), nm_usuario_p, clock_timestamp(), nm_usuario_p, 2, 'Accommodated', (clock_timestamp() - (460/24/60)), 15030, 'Surgical'
);

 := pfcs_pck.pfcs_generate_results(
	vl_indicator_p => 105/3, vl_indicator_aux_p => 1, ds_reference_value_p => 'F', cd_reference_value_p => 2, nr_seq_indicator_p => nr_seq_indicator_p, nr_seq_operational_level_p => cd_estabelecimento_w, nm_usuario_p => nm_usuario_p, nr_seq_panel_p => pfcs_panel_seq_w);

CALL pfcs_pck.pfcs_update_detail(
	nr_seq_indicator_p => nr_seq_indicator_p,
	nr_seq_panel_p => pfcs_panel_seq_w,
	nr_seq_operational_level_p => cd_estabelecimento_w,
	nm_usuario_p => nm_usuario_p);
	
CALL pfcs_pck.pfcs_activate_records(
	nr_seq_indicator_p => nr_seq_indicator_p,
	nr_seq_operational_level_p => cd_estabelecimento_w,
	nm_usuario_p => nm_usuario_p);

commit;		

end;
$body$
LANGUAGE PLPGSQL
SECURITY DEFINER
;
-- REVOKE ALL ON PROCEDURE pfcs_generate_3_gl (nr_seq_indicator_p bigint) FROM PUBLIC;

