-- Generated by Ora2Pg, the Oracle database Schema converter, version 23.1
-- Copyright 2000-2022 Gilles DAROLD. All rights reserved.
-- DATASOURCE: dbi:Oracle:host=srv-dbora-03.whebdc.com.br;service_name=DEV_1815;port=1521

SET client_encoding TO 'UTF8';





CREATE OR REPLACE PROCEDURE pfcs_generate_14_gl (nr_seq_indicator_p bigint) AS $body$
DECLARE


pfcs_panel_seq_w			pfcs_panel.nr_sequencia%type;
cd_estabelecimento_w			bigint;
nm_usuario_p				varchar(20);


BEGIN
nm_usuario_p := 'asimovbr';

DELETE FROM pfcs_detail_patient WHERE NR_SEQ_DETAIL in (26000,26001,26002,26003,26004,26005,26006,26007,26008,26009);
DELETE FROM pfcs_detail_bed WHERE NR_SEQ_DETAIL in (26000,26001,26002,26003,26004,26005,26006,26007,26008,26009);
DELETE FROM pfcs_panel_detail WHERE NR_SEQUENCIA in (26000,26001,26002,26003,26004,26005,26006,26007,26008,26009);
DELETE FROM PFCS_PANEL WHERE NR_SEQ_INDICATOR = nr_seq_indicator_p;
cd_estabelecimento_w	:= pfcs_get_structure_level(cd_establishment_p => 1, ie_level_p => 'O', ie_info_p => 'C');

/* INSERT QUERY NO: 1 */

INSERT INTO pfcs_panel_detail(NR_SEQUENCIA, NM_USUARIO, DT_ATUALIZACAO, NM_USUARIO_NREC, DT_ATUALIZACAO_NREC, IE_SITUATION, NR_SEQ_INDICATOR, NR_SEQ_OPERATIONAL_LEVEL)
VALUES (
26000, nm_usuario_p, clock_timestamp(), nm_usuario_p, clock_timestamp(), 'T', 31, cd_estabelecimento_w
);

/* INSERT QUERY NO: 2 */

INSERT INTO pfcs_panel_detail(NR_SEQUENCIA, NM_USUARIO, DT_ATUALIZACAO, NM_USUARIO_NREC, DT_ATUALIZACAO_NREC, IE_SITUATION, NR_SEQ_INDICATOR, NR_SEQ_OPERATIONAL_LEVEL)
VALUES (
26001, nm_usuario_p, clock_timestamp(), nm_usuario_p, clock_timestamp(), 'T', 31, cd_estabelecimento_w
);

/* INSERT QUERY NO: 3 */

INSERT INTO pfcs_panel_detail(NR_SEQUENCIA, NM_USUARIO, DT_ATUALIZACAO, NM_USUARIO_NREC, DT_ATUALIZACAO_NREC, IE_SITUATION, NR_SEQ_INDICATOR, NR_SEQ_OPERATIONAL_LEVEL)
VALUES (
26002, nm_usuario_p, clock_timestamp(), nm_usuario_p, clock_timestamp(), 'T', 31, cd_estabelecimento_w
);

-------------------------------------------------- pfcs_detail_patient --------------------------------------------------		
/* INSERT QUERY NO: 1 */

INSERT INTO pfcs_detail_patient(NR_SEQUENCIA, DT_ATUALIZACAO, NM_USUARIO, DT_ATUALIZACAO_NREC, NM_USUARIO_NREC, ID_PATIENT, NM_PATIENT, NR_ENCOUNTER, DT_ENTRANCE, NR_LAST_ENCOUNTER, DT_LAST_ENTRANCE, NR_SEQ_DETAIL, DS_GENDER, DS_CLASSIFICATION, DT_BIRTHDATE)
VALUES (
nextval('pfcs_detail_patient_seq'), clock_timestamp(), nm_usuario_p, clock_timestamp(), nm_usuario_p, 864072, 'DA SILVA, Joao', 3395888, clock_timestamp(), 3395200, clock_timestamp(), 26000, 'Male', 'Classification I', TO_DATE('11/11/1947 00:00:00', 'DD/MM/YYYY HH24:MI:SS')
);

/* INSERT QUERY NO: 2 */

INSERT INTO pfcs_detail_patient(NR_SEQUENCIA, DT_ATUALIZACAO, NM_USUARIO, DT_ATUALIZACAO_NREC, NM_USUARIO_NREC, ID_PATIENT, NM_PATIENT, NR_ENCOUNTER, DT_ENTRANCE, NR_LAST_ENCOUNTER, DT_LAST_ENTRANCE, NR_SEQ_DETAIL, DS_GENDER, DS_CLASSIFICATION, DT_BIRTHDATE)
VALUES (
nextval('pfcs_detail_patient_seq'), clock_timestamp(), nm_usuario_p, clock_timestamp(), nm_usuario_p, 1015760251, 'ANTONOW, Felipe', 3396942, clock_timestamp(), 3423328, clock_timestamp(), 26001, 'Male', 'Classification II', TO_DATE('04/01/1965 00:00:00', 'DD/MM/YYYY HH24:MI:SS')
);

/* INSERT QUERY NO: 3 */

INSERT INTO pfcs_detail_patient(NR_SEQUENCIA, DT_ATUALIZACAO, NM_USUARIO, DT_ATUALIZACAO_NREC, NM_USUARIO_NREC, ID_PATIENT, NM_PATIENT, NR_ENCOUNTER, DT_ENTRANCE, NR_LAST_ENCOUNTER, DT_LAST_ENTRANCE, NR_SEQ_DETAIL, DS_GENDER, DS_CLASSIFICATION, DT_BIRTHDATE)
VALUES (
nextval('pfcs_detail_patient_seq'), clock_timestamp(), nm_usuario_p, clock_timestamp(), nm_usuario_p, 1015776950, 'KAPADIA, Ankit', 3414160, clock_timestamp(), 3422347, clock_timestamp(), 26002, 'Male', 'Classification I', TO_DATE('23/10/1956 00:00:00', 'DD/MM/YYYY HH24:MI:SS')
);

-------------------------------------------------- pfcs_detail_bed --------------------------------------------------
/* INSERT QUERY NO: 1 */

INSERT INTO pfcs_detail_bed(NR_SEQUENCIA, DT_ATUALIZACAO, NM_USUARIO, DT_ATUALIZACAO_NREC, NM_USUARIO_NREC, CD_DEPARTMENT, DS_DEPARTMENT, NR_SEQ_DETAIL, DS_LOCATION)
VALUES (
nextval('pfcs_detail_bed_seq'), clock_timestamp(), nm_usuario_p, clock_timestamp(), nm_usuario_p, 163, 'Medical unit', 26000, 'MU38'
);

/* INSERT QUERY NO: 2 */

INSERT INTO pfcs_detail_bed(NR_SEQUENCIA, DT_ATUALIZACAO, NM_USUARIO, DT_ATUALIZACAO_NREC, NM_USUARIO_NREC, CD_DEPARTMENT, DS_DEPARTMENT, NR_SEQ_DETAIL, DS_LOCATION)
VALUES (
nextval('pfcs_detail_bed_seq'), clock_timestamp(), nm_usuario_p, clock_timestamp(), nm_usuario_p, 163, 'Medical unit', 26001, 'MU39'
);

/* INSERT QUERY NO: 3 */

INSERT INTO pfcs_detail_bed(NR_SEQUENCIA, DT_ATUALIZACAO, NM_USUARIO, DT_ATUALIZACAO_NREC, NM_USUARIO_NREC, CD_DEPARTMENT, DS_DEPARTMENT, NR_SEQ_DETAIL, DS_LOCATION)
VALUES (
nextval('pfcs_detail_bed_seq'), clock_timestamp(), nm_usuario_p, clock_timestamp(), nm_usuario_p, 163, 'Medical unit', 26002, 'MU40'
);

 := pfcs_pck.pfcs_generate_results(
		vl_indicator_p => 3, nr_seq_indicator_p => nr_seq_indicator_p, nr_seq_operational_level_p => cd_estabelecimento_w, nm_usuario_p => nm_usuario_p, nr_seq_panel_p => pfcs_panel_seq_w);

CALL pfcs_pck.pfcs_update_detail(
		nr_seq_indicator_p => nr_seq_indicator_p,
		nr_seq_panel_p => pfcs_panel_seq_w,
		nr_seq_operational_level_p => cd_estabelecimento_w,
		nm_usuario_p => nm_usuario_p);

CALL pfcs_pck.pfcs_activate_records(
            nr_seq_indicator_p => nr_seq_indicator_p,
            nr_seq_operational_level_p => cd_estabelecimento_w,
            nm_usuario_p => nm_usuario_p);

cd_estabelecimento_w	:= pfcs_get_structure_level(cd_establishment_p => 39, ie_level_p => 'O', ie_info_p => 'C');

/* INSERT QUERY NO: 4 */

INSERT INTO pfcs_panel_detail(NR_SEQUENCIA, NM_USUARIO, DT_ATUALIZACAO, NM_USUARIO_NREC, DT_ATUALIZACAO_NREC, IE_SITUATION, NR_SEQ_INDICATOR, NR_SEQ_OPERATIONAL_LEVEL)
VALUES (
26003, nm_usuario_p, clock_timestamp(), nm_usuario_p, clock_timestamp(), 'T', 31, cd_estabelecimento_w
);

/* INSERT QUERY NO: 5 */

INSERT INTO pfcs_panel_detail(NR_SEQUENCIA, NM_USUARIO, DT_ATUALIZACAO, NM_USUARIO_NREC, DT_ATUALIZACAO_NREC, IE_SITUATION, NR_SEQ_INDICATOR, NR_SEQ_OPERATIONAL_LEVEL)
VALUES (
26004, nm_usuario_p, clock_timestamp(), nm_usuario_p, clock_timestamp(), 'T', 31, cd_estabelecimento_w
);

/* INSERT QUERY NO: 6 */

INSERT INTO pfcs_panel_detail(NR_SEQUENCIA, NM_USUARIO, DT_ATUALIZACAO, NM_USUARIO_NREC, DT_ATUALIZACAO_NREC, IE_SITUATION, NR_SEQ_INDICATOR, NR_SEQ_OPERATIONAL_LEVEL)
VALUES (
26005, nm_usuario_p, clock_timestamp(), nm_usuario_p, clock_timestamp(), 'T', 31, cd_estabelecimento_w
);

-------------------------------------------------- pfcs_detail_patient --------------------------------------------------		
/* INSERT QUERY NO: 4 */

INSERT INTO pfcs_detail_patient(NR_SEQUENCIA, DT_ATUALIZACAO, NM_USUARIO, DT_ATUALIZACAO_NREC, NM_USUARIO_NREC, ID_PATIENT, NM_PATIENT, NR_ENCOUNTER, DT_ENTRANCE, NR_LAST_ENCOUNTER, DT_LAST_ENTRANCE, NR_SEQ_DETAIL, DS_GENDER, DS_CLASSIFICATION, DT_BIRTHDATE)
VALUES (
nextval('pfcs_detail_patient_seq'), clock_timestamp(), nm_usuario_p, clock_timestamp(), nm_usuario_p, 1020067733, 'MÜLLER, Frank', 3418183, clock_timestamp(), 3422115, clock_timestamp(), 26003, 'Male', 'Classification I', TO_DATE('14/03/1984 00:00:00', 'DD/MM/YYYY HH24:MI:SS')
);

/* INSERT QUERY NO: 5 */

INSERT INTO pfcs_detail_patient(NR_SEQUENCIA, DT_ATUALIZACAO, NM_USUARIO, DT_ATUALIZACAO_NREC, NM_USUARIO_NREC, ID_PATIENT, NM_PATIENT, NR_ENCOUNTER, DT_ENTRANCE, NR_LAST_ENCOUNTER, DT_LAST_ENTRANCE, NR_SEQ_DETAIL, DS_GENDER, DS_CLASSIFICATION, DT_BIRTHDATE)
VALUES (
nextval('pfcs_detail_patient_seq'), clock_timestamp(), nm_usuario_p, clock_timestamp(), nm_usuario_p, 5501147, 'GOERTMANN, Felipe', 3415589, clock_timestamp(), 3412549, clock_timestamp(), 26004, 'Male', 'Classification I', TO_DATE('03/03/1986 00:00:00', 'DD/MM/YYYY HH24:MI:SS')
);

/* INSERT QUERY NO: 6 */

INSERT INTO pfcs_detail_patient(NR_SEQUENCIA, DT_ATUALIZACAO, NM_USUARIO, DT_ATUALIZACAO_NREC, NM_USUARIO_NREC, ID_PATIENT, NM_PATIENT, NR_ENCOUNTER, DT_ENTRANCE, NR_LAST_ENCOUNTER, DT_LAST_ENTRANCE, NR_SEQ_DETAIL, DS_GENDER, DS_CLASSIFICATION, DT_BIRTHDATE)
VALUES (
nextval('pfcs_detail_patient_seq'), clock_timestamp(), nm_usuario_p, clock_timestamp(), nm_usuario_p, 1015805365, 'Scherer Junior, Caua', 3423622, clock_timestamp(), 3396274, clock_timestamp(), 26005, 'Male', 'Classification II', TO_DATE('11/01/2010 00:00:00', 'DD/MM/YYYY HH24:MI:SS')
);

-------------------------------------------------- pfcs_detail_bed --------------------------------------------------
/* INSERT QUERY NO: 4 */

INSERT INTO pfcs_detail_bed(NR_SEQUENCIA, DT_ATUALIZACAO, NM_USUARIO, DT_ATUALIZACAO_NREC, NM_USUARIO_NREC, CD_DEPARTMENT, DS_DEPARTMENT, NR_SEQ_DETAIL, DS_LOCATION)
VALUES (
nextval('pfcs_detail_bed_seq'), clock_timestamp(), nm_usuario_p, clock_timestamp(), nm_usuario_p, 20, 'Pharmacy', 26003, 'P41'
);

/* INSERT QUERY NO: 5 */

INSERT INTO pfcs_detail_bed(NR_SEQUENCIA, DT_ATUALIZACAO, NM_USUARIO, DT_ATUALIZACAO_NREC, NM_USUARIO_NREC, CD_DEPARTMENT, DS_DEPARTMENT, NR_SEQ_DETAIL, DS_LOCATION)
VALUES (
nextval('pfcs_detail_bed_seq'), clock_timestamp(), nm_usuario_p, clock_timestamp(), nm_usuario_p, 20, 'Pharmacy', 26004, 'P42'
);

/* INSERT QUERY NO: 6 */

INSERT INTO pfcs_detail_bed(NR_SEQUENCIA, DT_ATUALIZACAO, NM_USUARIO, DT_ATUALIZACAO_NREC, NM_USUARIO_NREC, CD_DEPARTMENT, DS_DEPARTMENT, NR_SEQ_DETAIL, DS_LOCATION)
VALUES (
nextval('pfcs_detail_bed_seq'), clock_timestamp(), nm_usuario_p, clock_timestamp(), nm_usuario_p, 20, 'Pharmacy', 26005, 'P43'
);

 := pfcs_pck.pfcs_generate_results(
		vl_indicator_p => 3, nr_seq_indicator_p => nr_seq_indicator_p, nr_seq_operational_level_p => cd_estabelecimento_w, nm_usuario_p => nm_usuario_p, nr_seq_panel_p => pfcs_panel_seq_w);

CALL pfcs_pck.pfcs_update_detail(
		nr_seq_indicator_p => nr_seq_indicator_p,
		nr_seq_panel_p => pfcs_panel_seq_w,
		nr_seq_operational_level_p => cd_estabelecimento_w,
		nm_usuario_p => nm_usuario_p);

CALL pfcs_pck.pfcs_activate_records(
            nr_seq_indicator_p => nr_seq_indicator_p,
            nr_seq_operational_level_p => cd_estabelecimento_w,
            nm_usuario_p => nm_usuario_p);

cd_estabelecimento_w	:= pfcs_get_structure_level(cd_establishment_p => 11, ie_level_p => 'O', ie_info_p => 'C');

/* INSERT QUERY NO: 7 */

INSERT INTO pfcs_panel_detail(NR_SEQUENCIA, NM_USUARIO, DT_ATUALIZACAO, NM_USUARIO_NREC, DT_ATUALIZACAO_NREC, IE_SITUATION, NR_SEQ_INDICATOR, NR_SEQ_OPERATIONAL_LEVEL)
VALUES (
26006, nm_usuario_p, clock_timestamp(), nm_usuario_p, clock_timestamp(), 'T', 31, cd_estabelecimento_w
);

/* INSERT QUERY NO: 8 */

INSERT INTO pfcs_panel_detail(NR_SEQUENCIA, NM_USUARIO, DT_ATUALIZACAO, NM_USUARIO_NREC, DT_ATUALIZACAO_NREC, IE_SITUATION, NR_SEQ_INDICATOR, NR_SEQ_OPERATIONAL_LEVEL)
VALUES (
26007, nm_usuario_p, clock_timestamp(), nm_usuario_p, clock_timestamp(), 'T', 31, cd_estabelecimento_w
);

/* INSERT QUERY NO: 9 */

INSERT INTO pfcs_panel_detail(NR_SEQUENCIA, NM_USUARIO, DT_ATUALIZACAO, NM_USUARIO_NREC, DT_ATUALIZACAO_NREC, IE_SITUATION, NR_SEQ_INDICATOR, NR_SEQ_OPERATIONAL_LEVEL)
VALUES (
26008, nm_usuario_p, clock_timestamp(), nm_usuario_p, clock_timestamp(), 'T', 31, cd_estabelecimento_w
);

/* INSERT QUERY NO: 10 */

INSERT INTO pfcs_panel_detail(NR_SEQUENCIA, NM_USUARIO, DT_ATUALIZACAO, NM_USUARIO_NREC, DT_ATUALIZACAO_NREC, IE_SITUATION, NR_SEQ_INDICATOR, NR_SEQ_OPERATIONAL_LEVEL)
VALUES (
26009, nm_usuario_p, clock_timestamp(), nm_usuario_p, clock_timestamp(), 'T', 31, cd_estabelecimento_w
);

-------------------------------------------------- pfcs_detail_patient --------------------------------------------------
/* INSERT QUERY NO: 7 */

INSERT INTO pfcs_detail_patient(NR_SEQUENCIA, DT_ATUALIZACAO, NM_USUARIO, DT_ATUALIZACAO_NREC, NM_USUARIO_NREC, ID_PATIENT, NM_PATIENT, NR_ENCOUNTER, DT_ENTRANCE, NR_LAST_ENCOUNTER, DT_LAST_ENTRANCE, NR_SEQ_DETAIL, DS_GENDER, DS_CLASSIFICATION, DT_BIRTHDATE)
VALUES (
nextval('pfcs_detail_patient_seq'), clock_timestamp(), nm_usuario_p, clock_timestamp(), nm_usuario_p, 1015758085, 'Schloegel Kistner, Tamires', 3423459, clock_timestamp(), 3419467, clock_timestamp(), 26006, 'Female', 'Classification II', TO_DATE('25/11/1979 00:00:00', 'DD/MM/YYYY HH24:MI:SS')
);

/* INSERT QUERY NO: 8 */

INSERT INTO pfcs_detail_patient(NR_SEQUENCIA, DT_ATUALIZACAO, NM_USUARIO, DT_ATUALIZACAO_NREC, NM_USUARIO_NREC, ID_PATIENT, NM_PATIENT, NR_ENCOUNTER, DT_ENTRANCE, NR_LAST_ENCOUNTER, DT_LAST_ENTRANCE, NR_SEQ_DETAIL, DS_GENDER, DS_CLASSIFICATION, DT_BIRTHDATE)
VALUES (
nextval('pfcs_detail_patient_seq'), clock_timestamp(), nm_usuario_p, clock_timestamp(), nm_usuario_p, 1020190610, 'HALE, Elizabeth', 3405065, clock_timestamp(), 3423259, clock_timestamp(), 26007, 'Female', 'Classification II', TO_DATE('08/11/1983 00:00:00', 'DD/MM/YYYY HH24:MI:SS')
);

/* INSERT QUERY NO: 9 */

INSERT INTO pfcs_detail_patient(NR_SEQUENCIA, DT_ATUALIZACAO, NM_USUARIO, DT_ATUALIZACAO_NREC, NM_USUARIO_NREC, ID_PATIENT, NM_PATIENT, NR_ENCOUNTER, DT_ENTRANCE, NR_LAST_ENCOUNTER, DT_LAST_ENTRANCE, NR_SEQ_DETAIL, DS_GENDER, DS_CLASSIFICATION, DT_BIRTHDATE)
VALUES (
nextval('pfcs_detail_patient_seq'), clock_timestamp(), nm_usuario_p, clock_timestamp(), nm_usuario_p, 1020626961, 'Quinto, Adalberto', 3421459, clock_timestamp(), 3421403, clock_timestamp(), 26008, 'Male', 'Classification II', TO_DATE('03/05/1974 00:00:00', 'DD/MM/YYYY HH24:MI:SS')
);

/* INSERT QUERY NO: 10 */

INSERT INTO pfcs_detail_patient(NR_SEQUENCIA, DT_ATUALIZACAO, NM_USUARIO, DT_ATUALIZACAO_NREC, NM_USUARIO_NREC, ID_PATIENT, NM_PATIENT, NR_ENCOUNTER, DT_ENTRANCE, NR_LAST_ENCOUNTER, DT_LAST_ENTRANCE, NR_SEQ_DETAIL, DS_GENDER, DS_CLASSIFICATION, DT_BIRTHDATE)
VALUES (
nextval('pfcs_detail_patient_seq'), clock_timestamp(), nm_usuario_p, clock_timestamp(), nm_usuario_p, 2633295, 'OSTROGURSKI, TAMIRES', 3423462, clock_timestamp(), 3419298, clock_timestamp(), 26009, 'Female', 'Classification II', TO_DATE('29/09/2011 00:00:00', 'DD/MM/YYYY HH24:MI:SS')
);

-------------------------------------------------- pfcs_detail_bed --------------------------------------------------
/* INSERT QUERY NO: 7 */

INSERT INTO pfcs_detail_bed(NR_SEQUENCIA, DT_ATUALIZACAO, NM_USUARIO, DT_ATUALIZACAO_NREC, NM_USUARIO_NREC, CD_DEPARTMENT, DS_DEPARTMENT, NR_SEQ_DETAIL, DS_LOCATION)
VALUES (
nextval('pfcs_detail_bed_seq'), clock_timestamp(), nm_usuario_p, clock_timestamp(), nm_usuario_p, 81, 'Vip Inpatient Unit', 26006, 'VI44'
);

/* INSERT QUERY NO: 8 */

INSERT INTO pfcs_detail_bed(NR_SEQUENCIA, DT_ATUALIZACAO, NM_USUARIO, DT_ATUALIZACAO_NREC, NM_USUARIO_NREC, CD_DEPARTMENT, DS_DEPARTMENT, NR_SEQ_DETAIL, DS_LOCATION)
VALUES (
nextval('pfcs_detail_bed_seq'), clock_timestamp(), nm_usuario_p, clock_timestamp(), nm_usuario_p, 81, 'Vip Inpatient Unit', 26007, 'VI45'
);

/* INSERT QUERY NO: 9 */

INSERT INTO pfcs_detail_bed(NR_SEQUENCIA, DT_ATUALIZACAO, NM_USUARIO, DT_ATUALIZACAO_NREC, NM_USUARIO_NREC, CD_DEPARTMENT, DS_DEPARTMENT, NR_SEQ_DETAIL, DS_LOCATION)
VALUES (
nextval('pfcs_detail_bed_seq'), clock_timestamp(), nm_usuario_p, clock_timestamp(), nm_usuario_p, 81, 'Vip Inpatient Unit', 26008, 'VI46'
);

/* INSERT QUERY NO: 10 */

INSERT INTO pfcs_detail_bed(NR_SEQUENCIA, DT_ATUALIZACAO, NM_USUARIO, DT_ATUALIZACAO_NREC, NM_USUARIO_NREC, CD_DEPARTMENT, DS_DEPARTMENT, NR_SEQ_DETAIL, DS_LOCATION)
VALUES (
nextval('pfcs_detail_bed_seq'), clock_timestamp(), nm_usuario_p, clock_timestamp(), nm_usuario_p, 81, 'Vip Inpatient Unit', 26009, 'VI47'
);

 := pfcs_pck.pfcs_generate_results(
		vl_indicator_p => 4, nr_seq_indicator_p => nr_seq_indicator_p, nr_seq_operational_level_p => cd_estabelecimento_w, nm_usuario_p => nm_usuario_p, nr_seq_panel_p => pfcs_panel_seq_w);

CALL pfcs_pck.pfcs_update_detail(
		nr_seq_indicator_p => nr_seq_indicator_p,
		nr_seq_panel_p => pfcs_panel_seq_w,
		nr_seq_operational_level_p => cd_estabelecimento_w,
		nm_usuario_p => nm_usuario_p);

CALL pfcs_pck.pfcs_activate_records(
            nr_seq_indicator_p => nr_seq_indicator_p,
            nr_seq_operational_level_p => cd_estabelecimento_w,
            nm_usuario_p => nm_usuario_p);

commit;	

end;
$body$
LANGUAGE PLPGSQL
SECURITY DEFINER
;
-- REVOKE ALL ON PROCEDURE pfcs_generate_14_gl (nr_seq_indicator_p bigint) FROM PUBLIC;

