-- Generated by Ora2Pg, the Oracle database Schema converter, version 23.1
-- Copyright 2000-2022 Gilles DAROLD. All rights reserved.
-- DATASOURCE: dbi:Oracle:host=srv-dbora-03.whebdc.com.br;service_name=DEV_1815;port=1521

SET client_encoding TO 'UTF8';





CREATE OR REPLACE PROCEDURE pfcs_generate_9_gl (nr_seq_indicator_p bigint) AS $body$
DECLARE


pfcs_panel_seq_w			pfcs_panel.nr_sequencia%type;
cd_estabelecimento_w			bigint;
nm_usuario_p				varchar(20);


BEGIN
DELETE FROM pfcs_detail_bed WHERE NR_SEQ_DETAIL in (21000, 21001,21002,21003,21004,21005,21006);
DELETE FROM pfcs_detail_patient WHERE NR_SEQ_DETAIL in (21000, 21001,21002,21003,21004,21005,21006);
DELETE FROM pfcs_panel_detail WHERE NR_SEQUENCIA in (21000, 21001,21002,21003,21004,21005,21006);
DELETE FROM PFCS_PANEL WHERE NR_SEQ_INDICATOR = 26;
nm_usuario_p := 'asimovbr';
cd_estabelecimento_w	:= pfcs_get_structure_level(cd_establishment_p => 1, ie_level_p => 'O', ie_info_p => 'C');

/* INSERT QUERY NO: 1 */

INSERT INTO pfcs_panel_detail(NR_SEQUENCIA, NM_USUARIO, DT_ATUALIZACAO, NM_USUARIO_NREC, DT_ATUALIZACAO_NREC, IE_SITUATION, NR_SEQ_INDICATOR, NR_SEQ_OPERATIONAL_LEVEL)
VALUES (
21000, nm_usuario_p, clock_timestamp(), nm_usuario_p, clock_timestamp(), 'T', 26, cd_estabelecimento_w
);

/* INSERT QUERY NO: 2 */

INSERT INTO pfcs_panel_detail(NR_SEQUENCIA, NM_USUARIO, DT_ATUALIZACAO, NM_USUARIO_NREC, DT_ATUALIZACAO_NREC, IE_SITUATION, NR_SEQ_INDICATOR, NR_SEQ_OPERATIONAL_LEVEL)
VALUES (
21001, nm_usuario_p, clock_timestamp(), nm_usuario_p, clock_timestamp(), 'T', 26, cd_estabelecimento_w
);

-------------------------------------------------- pfcs_detail_patient --------------------------------------------------
/* INSERT QUERY NO: 1 */

INSERT INTO pfcs_detail_patient(NR_SEQUENCIA, NM_USUARIO, DT_ATUALIZACAO, NM_USUARIO_NREC, DT_ATUALIZACAO_NREC, NR_SEQ_DETAIL, NR_ENCOUNTER, ID_PATIENT, NM_PATIENT, DT_ENTRANCE, DT_EXPECTED_DISCHARGE, DS_GENDER, DS_CLASSIFICATION, DT_BIRTHDATE)
VALUES (
nextval('pfcs_detail_patient_seq'), nm_usuario_p, clock_timestamp(), nm_usuario_p, clock_timestamp(), 21000, 11494, 875148, 'ARAUJO EDIVAN', clock_timestamp(), clock_timestamp(), 'Male', 'ACO Groups', TO_DATE('08/11/1994 00:00:00', 'DD/MM/YYYY HH24:MI:SS')
);

/* INSERT QUERY NO: 2 */

INSERT INTO pfcs_detail_patient(NR_SEQUENCIA, NM_USUARIO, DT_ATUALIZACAO, NM_USUARIO_NREC, DT_ATUALIZACAO_NREC, NR_SEQ_DETAIL, NR_ENCOUNTER, ID_PATIENT, NM_PATIENT, DT_ENTRANCE, DT_EXPECTED_DISCHARGE, DS_GENDER, DS_CLASSIFICATION, DT_BIRTHDATE)
VALUES (
nextval('pfcs_detail_patient_seq'), nm_usuario_p, clock_timestamp(), nm_usuario_p, clock_timestamp(), 21001, 12404, 875050, 'SOARES, Teresa', clock_timestamp(), clock_timestamp(), 'Female', 'VIP', clock_timestamp()
);

-------------------------------------------------- pfcs_detail_bed --------------------------------------------------		
/* INSERT QUERY NO: 1 */

INSERT INTO pfcs_detail_bed(NR_SEQUENCIA, DT_ATUALIZACAO, NM_USUARIO, DT_ATUALIZACAO_NREC, NM_USUARIO_NREC, CD_DEPARTMENT, DS_DEPARTMENT, NR_SEQ_DETAIL, DT_ENTRY_UNIT, DS_LOCATION)
VALUES
(
nextval('pfcs_detail_bed_seq'), (clock_timestamp() - (2890/24/60)), nm_usuario_p, (clock_timestamp() - (2890/24/60)), nm_usuario_p, 8, 'North Wing', 21000, (clock_timestamp() - (2890/24/60)), 'ALF38'
);

/* INSERT QUERY NO: 2 */

INSERT INTO pfcs_detail_bed(NR_SEQUENCIA, DT_ATUALIZACAO, NM_USUARIO, DT_ATUALIZACAO_NREC, NM_USUARIO_NREC, CD_DEPARTMENT, DS_DEPARTMENT, NR_SEQ_DETAIL, DT_ENTRY_UNIT, DS_LOCATION)
VALUES
(
nextval('pfcs_detail_bed_seq'), (clock_timestamp() - (3196/24/60)), nm_usuario_p, (clock_timestamp() - (3196/24/60)), nm_usuario_p, 98791, 'South Wing', 21001, (clock_timestamp() - (3196/24/60)), 'ALF39'
);

 := pfcs_pck.pfcs_generate_results(
		vl_indicator_p => 2, nr_seq_indicator_p => nr_seq_indicator_p, nr_seq_operational_level_p => cd_estabelecimento_w, nm_usuario_p => nm_usuario_p, nr_seq_panel_p => pfcs_panel_seq_w);

CALL pfcs_pck.pfcs_update_detail(
		nr_seq_indicator_p => nr_seq_indicator_p,
		nr_seq_panel_p => pfcs_panel_seq_w,
		nr_seq_operational_level_p => cd_estabelecimento_w,
		nm_usuario_p => nm_usuario_p);

CALL pfcs_pck.pfcs_activate_records(
            nr_seq_indicator_p => nr_seq_indicator_p,
            nr_seq_operational_level_p => cd_estabelecimento_w,
            nm_usuario_p => nm_usuario_p);

cd_estabelecimento_w	:= pfcs_get_structure_level(cd_establishment_p => 39, ie_level_p => 'O', ie_info_p => 'C');

/* INSERT QUERY NO: 3 */

INSERT INTO pfcs_panel_detail(NR_SEQUENCIA, NM_USUARIO, DT_ATUALIZACAO, NM_USUARIO_NREC, DT_ATUALIZACAO_NREC, IE_SITUATION, NR_SEQ_INDICATOR, NR_SEQ_OPERATIONAL_LEVEL)
VALUES (
21002, nm_usuario_p, clock_timestamp(), nm_usuario_p, clock_timestamp(), 'T', 26, cd_estabelecimento_w
);

/* INSERT QUERY NO: 4 */

INSERT INTO pfcs_panel_detail(NR_SEQUENCIA, NM_USUARIO, DT_ATUALIZACAO, NM_USUARIO_NREC, DT_ATUALIZACAO_NREC, IE_SITUATION, NR_SEQ_INDICATOR, NR_SEQ_OPERATIONAL_LEVEL)
VALUES (
21003, nm_usuario_p, clock_timestamp(), nm_usuario_p, clock_timestamp(), 'T', 26, cd_estabelecimento_w
);

-------------------------------------------------- pfcs_detail_patient --------------------------------------------------		
/* INSERT QUERY NO: 3 */

INSERT INTO pfcs_detail_patient(NR_SEQUENCIA, NM_USUARIO, DT_ATUALIZACAO, NM_USUARIO_NREC, DT_ATUALIZACAO_NREC, NR_SEQ_DETAIL, NR_ENCOUNTER, ID_PATIENT, NM_PATIENT, DT_ENTRANCE, DT_EXPECTED_DISCHARGE, DS_GENDER, DS_CLASSIFICATION, DT_BIRTHDATE)
VALUES (
nextval('pfcs_detail_patient_seq'), nm_usuario_p, clock_timestamp(), nm_usuario_p, clock_timestamp(), 21002, 12660, 67178, 'PITANGA, Camila', clock_timestamp(), clock_timestamp(), 'Female', 'VIP', clock_timestamp()
);

/* INSERT QUERY NO: 4 */

INSERT INTO pfcs_detail_patient(NR_SEQUENCIA, NM_USUARIO, DT_ATUALIZACAO, NM_USUARIO_NREC, DT_ATUALIZACAO_NREC, NR_SEQ_DETAIL, NR_ENCOUNTER, ID_PATIENT, NM_PATIENT, DT_ENTRANCE, DT_EXPECTED_DISCHARGE, DS_GENDER, DS_CLASSIFICATION, DT_BIRTHDATE)
VALUES
(
nextval('pfcs_detail_patient_seq'), nm_usuario_p, clock_timestamp(), nm_usuario_p, clock_timestamp(), 21003, 11439, 875150, 'VIEIRA, EMIDIA', (clock_timestamp() - (2759/24/60)), clock_timestamp(), 'Female', 'ACO Groups', TO_DATE('12/03/1998 00:00:00', 'DD/MM/YYYY HH24:MI:SS')
);

-------------------------------------------------- pfcs_detail_bed --------------------------------------------------
/* INSERT QUERY NO: 3 */

INSERT INTO pfcs_detail_bed(NR_SEQUENCIA, DT_ATUALIZACAO, NM_USUARIO, DT_ATUALIZACAO_NREC, NM_USUARIO_NREC, CD_DEPARTMENT, DS_DEPARTMENT, NR_SEQ_DETAIL, DT_ENTRY_UNIT, DS_LOCATION)
VALUES
(
nextval('pfcs_detail_bed_seq'), (clock_timestamp() - (3098/24/60)), nm_usuario_p, (clock_timestamp() - (3098/24/60)), nm_usuario_p, 123, 'ICU', 21002, (clock_timestamp() - (3098/24/60)), 'ALF40'
);

/* INSERT QUERY NO: 4 */

INSERT INTO pfcs_detail_bed(NR_SEQUENCIA, DT_ATUALIZACAO, NM_USUARIO, DT_ATUALIZACAO_NREC, NM_USUARIO_NREC, CD_DEPARTMENT, DS_DEPARTMENT, NR_SEQ_DETAIL, DT_ENTRY_UNIT, DS_LOCATION)
VALUES
(
nextval('pfcs_detail_bed_seq'), (clock_timestamp() - (2737/24/60)), nm_usuario_p, (clock_timestamp() - (2737/24/60)), nm_usuario_p, 123, 'ICU', 21003, (clock_timestamp() - (2737/24/60)), '125 A'
);

 := pfcs_pck.pfcs_generate_results(
		vl_indicator_p => 2, nr_seq_indicator_p => nr_seq_indicator_p, nr_seq_operational_level_p => cd_estabelecimento_w, nm_usuario_p => nm_usuario_p, nr_seq_panel_p => pfcs_panel_seq_w);

CALL pfcs_pck.pfcs_update_detail(
		nr_seq_indicator_p => nr_seq_indicator_p,
		nr_seq_panel_p => pfcs_panel_seq_w,
		nr_seq_operational_level_p => cd_estabelecimento_w,
		nm_usuario_p => nm_usuario_p);

CALL pfcs_pck.pfcs_activate_records(
            nr_seq_indicator_p => nr_seq_indicator_p,
            nr_seq_operational_level_p => cd_estabelecimento_w,
            nm_usuario_p => nm_usuario_p);

cd_estabelecimento_w	:= pfcs_get_structure_level(cd_establishment_p => 11, ie_level_p => 'O', ie_info_p => 'C');

/* INSERT QUERY NO: 5 */

INSERT INTO pfcs_panel_detail(NR_SEQUENCIA, NM_USUARIO, DT_ATUALIZACAO, NM_USUARIO_NREC, DT_ATUALIZACAO_NREC, IE_SITUATION, NR_SEQ_INDICATOR, NR_SEQ_OPERATIONAL_LEVEL)
VALUES (
21004, nm_usuario_p, clock_timestamp(), nm_usuario_p, clock_timestamp(), 'T', 26, cd_estabelecimento_w
);

/* INSERT QUERY NO: 6 */

INSERT INTO pfcs_panel_detail(NR_SEQUENCIA, NM_USUARIO, DT_ATUALIZACAO, NM_USUARIO_NREC, DT_ATUALIZACAO_NREC, IE_SITUATION, NR_SEQ_INDICATOR, NR_SEQ_OPERATIONAL_LEVEL)
VALUES (
21005, nm_usuario_p, clock_timestamp(), nm_usuario_p, clock_timestamp(), 'T', 26, cd_estabelecimento_w
);

/* INSERT QUERY NO: 7 */

INSERT INTO pfcs_panel_detail(NR_SEQUENCIA, NM_USUARIO, DT_ATUALIZACAO, NM_USUARIO_NREC, DT_ATUALIZACAO_NREC, IE_SITUATION, NR_SEQ_INDICATOR, NR_SEQ_OPERATIONAL_LEVEL)
VALUES (
21006, nm_usuario_p, clock_timestamp(), nm_usuario_p, clock_timestamp(), 'T', 26, cd_estabelecimento_w
);

-------------------------------------------------- pfcs_detail_patient --------------------------------------------------		
/* INSERT QUERY NO: 5 */

INSERT INTO pfcs_detail_patient(NR_SEQUENCIA, NM_USUARIO, DT_ATUALIZACAO, NM_USUARIO_NREC, DT_ATUALIZACAO_NREC, NR_SEQ_DETAIL, NR_ENCOUNTER, ID_PATIENT, NM_PATIENT, DT_ENTRANCE, DT_EXPECTED_DISCHARGE, DS_GENDER, DS_CLASSIFICATION, DT_BIRTHDATE)
VALUES
(
nextval('pfcs_detail_patient_seq'), nm_usuario_p, clock_timestamp(), nm_usuario_p, clock_timestamp(), 21004, 11374, 200613, 'SILVA, Gertrudes', (clock_timestamp() - (2963/24/60)), clock_timestamp(), 'Female', 'VIP', TO_DATE('06/06/1993 00:00:00', 'DD/MM/YYYY HH24:MI:SS')
);

/* INSERT QUERY NO: 6 */

INSERT INTO pfcs_detail_patient(NR_SEQUENCIA, NM_USUARIO, DT_ATUALIZACAO, NM_USUARIO_NREC, DT_ATUALIZACAO_NREC, NR_SEQ_DETAIL, NR_ENCOUNTER, ID_PATIENT, NM_PATIENT, DT_ENTRANCE, DT_EXPECTED_DISCHARGE, DS_GENDER, DS_CLASSIFICATION, DT_BIRTHDATE)
VALUES
(
nextval('pfcs_detail_patient_seq'), nm_usuario_p, clock_timestamp(), nm_usuario_p, clock_timestamp(), 21005, 9003, 205563, 'Philips, Rosa', (clock_timestamp() - (3196/24/60)), clock_timestamp(), 'Female', 'VIP', TO_DATE('08/06/1962? 00:00:00', 'DD/MM/YYYY HH24:MI:SS')
);

/* INSERT QUERY NO: 7 */

INSERT INTO pfcs_detail_patient(NR_SEQUENCIA, NM_USUARIO, DT_ATUALIZACAO, NM_USUARIO_NREC, DT_ATUALIZACAO_NREC, NR_SEQ_DETAIL, NR_ENCOUNTER, ID_PATIENT, NM_PATIENT, DT_ENTRANCE, DT_EXPECTED_DISCHARGE, DS_GENDER, DS_CLASSIFICATION, DT_BIRTHDATE)
VALUES
(
nextval('pfcs_detail_patient_seq'), nm_usuario_p, clock_timestamp(), nm_usuario_p, clock_timestamp(), 21006, 12548, 921823, 'DUARTE, Bernardete', (clock_timestamp() - (2658/24/60)), clock_timestamp(), 'Female', 'ACO Groups', TO_DATE('01/10/2001? 00:00:00', 'DD/MM/YYYY HH24:MI:SS')
);


-------------------------------------------------- pfcs_detail_bed --------------------------------------------------
/* INSERT QUERY NO: 5 */

INSERT INTO pfcs_detail_bed(NR_SEQUENCIA, DT_ATUALIZACAO, NM_USUARIO, DT_ATUALIZACAO_NREC, NM_USUARIO_NREC, CD_DEPARTMENT, DS_DEPARTMENT, NR_SEQ_DETAIL, DT_ENTRY_UNIT, DS_LOCATION)
VALUES
(
nextval('pfcs_detail_bed_seq'), (clock_timestamp() - (2796/24/60)), nm_usuario_p, (clock_timestamp() - (2796/24/60)), nm_usuario_p, 123, 'ICU', 21004, (clock_timestamp() - (2796/24/60)), '140 A'
);

/* INSERT QUERY NO: 6 */

INSERT INTO pfcs_detail_bed(NR_SEQUENCIA, DT_ATUALIZACAO, NM_USUARIO, DT_ATUALIZACAO_NREC, NM_USUARIO_NREC, CD_DEPARTMENT, DS_DEPARTMENT, NR_SEQ_DETAIL, DT_ENTRY_UNIT, DS_LOCATION)
VALUES
(
nextval('pfcs_detail_bed_seq'), (clock_timestamp() - (2625/24/60)), nm_usuario_p, (clock_timestamp() - (2625/24/60)), nm_usuario_p, 79415, 'East Wing', 21005, (clock_timestamp() - (2625/24/60)), '144 B'
);

/* INSERT QUERY NO: 7 */

INSERT INTO pfcs_detail_bed(NR_SEQUENCIA, DT_ATUALIZACAO, NM_USUARIO, DT_ATUALIZACAO_NREC, NM_USUARIO_NREC, CD_DEPARTMENT, DS_DEPARTMENT, NR_SEQ_DETAIL, DT_ENTRY_UNIT, DS_LOCATION)
VALUES
(
nextval('pfcs_detail_bed_seq'), (clock_timestamp() - (2698/24/60)), nm_usuario_p, (clock_timestamp() - (2698/24/60)), nm_usuario_p, 79415, 'East Wing', 21006, (clock_timestamp() - (2698/24/60)), '182 A'
);

 := pfcs_pck.pfcs_generate_results(
		vl_indicator_p => 3, nr_seq_indicator_p => nr_seq_indicator_p, nr_seq_operational_level_p => cd_estabelecimento_w, nm_usuario_p => nm_usuario_p, nr_seq_panel_p => pfcs_panel_seq_w);

CALL pfcs_pck.pfcs_update_detail(
		nr_seq_indicator_p => nr_seq_indicator_p,
		nr_seq_panel_p => pfcs_panel_seq_w,
		nr_seq_operational_level_p => cd_estabelecimento_w,
		nm_usuario_p => nm_usuario_p);

CALL pfcs_pck.pfcs_activate_records(
            nr_seq_indicator_p => nr_seq_indicator_p,
            nr_seq_operational_level_p => cd_estabelecimento_w,
            nm_usuario_p => nm_usuario_p);
	
commit;	

end;
$body$
LANGUAGE PLPGSQL
SECURITY DEFINER
;
-- REVOKE ALL ON PROCEDURE pfcs_generate_9_gl (nr_seq_indicator_p bigint) FROM PUBLIC;

