-- Generated by Ora2Pg, the Oracle database Schema converter, version 23.1
-- Copyright 2000-2022 Gilles DAROLD. All rights reserved.
-- DATASOURCE: dbi:Oracle:host=srv-dbora-03.whebdc.com.br;service_name=DEV_1815;port=1521

SET client_encoding TO 'UTF8';





CREATE OR REPLACE PROCEDURE pfcs_generate_1_tl (nr_seq_indicator_p bigint) AS $body$
DECLARE


pfcs_panel_seq_w			pfcs_panel.nr_sequencia%type;
cd_estabelecimento_w			bigint;
nm_usuario_p				varchar(20);


BEGIN

DELETE FROM pfcs_detail_patient WHERE NR_SEQ_DETAIL in (30000, 30001,30002,30003,30004,30005,30006,30007,30008,30009,30010,30011,30012,30010,30011,30012,30013,30014,30015,30016,30017,30018,30019,30020,30021,30022,30023,30024,30025);
DELETE FROM pfcs_detail_bed WHERE NR_SEQ_DETAIL in (30000, 30001,30002,30003,30004,30005,30006,30007,30008,30009,30010,30011,30012,30010,30011,30012,30013,30014,30015,30016,30017,30018,30019,30020,30021,30022,30023,30024,30025);
DELETE FROM pfcs_panel_detail WHERE NR_SEQ_INDICATOR = 40;
DELETE FROM pfcs_panel WHERE NR_SEQ_INDICATOR = 40;

cd_estabelecimento_w	:= pfcs_get_structure_level(cd_establishment_p => 1, ie_level_p => 'O', ie_info_p => 'C');
nm_usuario_p := 'asimovbr';

/* INSERT QUERY NO: 1 */

INSERT INTO pfcs_panel_detail(NR_SEQUENCIA, NM_USUARIO, DT_ATUALIZACAO, NM_USUARIO_NREC, DT_ATUALIZACAO_NREC, IE_SITUATION, NR_SEQ_INDICATOR, NR_SEQ_OPERATIONAL_LEVEL)
VALUES (
30000, nm_usuario_p, clock_timestamp(), nm_usuario_p, clock_timestamp(), 'T', nr_seq_indicator_p, cd_estabelecimento_w
);

/* INSERT QUERY NO: 2 */

INSERT INTO pfcs_panel_detail(NR_SEQUENCIA, NM_USUARIO, DT_ATUALIZACAO, NM_USUARIO_NREC, DT_ATUALIZACAO_NREC, IE_SITUATION, NR_SEQ_INDICATOR, NR_SEQ_OPERATIONAL_LEVEL)
VALUES (
30001, nm_usuario_p, clock_timestamp(), nm_usuario_p, clock_timestamp(), 'T', nr_seq_indicator_p, cd_estabelecimento_w
);

/* INSERT QUERY NO: 3 */

INSERT INTO pfcs_panel_detail(NR_SEQUENCIA, NM_USUARIO, DT_ATUALIZACAO, NM_USUARIO_NREC, DT_ATUALIZACAO_NREC, IE_SITUATION, NR_SEQ_INDICATOR, NR_SEQ_OPERATIONAL_LEVEL)
VALUES (
30002, nm_usuario_p, clock_timestamp(), nm_usuario_p, clock_timestamp(), 'T', nr_seq_indicator_p, cd_estabelecimento_w
);

/* INSERT QUERY NO: 4 */

INSERT INTO pfcs_panel_detail(NR_SEQUENCIA, NM_USUARIO, DT_ATUALIZACAO, NM_USUARIO_NREC, DT_ATUALIZACAO_NREC, IE_SITUATION, NR_SEQ_INDICATOR, NR_SEQ_OPERATIONAL_LEVEL)
VALUES (
30003, nm_usuario_p, clock_timestamp(), nm_usuario_p, clock_timestamp(), 'T', nr_seq_indicator_p, cd_estabelecimento_w
);

/* INSERT QUERY NO: 5 */

INSERT INTO pfcs_panel_detail(NR_SEQUENCIA, NM_USUARIO, DT_ATUALIZACAO, NM_USUARIO_NREC, DT_ATUALIZACAO_NREC, IE_SITUATION, NR_SEQ_INDICATOR, NR_SEQ_OPERATIONAL_LEVEL)
VALUES (
30004, nm_usuario_p, clock_timestamp(), nm_usuario_p, clock_timestamp(), 'T', nr_seq_indicator_p, cd_estabelecimento_w
);

/* INSERT QUERY NO: 6 */

INSERT INTO pfcs_panel_detail(NR_SEQUENCIA, NM_USUARIO, DT_ATUALIZACAO, NM_USUARIO_NREC, DT_ATUALIZACAO_NREC, IE_SITUATION, NR_SEQ_INDICATOR, NR_SEQ_OPERATIONAL_LEVEL)
VALUES (
30005, nm_usuario_p, clock_timestamp(), nm_usuario_p, clock_timestamp(), 'T', nr_seq_indicator_p, cd_estabelecimento_w
);

/* INSERT QUERY NO: 7 */

INSERT INTO pfcs_panel_detail(NR_SEQUENCIA, NM_USUARIO, DT_ATUALIZACAO, NM_USUARIO_NREC, DT_ATUALIZACAO_NREC, IE_SITUATION, NR_SEQ_INDICATOR, NR_SEQ_OPERATIONAL_LEVEL)
VALUES (
30006, nm_usuario_p, clock_timestamp(), nm_usuario_p, clock_timestamp(), 'T', nr_seq_indicator_p, cd_estabelecimento_w
);

/* INSERT QUERY NO: 8 */

INSERT INTO pfcs_panel_detail(NR_SEQUENCIA, NM_USUARIO, DT_ATUALIZACAO, NM_USUARIO_NREC, DT_ATUALIZACAO_NREC, IE_SITUATION, NR_SEQ_INDICATOR, NR_SEQ_OPERATIONAL_LEVEL)
VALUES (
30007, nm_usuario_p, clock_timestamp(), nm_usuario_p, clock_timestamp(), 'T', nr_seq_indicator_p, cd_estabelecimento_w
);

-------------------------------------------------- pfcs_detail_patient --------------------------------------------------
/* INSERT QUERY NO: 1 */

INSERT INTO pfcs_detail_patient(NR_SEQUENCIA, NM_USUARIO, DT_ATUALIZACAO, NM_USUARIO_NREC, DT_ATUALIZACAO_NREC, NR_SEQ_DETAIL, NR_ENCOUNTER, ID_PATIENT, NM_PATIENT, DT_BIRTHDATE, DS_PRIMARY_DIAGNOSIS, DS_GENDER, DS_DNR_STATUS, QT_TIME_TELEMETRY, CD_CLASSIFICATION, DS_CLASSIFICATION, DT_ENTRANCE, DS_SERVICE_LINE)
VALUES
(
nextval('pfcs_detail_patient_seq'), nm_usuario_p, clock_timestamp(), nm_usuario_p, clock_timestamp(), 30000, 991779, 625018, 'BONNY, Anne', TO_DATE('24/03/2000 00:00:00', 'DD/MM/YYYY HH24:MI:SS'), 'Chest Pain', 'Female', 'DNR', 60, 1, 'VIP', (clock_timestamp() - (58/24/60)), 'Winifred, Parra'
);

/* INSERT QUERY NO: 2 */

INSERT INTO pfcs_detail_patient(NR_SEQUENCIA, NM_USUARIO, DT_ATUALIZACAO, NM_USUARIO_NREC, DT_ATUALIZACAO_NREC, NR_SEQ_DETAIL, NR_ENCOUNTER, ID_PATIENT, NM_PATIENT, DT_BIRTHDATE, DS_PRIMARY_DIAGNOSIS, DS_GENDER, DS_DNR_STATUS, QT_TIME_TELEMETRY, CD_CLASSIFICATION, DS_CLASSIFICATION, DT_ENTRANCE, DS_SERVICE_LINE)
VALUES
(
nextval('pfcs_detail_patient_seq'), nm_usuario_p, clock_timestamp(), nm_usuario_p, clock_timestamp(), 30001, 146465, 4906311, 'BARBOSA, Alessandra', TO_DATE('10/12/1973 00:00:00', 'DD/MM/YYYY HH24:MI:SS'), 'Headache', 'Female', 'DNR', 145, 1, 'VIP', (clock_timestamp() - (62/24/60)), 'Teejay, Hays'
);

/* INSERT QUERY NO: 3 */

INSERT INTO pfcs_detail_patient(NR_SEQUENCIA, NM_USUARIO, DT_ATUALIZACAO, NM_USUARIO_NREC, DT_ATUALIZACAO_NREC, NR_SEQ_DETAIL, NR_ENCOUNTER, ID_PATIENT, NM_PATIENT, DT_BIRTHDATE, DS_PRIMARY_DIAGNOSIS, DS_GENDER, DS_DNR_STATUS, QT_TIME_TELEMETRY, CD_CLASSIFICATION, DS_CLASSIFICATION, DT_ENTRANCE, DS_SERVICE_LINE)
VALUES
(
nextval('pfcs_detail_patient_seq'), nm_usuario_p, clock_timestamp(), nm_usuario_p, clock_timestamp(), 30002, 3408849, 1015781776, 'ANANIAS, Vitor hugo', TO_DATE('27/08/1986 00:00:00', 'DD/MM/YYYY HH24:MI:SS'), '', 'Male', '', 439, 2, 'Pádua', (clock_timestamp() - (50/24/60)), 'Rahim, Chapman'
);

/* INSERT QUERY NO: 4 */

INSERT INTO pfcs_detail_patient(NR_SEQUENCIA, NM_USUARIO, DT_ATUALIZACAO, NM_USUARIO_NREC, DT_ATUALIZACAO_NREC, NR_SEQ_DETAIL, NR_ENCOUNTER, ID_PATIENT, NM_PATIENT, DT_BIRTHDATE, DS_PRIMARY_DIAGNOSIS, DS_GENDER, DS_DNR_STATUS, QT_TIME_TELEMETRY, CD_CLASSIFICATION, DS_CLASSIFICATION, DT_ENTRANCE, DS_SERVICE_LINE)
VALUES
(
nextval('pfcs_detail_patient_seq'), nm_usuario_p, clock_timestamp(), nm_usuario_p, clock_timestamp(), 30003, 3399892, 1015785789, 'AATROX, Aatrox', TO_DATE('11/11/1991 00:00:00', 'DD/MM/YYYY HH24:MI:SS'), '', 'Male', '', 300, 1, 'VIP', (clock_timestamp() - (57/24/60)), 'Teejay, Hays'
);

/* INSERT QUERY NO: 5 */

INSERT INTO pfcs_detail_patient(NR_SEQUENCIA, NM_USUARIO, DT_ATUALIZACAO, NM_USUARIO_NREC, DT_ATUALIZACAO_NREC, NR_SEQ_DETAIL, NR_ENCOUNTER, ID_PATIENT, NM_PATIENT, DT_BIRTHDATE, DS_PRIMARY_DIAGNOSIS, DS_GENDER, DS_DNR_STATUS, QT_TIME_TELEMETRY, CD_CLASSIFICATION, DS_CLASSIFICATION, DT_ENTRANCE, DS_SERVICE_LINE)
VALUES
(
nextval('pfcs_detail_patient_seq'), nm_usuario_p, clock_timestamp(), nm_usuario_p, clock_timestamp(), 30004, 123267, 1015548991, 'BENATTI, Thainã', TO_DATE('16/08/1995 00:00:00', 'DD/MM/YYYY HH24:MI:SS'), '', 'Male', '', 233, 1, 'VIP', (clock_timestamp() - (56/24/60)), 'Grace, Michael'
);

/* INSERT QUERY NO: 6 */

INSERT INTO pfcs_detail_patient(NR_SEQUENCIA, NM_USUARIO, DT_ATUALIZACAO, NM_USUARIO_NREC, DT_ATUALIZACAO_NREC, NR_SEQ_DETAIL, NR_ENCOUNTER, ID_PATIENT, NM_PATIENT, DT_BIRTHDATE, DS_PRIMARY_DIAGNOSIS, DS_GENDER, DS_DNR_STATUS, QT_TIME_TELEMETRY, CD_CLASSIFICATION, DS_CLASSIFICATION, DT_ENTRANCE, DS_SERVICE_LINE)
VALUES
(
nextval('pfcs_detail_patient_seq'), nm_usuario_p, clock_timestamp(), nm_usuario_p, clock_timestamp(), 30005, 3352673, 1015775260, 'Rosa Philips', TO_DATE('28/10/1990 00:00:00', 'DD/MM/YYYY HH24:MI:SS'), '', 'Female', '', 60, 3, 'ACO Groups', (clock_timestamp() - (63/24/60)), 'Teejay, Hays'
);

/* INSERT QUERY NO: 7 */

INSERT INTO pfcs_detail_patient(NR_SEQUENCIA, NM_USUARIO, DT_ATUALIZACAO, NM_USUARIO_NREC, DT_ATUALIZACAO_NREC, NR_SEQ_DETAIL, NR_ENCOUNTER, ID_PATIENT, NM_PATIENT, DT_BIRTHDATE, DS_PRIMARY_DIAGNOSIS, DS_GENDER, DS_DNR_STATUS, QT_TIME_TELEMETRY, CD_CLASSIFICATION, DS_CLASSIFICATION, DT_ENTRANCE, DS_SERVICE_LINE)
VALUES
(
nextval('pfcs_detail_patient_seq'), nm_usuario_p, clock_timestamp(), nm_usuario_p, clock_timestamp(), 30006, 123561, 5541224, 'ALEXANDRE, Ada', TO_DATE('13/10/1960 00:00:00', 'DD/MM/YYYY HH24:MI:SS'), '', 'Female', '', 360, 1, 'VIP', (clock_timestamp() - (55/24/60)), 'Teejay, Hays'
);

/* INSERT QUERY NO: 8 */

INSERT INTO pfcs_detail_patient(NR_SEQUENCIA, NM_USUARIO, DT_ATUALIZACAO, NM_USUARIO_NREC, DT_ATUALIZACAO_NREC, NR_SEQ_DETAIL, NR_ENCOUNTER, ID_PATIENT, NM_PATIENT, DT_BIRTHDATE, DS_PRIMARY_DIAGNOSIS, DS_GENDER, DS_DNR_STATUS, QT_TIME_TELEMETRY, CD_CLASSIFICATION, DS_CLASSIFICATION, DT_ENTRANCE, DS_SERVICE_LINE)
VALUES
(
nextval('pfcs_detail_patient_seq'), nm_usuario_p, clock_timestamp(), nm_usuario_p, clock_timestamp(), 30007, 36199, 548713, 'CASAS, Jerusa', TO_DATE('28/12/1960 00:00:00', 'DD/MM/YYYY HH24:MI:SS'), '', 'Female', '', 568, 1, 'VIP', (clock_timestamp() - (59/24/60)), 'Lean, Laura'
);

-------------------------------------------------- pfcs_detail_bed --------------------------------------------------		
/* INSERT QUERY NO: 1 */

INSERT INTO pfcs_detail_bed(NR_SEQUENCIA, NM_USUARIO, DT_ATUALIZACAO, NM_USUARIO_NREC, DT_ATUALIZACAO_NREC, NR_SEQ_DETAIL, CD_DEPARTMENT, DS_DEPARTMENT, DS_LOCATION)
VALUES (
nextval('pfcs_detail_bed_seq'), nm_usuario_p, clock_timestamp(), nm_usuario_p, clock_timestamp(), 30000, 347, 'Kidney Failure Management Unit', '02'
);

/* INSERT QUERY NO: 2 */

INSERT INTO pfcs_detail_bed(NR_SEQUENCIA, NM_USUARIO, DT_ATUALIZACAO, NM_USUARIO_NREC, DT_ATUALIZACAO_NREC, NR_SEQ_DETAIL, CD_DEPARTMENT, DS_DEPARTMENT, DS_LOCATION)
VALUES (
nextval('pfcs_detail_bed_seq'), nm_usuario_p, clock_timestamp(), nm_usuario_p, clock_timestamp(), 30001, 79287, 'East Wing', 'ALF38  '
);

/* INSERT QUERY NO: 3 */

INSERT INTO pfcs_detail_bed(NR_SEQUENCIA, NM_USUARIO, DT_ATUALIZACAO, NM_USUARIO_NREC, DT_ATUALIZACAO_NREC, NR_SEQ_DETAIL, CD_DEPARTMENT, DS_DEPARTMENT, DS_LOCATION)
VALUES (
nextval('pfcs_detail_bed_seq'), nm_usuario_p, clock_timestamp(), nm_usuario_p, clock_timestamp(), 30002, 79287, 'East Wing', 'ALF39  '
);

/* INSERT QUERY NO: 4 */

INSERT INTO pfcs_detail_bed(NR_SEQUENCIA, NM_USUARIO, DT_ATUALIZACAO, NM_USUARIO_NREC, DT_ATUALIZACAO_NREC, NR_SEQ_DETAIL, CD_DEPARTMENT, DS_DEPARTMENT, DS_LOCATION)
VALUES (
nextval('pfcs_detail_bed_seq'), nm_usuario_p, clock_timestamp(), nm_usuario_p, clock_timestamp(), 30003, 8, 'Block D', '106 A'
);

/* INSERT QUERY NO: 5 */

INSERT INTO pfcs_detail_bed(NR_SEQUENCIA, NM_USUARIO, DT_ATUALIZACAO, NM_USUARIO_NREC, DT_ATUALIZACAO_NREC, NR_SEQ_DETAIL, CD_DEPARTMENT, DS_DEPARTMENT, DS_LOCATION)
VALUES (
nextval('pfcs_detail_bed_seq'), nm_usuario_p, clock_timestamp(), nm_usuario_p, clock_timestamp(), 30004, 8, 'Block D', '105 C'
);

/* INSERT QUERY NO: 6 */

INSERT INTO pfcs_detail_bed(NR_SEQUENCIA, NM_USUARIO, DT_ATUALIZACAO, NM_USUARIO_NREC, DT_ATUALIZACAO_NREC, NR_SEQ_DETAIL, CD_DEPARTMENT, DS_DEPARTMENT, DS_LOCATION)
VALUES (
nextval('pfcs_detail_bed_seq'), nm_usuario_p, clock_timestamp(), nm_usuario_p, clock_timestamp(), 30005, 164, 'Third Floor', 'Box 02'
);

/* INSERT QUERY NO: 7 */

INSERT INTO pfcs_detail_bed(NR_SEQUENCIA, NM_USUARIO, DT_ATUALIZACAO, NM_USUARIO_NREC, DT_ATUALIZACAO_NREC, NR_SEQ_DETAIL, CD_DEPARTMENT, DS_DEPARTMENT, DS_LOCATION)
VALUES (
nextval('pfcs_detail_bed_seq'), nm_usuario_p, clock_timestamp(), nm_usuario_p, clock_timestamp(), 30006, 164, 'Third Floor', 'Box 03'
);

/* INSERT QUERY NO: 8 */

INSERT INTO pfcs_detail_bed(NR_SEQUENCIA, NM_USUARIO, DT_ATUALIZACAO, NM_USUARIO_NREC, DT_ATUALIZACAO_NREC, NR_SEQ_DETAIL, CD_DEPARTMENT, DS_DEPARTMENT, DS_LOCATION)
VALUES (
nextval('pfcs_detail_bed_seq'), nm_usuario_p, clock_timestamp(), nm_usuario_p, clock_timestamp(), 30007, 79287, 'East Wing', 'RICH01 1'
);


 := pfcs_pck.pfcs_generate_results(
		vl_indicator_p => 8, nr_seq_indicator_p => nr_seq_indicator_p, nr_seq_operational_level_p => cd_estabelecimento_w, nm_usuario_p => nm_usuario_p, nr_seq_panel_p => pfcs_panel_seq_w);

CALL pfcs_pck.pfcs_update_detail(
		nr_seq_indicator_p => nr_seq_indicator_p,
		nr_seq_panel_p => pfcs_panel_seq_w,
		nr_seq_operational_level_p => cd_estabelecimento_w,
		nm_usuario_p => nm_usuario_p);

CALL pfcs_pck.pfcs_activate_records(
            nr_seq_indicator_p => nr_seq_indicator_p,
            nr_seq_operational_level_p => cd_estabelecimento_w,
            nm_usuario_p => nm_usuario_p);


cd_estabelecimento_w	:= pfcs_get_structure_level(cd_establishment_p => 39, ie_level_p => 'O', ie_info_p => 'C');



/* INSERT QUERY NO: 9 */

INSERT INTO pfcs_panel_detail(NR_SEQUENCIA, NM_USUARIO, DT_ATUALIZACAO, NM_USUARIO_NREC, DT_ATUALIZACAO_NREC, IE_SITUATION, NR_SEQ_INDICATOR, NR_SEQ_OPERATIONAL_LEVEL)
VALUES (
30008, nm_usuario_p, clock_timestamp(), nm_usuario_p, clock_timestamp(), 'T', nr_seq_indicator_p, cd_estabelecimento_w
);

/* INSERT QUERY NO: 10 */

INSERT INTO pfcs_panel_detail(NR_SEQUENCIA, NM_USUARIO, DT_ATUALIZACAO, NM_USUARIO_NREC, DT_ATUALIZACAO_NREC, IE_SITUATION, NR_SEQ_INDICATOR, NR_SEQ_OPERATIONAL_LEVEL)
VALUES (
30009, nm_usuario_p, clock_timestamp(), nm_usuario_p, clock_timestamp(), 'T', nr_seq_indicator_p, cd_estabelecimento_w
);

/* INSERT QUERY NO: 11 */

INSERT INTO pfcs_panel_detail(NR_SEQUENCIA, NM_USUARIO, DT_ATUALIZACAO, NM_USUARIO_NREC, DT_ATUALIZACAO_NREC, IE_SITUATION, NR_SEQ_INDICATOR, NR_SEQ_OPERATIONAL_LEVEL)
VALUES (
30010, nm_usuario_p, clock_timestamp(), nm_usuario_p, clock_timestamp(), 'T', nr_seq_indicator_p, cd_estabelecimento_w
);

/* INSERT QUERY NO: 12 */

INSERT INTO pfcs_panel_detail(NR_SEQUENCIA, NM_USUARIO, DT_ATUALIZACAO, NM_USUARIO_NREC, DT_ATUALIZACAO_NREC, IE_SITUATION, NR_SEQ_INDICATOR, NR_SEQ_OPERATIONAL_LEVEL)
VALUES (
30011, nm_usuario_p, clock_timestamp(), nm_usuario_p, clock_timestamp(), 'T', nr_seq_indicator_p, cd_estabelecimento_w
);

/* INSERT QUERY NO: 13 */

INSERT INTO pfcs_panel_detail(NR_SEQUENCIA, NM_USUARIO, DT_ATUALIZACAO, NM_USUARIO_NREC, DT_ATUALIZACAO_NREC, IE_SITUATION, NR_SEQ_INDICATOR, NR_SEQ_OPERATIONAL_LEVEL)
VALUES (
30012, nm_usuario_p, clock_timestamp(), nm_usuario_p, clock_timestamp(), 'T', nr_seq_indicator_p, cd_estabelecimento_w
);

/* INSERT QUERY NO: 14 */

INSERT INTO pfcs_panel_detail(NR_SEQUENCIA, NM_USUARIO, DT_ATUALIZACAO, NM_USUARIO_NREC, DT_ATUALIZACAO_NREC, IE_SITUATION, NR_SEQ_INDICATOR, NR_SEQ_OPERATIONAL_LEVEL)
VALUES (
30013, nm_usuario_p, clock_timestamp(), nm_usuario_p, clock_timestamp(), 'T', nr_seq_indicator_p, cd_estabelecimento_w
);

/* INSERT QUERY NO: 15 */

INSERT INTO pfcs_panel_detail(NR_SEQUENCIA, NM_USUARIO, DT_ATUALIZACAO, NM_USUARIO_NREC, DT_ATUALIZACAO_NREC, IE_SITUATION, NR_SEQ_INDICATOR, NR_SEQ_OPERATIONAL_LEVEL)
VALUES (
30014, nm_usuario_p, clock_timestamp(), nm_usuario_p, clock_timestamp(), 'T', nr_seq_indicator_p, cd_estabelecimento_w
);

/* INSERT QUERY NO: 16 */

INSERT INTO pfcs_panel_detail(NR_SEQUENCIA, NM_USUARIO, DT_ATUALIZACAO, NM_USUARIO_NREC, DT_ATUALIZACAO_NREC, IE_SITUATION, NR_SEQ_INDICATOR, NR_SEQ_OPERATIONAL_LEVEL)
VALUES (
30015, nm_usuario_p, clock_timestamp(), nm_usuario_p, clock_timestamp(), 'T', nr_seq_indicator_p, cd_estabelecimento_w
);

/* INSERT QUERY NO: 17 */

INSERT INTO pfcs_panel_detail(NR_SEQUENCIA, NM_USUARIO, DT_ATUALIZACAO, NM_USUARIO_NREC, DT_ATUALIZACAO_NREC, IE_SITUATION, NR_SEQ_INDICATOR, NR_SEQ_OPERATIONAL_LEVEL)
VALUES (
30016, nm_usuario_p, clock_timestamp(), nm_usuario_p, clock_timestamp(), 'T', nr_seq_indicator_p, cd_estabelecimento_w
);

-------------------------------------------------- pfcs_detail_patient --------------------------------------------------		
/* INSERT QUERY NO: 9 */

INSERT INTO pfcs_detail_patient(NR_SEQUENCIA, NM_USUARIO, DT_ATUALIZACAO, NM_USUARIO_NREC, DT_ATUALIZACAO_NREC, NR_SEQ_DETAIL, NR_ENCOUNTER, ID_PATIENT, NM_PATIENT, DT_BIRTHDATE, DS_PRIMARY_DIAGNOSIS, DS_GENDER, DS_DNR_STATUS, QT_TIME_TELEMETRY, CD_CLASSIFICATION, DS_CLASSIFICATION, DT_ENTRANCE, DS_SERVICE_LINE)
VALUES
(
nextval('pfcs_detail_patient_seq'), nm_usuario_p, clock_timestamp(), nm_usuario_p, clock_timestamp(), 30008, 991805, 625040, 'SILVER, John', TO_DATE('05/12/1998 00:00:00', 'DD/MM/YYYY HH24:MI:SS'), 'Pain', 'Male', '', 630, 1, 'VIP', (clock_timestamp() - (66/24/60)), 'Teejay, Hays'
);

/* INSERT QUERY NO: 10 */

INSERT INTO pfcs_detail_patient(NR_SEQUENCIA, NM_USUARIO, DT_ATUALIZACAO, NM_USUARIO_NREC, DT_ATUALIZACAO_NREC, NR_SEQ_DETAIL, NR_ENCOUNTER, ID_PATIENT, NM_PATIENT, DT_BIRTHDATE, DS_PRIMARY_DIAGNOSIS, DS_GENDER, DS_DNR_STATUS, QT_TIME_TELEMETRY, CD_CLASSIFICATION, DS_CLASSIFICATION, DT_ENTRANCE, DS_SERVICE_LINE)
VALUES
(
nextval('pfcs_detail_patient_seq'), nm_usuario_p, clock_timestamp(), nm_usuario_p, clock_timestamp(), 30009, 3382964, 1015790395, 'CASILLAS, Iker', TO_DATE('08/01/1947 00:00:00', 'DD/MM/YYYY HH24:MI:SS'), '', 'Male', '', 680, 3, 'ACO Groups', (clock_timestamp() - (60/24/60)), 'Teejay, Hays'
);

/* INSERT QUERY NO: 11 */

INSERT INTO pfcs_detail_patient(NR_SEQUENCIA, NM_USUARIO, DT_ATUALIZACAO, NM_USUARIO_NREC, DT_ATUALIZACAO_NREC, NR_SEQ_DETAIL, NR_ENCOUNTER, ID_PATIENT, NM_PATIENT, DT_BIRTHDATE, DS_PRIMARY_DIAGNOSIS, DS_GENDER, DS_DNR_STATUS, QT_TIME_TELEMETRY, CD_CLASSIFICATION, DS_CLASSIFICATION, DT_ENTRANCE, DS_SERVICE_LINE)
VALUES
(
nextval('pfcs_detail_patient_seq'), nm_usuario_p, clock_timestamp(), nm_usuario_p, clock_timestamp(), 30010, 3349696, 15, 'CASSIA, Rita', TO_DATE('17/01/1987 00:00:00', 'DD/MM/YYYY HH24:MI:SS'), '', 'Female', '', 609, 1, 'VIP', (clock_timestamp() - (61/24/60)), 'Teejay, Hays'
);

/* INSERT QUERY NO: 12 */

INSERT INTO pfcs_detail_patient(NR_SEQUENCIA, NM_USUARIO, DT_ATUALIZACAO, NM_USUARIO_NREC, DT_ATUALIZACAO_NREC, NR_SEQ_DETAIL, NR_ENCOUNTER, ID_PATIENT, NM_PATIENT, DT_BIRTHDATE, DS_PRIMARY_DIAGNOSIS, DS_GENDER, DS_DNR_STATUS, QT_TIME_TELEMETRY, CD_CLASSIFICATION, DS_CLASSIFICATION, DT_ENTRANCE, DS_SERVICE_LINE)
VALUES
(
nextval('pfcs_detail_patient_seq'), nm_usuario_p, clock_timestamp(), nm_usuario_p, clock_timestamp(), 30011, 3398170, 2275867, 'Cláudia Maieski', TO_DATE('01/01/1997 00:00:00', 'DD/MM/YYYY HH24:MI:SS'), '', 'Female', 'DNR', 309, 1, 'VIP', (clock_timestamp() - (62/24/60)), 'Forbes, Liz'
);

/* INSERT QUERY NO: 13 */

INSERT INTO pfcs_detail_patient(NR_SEQUENCIA, NM_USUARIO, DT_ATUALIZACAO, NM_USUARIO_NREC, DT_ATUALIZACAO_NREC, NR_SEQ_DETAIL, NR_ENCOUNTER, ID_PATIENT, NM_PATIENT, DT_BIRTHDATE, DS_PRIMARY_DIAGNOSIS, DS_GENDER, DS_DNR_STATUS, QT_TIME_TELEMETRY, CD_CLASSIFICATION, DS_CLASSIFICATION, DT_ENTRANCE, DS_SERVICE_LINE)
VALUES
(
nextval('pfcs_detail_patient_seq'), nm_usuario_p, clock_timestamp(), nm_usuario_p, clock_timestamp(), 30012, 157409, 4580674, 'CORREIA, Maicon', TO_DATE('03/12/1998 00:00:00', 'DD/MM/YYYY HH24:MI:SS'), '', 'Male', '', 298, 1, 'VIP', (clock_timestamp() - (52/24/60)), 'Jhon, Lena'
);

/* INSERT QUERY NO: 14 */

INSERT INTO pfcs_detail_patient(NR_SEQUENCIA, NM_USUARIO, DT_ATUALIZACAO, NM_USUARIO_NREC, DT_ATUALIZACAO_NREC, NR_SEQ_DETAIL, NR_ENCOUNTER, ID_PATIENT, NM_PATIENT, DT_BIRTHDATE, DS_PRIMARY_DIAGNOSIS, DS_GENDER, DS_DNR_STATUS, QT_TIME_TELEMETRY, CD_CLASSIFICATION, DS_CLASSIFICATION, DT_ENTRANCE, DS_SERVICE_LINE)
VALUES
(
nextval('pfcs_detail_patient_seq'), nm_usuario_p, clock_timestamp(), nm_usuario_p, clock_timestamp(), 30013, 149000, 49864, 'COULTHARD, Frida', TO_DATE('17/10/1980 00:00:00', 'DD/MM/YYYY HH24:MI:SS'), '', 'Female', '', 660, 3, 'ACO Groups', (clock_timestamp() - (53/24/60)), 'Winifred, Parra'
);

/* INSERT QUERY NO: 15 */

INSERT INTO pfcs_detail_patient(NR_SEQUENCIA, NM_USUARIO, DT_ATUALIZACAO, NM_USUARIO_NREC, DT_ATUALIZACAO_NREC, NR_SEQ_DETAIL, NR_ENCOUNTER, ID_PATIENT, NM_PATIENT, DT_BIRTHDATE, DS_PRIMARY_DIAGNOSIS, DS_GENDER, DS_DNR_STATUS, QT_TIME_TELEMETRY, CD_CLASSIFICATION, DS_CLASSIFICATION, DT_ENTRANCE, DS_SERVICE_LINE)
VALUES
(
nextval('pfcs_detail_patient_seq'), nm_usuario_p, clock_timestamp(), nm_usuario_p, clock_timestamp(), 30014, 3338481, 2489887, 'CUNHA, Abelim', TO_DATE('14/03/1984 00:00:00', 'DD/MM/YYYY HH24:MI:SS'), '', 'Female', '', 291, 1, 'VIP', (clock_timestamp() - (56/24/60)), 'Winifred, Parra'
);

/* INSERT QUERY NO: 16 */

INSERT INTO pfcs_detail_patient(NR_SEQUENCIA, NM_USUARIO, DT_ATUALIZACAO, NM_USUARIO_NREC, DT_ATUALIZACAO_NREC, NR_SEQ_DETAIL, NR_ENCOUNTER, ID_PATIENT, NM_PATIENT, DT_BIRTHDATE, DS_PRIMARY_DIAGNOSIS, DS_GENDER, DS_DNR_STATUS, QT_TIME_TELEMETRY, CD_CLASSIFICATION, DS_CLASSIFICATION, DT_ENTRANCE, DS_SERVICE_LINE)
VALUES
(
nextval('pfcs_detail_patient_seq'), nm_usuario_p, clock_timestamp(), nm_usuario_p, clock_timestamp(), 30015, 10438, 2420334, 'DA CUNHA, Sidnei', TO_DATE('01/01/1980 00:00:00', 'DD/MM/YYYY HH24:MI:SS'), '', 'Male', '', 430, 3, 'ACO Groups', (clock_timestamp() - (49/24/60)), 'Winifred, Parra'
);

/* INSERT QUERY NO: 17 */

INSERT INTO pfcs_detail_patient(NR_SEQUENCIA, NM_USUARIO, DT_ATUALIZACAO, NM_USUARIO_NREC, DT_ATUALIZACAO_NREC, NR_SEQ_DETAIL, NR_ENCOUNTER, ID_PATIENT, NM_PATIENT, DT_BIRTHDATE, DS_PRIMARY_DIAGNOSIS, DS_GENDER, DS_DNR_STATUS, QT_TIME_TELEMETRY, CD_CLASSIFICATION, DS_CLASSIFICATION, DT_ENTRANCE, DS_SERVICE_LINE)
VALUES
(
nextval('pfcs_detail_patient_seq'), nm_usuario_p, clock_timestamp(), nm_usuario_p, clock_timestamp(), 30016, 158942, 1015591081, 'DELLADREA, ANDRE', TO_DATE('20/07/1997 00:00:00', 'DD/MM/YYYY HH24:MI:SS'), '', 'Male', '',210, 3, 'ACO Groups', (clock_timestamp() - (56/24/60)), 'Winifred, Parra'
);

-------------------------------------------------- pfcs_detail_bed --------------------------------------------------		
/* INSERT QUERY NO: 9 */

INSERT INTO pfcs_detail_bed(NR_SEQUENCIA, NM_USUARIO, DT_ATUALIZACAO, NM_USUARIO_NREC, DT_ATUALIZACAO_NREC, NR_SEQ_DETAIL, CD_DEPARTMENT, DS_DEPARTMENT, DS_LOCATION)
VALUES (
nextval('pfcs_detail_bed_seq'), nm_usuario_p, clock_timestamp(), nm_usuario_p, clock_timestamp(), 30008, 247, 'Kidney Failure Management Unit', '11'
);

/* INSERT QUERY NO: 10 */

INSERT INTO pfcs_detail_bed(NR_SEQUENCIA, NM_USUARIO, DT_ATUALIZACAO, NM_USUARIO_NREC, DT_ATUALIZACAO_NREC, NR_SEQ_DETAIL, CD_DEPARTMENT, DS_DEPARTMENT, DS_LOCATION)
VALUES (
nextval('pfcs_detail_bed_seq'), nm_usuario_p, clock_timestamp(), nm_usuario_p, clock_timestamp(), 30009, 79287, 'East Wing', 'RICH03 1'
);

/* INSERT QUERY NO: 11 */

INSERT INTO pfcs_detail_bed(NR_SEQUENCIA, NM_USUARIO, DT_ATUALIZACAO, NM_USUARIO_NREC, DT_ATUALIZACAO_NREC, NR_SEQ_DETAIL, CD_DEPARTMENT, DS_DEPARTMENT, DS_LOCATION)
VALUES (
nextval('pfcs_detail_bed_seq'), nm_usuario_p, clock_timestamp(), nm_usuario_p, clock_timestamp(), 30010, 280, 'Med-Surg', 'I 5'
);

/* INSERT QUERY NO: 12 */

INSERT INTO pfcs_detail_bed(NR_SEQUENCIA, NM_USUARIO, DT_ATUALIZACAO, NM_USUARIO_NREC, DT_ATUALIZACAO_NREC, NR_SEQ_DETAIL, CD_DEPARTMENT, DS_DEPARTMENT, DS_LOCATION)
VALUES (
nextval('pfcs_detail_bed_seq'), nm_usuario_p, clock_timestamp(), nm_usuario_p, clock_timestamp(), 30011, 280, 'Med-Surg', 'S 1'
);

/* INSERT QUERY NO: 13 */

INSERT INTO pfcs_detail_bed(NR_SEQUENCIA, NM_USUARIO, DT_ATUALIZACAO, NM_USUARIO_NREC, DT_ATUALIZACAO_NREC, NR_SEQ_DETAIL, CD_DEPARTMENT, DS_DEPARTMENT, DS_LOCATION)
VALUES (
nextval('pfcs_detail_bed_seq'), nm_usuario_p, clock_timestamp(), nm_usuario_p, clock_timestamp(), 30012, 79340, 'Stepdown', 'ICU 03'
);

/* INSERT QUERY NO: 14 */

INSERT INTO pfcs_detail_bed(NR_SEQUENCIA, NM_USUARIO, DT_ATUALIZACAO, NM_USUARIO_NREC, DT_ATUALIZACAO_NREC, NR_SEQ_DETAIL, CD_DEPARTMENT, DS_DEPARTMENT, DS_LOCATION)
VALUES (
nextval('pfcs_detail_bed_seq'), nm_usuario_p, clock_timestamp(), nm_usuario_p, clock_timestamp(), 30013, 79339, 'Diagnostic Clinic', 'A02  '
);

/* INSERT QUERY NO: 15 */

INSERT INTO pfcs_detail_bed(NR_SEQUENCIA, NM_USUARIO, DT_ATUALIZACAO, NM_USUARIO_NREC, DT_ATUALIZACAO_NREC, NR_SEQ_DETAIL, CD_DEPARTMENT, DS_DEPARTMENT, DS_LOCATION)
VALUES (
nextval('pfcs_detail_bed_seq'), nm_usuario_p, clock_timestamp(), nm_usuario_p, clock_timestamp(), 30014, 79402, 'Chemotherapy', 'qt2  '
);

/* INSERT QUERY NO: 16 */

INSERT INTO pfcs_detail_bed(NR_SEQUENCIA, NM_USUARIO, DT_ATUALIZACAO, NM_USUARIO_NREC, DT_ATUALIZACAO_NREC, NR_SEQ_DETAIL, CD_DEPARTMENT, DS_DEPARTMENT, DS_LOCATION)
VALUES (
nextval('pfcs_detail_bed_seq'), nm_usuario_p, clock_timestamp(), nm_usuario_p, clock_timestamp(), 30015, 79405, 'West Wing', 'SL01  '
);

/* INSERT QUERY NO: 17 */

INSERT INTO pfcs_detail_bed(NR_SEQUENCIA, NM_USUARIO, DT_ATUALIZACAO, NM_USUARIO_NREC, DT_ATUALIZACAO_NREC, NR_SEQ_DETAIL, CD_DEPARTMENT, DS_DEPARTMENT, DS_LOCATION)
VALUES (
nextval('pfcs_detail_bed_seq'), nm_usuario_p, clock_timestamp(), nm_usuario_p, clock_timestamp(), 30016, 79343, 'West Wing', 'C  '
);


-- Ajustar indicador
 := pfcs_pck.pfcs_generate_results(
		vl_indicator_p => 9, nr_seq_indicator_p => nr_seq_indicator_p, nr_seq_operational_level_p => cd_estabelecimento_w, nm_usuario_p => nm_usuario_p, nr_seq_panel_p => pfcs_panel_seq_w);

CALL pfcs_pck.pfcs_update_detail(
		nr_seq_indicator_p => nr_seq_indicator_p,
		nr_seq_panel_p => pfcs_panel_seq_w,
		nr_seq_operational_level_p => cd_estabelecimento_w,
		nm_usuario_p => nm_usuario_p);

CALL pfcs_pck.pfcs_activate_records(
            nr_seq_indicator_p => nr_seq_indicator_p,
            nr_seq_operational_level_p => cd_estabelecimento_w,
            nm_usuario_p => nm_usuario_p);



cd_estabelecimento_w	:= pfcs_get_structure_level(cd_establishment_p => 11, ie_level_p => 'O', ie_info_p => 'C');


/* INSERT QUERY NO: 18 */

INSERT INTO pfcs_panel_detail(NR_SEQUENCIA, NM_USUARIO, DT_ATUALIZACAO, NM_USUARIO_NREC, DT_ATUALIZACAO_NREC, IE_SITUATION, NR_SEQ_INDICATOR, NR_SEQ_OPERATIONAL_LEVEL)
VALUES (
30017, nm_usuario_p, clock_timestamp(), nm_usuario_p, clock_timestamp(), 'T', nr_seq_indicator_p, cd_estabelecimento_w
);

/* INSERT QUERY NO: 19 */

INSERT INTO pfcs_panel_detail(NR_SEQUENCIA, NM_USUARIO, DT_ATUALIZACAO, NM_USUARIO_NREC, DT_ATUALIZACAO_NREC, IE_SITUATION, NR_SEQ_INDICATOR, NR_SEQ_OPERATIONAL_LEVEL)
VALUES (
30018, nm_usuario_p, clock_timestamp(), nm_usuario_p, clock_timestamp(), 'T', nr_seq_indicator_p, cd_estabelecimento_w
);

/* INSERT QUERY NO: 20 */

INSERT INTO pfcs_panel_detail(NR_SEQUENCIA, NM_USUARIO, DT_ATUALIZACAO, NM_USUARIO_NREC, DT_ATUALIZACAO_NREC, IE_SITUATION, NR_SEQ_INDICATOR, NR_SEQ_OPERATIONAL_LEVEL)
VALUES (
30019, nm_usuario_p, clock_timestamp(), nm_usuario_p, clock_timestamp(), 'T', nr_seq_indicator_p, cd_estabelecimento_w
);

/* INSERT QUERY NO: 21 */

INSERT INTO pfcs_panel_detail(NR_SEQUENCIA, NM_USUARIO, DT_ATUALIZACAO, NM_USUARIO_NREC, DT_ATUALIZACAO_NREC, IE_SITUATION, NR_SEQ_INDICATOR, NR_SEQ_OPERATIONAL_LEVEL)
VALUES (
30020, nm_usuario_p, clock_timestamp(), nm_usuario_p, clock_timestamp(), 'T', nr_seq_indicator_p, cd_estabelecimento_w
);

/* INSERT QUERY NO: 22 */

INSERT INTO pfcs_panel_detail(NR_SEQUENCIA, NM_USUARIO, DT_ATUALIZACAO, NM_USUARIO_NREC, DT_ATUALIZACAO_NREC, IE_SITUATION, NR_SEQ_INDICATOR, NR_SEQ_OPERATIONAL_LEVEL)
VALUES (
30021, nm_usuario_p, clock_timestamp(), nm_usuario_p, clock_timestamp(), 'T', nr_seq_indicator_p, cd_estabelecimento_w
);

/* INSERT QUERY NO: 23 */

INSERT INTO pfcs_panel_detail(NR_SEQUENCIA, NM_USUARIO, DT_ATUALIZACAO, NM_USUARIO_NREC, DT_ATUALIZACAO_NREC, IE_SITUATION, NR_SEQ_INDICATOR, NR_SEQ_OPERATIONAL_LEVEL)
VALUES (
30022, nm_usuario_p, clock_timestamp(), nm_usuario_p, clock_timestamp(), 'T', nr_seq_indicator_p, cd_estabelecimento_w
);

/* INSERT QUERY NO: 24 */

INSERT INTO pfcs_panel_detail(NR_SEQUENCIA, NM_USUARIO, DT_ATUALIZACAO, NM_USUARIO_NREC, DT_ATUALIZACAO_NREC, IE_SITUATION, NR_SEQ_INDICATOR, NR_SEQ_OPERATIONAL_LEVEL)
VALUES (
30023, nm_usuario_p, clock_timestamp(), nm_usuario_p, clock_timestamp(), 'T', nr_seq_indicator_p, cd_estabelecimento_w
);

/* INSERT QUERY NO: 25 */

INSERT INTO pfcs_panel_detail(NR_SEQUENCIA, NM_USUARIO, DT_ATUALIZACAO, NM_USUARIO_NREC, DT_ATUALIZACAO_NREC, IE_SITUATION, NR_SEQ_INDICATOR, NR_SEQ_OPERATIONAL_LEVEL)
VALUES (
30024, nm_usuario_p, clock_timestamp(), nm_usuario_p, clock_timestamp(), 'T', nr_seq_indicator_p, cd_estabelecimento_w
);

/* INSERT QUERY NO: 26 */

INSERT INTO pfcs_panel_detail(NR_SEQUENCIA, NM_USUARIO, DT_ATUALIZACAO, NM_USUARIO_NREC, DT_ATUALIZACAO_NREC, IE_SITUATION, NR_SEQ_INDICATOR, NR_SEQ_OPERATIONAL_LEVEL)
VALUES (
30025, nm_usuario_p, clock_timestamp(), nm_usuario_p, clock_timestamp(), 'T', nr_seq_indicator_p, cd_estabelecimento_w
);


-------------------------------------------------- pfcs_detail_patient --------------------------------------------------		
/* INSERT QUERY NO: 18 */

INSERT INTO pfcs_detail_patient(NR_SEQUENCIA, NM_USUARIO, DT_ATUALIZACAO, NM_USUARIO_NREC, DT_ATUALIZACAO_NREC, NR_SEQ_DETAIL, NR_ENCOUNTER, ID_PATIENT, NM_PATIENT, DT_BIRTHDATE, DS_PRIMARY_DIAGNOSIS, DS_GENDER, DS_DNR_STATUS, QT_TIME_TELEMETRY, CD_CLASSIFICATION, DS_CLASSIFICATION, DT_ENTRANCE, DS_SERVICE_LINE)
VALUES
(
nextval('pfcs_detail_patient_seq'), nm_usuario_p, clock_timestamp(), nm_usuario_p, clock_timestamp(), 30017, 991767, 625004, 'BARLOW, Miranda', TO_DATE('06/02/1967 00:00:00', 'DD/MM/YYYY HH24:MI:SS'), 'Heavy pain', 'Female', '', 780, 1, 'VIP', (clock_timestamp() - (57/24/60)), 'Winifred, Parra'
);

/* INSERT QUERY NO: 19 */

INSERT INTO pfcs_detail_patient(NR_SEQUENCIA, NM_USUARIO, DT_ATUALIZACAO, NM_USUARIO_NREC, DT_ATUALIZACAO_NREC, NR_SEQ_DETAIL, NR_ENCOUNTER, ID_PATIENT, NM_PATIENT, DT_BIRTHDATE, DS_PRIMARY_DIAGNOSIS, DS_GENDER, DS_DNR_STATUS, QT_TIME_TELEMETRY, CD_CLASSIFICATION, DS_CLASSIFICATION, DT_ENTRANCE, DS_SERVICE_LINE)
VALUES
(
nextval('pfcs_detail_patient_seq'), nm_usuario_p, clock_timestamp(), nm_usuario_p, clock_timestamp(), 30018, 40524, 196341, 'FARIAS, Zilda', TO_DATE('08/10/2019 00:00:00', 'DD/MM/YYYY HH24:MI:SS'), '', 'Female', '', 310, 1, 'VIP', (clock_timestamp() - (59/24/60)), 'Hale, Lizbeth'
);

/* INSERT QUERY NO: 20 */

INSERT INTO pfcs_detail_patient(NR_SEQUENCIA, NM_USUARIO, DT_ATUALIZACAO, NM_USUARIO_NREC, DT_ATUALIZACAO_NREC, NR_SEQ_DETAIL, NR_ENCOUNTER, ID_PATIENT, NM_PATIENT, DT_BIRTHDATE, DS_PRIMARY_DIAGNOSIS, DS_GENDER, DS_DNR_STATUS, QT_TIME_TELEMETRY, CD_CLASSIFICATION, DS_CLASSIFICATION, DT_ENTRANCE, DS_SERVICE_LINE)
VALUES
(
nextval('pfcs_detail_patient_seq'), nm_usuario_p, clock_timestamp(), nm_usuario_p, clock_timestamp(), 30019, 3381184, 4580607, 'FELLER, Luiz', TO_DATE('20/09/2017 00:00:00', 'DD/MM/YYYY HH24:MI:SS'), '', 'Male', '', 114, 1, 'VIP', (clock_timestamp() - (66/24/60)), 'Brian, James'
);

/* INSERT QUERY NO: 21 */

INSERT INTO pfcs_detail_patient(NR_SEQUENCIA, NM_USUARIO, DT_ATUALIZACAO, NM_USUARIO_NREC, DT_ATUALIZACAO_NREC, NR_SEQ_DETAIL, NR_ENCOUNTER, ID_PATIENT, NM_PATIENT, DT_BIRTHDATE, DS_PRIMARY_DIAGNOSIS, DS_GENDER, DS_DNR_STATUS, QT_TIME_TELEMETRY, CD_CLASSIFICATION, DS_CLASSIFICATION, DT_ENTRANCE, DS_SERVICE_LINE)
VALUES
(
nextval('pfcs_detail_patient_seq'), nm_usuario_p, clock_timestamp(), nm_usuario_p, clock_timestamp(), 30020, 137489, 1015597876, 'FORMENTO, Rafael', TO_DATE('05/10/1965 00:00:00', 'DD/MM/YYYY HH24:MI:SS'), '', 'Male', '', 40, 1, 'VIP', (clock_timestamp() - (63/24/60)), 'Donovan, Mathew'
);

/* INSERT QUERY NO: 22 */

INSERT INTO pfcs_detail_patient(NR_SEQUENCIA, NM_USUARIO, DT_ATUALIZACAO, NM_USUARIO_NREC, DT_ATUALIZACAO_NREC, NR_SEQ_DETAIL, NR_ENCOUNTER, ID_PATIENT, NM_PATIENT, DT_BIRTHDATE, DS_PRIMARY_DIAGNOSIS, DS_GENDER, DS_DNR_STATUS, QT_TIME_TELEMETRY, CD_CLASSIFICATION, DS_CLASSIFICATION, DT_ENTRANCE, DS_SERVICE_LINE)
VALUES
(
nextval('pfcs_detail_patient_seq'), nm_usuario_p, clock_timestamp(), nm_usuario_p, clock_timestamp(), 30021, 3396952, 1015582704, 'FREDERICO, ELTON', TO_DATE('09/09/1992 00:00:00', 'DD/MM/YYYY HH24:MI:SS'), '', 'Male', '', 210, 1, 'VIP', (clock_timestamp() - (75/24/60)), 'Clark, Emilia'
);

/* INSERT QUERY NO: 23 */

INSERT INTO pfcs_detail_patient(NR_SEQUENCIA, NM_USUARIO, DT_ATUALIZACAO, NM_USUARIO_NREC, DT_ATUALIZACAO_NREC, NR_SEQ_DETAIL, NR_ENCOUNTER, ID_PATIENT, NM_PATIENT, DT_BIRTHDATE, DS_PRIMARY_DIAGNOSIS, DS_GENDER, DS_DNR_STATUS, QT_TIME_TELEMETRY, CD_CLASSIFICATION, DS_CLASSIFICATION, DT_ENTRANCE, DS_SERVICE_LINE)
VALUES
(
nextval('pfcs_detail_patient_seq'), nm_usuario_p, clock_timestamp(), nm_usuario_p, clock_timestamp(), 30022, 3404374, 1015602940, 'FUGIMOTO, Patricia', TO_DATE('02/12/1996 00:00:00', 'DD/MM/YYYY HH24:MI:SS'), '', 'Female', '', 49, 1, 'VIP', (clock_timestamp() - (40/24/60)), 'Winifred, Parra'
);

/* INSERT QUERY NO: 24 */

INSERT INTO pfcs_detail_patient(NR_SEQUENCIA, NM_USUARIO, DT_ATUALIZACAO, NM_USUARIO_NREC, DT_ATUALIZACAO_NREC, NR_SEQ_DETAIL, NR_ENCOUNTER, ID_PATIENT, NM_PATIENT, DT_BIRTHDATE, DS_PRIMARY_DIAGNOSIS, DS_GENDER, DS_DNR_STATUS, QT_TIME_TELEMETRY, CD_CLASSIFICATION, DS_CLASSIFICATION, DT_ENTRANCE, DS_SERVICE_LINE)
VALUES
(
nextval('pfcs_detail_patient_seq'), nm_usuario_p, clock_timestamp(), nm_usuario_p, clock_timestamp(), 30023, 3380598, 1015787243, 'FUNES, Pedro', TO_DATE('13/03/1984 00:00:00', 'DD/MM/YYYY HH24:MI:SS'), '', 'Male', '', 30, 3, 'ACO Groups', (clock_timestamp() - (47/24/60)), 'Winifred, Parra'
);

/* INSERT QUERY NO: 25 */

INSERT INTO pfcs_detail_patient(NR_SEQUENCIA, NM_USUARIO, DT_ATUALIZACAO, NM_USUARIO_NREC, DT_ATUALIZACAO_NREC, NR_SEQ_DETAIL, NR_ENCOUNTER, ID_PATIENT, NM_PATIENT, DT_BIRTHDATE, DS_PRIMARY_DIAGNOSIS, DS_GENDER, DS_DNR_STATUS, QT_TIME_TELEMETRY, CD_CLASSIFICATION, DS_CLASSIFICATION, DT_ENTRANCE, DS_SERVICE_LINE)
VALUES
(
nextval('pfcs_detail_patient_seq'), nm_usuario_p, clock_timestamp(), nm_usuario_p, clock_timestamp(), 30024, 140154, 5501147, 'GOERTMANN, Felipe', TO_DATE('06/01/1960 00:00:00', 'DD/MM/YYYY HH24:MI:SS'), '', 'Male', '', 45, 1, 'VIP', (clock_timestamp() - (52/24/60)), 'Winifred, Parra'
);

/* INSERT QUERY NO: 26 */

INSERT INTO pfcs_detail_patient(NR_SEQUENCIA, NM_USUARIO, DT_ATUALIZACAO, NM_USUARIO_NREC, DT_ATUALIZACAO_NREC, NR_SEQ_DETAIL, NR_ENCOUNTER, ID_PATIENT, NM_PATIENT, DT_BIRTHDATE, DS_PRIMARY_DIAGNOSIS, DS_GENDER, DS_DNR_STATUS, QT_TIME_TELEMETRY, CD_CLASSIFICATION, DS_CLASSIFICATION, DT_ENTRANCE, DS_SERVICE_LINE)
VALUES
(
nextval('pfcs_detail_patient_seq'), nm_usuario_p, clock_timestamp(), nm_usuario_p, clock_timestamp(), 30025, 3351110, 1015776472, 'GUSTAVO, Bruno', TO_DATE('03/10/1950 00:00:00', 'DD/MM/YYYY HH24:MI:SS'), '', 'Male', '', 610, 3, 'ACO Groups', (clock_timestamp() - (55/24/60)), 'Winifred, Parra'
);

-------------------------------------------------- pfcs_detail_bed --------------------------------------------------		
/* INSERT QUERY NO: 18 */

INSERT INTO pfcs_detail_bed(NR_SEQUENCIA, NM_USUARIO, DT_ATUALIZACAO, NM_USUARIO_NREC, DT_ATUALIZACAO_NREC, NR_SEQ_DETAIL, CD_DEPARTMENT, DS_DEPARTMENT, DS_LOCATION)
VALUES (
nextval('pfcs_detail_bed_seq'), nm_usuario_p, clock_timestamp(), nm_usuario_p, clock_timestamp(), 30017, 79343, 'Cardiac ICU', 'B  '
);

/* INSERT QUERY NO: 19 */

INSERT INTO pfcs_detail_bed(NR_SEQUENCIA, NM_USUARIO, DT_ATUALIZACAO, NM_USUARIO_NREC, DT_ATUALIZACAO_NREC, NR_SEQ_DETAIL, CD_DEPARTMENT, DS_DEPARTMENT, DS_LOCATION)
VALUES (
nextval('pfcs_detail_bed_seq'), nm_usuario_p, clock_timestamp(), nm_usuario_p, clock_timestamp(), 30018, 79392, 'South Wing', 'B08  '
);

/* INSERT QUERY NO: 20 */

INSERT INTO pfcs_detail_bed(NR_SEQUENCIA, NM_USUARIO, DT_ATUALIZACAO, NM_USUARIO_NREC, DT_ATUALIZACAO_NREC, NR_SEQ_DETAIL, CD_DEPARTMENT, DS_DEPARTMENT, DS_LOCATION)
VALUES (
nextval('pfcs_detail_bed_seq'), nm_usuario_p, clock_timestamp(), nm_usuario_p, clock_timestamp(), 30019, 79392, 'South Wing', 'B09  '
);

/* INSERT QUERY NO: 21 */

INSERT INTO pfcs_detail_bed(NR_SEQUENCIA, NM_USUARIO, DT_ATUALIZACAO, NM_USUARIO_NREC, DT_ATUALIZACAO_NREC, NR_SEQ_DETAIL, CD_DEPARTMENT, DS_DEPARTMENT, DS_LOCATION)
VALUES (
nextval('pfcs_detail_bed_seq'), nm_usuario_p, clock_timestamp(), nm_usuario_p, clock_timestamp(), 30020, 79392, 'South Wing', 'B10  '
);

/* INSERT QUERY NO: 22 */

INSERT INTO pfcs_detail_bed(NR_SEQUENCIA, NM_USUARIO, DT_ATUALIZACAO, NM_USUARIO_NREC, DT_ATUALIZACAO_NREC, NR_SEQ_DETAIL, CD_DEPARTMENT, DS_DEPARTMENT, DS_LOCATION)
VALUES (
nextval('pfcs_detail_bed_seq'), nm_usuario_p, clock_timestamp(), nm_usuario_p, clock_timestamp(), 30021, 8, 'Block D', '104 D'
);

/* INSERT QUERY NO: 23 */

INSERT INTO pfcs_detail_bed(NR_SEQUENCIA, NM_USUARIO, DT_ATUALIZACAO, NM_USUARIO_NREC, DT_ATUALIZACAO_NREC, NR_SEQ_DETAIL, CD_DEPARTMENT, DS_DEPARTMENT, DS_LOCATION)
VALUES (
nextval('pfcs_detail_bed_seq'), nm_usuario_p, clock_timestamp(), nm_usuario_p, clock_timestamp(), 30022, 8, 'Block D', '105 A'
);

/* INSERT QUERY NO: 24 */

INSERT INTO pfcs_detail_bed(NR_SEQUENCIA, NM_USUARIO, DT_ATUALIZACAO, NM_USUARIO_NREC, DT_ATUALIZACAO_NREC, NR_SEQ_DETAIL, CD_DEPARTMENT, DS_DEPARTMENT, DS_LOCATION)
VALUES (
nextval('pfcs_detail_bed_seq'), nm_usuario_p, clock_timestamp(), nm_usuario_p, clock_timestamp(), 30023, 80, 'Home Care', '3'
);

/* INSERT QUERY NO: 25 */

INSERT INTO pfcs_detail_bed(NR_SEQUENCIA, NM_USUARIO, DT_ATUALIZACAO, NM_USUARIO_NREC, DT_ATUALIZACAO_NREC, NR_SEQ_DETAIL, CD_DEPARTMENT, DS_DEPARTMENT, DS_LOCATION)
VALUES (
nextval('pfcs_detail_bed_seq'), nm_usuario_p, clock_timestamp(), nm_usuario_p, clock_timestamp(), 30024, 80, 'Home Care', '1'
);

/* INSERT QUERY NO: 26 */

INSERT INTO pfcs_detail_bed(NR_SEQUENCIA, NM_USUARIO, DT_ATUALIZACAO, NM_USUARIO_NREC, DT_ATUALIZACAO_NREC, NR_SEQ_DETAIL, CD_DEPARTMENT, DS_DEPARTMENT, DS_LOCATION)
VALUES (
nextval('pfcs_detail_bed_seq'), nm_usuario_p, clock_timestamp(), nm_usuario_p, clock_timestamp(), 30025, 130, 'ICU', '3'
);

-- Ajustar indicador
 := pfcs_pck.pfcs_generate_results(
		vl_indicator_p => 9, nr_seq_indicator_p => nr_seq_indicator_p, nr_seq_operational_level_p => cd_estabelecimento_w, nm_usuario_p => nm_usuario_p, nr_seq_panel_p => pfcs_panel_seq_w);

CALL pfcs_pck.pfcs_update_detail(
		nr_seq_indicator_p => nr_seq_indicator_p,
		nr_seq_panel_p => pfcs_panel_seq_w,
		nr_seq_operational_level_p => cd_estabelecimento_w,
		nm_usuario_p => nm_usuario_p);

CALL pfcs_pck.pfcs_activate_records(
            nr_seq_indicator_p => nr_seq_indicator_p,
            nr_seq_operational_level_p => cd_estabelecimento_w,
            nm_usuario_p => nm_usuario_p);

commit;
end;
$body$
LANGUAGE PLPGSQL
SECURITY DEFINER
;
-- REVOKE ALL ON PROCEDURE pfcs_generate_1_tl (nr_seq_indicator_p bigint) FROM PUBLIC;

