-- Generated by Ora2Pg, the Oracle database Schema converter, version 23.1
-- Copyright 2000-2022 Gilles DAROLD. All rights reserved.
-- DATASOURCE: dbi:Oracle:host=srv-dbora-03.whebdc.com.br;service_name=DEV_1815;port=1521

SET client_encoding TO 'UTF8';





CREATE OR REPLACE PROCEDURE pfcs_generate_5_gl (nr_seq_indicator_p bigint) AS $body$
DECLARE


pfcs_panel_seq_w		pfcs_panel.nr_sequencia%type;
cd_estabelecimento_w		bigint;
nm_usuario_p			varchar(20);


BEGIN
DELETE FROM pfcs_detail_patient WHERE NR_SEQ_DETAIL in (31000,31001,31002,31003,31004,31005,31006,31007,31008,31009,31010,31011,31012, 31013,31014,31015,31016,31017,31018,31019);
DELETE FROM pfcs_detail_bed WHERE NR_SEQ_DETAIL in (31000,31001,31002,31003,31004,31005,31006,31007,31008,31009,31010,31011,31012, 31013,31014,31015,31016,31017,31018,31019);
DELETE FROM pfcs_panel_detail WHERE NR_SEQUENCIA in (31000,31001,31002,31003,31004,31005,31006,31007,31008,31009,31010,31011,31012, 31013,31014,31015,31016,31017,31018,31019);
DELETE FROM PFCS_PANEL WHERE NR_SEQ_INDICATOR = 22;
nm_usuario_p := 'asimovbr';
cd_estabelecimento_w	:= pfcs_get_structure_level(cd_establishment_p => 1, ie_level_p => 'O', ie_info_p => 'C');

-------------------------------------------------- pfcs_panel_detail --------------------------------------------------
/* INSERT QUERY NO: 1 */

INSERT INTO pfcs_panel_detail(NR_SEQUENCIA, NM_USUARIO, DT_ATUALIZACAO, NM_USUARIO_NREC, DT_ATUALIZACAO_NREC, IE_SITUATION, NR_SEQ_INDICATOR, NR_SEQ_OPERATIONAL_LEVEL)
VALUES (
31000, nm_usuario_p, clock_timestamp(), nm_usuario_p, clock_timestamp(), 'T', 22, cd_estabelecimento_w
);

/* INSERT QUERY NO: 2 */

INSERT INTO pfcs_panel_detail(NR_SEQUENCIA, NM_USUARIO, DT_ATUALIZACAO, NM_USUARIO_NREC, DT_ATUALIZACAO_NREC, IE_SITUATION, NR_SEQ_INDICATOR, NR_SEQ_OPERATIONAL_LEVEL)
VALUES (
31001, nm_usuario_p, clock_timestamp(), nm_usuario_p, clock_timestamp(), 'T', 22, cd_estabelecimento_w
);

/* INSERT QUERY NO: 3 */

INSERT INTO pfcs_panel_detail(NR_SEQUENCIA, NM_USUARIO, DT_ATUALIZACAO, NM_USUARIO_NREC, DT_ATUALIZACAO_NREC, IE_SITUATION, NR_SEQ_INDICATOR, NR_SEQ_OPERATIONAL_LEVEL)
VALUES (
31002, nm_usuario_p, clock_timestamp(), nm_usuario_p, clock_timestamp(), 'T', 22, cd_estabelecimento_w
);

/* INSERT QUERY NO: 4 */

INSERT INTO pfcs_panel_detail(NR_SEQUENCIA, NM_USUARIO, DT_ATUALIZACAO, NM_USUARIO_NREC, DT_ATUALIZACAO_NREC, IE_SITUATION, NR_SEQ_INDICATOR, NR_SEQ_OPERATIONAL_LEVEL)
VALUES (
31003, nm_usuario_p, clock_timestamp(), nm_usuario_p, clock_timestamp(), 'T', 22, cd_estabelecimento_w
);

/* INSERT QUERY NO: 5 */

INSERT INTO pfcs_panel_detail(NR_SEQUENCIA, NM_USUARIO, DT_ATUALIZACAO, NM_USUARIO_NREC, DT_ATUALIZACAO_NREC, IE_SITUATION, NR_SEQ_INDICATOR, NR_SEQ_OPERATIONAL_LEVEL)
VALUES (
31004, nm_usuario_p, clock_timestamp(), nm_usuario_p, clock_timestamp(), 'T', 22, cd_estabelecimento_w
);

/* INSERT QUERY NO: 6 */

INSERT INTO pfcs_panel_detail(NR_SEQUENCIA, NM_USUARIO, DT_ATUALIZACAO, NM_USUARIO_NREC, DT_ATUALIZACAO_NREC, IE_SITUATION, NR_SEQ_INDICATOR, NR_SEQ_OPERATIONAL_LEVEL)
VALUES (
31005, nm_usuario_p, clock_timestamp(), nm_usuario_p, clock_timestamp(), 'T', 22, cd_estabelecimento_w
);

/* INSERT QUERY NO: 7 */

INSERT INTO pfcs_panel_detail(NR_SEQUENCIA, NM_USUARIO, DT_ATUALIZACAO, NM_USUARIO_NREC, DT_ATUALIZACAO_NREC, IE_SITUATION, NR_SEQ_INDICATOR, NR_SEQ_OPERATIONAL_LEVEL)
VALUES (
31006, nm_usuario_p, clock_timestamp(), nm_usuario_p, clock_timestamp(), 'T', 22, cd_estabelecimento_w
);

/* INSERT QUERY NO: 8 */

INSERT INTO pfcs_panel_detail(NR_SEQUENCIA, NM_USUARIO, DT_ATUALIZACAO, NM_USUARIO_NREC, DT_ATUALIZACAO_NREC, IE_SITUATION, NR_SEQ_INDICATOR, NR_SEQ_OPERATIONAL_LEVEL)
VALUES (
31007, nm_usuario_p, clock_timestamp(), nm_usuario_p, clock_timestamp(), 'T', 22, cd_estabelecimento_w
);

/* INSERT QUERY NO: 9 */

INSERT INTO pfcs_panel_detail(NR_SEQUENCIA, NM_USUARIO, DT_ATUALIZACAO, NM_USUARIO_NREC, DT_ATUALIZACAO_NREC, IE_SITUATION, NR_SEQ_INDICATOR, NR_SEQ_OPERATIONAL_LEVEL)
VALUES (
31008, nm_usuario_p, clock_timestamp(), nm_usuario_p, clock_timestamp(), 'T', 22, cd_estabelecimento_w
);

/* INSERT QUERY NO: 10 */

INSERT INTO pfcs_panel_detail(NR_SEQUENCIA, NM_USUARIO, DT_ATUALIZACAO, NM_USUARIO_NREC, DT_ATUALIZACAO_NREC, IE_SITUATION, NR_SEQ_INDICATOR, NR_SEQ_OPERATIONAL_LEVEL)
VALUES (
31009, nm_usuario_p, clock_timestamp(), nm_usuario_p, clock_timestamp(), 'T', 22, cd_estabelecimento_w
);

/* INSERT QUERY NO: 11 */

INSERT INTO pfcs_panel_detail(NR_SEQUENCIA, NM_USUARIO, DT_ATUALIZACAO, NM_USUARIO_NREC, DT_ATUALIZACAO_NREC, IE_SITUATION, NR_SEQ_INDICATOR, NR_SEQ_OPERATIONAL_LEVEL)
VALUES (
31010, nm_usuario_p, clock_timestamp(), nm_usuario_p, clock_timestamp(), 'T', 22, cd_estabelecimento_w
);

/* INSERT QUERY NO: 12 */

INSERT INTO pfcs_panel_detail(NR_SEQUENCIA, NM_USUARIO, DT_ATUALIZACAO, NM_USUARIO_NREC, DT_ATUALIZACAO_NREC, IE_SITUATION, NR_SEQ_INDICATOR, NR_SEQ_OPERATIONAL_LEVEL)
VALUES (
31011, nm_usuario_p, clock_timestamp(), nm_usuario_p, clock_timestamp(), 'T', 22, cd_estabelecimento_w
);

/* INSERT QUERY NO: 13 */

INSERT INTO pfcs_panel_detail(NR_SEQUENCIA, NM_USUARIO, DT_ATUALIZACAO, NM_USUARIO_NREC, DT_ATUALIZACAO_NREC, IE_SITUATION, NR_SEQ_INDICATOR, NR_SEQ_OPERATIONAL_LEVEL)
VALUES (
31012, nm_usuario_p, clock_timestamp(), nm_usuario_p, clock_timestamp(), 'T', 22, cd_estabelecimento_w
);

-------------------------------------------------- pfcs_detail_patient ------------------------------------------------		
/* INSERT QUERY NO: 1 */

INSERT INTO pfcs_detail_patient(NR_SEQUENCIA, NM_USUARIO, DT_ATUALIZACAO, NM_USUARIO_NREC, DT_ATUALIZACAO_NREC, NR_SEQ_DETAIL, ID_PATIENT, NM_PATIENT, NR_ENCOUNTER, DT_ENTRANCE, DS_GENDER, DS_CLASSIFICATION, DT_BIRTHDATE)
VALUES
(
nextval('pfcs_detail_patient_seq'), nm_usuario_p, clock_timestamp(), nm_usuario_p, clock_timestamp(), 31000, 625741, 'CLAYMORE, Priscila', 992594, (clock_timestamp() - (162/24/60)), 'Female', 'ACO Groups', TO_DATE('01/01/2000 00:00:00', 'DD/MM/YYYY HH24:MI:SS')
);

/* INSERT QUERY NO: 2 */

INSERT INTO pfcs_detail_patient(NR_SEQUENCIA, NM_USUARIO, DT_ATUALIZACAO, NM_USUARIO_NREC, DT_ATUALIZACAO_NREC, NR_SEQ_DETAIL, ID_PATIENT, NM_PATIENT, NR_ENCOUNTER, DT_ENTRANCE, DS_GENDER, DS_CLASSIFICATION, DT_BIRTHDATE)
VALUES
(
nextval('pfcs_detail_patient_seq'), nm_usuario_p, clock_timestamp(), nm_usuario_p, clock_timestamp(), 31001, 2437078, 'ZIMMERMANN, Robson', 11167, (clock_timestamp() - (165/24/60)), 'Male', 'ACO Groups', TO_DATE('04/06/1966 00:00:00', 'DD/MM/YYYY HH24:MI:SS')
);

/* INSERT QUERY NO: 3 */

INSERT INTO pfcs_detail_patient(NR_SEQUENCIA, NM_USUARIO, DT_ATUALIZACAO, NM_USUARIO_NREC, DT_ATUALIZACAO_NREC, NR_SEQ_DETAIL, ID_PATIENT, NM_PATIENT, NR_ENCOUNTER, DT_ENTRANCE, DS_GENDER, DS_CLASSIFICATION, DT_BIRTHDATE)
VALUES
(
nextval('pfcs_detail_patient_seq'), nm_usuario_p, clock_timestamp(), nm_usuario_p, clock_timestamp(), 31002, 2556397, 'ZIMMERMANN, Adalbert', 3389428, (clock_timestamp() - (166/24/60)), 'Male', 'VIP', TO_DATE('23/11/1996 00:00:00', 'DD/MM/YYYY HH24:MI:SS')
);

/* INSERT QUERY NO: 4 */

INSERT INTO pfcs_detail_patient(NR_SEQUENCIA, NM_USUARIO, DT_ATUALIZACAO, NM_USUARIO_NREC, DT_ATUALIZACAO_NREC, NR_SEQ_DETAIL, ID_PATIENT, NM_PATIENT, NR_ENCOUNTER, DT_ENTRANCE, DS_GENDER, DS_CLASSIFICATION, DT_BIRTHDATE)
VALUES
(
nextval('pfcs_detail_patient_seq'), nm_usuario_p, clock_timestamp(), nm_usuario_p, clock_timestamp(), 31003, 189581, 'Zulamar, Mates', 3404618, (clock_timestamp() - (169/24/60)), 'Female', 'VIP', TO_DATE('14/03/1994 00:00:00', 'DD/MM/YYYY HH24:MI:SS')
);

/* INSERT QUERY NO: 5 */

INSERT INTO pfcs_detail_patient(NR_SEQUENCIA, NM_USUARIO, DT_ATUALIZACAO, NM_USUARIO_NREC, DT_ATUALIZACAO_NREC, NR_SEQ_DETAIL, ID_PATIENT, NM_PATIENT, NR_ENCOUNTER, DT_ENTRANCE, DS_GENDER, DS_CLASSIFICATION, DT_BIRTHDATE)
VALUES
(
nextval('pfcs_detail_patient_seq'), nm_usuario_p, clock_timestamp(), nm_usuario_p, clock_timestamp(), 31004, 4874681, 'Zuleika, Serafim', 150744, (clock_timestamp() - (162/24/60)), 'Female', 'ACO Groups', TO_DATE('03/03/1996 00:00:00', 'DD/MM/YYYY HH24:MI:SS')
);

/* INSERT QUERY NO: 6 */

INSERT INTO pfcs_detail_patient(NR_SEQUENCIA, NM_USUARIO, DT_ATUALIZACAO, NM_USUARIO_NREC, DT_ATUALIZACAO_NREC, NR_SEQ_DETAIL, ID_PATIENT, NM_PATIENT, NR_ENCOUNTER, DT_ENTRANCE, DS_GENDER, DS_CLASSIFICATION, DT_BIRTHDATE)
VALUES
(
nextval('pfcs_detail_patient_seq'), nm_usuario_p, clock_timestamp(), nm_usuario_p, clock_timestamp(), 31005, 1015603174, 'ZIBELL, ARNO', 143207, (clock_timestamp() - (161/24/60)), 'Male', 'ACO Groups', TO_DATE('11/01/2012 00:00:00', 'DD/MM/YYYY HH24:MI:SS')
);

/* INSERT QUERY NO: 7 */

INSERT INTO pfcs_detail_patient(NR_SEQUENCIA, NM_USUARIO, DT_ATUALIZACAO, NM_USUARIO_NREC, DT_ATUALIZACAO_NREC, NR_SEQ_DETAIL, ID_PATIENT, NM_PATIENT, NR_ENCOUNTER, DT_ENTRANCE, DS_GENDER, DS_CLASSIFICATION, DT_BIRTHDATE)
VALUES
(
nextval('pfcs_detail_patient_seq'), nm_usuario_p, clock_timestamp(), nm_usuario_p, clock_timestamp(), 31006, 4757002, 'ZOMER, ZILMA', 3396098, (clock_timestamp() - (167/24/60)), 'Female', '', TO_DATE('25/11/1999 00:00:00', 'DD/MM/YYYY HH24:MI:SS')
);

/* INSERT QUERY NO: 8 */

INSERT INTO pfcs_detail_patient(NR_SEQUENCIA, NM_USUARIO, DT_ATUALIZACAO, NM_USUARIO_NREC, DT_ATUALIZACAO_NREC, NR_SEQ_DETAIL, ID_PATIENT, NM_PATIENT, NR_ENCOUNTER, DT_ENTRANCE, DS_GENDER, DS_CLASSIFICATION, DT_BIRTHDATE)
VALUES
(
nextval('pfcs_detail_patient_seq'), nm_usuario_p, clock_timestamp(), nm_usuario_p, clock_timestamp(), 31007, 1381760, 'ZONATO, Adriane', 122753, (clock_timestamp() - (163/24/60)), 'Female', '', TO_DATE('08/11/1993 00:00:00', 'DD/MM/YYYY HH24:MI:SS')
);

/* INSERT QUERY NO: 9 */

INSERT INTO pfcs_detail_patient(NR_SEQUENCIA, NM_USUARIO, DT_ATUALIZACAO, NM_USUARIO_NREC, DT_ATUALIZACAO_NREC, NR_SEQ_DETAIL, ID_PATIENT, NM_PATIENT, NR_ENCOUNTER, DT_ENTRANCE, DS_GENDER, DS_CLASSIFICATION, DT_BIRTHDATE)
VALUES
(
nextval('pfcs_detail_patient_seq'), nm_usuario_p, clock_timestamp(), nm_usuario_p, clock_timestamp(), 31008, 1007945, 'ZIBETTI, CAMILA', 3392516, (clock_timestamp() - (164/24/60)), 'Female', '', TO_DATE('03/05/1964 00:00:00', 'DD/MM/YYYY HH24:MI:SS')
);

/* INSERT QUERY NO: 10 */

INSERT INTO pfcs_detail_patient(NR_SEQUENCIA, NM_USUARIO, DT_ATUALIZACAO, NM_USUARIO_NREC, DT_ATUALIZACAO_NREC, NR_SEQ_DETAIL, ID_PATIENT, NM_PATIENT, NR_ENCOUNTER, DT_ENTRANCE, DS_GENDER, DS_CLASSIFICATION, DT_BIRTHDATE)
VALUES
(
nextval('pfcs_detail_patient_seq'), nm_usuario_p, clock_timestamp(), nm_usuario_p, clock_timestamp(), 31009, 5064023, 'JULIO, CLARA', 72447, (clock_timestamp() - (175/24/60)), 'Female', '', TO_DATE('29/09/2015 00:00:00', 'DD/MM/YYYY HH24:MI:SS')
);

/* INSERT QUERY NO: 11 */

INSERT INTO pfcs_detail_patient(NR_SEQUENCIA, NM_USUARIO, DT_ATUALIZACAO, NM_USUARIO_NREC, DT_ATUALIZACAO_NREC, NR_SEQ_DETAIL, ID_PATIENT, NM_PATIENT, NR_ENCOUNTER, DT_ENTRANCE, DS_GENDER, DS_CLASSIFICATION, DT_BIRTHDATE)
VALUES
(
nextval('pfcs_detail_patient_seq'), nm_usuario_p, clock_timestamp(), nm_usuario_p, clock_timestamp(), 31010, 55288, 'JUNG, Adolar', 149133, (clock_timestamp() - (171/24/60)), 'Male', '', TO_DATE('12/03/1997 00:00:00', 'DD/MM/YYYY HH24:MI:SS')
);

/* INSERT QUERY NO: 12 */

INSERT INTO pfcs_detail_patient(NR_SEQUENCIA, NM_USUARIO, DT_ATUALIZACAO, NM_USUARIO_NREC, DT_ATUALIZACAO_NREC, NR_SEQ_DETAIL, ID_PATIENT, NM_PATIENT, NR_ENCOUNTER, DT_ENTRANCE, DS_GENDER, DS_CLASSIFICATION, DT_BIRTHDATE)
VALUES
(
nextval('pfcs_detail_patient_seq'), nm_usuario_p, clock_timestamp(), nm_usuario_p, clock_timestamp(), 31011, 875152, 'MARQUES, EUNIZE', 11364, (clock_timestamp() - (169/24/60)), 'Female', '', TO_DATE('06/06/1982 00:00:00', 'DD/MM/YYYY HH24:MI:SS')
);

/* INSERT QUERY NO: 13 */

INSERT INTO pfcs_detail_patient(NR_SEQUENCIA, NM_USUARIO, DT_ATUALIZACAO, NM_USUARIO_NREC, DT_ATUALIZACAO_NREC, NR_SEQ_DETAIL, ID_PATIENT, NM_PATIENT, NR_ENCOUNTER, DT_ENTRANCE, DS_GENDER, DS_CLASSIFICATION, DT_BIRTHDATE)
VALUES
(
nextval('pfcs_detail_patient_seq'), nm_usuario_p, clock_timestamp(), nm_usuario_p, clock_timestamp(), 31012, 876096, 'MARRONI, Adelaide', 25550, (clock_timestamp() - (174/24/60)), 'Female', '', TO_DATE('08/06/1972 00:00:00', 'DD/MM/YYYY HH24:MI:SS')
);

-------------------------------------------------- pfcs_detail_bed --------------------------------------------
/* INSERT QUERY NO: 1 */

INSERT INTO pfcs_detail_bed(NR_SEQUENCIA, NM_USUARIO, DT_ATUALIZACAO, NM_USUARIO_NREC, DT_ATUALIZACAO_NREC, NR_SEQ_DETAIL, DS_LOCATION, CD_DEPARTMENT, DS_DEPARTMENT, DS_STATUS, DT_ENTRY_UNIT, CD_STATUS, CD_TYPE, DS_TYPE)
VALUES (
nextval('pfcs_detail_bed_seq'), nm_usuario_p, clock_timestamp(), nm_usuario_p, clock_timestamp(), 31000, 'Medical', 1, 'Medical', 'Available', null, 'L', 1, 'Private'
);

/* INSERT QUERY NO: 2 */

INSERT INTO pfcs_detail_bed(NR_SEQUENCIA, NM_USUARIO, DT_ATUALIZACAO, NM_USUARIO_NREC, DT_ATUALIZACAO_NREC, NR_SEQ_DETAIL, DS_LOCATION, CD_DEPARTMENT, DS_DEPARTMENT, DS_STATUS, DT_ENTRY_UNIT, CD_STATUS, CD_TYPE, DS_TYPE)
VALUES
(
nextval('pfcs_detail_bed_seq'), nm_usuario_p, clock_timestamp(), nm_usuario_p, clock_timestamp(), 31001, 'Medical', 1, 'Medical', 'Patient', (clock_timestamp() - (162/24/60)), 'P', 1, 'Private'
);

/* INSERT QUERY NO: 3 */

INSERT INTO pfcs_detail_bed(NR_SEQUENCIA, NM_USUARIO, DT_ATUALIZACAO, NM_USUARIO_NREC, DT_ATUALIZACAO_NREC, NR_SEQ_DETAIL, DS_LOCATION, CD_DEPARTMENT, DS_DEPARTMENT, DS_STATUS, DT_ENTRY_UNIT, CD_STATUS, CD_TYPE, DS_TYPE)
VALUES
(
nextval('pfcs_detail_bed_seq'), nm_usuario_p, clock_timestamp(), nm_usuario_p, clock_timestamp(), 31002, 'Medical',  1, 'Medical', 'Patient', (clock_timestamp() - (165/24/60)), 'P', 1, 'Private'
);

/* INSERT QUERY NO: 4 */

INSERT INTO pfcs_detail_bed(NR_SEQUENCIA, NM_USUARIO, DT_ATUALIZACAO, NM_USUARIO_NREC, DT_ATUALIZACAO_NREC, NR_SEQ_DETAIL, DS_LOCATION, CD_DEPARTMENT, DS_DEPARTMENT, DS_STATUS, DT_ENTRY_UNIT, CD_STATUS, CD_TYPE, DS_TYPE)
VALUES
(
nextval('pfcs_detail_bed_seq'), nm_usuario_p, clock_timestamp(), nm_usuario_p, clock_timestamp(), 31003, 'Medical',  1, 'Medical', 'Patient', (clock_timestamp() - (166/24/60)), 'P', 1, 'Private'
);

/* INSERT QUERY NO: 5 */

INSERT INTO pfcs_detail_bed(NR_SEQUENCIA, NM_USUARIO, DT_ATUALIZACAO, NM_USUARIO_NREC, DT_ATUALIZACAO_NREC, NR_SEQ_DETAIL, DS_LOCATION, CD_DEPARTMENT, DS_DEPARTMENT, DS_STATUS, DT_ENTRY_UNIT, CD_STATUS, CD_TYPE, DS_TYPE)
VALUES
(
nextval('pfcs_detail_bed_seq'), nm_usuario_p, clock_timestamp(), nm_usuario_p, clock_timestamp(), 31004, 'Medical',  1, 'Medical', 'Patient', (clock_timestamp() - (169/24/60)), 'P', 1, 'Private'
);

/* INSERT QUERY NO: 6 */

INSERT INTO pfcs_detail_bed(NR_SEQUENCIA, NM_USUARIO, DT_ATUALIZACAO, NM_USUARIO_NREC, DT_ATUALIZACAO_NREC, NR_SEQ_DETAIL, DS_LOCATION, CD_DEPARTMENT, DS_DEPARTMENT, DS_STATUS, DT_ENTRY_UNIT, CD_STATUS, CD_TYPE, DS_TYPE)
VALUES
(
nextval('pfcs_detail_bed_seq'), nm_usuario_p, clock_timestamp(), nm_usuario_p, clock_timestamp(), 31005, 'Medical',  1, 'Medical', 'Patient', (clock_timestamp() - (162/24/60)), 'P', 1, 'Private'
);

/* INSERT QUERY NO: 7 */

INSERT INTO pfcs_detail_bed(NR_SEQUENCIA, NM_USUARIO, DT_ATUALIZACAO, NM_USUARIO_NREC, DT_ATUALIZACAO_NREC, NR_SEQ_DETAIL, DS_LOCATION, CD_DEPARTMENT, DS_DEPARTMENT, DS_STATUS, DT_ENTRY_UNIT, CD_STATUS, CD_TYPE, DS_TYPE)
VALUES
(
nextval('pfcs_detail_bed_seq'), nm_usuario_p, clock_timestamp(), nm_usuario_p, clock_timestamp(), 31006, 'Medical',  1, 'Medical', 'Patient', (clock_timestamp() - (161/24/60)), 'P', 1, 'Private'
);

/* INSERT QUERY NO: 8 */

INSERT INTO pfcs_detail_bed(NR_SEQUENCIA, NM_USUARIO, DT_ATUALIZACAO, NM_USUARIO_NREC, DT_ATUALIZACAO_NREC, NR_SEQ_DETAIL, DS_LOCATION, CD_DEPARTMENT, DS_DEPARTMENT, DS_STATUS, DT_ENTRY_UNIT, CD_STATUS, CD_TYPE, DS_TYPE)
VALUES
(
nextval('pfcs_detail_bed_seq'), nm_usuario_p, clock_timestamp(), nm_usuario_p, clock_timestamp(), 31007, 'Surgical',  2, 'Surgical', 'Patient', (clock_timestamp() - (167/24/60)), 'P', 2, 'Collective'
);

/* INSERT QUERY NO: 9 */

INSERT INTO pfcs_detail_bed(NR_SEQUENCIA, NM_USUARIO, DT_ATUALIZACAO, NM_USUARIO_NREC, DT_ATUALIZACAO_NREC, NR_SEQ_DETAIL, DS_LOCATION, CD_DEPARTMENT, DS_DEPARTMENT, DS_STATUS, DT_ENTRY_UNIT, CD_STATUS, CD_TYPE, DS_TYPE)
VALUES
(
nextval('pfcs_detail_bed_seq'), nm_usuario_p, clock_timestamp(), nm_usuario_p, clock_timestamp(), 31008, 'Surgical',  2, 'Surgical', 'Patient', (clock_timestamp() - (163/24/60)), 'P', 2, 'Collective'
);

/* INSERT QUERY NO: 10 */

INSERT INTO pfcs_detail_bed(NR_SEQUENCIA, NM_USUARIO, DT_ATUALIZACAO, NM_USUARIO_NREC, DT_ATUALIZACAO_NREC, NR_SEQ_DETAIL, DS_LOCATION, CD_DEPARTMENT, DS_DEPARTMENT, DS_STATUS, DT_ENTRY_UNIT, CD_STATUS, CD_TYPE, DS_TYPE)
VALUES
(
nextval('pfcs_detail_bed_seq'), nm_usuario_p, clock_timestamp(), nm_usuario_p, clock_timestamp(), 31009, 'Surgical',  2, 'Surgical', 'Patient', (clock_timestamp() - (164/24/60)), 'P', 2, 'Collective'
);

/* INSERT QUERY NO: 11 */

INSERT INTO pfcs_detail_bed(NR_SEQUENCIA, NM_USUARIO, DT_ATUALIZACAO, NM_USUARIO_NREC, DT_ATUALIZACAO_NREC, NR_SEQ_DETAIL, DS_LOCATION, CD_DEPARTMENT, DS_DEPARTMENT, DS_STATUS, DT_ENTRY_UNIT, CD_STATUS, CD_TYPE, DS_TYPE)
VALUES
(
nextval('pfcs_detail_bed_seq'), nm_usuario_p, clock_timestamp(), nm_usuario_p, clock_timestamp(), 31010, 'Surgical', 2, 'Surgical', 'Patient', (clock_timestamp() - (175/24/60)), 'P', 2, 'Collective'
);

/* INSERT QUERY NO: 12 */

INSERT INTO pfcs_detail_bed(NR_SEQUENCIA, NM_USUARIO, DT_ATUALIZACAO, NM_USUARIO_NREC, DT_ATUALIZACAO_NREC, NR_SEQ_DETAIL, DS_LOCATION, CD_DEPARTMENT, DS_DEPARTMENT, DS_STATUS, DT_ENTRY_UNIT, CD_STATUS, CD_TYPE, DS_TYPE)
VALUES
(
nextval('pfcs_detail_bed_seq'), nm_usuario_p, clock_timestamp(), nm_usuario_p, clock_timestamp(), 31011, 'Surgical',  2, 'Surgical', 'Patient', (clock_timestamp() - (171/24/60)), 'P', 2, 'Collective'
);

/* INSERT QUERY NO: 13 */

INSERT INTO pfcs_detail_bed(NR_SEQUENCIA, NM_USUARIO, DT_ATUALIZACAO, NM_USUARIO_NREC, DT_ATUALIZACAO_NREC, NR_SEQ_DETAIL, DS_LOCATION, CD_DEPARTMENT, DS_DEPARTMENT, DS_STATUS, DT_ENTRY_UNIT, CD_STATUS, CD_TYPE, DS_TYPE)
VALUES
(
nextval('pfcs_detail_bed_seq'), nm_usuario_p, clock_timestamp(), nm_usuario_p, clock_timestamp(), 31012, 'Surgical',  2, 'Surgical', 'Patient', (clock_timestamp() - (169/24/60)), 'P', 2, 'Collective'
);

 := pfcs_pck.pfcs_generate_results(
		vl_indicator_p => 50, vl_indicator_aux_p => 100, ds_reference_value_p => 'Private', cd_reference_value_p => 1, nr_seq_indicator_p => nr_seq_indicator_p, nr_seq_operational_level_p => cd_estabelecimento_w, nm_usuario_p => nm_usuario_p, nr_seq_panel_p => pfcs_panel_seq_w);

CALL pfcs_pck.pfcs_update_detail(
		nr_seq_indicator_p => nr_seq_indicator_p,
		nr_seq_panel_p => pfcs_panel_seq_w,
		nr_seq_operational_level_p => cd_estabelecimento_w,
		nm_usuario_p => nm_usuario_p);

 := pfcs_pck.pfcs_generate_results(
		vl_indicator_p => 100, vl_indicator_aux_p => 100, ds_reference_value_p => 'Collective', cd_reference_value_p => 2, nr_seq_indicator_p => nr_seq_indicator_p, nr_seq_operational_level_p => cd_estabelecimento_w, nm_usuario_p => nm_usuario_p, nr_seq_panel_p => pfcs_panel_seq_w);

CALL pfcs_pck.pfcs_update_detail(
		nr_seq_indicator_p => nr_seq_indicator_p,
		nr_seq_panel_p => pfcs_panel_seq_w,
		nr_seq_operational_level_p => cd_estabelecimento_w,
		nm_usuario_p => nm_usuario_p);

CALL pfcs_pck.pfcs_activate_records(
            nr_seq_indicator_p => nr_seq_indicator_p,
            nr_seq_operational_level_p => cd_estabelecimento_w,
            nm_usuario_p => nm_usuario_p);

cd_estabelecimento_w	:= pfcs_get_structure_level(cd_establishment_p => 39, ie_level_p => 'O', ie_info_p => 'C');

-------------------------------------------------- pfcs_panel_detail --------------------------------------------------
/* INSERT QUERY NO: 14 */

INSERT INTO pfcs_panel_detail(NR_SEQUENCIA, NM_USUARIO, DT_ATUALIZACAO, NM_USUARIO_NREC, DT_ATUALIZACAO_NREC, IE_SITUATION, NR_SEQ_INDICATOR, NR_SEQ_OPERATIONAL_LEVEL)
VALUES (
31013, nm_usuario_p, clock_timestamp(), nm_usuario_p, clock_timestamp(), 'T', 22, cd_estabelecimento_w
);

/* INSERT QUERY NO: 15 */

INSERT INTO pfcs_panel_detail(NR_SEQUENCIA, NM_USUARIO, DT_ATUALIZACAO, NM_USUARIO_NREC, DT_ATUALIZACAO_NREC, IE_SITUATION, NR_SEQ_INDICATOR, NR_SEQ_OPERATIONAL_LEVEL)
VALUES (
31014, nm_usuario_p, clock_timestamp(), nm_usuario_p, clock_timestamp(), 'T', 22, cd_estabelecimento_w
);

/* INSERT QUERY NO: 16 */

INSERT INTO pfcs_panel_detail(NR_SEQUENCIA, NM_USUARIO, DT_ATUALIZACAO, NM_USUARIO_NREC, DT_ATUALIZACAO_NREC, IE_SITUATION, NR_SEQ_INDICATOR, NR_SEQ_OPERATIONAL_LEVEL)
VALUES (
31015, nm_usuario_p, clock_timestamp(), nm_usuario_p, clock_timestamp(), 'T', 22, cd_estabelecimento_w
);

/* INSERT QUERY NO: 17 */

INSERT INTO pfcs_panel_detail(NR_SEQUENCIA, NM_USUARIO, DT_ATUALIZACAO, NM_USUARIO_NREC, DT_ATUALIZACAO_NREC, IE_SITUATION, NR_SEQ_INDICATOR, NR_SEQ_OPERATIONAL_LEVEL)
VALUES (
31016, nm_usuario_p, clock_timestamp(), nm_usuario_p, clock_timestamp(), 'T', 22, cd_estabelecimento_w
);

/* INSERT QUERY NO: 18 */

INSERT INTO pfcs_panel_detail(NR_SEQUENCIA, NM_USUARIO, DT_ATUALIZACAO, NM_USUARIO_NREC, DT_ATUALIZACAO_NREC, IE_SITUATION, NR_SEQ_INDICATOR, NR_SEQ_OPERATIONAL_LEVEL)
VALUES (
31017, nm_usuario_p, clock_timestamp(), nm_usuario_p, clock_timestamp(), 'T', 22, cd_estabelecimento_w
);

-------------------------------------------------- pfcs_detail_patient ------------------------------------------------		
/* INSERT QUERY NO: 14 */

INSERT INTO pfcs_detail_patient(NR_SEQUENCIA, NM_USUARIO, DT_ATUALIZACAO, NM_USUARIO_NREC, DT_ATUALIZACAO_NREC, NR_SEQ_DETAIL, ID_PATIENT, NM_PATIENT, NR_ENCOUNTER, DT_ENTRANCE, DS_GENDER, DS_CLASSIFICATION, DT_BIRTHDATE)
VALUES
(
nextval('pfcs_detail_patient_seq'), nm_usuario_p, clock_timestamp(), nm_usuario_p, clock_timestamp(), 31013, 2274303, 'MARQUES, Lucas', 68857, (clock_timestamp() - (178/24/60)), 'Male', '', TO_DATE('01/10/1971 00:00:00', 'DD/MM/YYYY HH24:MI:SS')
);

/* INSERT QUERY NO: 15 */

INSERT INTO pfcs_detail_patient(NR_SEQUENCIA, NM_USUARIO, DT_ATUALIZACAO, NM_USUARIO_NREC, DT_ATUALIZACAO_NREC, NR_SEQ_DETAIL, ID_PATIENT, NM_PATIENT, NR_ENCOUNTER, DT_ENTRANCE, DS_GENDER, DS_CLASSIFICATION, DT_BIRTHDATE)
VALUES
(
nextval('pfcs_detail_patient_seq'), nm_usuario_p, clock_timestamp(), nm_usuario_p, clock_timestamp(), 31014, 5355719, 'MARQUES, Maria', 35290, (clock_timestamp() - (172/24/60)), 'Female', '', TO_DATE('06/10/1968 00:00:00', 'DD/MM/YYYY HH24:MI:SS')
);

/* INSERT QUERY NO: 16 */

INSERT INTO pfcs_detail_patient(NR_SEQUENCIA, NM_USUARIO, DT_ATUALIZACAO, NM_USUARIO_NREC, DT_ATUALIZACAO_NREC, NR_SEQ_DETAIL, ID_PATIENT, NM_PATIENT, NR_ENCOUNTER, DT_ENTRANCE, DS_GENDER, DS_CLASSIFICATION, DT_BIRTHDATE)
VALUES
(
nextval('pfcs_detail_patient_seq'), nm_usuario_p, clock_timestamp(), nm_usuario_p, clock_timestamp(), 31015, 182253, 'MARQUATO, Waldir', 35523, (clock_timestamp() - (179/24/60)), 'Male', '', TO_DATE('05/12/1998 00:00:00', 'DD/MM/YYYY HH24:MI:SS')
);

/* INSERT QUERY NO: 17 */

INSERT INTO pfcs_detail_patient(NR_SEQUENCIA, NM_USUARIO, DT_ATUALIZACAO, NM_USUARIO_NREC, DT_ATUALIZACAO_NREC, NR_SEQ_DETAIL, ID_PATIENT, NM_PATIENT, NR_ENCOUNTER, DT_ENTRANCE, DS_GENDER, DS_CLASSIFICATION, DT_BIRTHDATE)
VALUES
(
nextval('pfcs_detail_patient_seq'), nm_usuario_p, clock_timestamp(), nm_usuario_p, clock_timestamp(), 31016, 5172081, 'MARQUES, ALANDER', 74700, (clock_timestamp() - (185/24/60)), 'Male', '', TO_DATE('12/10/1978 00:00:00', 'DD/MM/YYYY HH24:MI:SS')
);

/* INSERT QUERY NO: 18 */

INSERT INTO pfcs_detail_patient(NR_SEQUENCIA, NM_USUARIO, DT_ATUALIZACAO, NM_USUARIO_NREC, DT_ATUALIZACAO_NREC, NR_SEQ_DETAIL, ID_PATIENT, NM_PATIENT, NR_ENCOUNTER, DT_ENTRANCE, DS_GENDER, DS_CLASSIFICATION, DT_BIRTHDATE)
VALUES
(
nextval('pfcs_detail_patient_seq'), nm_usuario_p, clock_timestamp(), nm_usuario_p, clock_timestamp(), 31017, 64456, 'SOUZA, Abelardo', 28498, (clock_timestamp() - (181/24/60)), 'Male', '', TO_DATE('20/05/2001 00:00:00', 'DD/MM/YYYY HH24:MI:SS')
);

-------------------------------------------------- pfcs_detail_bed --------------------------------------------
/* INSERT QUERY NO: 14 */

INSERT INTO pfcs_detail_bed(NR_SEQUENCIA, NM_USUARIO, DT_ATUALIZACAO, NM_USUARIO_NREC, DT_ATUALIZACAO_NREC, NR_SEQ_DETAIL, DS_LOCATION, CD_DEPARTMENT, DS_DEPARTMENT, DS_STATUS, DT_ENTRY_UNIT, CD_STATUS, CD_TYPE, DS_TYPE)
VALUES
(
nextval('pfcs_detail_bed_seq'), nm_usuario_p, clock_timestamp(), nm_usuario_p, clock_timestamp(), 31013, 'ED',  3, 'ED', 'Patient', (clock_timestamp() - (174/24/60)), 'P', 1, 'Private'
);

/* INSERT QUERY NO: 15 */

INSERT INTO pfcs_detail_bed(NR_SEQUENCIA, NM_USUARIO, DT_ATUALIZACAO, NM_USUARIO_NREC, DT_ATUALIZACAO_NREC, NR_SEQ_DETAIL, DS_LOCATION, CD_DEPARTMENT, DS_DEPARTMENT, DS_STATUS, DT_ENTRY_UNIT, CD_STATUS, CD_TYPE, DS_TYPE)
VALUES
(
nextval('pfcs_detail_bed_seq'), nm_usuario_p, clock_timestamp(), nm_usuario_p, clock_timestamp(), 31014, 'ED',  3, 'ED', 'Patient', (clock_timestamp() - (178/24/60)), 'P', 1, 'Private'
);

/* INSERT QUERY NO: 16 */

INSERT INTO pfcs_detail_bed(NR_SEQUENCIA, NM_USUARIO, DT_ATUALIZACAO, NM_USUARIO_NREC, DT_ATUALIZACAO_NREC, NR_SEQ_DETAIL, DS_LOCATION, CD_DEPARTMENT, DS_DEPARTMENT, DS_STATUS, DT_ENTRY_UNIT, CD_STATUS, CD_TYPE, DS_TYPE)
VALUES
(
nextval('pfcs_detail_bed_seq'), nm_usuario_p, clock_timestamp(), nm_usuario_p, clock_timestamp(), 31015, 'ED',  3, 'ED', 'Patient', (clock_timestamp() - (172/24/60)), 'P', 1, 'Private'
);

/* INSERT QUERY NO: 17 */

INSERT INTO pfcs_detail_bed(NR_SEQUENCIA, NM_USUARIO, DT_ATUALIZACAO, NM_USUARIO_NREC, DT_ATUALIZACAO_NREC, NR_SEQ_DETAIL, DS_LOCATION, CD_DEPARTMENT, DS_DEPARTMENT, DS_STATUS, DT_ENTRY_UNIT, CD_STATUS, CD_TYPE, DS_TYPE)
VALUES
(
nextval('pfcs_detail_bed_seq'), nm_usuario_p, clock_timestamp(), nm_usuario_p, clock_timestamp(), 31016, 'ED',  3, 'ED', 'Patient', (clock_timestamp() - (179/24/60)), 'P', 1, 'Private'
);

/* INSERT QUERY NO: 18 */

INSERT INTO pfcs_detail_bed(NR_SEQUENCIA, NM_USUARIO, DT_ATUALIZACAO, NM_USUARIO_NREC, DT_ATUALIZACAO_NREC, NR_SEQ_DETAIL, DS_LOCATION, CD_DEPARTMENT, DS_DEPARTMENT, DS_STATUS, DT_ENTRY_UNIT, CD_STATUS, CD_TYPE, DS_TYPE)
VALUES
(
nextval('pfcs_detail_bed_seq'), nm_usuario_p, clock_timestamp(), nm_usuario_p, clock_timestamp(), 31017, 'ED',  3, 'ED', 'Patient', (clock_timestamp() - (185/24/60)), 'P', 1, 'Private'
);

 := pfcs_pck.pfcs_generate_results(
		vl_indicator_p => 100, vl_indicator_aux_p => 100, ds_reference_value_p => 'Private', cd_reference_value_p => 1, nr_seq_indicator_p => nr_seq_indicator_p, nr_seq_operational_level_p => cd_estabelecimento_w, nm_usuario_p => nm_usuario_p, nr_seq_panel_p => pfcs_panel_seq_w);

CALL pfcs_pck.pfcs_update_detail(
		nr_seq_indicator_p => nr_seq_indicator_p,
		nr_seq_panel_p => pfcs_panel_seq_w,
		nr_seq_operational_level_p => cd_estabelecimento_w,
		nm_usuario_p => nm_usuario_p);

CALL pfcs_pck.pfcs_activate_records(
            nr_seq_indicator_p => nr_seq_indicator_p,
            nr_seq_operational_level_p => cd_estabelecimento_w,
            nm_usuario_p => nm_usuario_p);

cd_estabelecimento_w	:= pfcs_get_structure_level(cd_establishment_p => 11, ie_level_p => 'O', ie_info_p => 'C');

-------------------------------------------------- pfcs_panel_detail --------------------------------------------------
/* INSERT QUERY NO: 19 */

INSERT INTO pfcs_panel_detail(NR_SEQUENCIA, NM_USUARIO, DT_ATUALIZACAO, NM_USUARIO_NREC, DT_ATUALIZACAO_NREC, IE_SITUATION, NR_SEQ_INDICATOR, NR_SEQ_OPERATIONAL_LEVEL)
VALUES (
31018, nm_usuario_p, clock_timestamp(), nm_usuario_p, clock_timestamp(), 'T', 22, cd_estabelecimento_w
);

/* INSERT QUERY NO: 20 */

INSERT INTO pfcs_panel_detail(NR_SEQUENCIA, NM_USUARIO, DT_ATUALIZACAO, NM_USUARIO_NREC, DT_ATUALIZACAO_NREC, IE_SITUATION, NR_SEQ_INDICATOR, NR_SEQ_OPERATIONAL_LEVEL)
VALUES (
31019, nm_usuario_p, clock_timestamp(), nm_usuario_p, clock_timestamp(), 'T', 22, cd_estabelecimento_w
);

-------------------------------------------------- pfcs_detail_patient ------------------------------------------------		
/* INSERT QUERY NO: 19 */

INSERT INTO pfcs_detail_patient(NR_SEQUENCIA, NM_USUARIO, DT_ATUALIZACAO, NM_USUARIO_NREC, DT_ATUALIZACAO_NREC, NR_SEQ_DETAIL, ID_PATIENT, NM_PATIENT, NR_ENCOUNTER, DT_ENTRANCE, DS_GENDER, DS_CLASSIFICATION, DT_BIRTHDATE)
VALUES
(
nextval('pfcs_detail_patient_seq'), nm_usuario_p, clock_timestamp(), nm_usuario_p, clock_timestamp(), 31018, 2433650, 'SOUZA, ALEF', 58283, (clock_timestamp() - (189/24/60)), 'Male', '', TO_DATE('28/01/1943 00:00:00', 'DD/MM/YYYY HH24:MI:SS')
);

/* INSERT QUERY NO: 20 */

INSERT INTO pfcs_detail_patient(NR_SEQUENCIA, NM_USUARIO, DT_ATUALIZACAO, NM_USUARIO_NREC, DT_ATUALIZACAO_NREC, NR_SEQ_DETAIL, ID_PATIENT, NM_PATIENT, NR_ENCOUNTER, DT_ENTRANCE, DS_GENDER, DS_CLASSIFICATION, DT_BIRTHDATE)
VALUES
(
nextval('pfcs_detail_patient_seq'), nm_usuario_p, clock_timestamp(), nm_usuario_p, clock_timestamp(), 31019, 4895490, 'MACHADO, ALICE', 3397215, (clock_timestamp() - (192/24/60)), 'Female', '', TO_DATE('01/06/1989 00:00:00', 'DD/MM/YYYY HH24:MI:SS')
);

-------------------------------------------------- pfcs_detail_bed --------------------------------------------
/* INSERT QUERY NO: 19 */

INSERT INTO pfcs_detail_bed(NR_SEQUENCIA, NM_USUARIO, DT_ATUALIZACAO, NM_USUARIO_NREC, DT_ATUALIZACAO_NREC, NR_SEQ_DETAIL, DS_LOCATION, CD_DEPARTMENT, DS_DEPARTMENT, DS_STATUS, DT_ENTRY_UNIT, CD_STATUS, CD_TYPE, DS_TYPE)
VALUES
(
nextval('pfcs_detail_bed_seq'), nm_usuario_p, clock_timestamp(), nm_usuario_p, clock_timestamp(), 31018, 'Stepdown',  4, 'Stepdown', 'Patient', (clock_timestamp() - (181/24/60)), 'P', 3, 'ICU'
);

/* INSERT QUERY NO: 20 */

INSERT INTO pfcs_detail_bed(NR_SEQUENCIA, NM_USUARIO, DT_ATUALIZACAO, NM_USUARIO_NREC, DT_ATUALIZACAO_NREC, NR_SEQ_DETAIL, DS_LOCATION, CD_DEPARTMENT, DS_DEPARTMENT, DS_STATUS, DT_ENTRY_UNIT, CD_STATUS, CD_TYPE, DS_TYPE)
VALUES
(
nextval('pfcs_detail_bed_seq'), nm_usuario_p, clock_timestamp(), nm_usuario_p, clock_timestamp(), 31019, 'Stepdown',  4, 'Stepdown', 'Patient', (clock_timestamp() - (189/24/60)), 'P', 3, 'ICU'
);

 := pfcs_pck.pfcs_generate_results(
		vl_indicator_p => 100, vl_indicator_aux_p => 100, ds_reference_value_p => 'ICU', cd_reference_value_p => 3, nr_seq_indicator_p => nr_seq_indicator_p, nr_seq_operational_level_p => cd_estabelecimento_w, nm_usuario_p => nm_usuario_p, nr_seq_panel_p => pfcs_panel_seq_w);

CALL pfcs_pck.pfcs_update_detail(
		nr_seq_indicator_p => nr_seq_indicator_p,
		nr_seq_panel_p => pfcs_panel_seq_w,
		nr_seq_operational_level_p => cd_estabelecimento_w,
		nm_usuario_p => nm_usuario_p);

CALL pfcs_pck.pfcs_activate_records(
            nr_seq_indicator_p => nr_seq_indicator_p,
            nr_seq_operational_level_p => cd_estabelecimento_w,
            nm_usuario_p => nm_usuario_p);

commit;	

end;
$body$
LANGUAGE PLPGSQL
SECURITY DEFINER
;
-- REVOKE ALL ON PROCEDURE pfcs_generate_5_gl (nr_seq_indicator_p bigint) FROM PUBLIC;

