-- Generated by Ora2Pg, the Oracle database Schema converter, version 23.1
-- Copyright 2000-2022 Gilles DAROLD. All rights reserved.
-- DATASOURCE: dbi:Oracle:host=srv-dbora-03.whebdc.com.br;service_name=DEV_1815;port=1521

SET client_encoding TO 'UTF8';





CREATE OR REPLACE PROCEDURE pfcs_generate_1_gl (nr_seq_indicator_p bigint) AS $body$
DECLARE


pfcs_panel_seq_w		pfcs_panel.nr_sequencia%type;
cd_estabelecimento_w		bigint;
nm_usuario_p			varchar(20);


BEGIN
DELETE FROM pfcs_detail_patient WHERE NR_SEQ_DETAIL in (13000,13002,13003,13004,13005,13006,13007,13008,13009,13010,13011,13012,13013,13014,13015,13016,13017,13018,13019,13020,13021,13022,
13023,13024,13025,13026,13027,13028,13029,13030,13031,13032,13033,13034,13035,13036,13037);
DELETE FROM pfcs_detail_bed_request WHERE NR_SEQ_DETAIL in (13000,13002,13003,13004,13005,13006,13007,13008,13009,13010,13011,13012,13013,13014,13015,13016,13017,13018,13019,13020,13021,13022,
13023,13024,13025,13026,13027,13028,13029,13030,13031,13032,13033,13034,13035,13036,13037);
DELETE FROM pfcs_panel_detail WHERE NR_SEQ_INDICATOR = 18;
DELETE FROM pfcs_panel WHERE NR_SEQ_INDICATOR = 18;
nm_usuario_p := 'asimovbr';
cd_estabelecimento_w	:= pfcs_get_structure_level(cd_establishment_p => 1, ie_level_p => 'O', ie_info_p => 'C');

-------------------------------------------------- pfcs_panel_detail --------------------------------------------------
/* INSERT QUERY NO: 1 */

INSERT INTO pfcs_panel_detail(NR_SEQUENCIA, NM_USUARIO, DT_ATUALIZACAO, NM_USUARIO_NREC, DT_ATUALIZACAO_NREC, IE_SITUATION, NR_SEQ_INDICATOR, NR_SEQ_OPERATIONAL_LEVEL)
VALUES (
13000, nm_usuario_p, clock_timestamp(), nm_usuario_p, clock_timestamp(), 'T', nr_seq_indicator_p, cd_estabelecimento_w
);

/* INSERT QUERY NO: 2 */

INSERT INTO pfcs_panel_detail(NR_SEQUENCIA, NM_USUARIO, DT_ATUALIZACAO, NM_USUARIO_NREC, DT_ATUALIZACAO_NREC, IE_SITUATION, NR_SEQ_INDICATOR, NR_SEQ_OPERATIONAL_LEVEL)
VALUES (
13001, nm_usuario_p, clock_timestamp(), nm_usuario_p, clock_timestamp(), 'T', nr_seq_indicator_p, cd_estabelecimento_w
);

/* INSERT QUERY NO: 3 */

INSERT INTO pfcs_panel_detail(NR_SEQUENCIA, NM_USUARIO, DT_ATUALIZACAO, NM_USUARIO_NREC, DT_ATUALIZACAO_NREC, IE_SITUATION, NR_SEQ_INDICATOR, NR_SEQ_OPERATIONAL_LEVEL)
VALUES (
13002, nm_usuario_p, clock_timestamp(), nm_usuario_p, clock_timestamp(), 'T', nr_seq_indicator_p, cd_estabelecimento_w
);

/* INSERT QUERY NO: 4 */

INSERT INTO pfcs_panel_detail(NR_SEQUENCIA, NM_USUARIO, DT_ATUALIZACAO, NM_USUARIO_NREC, DT_ATUALIZACAO_NREC, IE_SITUATION, NR_SEQ_INDICATOR, NR_SEQ_OPERATIONAL_LEVEL)
VALUES (
13003, nm_usuario_p, clock_timestamp(), nm_usuario_p, clock_timestamp(), 'T', nr_seq_indicator_p, cd_estabelecimento_w
);

/* INSERT QUERY NO: 5 */

INSERT INTO pfcs_panel_detail(NR_SEQUENCIA, NM_USUARIO, DT_ATUALIZACAO, NM_USUARIO_NREC, DT_ATUALIZACAO_NREC, IE_SITUATION, NR_SEQ_INDICATOR, NR_SEQ_OPERATIONAL_LEVEL)
VALUES (
13004, nm_usuario_p, clock_timestamp(), nm_usuario_p, clock_timestamp(), 'T', nr_seq_indicator_p, cd_estabelecimento_w
);

/* INSERT QUERY NO: 6 */

INSERT INTO pfcs_panel_detail(NR_SEQUENCIA, NM_USUARIO, DT_ATUALIZACAO, NM_USUARIO_NREC, DT_ATUALIZACAO_NREC, IE_SITUATION, NR_SEQ_INDICATOR, NR_SEQ_OPERATIONAL_LEVEL)
VALUES (
13005, nm_usuario_p, clock_timestamp(), nm_usuario_p, clock_timestamp(), 'T', nr_seq_indicator_p, cd_estabelecimento_w
);

/* INSERT QUERY NO: 7 */

INSERT INTO pfcs_panel_detail(NR_SEQUENCIA, NM_USUARIO, DT_ATUALIZACAO, NM_USUARIO_NREC, DT_ATUALIZACAO_NREC, IE_SITUATION, NR_SEQ_INDICATOR, NR_SEQ_OPERATIONAL_LEVEL)
VALUES (
13006, nm_usuario_p, clock_timestamp(), nm_usuario_p, clock_timestamp(), 'T', nr_seq_indicator_p, cd_estabelecimento_w
);

/* INSERT QUERY NO: 8 */

INSERT INTO pfcs_panel_detail(NR_SEQUENCIA, NM_USUARIO, DT_ATUALIZACAO, NM_USUARIO_NREC, DT_ATUALIZACAO_NREC, IE_SITUATION, NR_SEQ_INDICATOR, NR_SEQ_OPERATIONAL_LEVEL)
VALUES (
13007, nm_usuario_p, clock_timestamp(), nm_usuario_p, clock_timestamp(), 'T', nr_seq_indicator_p, cd_estabelecimento_w
);

/* INSERT QUERY NO: 9 */

INSERT INTO pfcs_panel_detail(NR_SEQUENCIA, NM_USUARIO, DT_ATUALIZACAO, NM_USUARIO_NREC, DT_ATUALIZACAO_NREC, IE_SITUATION, NR_SEQ_INDICATOR, NR_SEQ_OPERATIONAL_LEVEL)
VALUES (
13008, nm_usuario_p, clock_timestamp(), nm_usuario_p, clock_timestamp(), 'T', nr_seq_indicator_p, cd_estabelecimento_w
);

/* INSERT QUERY NO: 10 */

INSERT INTO pfcs_panel_detail(NR_SEQUENCIA, NM_USUARIO, DT_ATUALIZACAO, NM_USUARIO_NREC, DT_ATUALIZACAO_NREC, IE_SITUATION, NR_SEQ_INDICATOR, NR_SEQ_OPERATIONAL_LEVEL)
VALUES (
13009, nm_usuario_p, clock_timestamp(), nm_usuario_p, clock_timestamp(), 'T', nr_seq_indicator_p, cd_estabelecimento_w
);

/* INSERT QUERY NO: 11 */

INSERT INTO pfcs_panel_detail(NR_SEQUENCIA, NM_USUARIO, DT_ATUALIZACAO, NM_USUARIO_NREC, DT_ATUALIZACAO_NREC, IE_SITUATION, NR_SEQ_INDICATOR, NR_SEQ_OPERATIONAL_LEVEL)
VALUES (
13010, nm_usuario_p, clock_timestamp(), nm_usuario_p, clock_timestamp(), 'T', nr_seq_indicator_p, cd_estabelecimento_w
);

/* INSERT QUERY NO: 12 */

INSERT INTO pfcs_panel_detail(NR_SEQUENCIA, NM_USUARIO, DT_ATUALIZACAO, NM_USUARIO_NREC, DT_ATUALIZACAO_NREC, IE_SITUATION, NR_SEQ_INDICATOR, NR_SEQ_OPERATIONAL_LEVEL)
VALUES (
13011, nm_usuario_p, clock_timestamp(), nm_usuario_p, clock_timestamp(), 'T', nr_seq_indicator_p, cd_estabelecimento_w
);

/* INSERT QUERY NO: 13 */

INSERT INTO pfcs_panel_detail(NR_SEQUENCIA, NM_USUARIO, DT_ATUALIZACAO, NM_USUARIO_NREC, DT_ATUALIZACAO_NREC, IE_SITUATION, NR_SEQ_INDICATOR, NR_SEQ_OPERATIONAL_LEVEL)
VALUES (
13012, nm_usuario_p, clock_timestamp(), nm_usuario_p, clock_timestamp(), 'T', nr_seq_indicator_p, cd_estabelecimento_w
);

/* INSERT QUERY NO: 14 */

INSERT INTO pfcs_panel_detail(NR_SEQUENCIA, NM_USUARIO, DT_ATUALIZACAO, NM_USUARIO_NREC, DT_ATUALIZACAO_NREC, IE_SITUATION, NR_SEQ_INDICATOR, NR_SEQ_OPERATIONAL_LEVEL)
VALUES (
13013, nm_usuario_p, clock_timestamp(), nm_usuario_p, clock_timestamp(), 'T', nr_seq_indicator_p, cd_estabelecimento_w
);

/* INSERT QUERY NO: 15 */

INSERT INTO pfcs_panel_detail(NR_SEQUENCIA, NM_USUARIO, DT_ATUALIZACAO, NM_USUARIO_NREC, DT_ATUALIZACAO_NREC, IE_SITUATION, NR_SEQ_INDICATOR, NR_SEQ_OPERATIONAL_LEVEL)
VALUES (
13014, nm_usuario_p, clock_timestamp(), nm_usuario_p, clock_timestamp(), 'T', nr_seq_indicator_p, cd_estabelecimento_w
);

/* INSERT QUERY NO: 16 */

INSERT INTO pfcs_panel_detail(NR_SEQUENCIA, NM_USUARIO, DT_ATUALIZACAO, NM_USUARIO_NREC, DT_ATUALIZACAO_NREC, IE_SITUATION, NR_SEQ_INDICATOR, NR_SEQ_OPERATIONAL_LEVEL)
VALUES (
13015, nm_usuario_p, clock_timestamp(), nm_usuario_p, clock_timestamp(), 'T', nr_seq_indicator_p, cd_estabelecimento_w
);

-------------------------------------------------- pfcs_detail_patient ------------------------------------------------		
/* INSERT QUERY NO: 1 */

INSERT INTO pfcs_detail_patient(NR_SEQUENCIA, NM_USUARIO, DT_ATUALIZACAO, NM_USUARIO_NREC, DT_ATUALIZACAO_NREC, NR_SEQ_DETAIL, ID_PATIENT, NM_PATIENT, DS_GENDER, DS_CLASSIFICATION, DT_BIRTHDATE)
VALUES (
nextval('pfcs_detail_patient_seq'), nm_usuario_p, clock_timestamp(), nm_usuario_p, clock_timestamp(), 13000, 625741, 'CLAYMORE, Priscila', 'Female', 'ACO Groups', TO_DATE('01/01/2020 00:00:00', 'DD/MM/YYYY HH24:MI:SS')
);

/* INSERT QUERY NO: 2 */

INSERT INTO pfcs_detail_patient(NR_SEQUENCIA, NM_USUARIO, DT_ATUALIZACAO, NM_USUARIO_NREC, DT_ATUALIZACAO_NREC, NR_SEQ_DETAIL, ID_PATIENT, NM_PATIENT, DS_GENDER, DS_CLASSIFICATION, DT_BIRTHDATE)
VALUES (
nextval('pfcs_detail_patient_seq'), nm_usuario_p, clock_timestamp(), nm_usuario_p, clock_timestamp(), 13001, 624611, 'STUART LITTLE, Petúnia Genoveva Abigail', 'Female', 'VIP', TO_DATE('26/06/1982 00:00:00', 'DD/MM/YYYY HH24:MI:SS')
);

/* INSERT QUERY NO: 3 */

INSERT INTO pfcs_detail_patient(NR_SEQUENCIA, NM_USUARIO, DT_ATUALIZACAO, NM_USUARIO_NREC, DT_ATUALIZACAO_NREC, NR_SEQ_DETAIL, ID_PATIENT, NM_PATIENT, DS_GENDER, DS_CLASSIFICATION, DT_BIRTHDATE)
VALUES (
nextval('pfcs_detail_patient_seq'), nm_usuario_p, clock_timestamp(), nm_usuario_p, clock_timestamp(), 13002, 2567995, 'BECKER, LOLITA', 'Female', 'VIP', TO_DATE('23/10/1956 00:00:00', 'DD/MM/YYYY HH24:MI:SS')
);

/* INSERT QUERY NO: 4 */

INSERT INTO pfcs_detail_patient(NR_SEQUENCIA, NM_USUARIO, DT_ATUALIZACAO, NM_USUARIO_NREC, DT_ATUALIZACAO_NREC, NR_SEQ_DETAIL, ID_PATIENT, NM_PATIENT, DS_GENDER, DS_CLASSIFICATION, DT_BIRTHDATE)
VALUES (
nextval('pfcs_detail_patient_seq'), nm_usuario_p, clock_timestamp(), nm_usuario_p, clock_timestamp(), 13003, 4580607, 'FELLER, Luiz', 'Male', 'VIP', TO_DATE('14/03/1984 00:00:00', 'DD/MM/YYYY HH24:MI:SS')
);

/* INSERT QUERY NO: 5 */

INSERT INTO pfcs_detail_patient(NR_SEQUENCIA, NM_USUARIO, DT_ATUALIZACAO, NM_USUARIO_NREC, DT_ATUALIZACAO_NREC, NR_SEQ_DETAIL, ID_PATIENT, NM_PATIENT, DS_GENDER, DS_CLASSIFICATION, DT_BIRTHDATE)
VALUES (
nextval('pfcs_detail_patient_seq'), nm_usuario_p, clock_timestamp(), nm_usuario_p, clock_timestamp(), 13004, 4770375, 'Philips, Rosa ', 'Female', 'ACO Groups', TO_DATE('22/07/2003 00:00:00', 'DD/MM/YYYY HH24:MI:SS')
);

/* INSERT QUERY NO: 6 */

INSERT INTO pfcs_detail_patient(NR_SEQUENCIA, NM_USUARIO, DT_ATUALIZACAO, NM_USUARIO_NREC, DT_ATUALIZACAO_NREC, NR_SEQ_DETAIL, ID_PATIENT, NM_PATIENT, DS_GENDER, DS_CLASSIFICATION, DT_BIRTHDATE)
VALUES (
nextval('pfcs_detail_patient_seq'), nm_usuario_p, clock_timestamp(), nm_usuario_p, clock_timestamp(), 13005, 4836353, 'ALMEIDA, SHEILA', 'Female', 'ACO Groups', TO_DATE('03/03/1986 00:00:00', 'DD/MM/YYYY HH24:MI:SS')
);

/* INSERT QUERY NO: 7 */

INSERT INTO pfcs_detail_patient(NR_SEQUENCIA, NM_USUARIO, DT_ATUALIZACAO, NM_USUARIO_NREC, DT_ATUALIZACAO_NREC, NR_SEQ_DETAIL, ID_PATIENT, NM_PATIENT, DS_GENDER, DS_CLASSIFICATION, DT_BIRTHDATE)
VALUES (
nextval('pfcs_detail_patient_seq'), nm_usuario_p, clock_timestamp(), nm_usuario_p, clock_timestamp(), 13006, 4976756, 'BERNARDI, Pietro', 'Male', 'ACO Groups', TO_DATE('11/01/2010 00:00:00', 'DD/MM/YYYY HH24:MI:SS')
);

/* INSERT QUERY NO: 8 */

INSERT INTO pfcs_detail_patient(NR_SEQUENCIA, NM_USUARIO, DT_ATUALIZACAO, NM_USUARIO_NREC, DT_ATUALIZACAO_NREC, NR_SEQ_DETAIL, ID_PATIENT, NM_PATIENT, DS_GENDER, DS_CLASSIFICATION, DT_BIRTHDATE)
VALUES (
nextval('pfcs_detail_patient_seq'), nm_usuario_p, clock_timestamp(), nm_usuario_p, clock_timestamp(), 13007, 5046288, 'VALENCA, ADELAURA', 'Female', 'ACO Groups', TO_DATE('25/11/1979 00:00:00', 'DD/MM/YYYY HH24:MI:SS')
);

/* INSERT QUERY NO: 9 */

INSERT INTO pfcs_detail_patient(NR_SEQUENCIA, NM_USUARIO, DT_ATUALIZACAO, NM_USUARIO_NREC, DT_ATUALIZACAO_NREC, NR_SEQ_DETAIL, ID_PATIENT, NM_PATIENT, DS_GENDER, DS_CLASSIFICATION, DT_BIRTHDATE)
VALUES (
nextval('pfcs_detail_patient_seq'), nm_usuario_p, clock_timestamp(), nm_usuario_p, clock_timestamp(), 13008, 5158090, 'BORA, SUSANA', 'Female', 'ACO Groups', TO_DATE('08/11/1983 00:00:00', 'DD/MM/YYYY HH24:MI:SS')
);

/* INSERT QUERY NO: 10 */

INSERT INTO pfcs_detail_patient(NR_SEQUENCIA, NM_USUARIO, DT_ATUALIZACAO, NM_USUARIO_NREC, DT_ATUALIZACAO_NREC, NR_SEQ_DETAIL, ID_PATIENT, NM_PATIENT, DS_GENDER, DS_CLASSIFICATION, DT_BIRTHDATE)
VALUES (
nextval('pfcs_detail_patient_seq'), nm_usuario_p, clock_timestamp(), nm_usuario_p, clock_timestamp(), 13009, 5240652, 'ALONSO, ADRIANA', 'Female', 'VIP', TO_DATE('03/05/1974 00:00:00', 'DD/MM/YYYY HH24:MI:SS')
);

/* INSERT QUERY NO: 11 */

INSERT INTO pfcs_detail_patient(NR_SEQUENCIA, NM_USUARIO, DT_ATUALIZACAO, NM_USUARIO_NREC, DT_ATUALIZACAO_NREC, NR_SEQ_DETAIL, ID_PATIENT, NM_PATIENT, DS_GENDER, DS_CLASSIFICATION, DT_BIRTHDATE)
VALUES (
nextval('pfcs_detail_patient_seq'), nm_usuario_p, clock_timestamp(), nm_usuario_p, clock_timestamp(), 13010, 5259734, 'BENSABATH, ANA', 'Female', 'VIP', TO_DATE('29/09/2011 00:00:00', 'DD/MM/YYYY HH24:MI:SS')
);

/* INSERT QUERY NO: 12 */

INSERT INTO pfcs_detail_patient(NR_SEQUENCIA, NM_USUARIO, DT_ATUALIZACAO, NM_USUARIO_NREC, DT_ATUALIZACAO_NREC, NR_SEQ_DETAIL, ID_PATIENT, NM_PATIENT, DS_GENDER, DS_CLASSIFICATION, DT_BIRTHDATE)
VALUES (
nextval('pfcs_detail_patient_seq'), nm_usuario_p, clock_timestamp(), nm_usuario_p, clock_timestamp(), 13011, 5268653, 'CAND, ANASTACIA', 'Female', 'VIP', TO_DATE('12/03/1987 00:00:00', 'DD/MM/YYYY HH24:MI:SS')
);

/* INSERT QUERY NO: 13 */

INSERT INTO pfcs_detail_patient(NR_SEQUENCIA, NM_USUARIO, DT_ATUALIZACAO, NM_USUARIO_NREC, DT_ATUALIZACAO_NREC, NR_SEQ_DETAIL, ID_PATIENT, NM_PATIENT, DS_GENDER, DS_CLASSIFICATION, DT_BIRTHDATE)
VALUES (
nextval('pfcs_detail_patient_seq'), nm_usuario_p, clock_timestamp(), nm_usuario_p, clock_timestamp(), 13012, 5313162, 'ARAUJO, MARCELA', 'Female', 'VIP', TO_DATE('06/06/1982 00:00:00', 'DD/MM/YYYY HH24:MI:SS')
);

/* INSERT QUERY NO: 14 */

INSERT INTO pfcs_detail_patient(NR_SEQUENCIA, NM_USUARIO, DT_ATUALIZACAO, NM_USUARIO_NREC, DT_ATUALIZACAO_NREC, NR_SEQ_DETAIL, ID_PATIENT, NM_PATIENT, DS_GENDER, DS_CLASSIFICATION, DT_BIRTHDATE)
VALUES (
nextval('pfcs_detail_patient_seq'), nm_usuario_p, clock_timestamp(), nm_usuario_p, clock_timestamp(), 13013, 5351902, 'AZEVEDO, KARIN', 'Female', 'VIP', TO_DATE('08/06/1972 00:00:00', 'DD/MM/YYYY HH24:MI:SS')
);

/* INSERT QUERY NO: 15 */

INSERT INTO pfcs_detail_patient(NR_SEQUENCIA, NM_USUARIO, DT_ATUALIZACAO, NM_USUARIO_NREC, DT_ATUALIZACAO_NREC, NR_SEQ_DETAIL, ID_PATIENT, NM_PATIENT, DS_GENDER, DS_CLASSIFICATION, DT_BIRTHDATE)
VALUES (
nextval('pfcs_detail_patient_seq'), nm_usuario_p, clock_timestamp(), nm_usuario_p, clock_timestamp(), 13014, 5368924, 'PAULA, ADRIANA', 'Female', 'VIP', TO_DATE('01/10/1971 00:00:00', 'DD/MM/YYYY HH24:MI:SS')
);

/* INSERT QUERY NO: 16 */

INSERT INTO pfcs_detail_patient(NR_SEQUENCIA, NM_USUARIO, DT_ATUALIZACAO, NM_USUARIO_NREC, DT_ATUALIZACAO_NREC, NR_SEQ_DETAIL, ID_PATIENT, NM_PATIENT, DS_GENDER, DS_CLASSIFICATION, DT_BIRTHDATE)
VALUES (
nextval('pfcs_detail_patient_seq'), nm_usuario_p, clock_timestamp(), nm_usuario_p, clock_timestamp(), 13015, 5388352, 'RUBBLE, Barney', 'Male', 'VIP', TO_DATE('06/10/1968 00:00:00', 'DD/MM/YYYY HH24:MI:SS')
);

-------------------------------------------------- pfcs_detail_bed_request --------------------------------------------
/* INSERT QUERY NO: 1 */

INSERT INTO pfcs_detail_bed_request(NR_SEQUENCIA, NM_USUARIO, DT_ATUALIZACAO, NM_USUARIO_NREC, DT_ATUALIZACAO_NREC, NR_SEQ_DETAIL, DT_TIME_REQUEST, DS_STATUS, DS_TYPE, CD_STATUS, CD_TYPE)
VALUES (
nextval('pfcs_detail_bed_request_seq'), nm_usuario_p, clock_timestamp(), nm_usuario_p, clock_timestamp(), 13000, clock_timestamp(), 'Waiting', 'Surgical', 'A', 'CG'
);

/* INSERT QUERY NO: 2 */

INSERT INTO pfcs_detail_bed_request(NR_SEQUENCIA, NM_USUARIO, DT_ATUALIZACAO, NM_USUARIO_NREC, DT_ATUALIZACAO_NREC, NR_SEQ_DETAIL, DT_TIME_REQUEST, DS_STATUS, DS_TYPE, CD_STATUS, CD_TYPE)
VALUES (
nextval('pfcs_detail_bed_request_seq'), nm_usuario_p, clock_timestamp(), nm_usuario_p, clock_timestamp(), 13001, clock_timestamp(), 'Under Analysis', 'Oncology', 'L', 'OG'
);

/* INSERT QUERY NO: 3 */

INSERT INTO pfcs_detail_bed_request(NR_SEQUENCIA, NM_USUARIO, DT_ATUALIZACAO, NM_USUARIO_NREC, DT_ATUALIZACAO_NREC, NR_SEQ_DETAIL, DT_TIME_REQUEST, DS_STATUS, DS_TYPE, CD_STATUS, CD_TYPE)
VALUES (
nextval('pfcs_detail_bed_request_seq'), nm_usuario_p, clock_timestamp(), nm_usuario_p, clock_timestamp(), 13002, clock_timestamp(), 'Call', 'Obstetrics', 'H', 'O'
);

/* INSERT QUERY NO: 4 */

INSERT INTO pfcs_detail_bed_request(NR_SEQUENCIA, NM_USUARIO, DT_ATUALIZACAO, NM_USUARIO_NREC, DT_ATUALIZACAO_NREC, NR_SEQ_DETAIL, DT_TIME_REQUEST, DS_STATUS, DS_TYPE, CD_STATUS, CD_TYPE)
VALUES (
nextval('pfcs_detail_bed_request_seq'), nm_usuario_p, clock_timestamp(), nm_usuario_p, clock_timestamp(), 13003, clock_timestamp(), 'Awaiting Analysis', 'Clinic', 'I', 'C'
);

/* INSERT QUERY NO: 5 */

INSERT INTO pfcs_detail_bed_request(NR_SEQUENCIA, NM_USUARIO, DT_ATUALIZACAO, NM_USUARIO_NREC, DT_ATUALIZACAO_NREC, NR_SEQ_DETAIL, DT_TIME_REQUEST, DS_STATUS, DS_TYPE, CD_STATUS, CD_TYPE)
VALUES (
nextval('pfcs_detail_bed_request_seq'), nm_usuario_p, clock_timestamp(), nm_usuario_p, clock_timestamp(), 13004, clock_timestamp(), 'Waiting', 'Surgical', 'A', 'CG'
);

/* INSERT QUERY NO: 6 */

INSERT INTO pfcs_detail_bed_request(NR_SEQUENCIA, NM_USUARIO, DT_ATUALIZACAO, NM_USUARIO_NREC, DT_ATUALIZACAO_NREC, NR_SEQ_DETAIL, DT_TIME_REQUEST, DS_STATUS, DS_TYPE, CD_STATUS, CD_TYPE)
VALUES (
nextval('pfcs_detail_bed_request_seq'), nm_usuario_p, clock_timestamp(), nm_usuario_p, clock_timestamp(), 13005, clock_timestamp(), 'Waiting', 'Oncology', 'A', 'OG'
);

/* INSERT QUERY NO: 7 */

INSERT INTO pfcs_detail_bed_request(NR_SEQUENCIA, NM_USUARIO, DT_ATUALIZACAO, NM_USUARIO_NREC, DT_ATUALIZACAO_NREC, NR_SEQ_DETAIL, DT_TIME_REQUEST, DS_STATUS, DS_TYPE, CD_STATUS, CD_TYPE)
VALUES (
nextval('pfcs_detail_bed_request_seq'), nm_usuario_p, clock_timestamp(), nm_usuario_p, clock_timestamp(), 13006, clock_timestamp(), 'Call', 'Clinic', 'H', 'C'
);

/* INSERT QUERY NO: 8 */

INSERT INTO pfcs_detail_bed_request(NR_SEQUENCIA, NM_USUARIO, DT_ATUALIZACAO, NM_USUARIO_NREC, DT_ATUALIZACAO_NREC, NR_SEQ_DETAIL, DT_TIME_REQUEST, DS_STATUS, DS_TYPE, CD_STATUS, CD_TYPE)
VALUES (
nextval('pfcs_detail_bed_request_seq'), nm_usuario_p, clock_timestamp(), nm_usuario_p, clock_timestamp(), 13007, clock_timestamp(), 'Waiting', 'Surgical', 'A', 'CG'
);

/* INSERT QUERY NO: 9 */

INSERT INTO pfcs_detail_bed_request(NR_SEQUENCIA, NM_USUARIO, DT_ATUALIZACAO, NM_USUARIO_NREC, DT_ATUALIZACAO_NREC, NR_SEQ_DETAIL, DT_TIME_REQUEST, DS_STATUS, DS_TYPE, CD_STATUS, CD_TYPE)
VALUES (
nextval('pfcs_detail_bed_request_seq'), nm_usuario_p, clock_timestamp(), nm_usuario_p, clock_timestamp(), 13008, clock_timestamp(), 'Waiting', 'Oncology', 'A', 'OG'
);

/* INSERT QUERY NO: 10 */

INSERT INTO pfcs_detail_bed_request(NR_SEQUENCIA, NM_USUARIO, DT_ATUALIZACAO, NM_USUARIO_NREC, DT_ATUALIZACAO_NREC, NR_SEQ_DETAIL, DT_TIME_REQUEST, DS_STATUS, DS_TYPE, CD_STATUS, CD_TYPE)
VALUES (
nextval('pfcs_detail_bed_request_seq'), nm_usuario_p, clock_timestamp(), nm_usuario_p, clock_timestamp(), 13009, clock_timestamp(), 'Under Analysis', 'Oncology', 'L', 'OG'
);

/* INSERT QUERY NO: 11 */

INSERT INTO pfcs_detail_bed_request(NR_SEQUENCIA, NM_USUARIO, DT_ATUALIZACAO, NM_USUARIO_NREC, DT_ATUALIZACAO_NREC, NR_SEQ_DETAIL, DT_TIME_REQUEST, DS_STATUS, DS_TYPE, CD_STATUS, CD_TYPE)
VALUES (
nextval('pfcs_detail_bed_request_seq'), nm_usuario_p, clock_timestamp(), nm_usuario_p, clock_timestamp(), 13010, clock_timestamp(), 'Waiting', 'Oncology', 'A', 'OG'
);

/* INSERT QUERY NO: 12 */

INSERT INTO pfcs_detail_bed_request(NR_SEQUENCIA, NM_USUARIO, DT_ATUALIZACAO, NM_USUARIO_NREC, DT_ATUALIZACAO_NREC, NR_SEQ_DETAIL, DT_TIME_REQUEST, DS_STATUS, DS_TYPE, CD_STATUS, CD_TYPE)
VALUES (
nextval('pfcs_detail_bed_request_seq'), nm_usuario_p, clock_timestamp(), nm_usuario_p, clock_timestamp(), 13011, clock_timestamp(), 'Waiting', 'Oncology', 'A', 'OG'
);

/* INSERT QUERY NO: 13 */

INSERT INTO pfcs_detail_bed_request(NR_SEQUENCIA, NM_USUARIO, DT_ATUALIZACAO, NM_USUARIO_NREC, DT_ATUALIZACAO_NREC, NR_SEQ_DETAIL, DT_TIME_REQUEST, DS_STATUS, DS_TYPE, CD_STATUS, CD_TYPE)
VALUES (
nextval('pfcs_detail_bed_request_seq'), nm_usuario_p, clock_timestamp(), nm_usuario_p, clock_timestamp(), 13012, clock_timestamp(), 'Waiting', 'Oncology', 'A', 'OG'
);

/* INSERT QUERY NO: 14 */

INSERT INTO pfcs_detail_bed_request(NR_SEQUENCIA, NM_USUARIO, DT_ATUALIZACAO, NM_USUARIO_NREC, DT_ATUALIZACAO_NREC, NR_SEQ_DETAIL, DT_TIME_REQUEST, DS_STATUS, DS_TYPE, CD_STATUS, CD_TYPE)
VALUES (
nextval('pfcs_detail_bed_request_seq'), nm_usuario_p, clock_timestamp(), nm_usuario_p, clock_timestamp(), 13013, clock_timestamp(), 'Waiting', 'Oncology', 'A', 'OG'
);

/* INSERT QUERY NO: 15 */

INSERT INTO pfcs_detail_bed_request(NR_SEQUENCIA, NM_USUARIO, DT_ATUALIZACAO, NM_USUARIO_NREC, DT_ATUALIZACAO_NREC, NR_SEQ_DETAIL, DT_TIME_REQUEST, DS_STATUS, DS_TYPE, CD_STATUS, CD_TYPE)
VALUES (
nextval('pfcs_detail_bed_request_seq'), nm_usuario_p, clock_timestamp(), nm_usuario_p, clock_timestamp(), 13014, clock_timestamp(), 'Waiting', 'Oncology', 'A', 'OG'
);

/* INSERT QUERY NO: 16 */

INSERT INTO pfcs_detail_bed_request(NR_SEQUENCIA, NM_USUARIO, DT_ATUALIZACAO, NM_USUARIO_NREC, DT_ATUALIZACAO_NREC, NR_SEQ_DETAIL, DT_TIME_REQUEST, DS_STATUS, DS_TYPE, CD_STATUS, CD_TYPE)
VALUES (
nextval('pfcs_detail_bed_request_seq'), nm_usuario_p, clock_timestamp(), nm_usuario_p, clock_timestamp(), 13015, clock_timestamp(), 'Call', 'Oncology', 'H', 'OG'
);


 := pfcs_pck.pfcs_generate_results(
		vl_indicator_p => 16, nr_seq_indicator_p => nr_seq_indicator_p, nr_seq_operational_level_p => cd_estabelecimento_w, nm_usuario_p => nm_usuario_p, nr_seq_panel_p => pfcs_panel_seq_w);

CALL pfcs_pck.pfcs_update_detail(
		nr_seq_indicator_p => nr_seq_indicator_p,
		nr_seq_panel_p => pfcs_panel_seq_w,
		nr_seq_operational_level_p => cd_estabelecimento_w,
		nm_usuario_p => nm_usuario_p);

CALL pfcs_pck.pfcs_activate_records(
            nr_seq_indicator_p => nr_seq_indicator_p,
            nr_seq_operational_level_p => cd_estabelecimento_w,
            nm_usuario_p => nm_usuario_p);

cd_estabelecimento_w	:= pfcs_get_structure_level(cd_establishment_p => 39, ie_level_p => 'O', ie_info_p => 'C');

-------------------------------------------------- pfcs_panel_detail --------------------------------------------------
/* INSERT QUERY NO: 17 */

INSERT INTO pfcs_panel_detail(NR_SEQUENCIA, NM_USUARIO, DT_ATUALIZACAO, NM_USUARIO_NREC, DT_ATUALIZACAO_NREC, IE_SITUATION, NR_SEQ_INDICATOR, NR_SEQ_OPERATIONAL_LEVEL)
VALUES (
13016, nm_usuario_p, clock_timestamp(), nm_usuario_p, clock_timestamp(), 'T', nr_seq_indicator_p, cd_estabelecimento_w
);

/* INSERT QUERY NO: 18 */

INSERT INTO pfcs_panel_detail(NR_SEQUENCIA, NM_USUARIO, DT_ATUALIZACAO, NM_USUARIO_NREC, DT_ATUALIZACAO_NREC, IE_SITUATION, NR_SEQ_INDICATOR, NR_SEQ_OPERATIONAL_LEVEL)
VALUES (
13017, nm_usuario_p, clock_timestamp(), nm_usuario_p, clock_timestamp(), 'T', nr_seq_indicator_p, cd_estabelecimento_w
);

/* INSERT QUERY NO: 19 */

INSERT INTO pfcs_panel_detail(NR_SEQUENCIA, NM_USUARIO, DT_ATUALIZACAO, NM_USUARIO_NREC, DT_ATUALIZACAO_NREC, IE_SITUATION, NR_SEQ_INDICATOR, NR_SEQ_OPERATIONAL_LEVEL)
VALUES (
13018, nm_usuario_p, clock_timestamp(), nm_usuario_p, clock_timestamp(), 'T', nr_seq_indicator_p, cd_estabelecimento_w
);

/* INSERT QUERY NO: 20 */

INSERT INTO pfcs_panel_detail(NR_SEQUENCIA, NM_USUARIO, DT_ATUALIZACAO, NM_USUARIO_NREC, DT_ATUALIZACAO_NREC, IE_SITUATION, NR_SEQ_INDICATOR, NR_SEQ_OPERATIONAL_LEVEL)
VALUES (
13019, nm_usuario_p, clock_timestamp(), nm_usuario_p, clock_timestamp(), 'T', nr_seq_indicator_p, cd_estabelecimento_w
);

/* INSERT QUERY NO: 21 */

INSERT INTO pfcs_panel_detail(NR_SEQUENCIA, NM_USUARIO, DT_ATUALIZACAO, NM_USUARIO_NREC, DT_ATUALIZACAO_NREC, IE_SITUATION, NR_SEQ_INDICATOR, NR_SEQ_OPERATIONAL_LEVEL)
VALUES (
13020, nm_usuario_p, clock_timestamp(), nm_usuario_p, clock_timestamp(), 'T', nr_seq_indicator_p, cd_estabelecimento_w
);

/* INSERT QUERY NO: 22 */

INSERT INTO pfcs_panel_detail(NR_SEQUENCIA, NM_USUARIO, DT_ATUALIZACAO, NM_USUARIO_NREC, DT_ATUALIZACAO_NREC, IE_SITUATION, NR_SEQ_INDICATOR, NR_SEQ_OPERATIONAL_LEVEL)
VALUES (
13021, nm_usuario_p, clock_timestamp(), nm_usuario_p, clock_timestamp(), 'T', nr_seq_indicator_p, cd_estabelecimento_w
);

/* INSERT QUERY NO: 23 */

INSERT INTO pfcs_panel_detail(NR_SEQUENCIA, NM_USUARIO, DT_ATUALIZACAO, NM_USUARIO_NREC, DT_ATUALIZACAO_NREC, IE_SITUATION, NR_SEQ_INDICATOR, NR_SEQ_OPERATIONAL_LEVEL)
VALUES (
13022, nm_usuario_p, clock_timestamp(), nm_usuario_p, clock_timestamp(), 'T', nr_seq_indicator_p, cd_estabelecimento_w
);

/* INSERT QUERY NO: 24 */

INSERT INTO pfcs_panel_detail(NR_SEQUENCIA, NM_USUARIO, DT_ATUALIZACAO, NM_USUARIO_NREC, DT_ATUALIZACAO_NREC, IE_SITUATION, NR_SEQ_INDICATOR, NR_SEQ_OPERATIONAL_LEVEL)
VALUES (
13023, nm_usuario_p, clock_timestamp(), nm_usuario_p, clock_timestamp(), 'T', nr_seq_indicator_p, cd_estabelecimento_w
);

/* INSERT QUERY NO: 25 */

INSERT INTO pfcs_panel_detail(NR_SEQUENCIA, NM_USUARIO, DT_ATUALIZACAO, NM_USUARIO_NREC, DT_ATUALIZACAO_NREC, IE_SITUATION, NR_SEQ_INDICATOR, NR_SEQ_OPERATIONAL_LEVEL)
VALUES (
13024, nm_usuario_p, clock_timestamp(), nm_usuario_p, clock_timestamp(), 'T', nr_seq_indicator_p, cd_estabelecimento_w
);

-------------------------------------------------- pfcs_detail_patient ------------------------------------------------		
/* INSERT QUERY NO: 17 */

INSERT INTO pfcs_detail_patient(NR_SEQUENCIA, NM_USUARIO, DT_ATUALIZACAO, NM_USUARIO_NREC, DT_ATUALIZACAO_NREC, NR_SEQ_DETAIL, ID_PATIENT, NM_PATIENT, DS_GENDER, DS_CLASSIFICATION, DT_BIRTHDATE)
VALUES (
nextval('pfcs_detail_patient_seq'), nm_usuario_p, clock_timestamp(), nm_usuario_p, clock_timestamp(), 13016, 187213, 'ALVARES, Priscila Losso', 'Female', 'VIP', TO_DATE('23/07/1984 00:00:00', 'DD/MM/YYYY HH24:MI:SS')
);

/* INSERT QUERY NO: 18 */

INSERT INTO pfcs_detail_patient(NR_SEQUENCIA, NM_USUARIO, DT_ATUALIZACAO, NM_USUARIO_NREC, DT_ATUALIZACAO_NREC, NR_SEQ_DETAIL, ID_PATIENT, NM_PATIENT, DS_GENDER, DS_CLASSIFICATION, DT_BIRTHDATE)
VALUES (
nextval('pfcs_detail_patient_seq'), nm_usuario_p, clock_timestamp(), nm_usuario_p, clock_timestamp(), 13017, 5426707, 'ACQUA, ANGELA ', 'Female', 'ACO Groups', TO_DATE('12/10/1978 00:00:00', 'DD/MM/YYYY HH24:MI:SS')
);

/* INSERT QUERY NO: 19 */

INSERT INTO pfcs_detail_patient(NR_SEQUENCIA, NM_USUARIO, DT_ATUALIZACAO, NM_USUARIO_NREC, DT_ATUALIZACAO_NREC, NR_SEQ_DETAIL, ID_PATIENT, NM_PATIENT, DS_GENDER, DS_CLASSIFICATION, DT_BIRTHDATE)
VALUES (
nextval('pfcs_detail_patient_seq'), nm_usuario_p, clock_timestamp(), nm_usuario_p, clock_timestamp(), 13018, 5509263, 'CARNEIRO, ALIADYNA ', 'Female', 'ACO Groups', TO_DATE('20/05/2001 00:00:00', 'DD/MM/YYYY HH24:MI:SS')
);

/* INSERT QUERY NO: 20 */

INSERT INTO pfcs_detail_patient(NR_SEQUENCIA, NM_USUARIO, DT_ATUALIZACAO, NM_USUARIO_NREC, DT_ATUALIZACAO_NREC, NR_SEQ_DETAIL, ID_PATIENT, NM_PATIENT, DS_GENDER, DS_CLASSIFICATION, DT_BIRTHDATE)
VALUES (
nextval('pfcs_detail_patient_seq'), nm_usuario_p, clock_timestamp(), nm_usuario_p, clock_timestamp(), 13019, 5542324, 'ANZAI, NANAKO', 'Male', 'ACO Groups', TO_DATE('28/01/1943 00:00:00', 'DD/MM/YYYY HH24:MI:SS')
);

/* INSERT QUERY NO: 21 */

INSERT INTO pfcs_detail_patient(NR_SEQUENCIA, NM_USUARIO, DT_ATUALIZACAO, NM_USUARIO_NREC, DT_ATUALIZACAO_NREC, NR_SEQ_DETAIL, ID_PATIENT, NM_PATIENT, DS_GENDER, DS_CLASSIFICATION, DT_BIRTHDATE)
VALUES (
nextval('pfcs_detail_patient_seq'), nm_usuario_p, clock_timestamp(), nm_usuario_p, clock_timestamp(), 13020, 5580347, 'SILVA, Samantha', 'Female', 'VIP', TO_DATE('01/06/1989 00:00:00', 'DD/MM/YYYY HH24:MI:SS')
);

/* INSERT QUERY NO: 22 */

INSERT INTO pfcs_detail_patient(NR_SEQUENCIA, NM_USUARIO, DT_ATUALIZACAO, NM_USUARIO_NREC, DT_ATUALIZACAO_NREC, NR_SEQ_DETAIL, ID_PATIENT, NM_PATIENT, DS_GENDER, DS_CLASSIFICATION, DT_BIRTHDATE)
VALUES (
nextval('pfcs_detail_patient_seq'), nm_usuario_p, clock_timestamp(), nm_usuario_p, clock_timestamp(), 13021, 1015591225, 'DALLABONA, Diogo', 'Male', 'VIP', TO_DATE('30/11/1990 00:00:00', 'DD/MM/YYYY HH24:MI:SS')
);

/* INSERT QUERY NO: 23 */

INSERT INTO pfcs_detail_patient(NR_SEQUENCIA, NM_USUARIO, DT_ATUALIZACAO, NM_USUARIO_NREC, DT_ATUALIZACAO_NREC, NR_SEQ_DETAIL, ID_PATIENT, NM_PATIENT, DS_GENDER, DS_CLASSIFICATION, DT_BIRTHDATE)
VALUES (
nextval('pfcs_detail_patient_seq'), nm_usuario_p, clock_timestamp(), nm_usuario_p, clock_timestamp(), 13022, 1015597697, 'MESSIA, Riane', 'Female', 'VIP', TO_DATE('15/11/2000 00:00:00', 'DD/MM/YYYY HH24:MI:SS')
);

/* INSERT QUERY NO: 24 */

INSERT INTO pfcs_detail_patient(NR_SEQUENCIA, NM_USUARIO, DT_ATUALIZACAO, NM_USUARIO_NREC, DT_ATUALIZACAO_NREC, NR_SEQ_DETAIL, ID_PATIENT, NM_PATIENT, DS_GENDER, DS_CLASSIFICATION, DT_BIRTHDATE)
VALUES (
nextval('pfcs_detail_patient_seq'), nm_usuario_p, clock_timestamp(), nm_usuario_p, clock_timestamp(), 13023, 1015759557, 'ALVES, Daniela', 'Female', 'VIP', TO_DATE('08/01/1989 00:00:00', 'DD/MM/YYYY HH24:MI:SS')
);

/* INSERT QUERY NO: 25 */

INSERT INTO pfcs_detail_patient(NR_SEQUENCIA, NM_USUARIO, DT_ATUALIZACAO, NM_USUARIO_NREC, DT_ATUALIZACAO_NREC, NR_SEQ_DETAIL, ID_PATIENT, NM_PATIENT, DS_GENDER, DS_CLASSIFICATION, DT_BIRTHDATE)
VALUES (
nextval('pfcs_detail_patient_seq'), nm_usuario_p, clock_timestamp(), nm_usuario_p, clock_timestamp(), 13024, 1015759829, 'JOLIE, ANGELINA', 'Female', 'ACO Groups', TO_DATE('28/12/2000 00:00:00', 'DD/MM/YYYY HH24:MI:SS')
);

-------------------------------------------------- pfcs_detail_bed_request --------------------------------------------	
/* INSERT QUERY NO: 17 */

INSERT INTO pfcs_detail_bed_request(NR_SEQUENCIA, NM_USUARIO, DT_ATUALIZACAO, NM_USUARIO_NREC, DT_ATUALIZACAO_NREC, NR_SEQ_DETAIL, DT_TIME_REQUEST, DS_STATUS, DS_TYPE, CD_STATUS, CD_TYPE)
VALUES (
nextval('pfcs_detail_bed_request_seq'), nm_usuario_p, clock_timestamp(), nm_usuario_p, clock_timestamp(), 13016, clock_timestamp(), 'Waiting', 'Clinic', 'A', 'C'
);

/* INSERT QUERY NO: 18 */

INSERT INTO pfcs_detail_bed_request(NR_SEQUENCIA, NM_USUARIO, DT_ATUALIZACAO, NM_USUARIO_NREC, DT_ATUALIZACAO_NREC, NR_SEQ_DETAIL, DT_TIME_REQUEST, DS_STATUS, DS_TYPE, CD_STATUS, CD_TYPE)
VALUES (
nextval('pfcs_detail_bed_request_seq'), nm_usuario_p, clock_timestamp(), nm_usuario_p, clock_timestamp(), 13017, clock_timestamp(), 'Waiting', 'Surgical', 'A', 'CG'
);

/* INSERT QUERY NO: 19 */

INSERT INTO pfcs_detail_bed_request(NR_SEQUENCIA, NM_USUARIO, DT_ATUALIZACAO, NM_USUARIO_NREC, DT_ATUALIZACAO_NREC, NR_SEQ_DETAIL, DT_TIME_REQUEST, DS_STATUS, DS_TYPE, CD_STATUS, CD_TYPE)
VALUES (
nextval('pfcs_detail_bed_request_seq'), nm_usuario_p, clock_timestamp(), nm_usuario_p, clock_timestamp(), 13018, clock_timestamp(), 'Waiting', 'Surgical', 'A', 'CG'
);

/* INSERT QUERY NO: 20 */

INSERT INTO pfcs_detail_bed_request(NR_SEQUENCIA, NM_USUARIO, DT_ATUALIZACAO, NM_USUARIO_NREC, DT_ATUALIZACAO_NREC, NR_SEQ_DETAIL, DT_TIME_REQUEST, DS_STATUS, DS_TYPE, CD_STATUS, CD_TYPE)
VALUES (
nextval('pfcs_detail_bed_request_seq'), nm_usuario_p, clock_timestamp(), nm_usuario_p, clock_timestamp(), 13019, clock_timestamp(), 'Waiting', 'Oncology', 'A', 'OG'
);

/* INSERT QUERY NO: 21 */

INSERT INTO pfcs_detail_bed_request(NR_SEQUENCIA, NM_USUARIO, DT_ATUALIZACAO, NM_USUARIO_NREC, DT_ATUALIZACAO_NREC, NR_SEQ_DETAIL, DT_TIME_REQUEST, DS_STATUS, DS_TYPE, CD_STATUS, CD_TYPE)
VALUES (
nextval('pfcs_detail_bed_request_seq'), nm_usuario_p, clock_timestamp(), nm_usuario_p, clock_timestamp(), 13020, clock_timestamp(), 'Awaiting Analysis', 'Surgical', 'I', 'CG'
);

/* INSERT QUERY NO: 22 */

INSERT INTO pfcs_detail_bed_request(NR_SEQUENCIA, NM_USUARIO, DT_ATUALIZACAO, NM_USUARIO_NREC, DT_ATUALIZACAO_NREC, NR_SEQ_DETAIL, DT_TIME_REQUEST, DS_STATUS, DS_TYPE, CD_STATUS, CD_TYPE)
VALUES (
nextval('pfcs_detail_bed_request_seq'), nm_usuario_p, clock_timestamp(), nm_usuario_p, clock_timestamp(), 13021, clock_timestamp(), 'Waiting', 'Surgical', 'A', 'CG'
);

/* INSERT QUERY NO: 23 */

INSERT INTO pfcs_detail_bed_request(NR_SEQUENCIA, NM_USUARIO, DT_ATUALIZACAO, NM_USUARIO_NREC, DT_ATUALIZACAO_NREC, NR_SEQ_DETAIL, DT_TIME_REQUEST, DS_STATUS, DS_TYPE, CD_STATUS, CD_TYPE)
VALUES (
nextval('pfcs_detail_bed_request_seq'), nm_usuario_p, clock_timestamp(), nm_usuario_p, clock_timestamp(), 13022, clock_timestamp(), 'Call', 'Surgical', 'H', 'CG'
);

/* INSERT QUERY NO: 24 */

INSERT INTO pfcs_detail_bed_request(NR_SEQUENCIA, NM_USUARIO, DT_ATUALIZACAO, NM_USUARIO_NREC, DT_ATUALIZACAO_NREC, NR_SEQ_DETAIL, DT_TIME_REQUEST, DS_STATUS, DS_TYPE, CD_STATUS, CD_TYPE)
VALUES (
nextval('pfcs_detail_bed_request_seq'), nm_usuario_p, clock_timestamp(), nm_usuario_p, clock_timestamp(), 13023, clock_timestamp(), 'Under Analysis', 'Surgical', 'L', 'CG'
);

/* INSERT QUERY NO: 25 */

INSERT INTO pfcs_detail_bed_request(NR_SEQUENCIA, NM_USUARIO, DT_ATUALIZACAO, NM_USUARIO_NREC, DT_ATUALIZACAO_NREC, NR_SEQ_DETAIL, DT_TIME_REQUEST, DS_STATUS, DS_TYPE, CD_STATUS, CD_TYPE)
VALUES (
nextval('pfcs_detail_bed_request_seq'), nm_usuario_p, clock_timestamp(), nm_usuario_p, clock_timestamp(), 13024, clock_timestamp(), 'Waiting', 'Clinic', 'A', 'C'
);


 := pfcs_pck.pfcs_generate_results(
		vl_indicator_p => 9, nr_seq_indicator_p => nr_seq_indicator_p, nr_seq_operational_level_p => cd_estabelecimento_w, nm_usuario_p => nm_usuario_p, nr_seq_panel_p => pfcs_panel_seq_w);

CALL pfcs_pck.pfcs_update_detail(
		nr_seq_indicator_p => nr_seq_indicator_p,
		nr_seq_panel_p => pfcs_panel_seq_w,
		nr_seq_operational_level_p => cd_estabelecimento_w,
		nm_usuario_p => nm_usuario_p);

CALL pfcs_pck.pfcs_activate_records(
            nr_seq_indicator_p => nr_seq_indicator_p,
            nr_seq_operational_level_p => cd_estabelecimento_w,
            nm_usuario_p => nm_usuario_p);

cd_estabelecimento_w	:= pfcs_get_structure_level(cd_establishment_p => 11, ie_level_p => 'O', ie_info_p => 'C');

-------------------------------------------------- pfcs_panel_detail --------------------------------------------------
/* INSERT QUERY NO: 26 */

INSERT INTO pfcs_panel_detail(NR_SEQUENCIA, NM_USUARIO, DT_ATUALIZACAO, NM_USUARIO_NREC, DT_ATUALIZACAO_NREC, IE_SITUATION, NR_SEQ_INDICATOR, NR_SEQ_OPERATIONAL_LEVEL)
VALUES (
13025, nm_usuario_p, clock_timestamp(), nm_usuario_p, clock_timestamp(), 'T', nr_seq_indicator_p, cd_estabelecimento_w
);

/* INSERT QUERY NO: 27 */

INSERT INTO pfcs_panel_detail(NR_SEQUENCIA, NM_USUARIO, DT_ATUALIZACAO, NM_USUARIO_NREC, DT_ATUALIZACAO_NREC, IE_SITUATION, NR_SEQ_INDICATOR, NR_SEQ_OPERATIONAL_LEVEL)
VALUES (
13026, nm_usuario_p, clock_timestamp(), nm_usuario_p, clock_timestamp(), 'T', nr_seq_indicator_p, cd_estabelecimento_w
);

/* INSERT QUERY NO: 28 */

INSERT INTO pfcs_panel_detail(NR_SEQUENCIA, NM_USUARIO, DT_ATUALIZACAO, NM_USUARIO_NREC, DT_ATUALIZACAO_NREC, IE_SITUATION, NR_SEQ_INDICATOR, NR_SEQ_OPERATIONAL_LEVEL)
VALUES (
13027, nm_usuario_p, clock_timestamp(), nm_usuario_p, clock_timestamp(), 'T', nr_seq_indicator_p, cd_estabelecimento_w
);

/* INSERT QUERY NO: 29 */

INSERT INTO pfcs_panel_detail(NR_SEQUENCIA, NM_USUARIO, DT_ATUALIZACAO, NM_USUARIO_NREC, DT_ATUALIZACAO_NREC, IE_SITUATION, NR_SEQ_INDICATOR, NR_SEQ_OPERATIONAL_LEVEL)
VALUES (
13028, nm_usuario_p, clock_timestamp(), nm_usuario_p, clock_timestamp(), 'T', nr_seq_indicator_p, cd_estabelecimento_w
);

/* INSERT QUERY NO: 30 */

INSERT INTO pfcs_panel_detail(NR_SEQUENCIA, NM_USUARIO, DT_ATUALIZACAO, NM_USUARIO_NREC, DT_ATUALIZACAO_NREC, IE_SITUATION, NR_SEQ_INDICATOR, NR_SEQ_OPERATIONAL_LEVEL)
VALUES (
13029, nm_usuario_p, clock_timestamp(), nm_usuario_p, clock_timestamp(), 'T', nr_seq_indicator_p, cd_estabelecimento_w
);

/* INSERT QUERY NO: 31 */

INSERT INTO pfcs_panel_detail(NR_SEQUENCIA, NM_USUARIO, DT_ATUALIZACAO, NM_USUARIO_NREC, DT_ATUALIZACAO_NREC, IE_SITUATION, NR_SEQ_INDICATOR, NR_SEQ_OPERATIONAL_LEVEL)
VALUES (
13030, nm_usuario_p, clock_timestamp(), nm_usuario_p, clock_timestamp(), 'T', nr_seq_indicator_p, cd_estabelecimento_w
);

/* INSERT QUERY NO: 32 */

INSERT INTO pfcs_panel_detail(NR_SEQUENCIA, NM_USUARIO, DT_ATUALIZACAO, NM_USUARIO_NREC, DT_ATUALIZACAO_NREC, IE_SITUATION, NR_SEQ_INDICATOR, NR_SEQ_OPERATIONAL_LEVEL)
VALUES (
13031, nm_usuario_p, clock_timestamp(), nm_usuario_p, clock_timestamp(), 'T', nr_seq_indicator_p, cd_estabelecimento_w
);

/* INSERT QUERY NO: 33 */

INSERT INTO pfcs_panel_detail(NR_SEQUENCIA, NM_USUARIO, DT_ATUALIZACAO, NM_USUARIO_NREC, DT_ATUALIZACAO_NREC, IE_SITUATION, NR_SEQ_INDICATOR, NR_SEQ_OPERATIONAL_LEVEL)
VALUES (
13032, nm_usuario_p, clock_timestamp(), nm_usuario_p, clock_timestamp(), 'T', nr_seq_indicator_p, cd_estabelecimento_w
);

/* INSERT QUERY NO: 34 */

INSERT INTO pfcs_panel_detail(NR_SEQUENCIA, NM_USUARIO, DT_ATUALIZACAO, NM_USUARIO_NREC, DT_ATUALIZACAO_NREC, IE_SITUATION, NR_SEQ_INDICATOR, NR_SEQ_OPERATIONAL_LEVEL)
VALUES (
13033, nm_usuario_p, clock_timestamp(), nm_usuario_p, clock_timestamp(), 'T', nr_seq_indicator_p, cd_estabelecimento_w
);

/* INSERT QUERY NO: 35 */

INSERT INTO pfcs_panel_detail(NR_SEQUENCIA, NM_USUARIO, DT_ATUALIZACAO, NM_USUARIO_NREC, DT_ATUALIZACAO_NREC, IE_SITUATION, NR_SEQ_INDICATOR, NR_SEQ_OPERATIONAL_LEVEL)
VALUES (
13034, nm_usuario_p, clock_timestamp(), nm_usuario_p, clock_timestamp(), 'T', nr_seq_indicator_p, cd_estabelecimento_w
);

/* INSERT QUERY NO: 36 */

INSERT INTO pfcs_panel_detail(NR_SEQUENCIA, NM_USUARIO, DT_ATUALIZACAO, NM_USUARIO_NREC, DT_ATUALIZACAO_NREC, IE_SITUATION, NR_SEQ_INDICATOR, NR_SEQ_OPERATIONAL_LEVEL)
VALUES (
13035, nm_usuario_p, clock_timestamp(), nm_usuario_p, clock_timestamp(), 'T', nr_seq_indicator_p, cd_estabelecimento_w
);

/* INSERT QUERY NO: 37 */

INSERT INTO pfcs_panel_detail(NR_SEQUENCIA, NM_USUARIO, DT_ATUALIZACAO, NM_USUARIO_NREC, DT_ATUALIZACAO_NREC, IE_SITUATION, NR_SEQ_INDICATOR, NR_SEQ_OPERATIONAL_LEVEL)
VALUES (
13036, nm_usuario_p, clock_timestamp(), nm_usuario_p, clock_timestamp(), 'T', nr_seq_indicator_p, cd_estabelecimento_w
);

/* INSERT QUERY NO:38 */

INSERT INTO pfcs_panel_detail(NR_SEQUENCIA, NM_USUARIO, DT_ATUALIZACAO, NM_USUARIO_NREC, DT_ATUALIZACAO_NREC, IE_SITUATION, NR_SEQ_INDICATOR, NR_SEQ_OPERATIONAL_LEVEL)
VALUES (
13037, nm_usuario_p, clock_timestamp(), nm_usuario_p, clock_timestamp(), 'T', nr_seq_indicator_p, cd_estabelecimento_w
);

-------------------------------------------------- pfcs_detail_patient ------------------------------------------------		
/* INSERT QUERY NO: 26 */

INSERT INTO pfcs_detail_patient(NR_SEQUENCIA, NM_USUARIO, DT_ATUALIZACAO, NM_USUARIO_NREC, DT_ATUALIZACAO_NREC, NR_SEQ_DETAIL, ID_PATIENT, NM_PATIENT, DS_GENDER, DS_CLASSIFICATION, DT_BIRTHDATE)
VALUES (
nextval('pfcs_detail_patient_seq'), nm_usuario_p, clock_timestamp(), nm_usuario_p, clock_timestamp(), 13025, 625052, 'PAGE, Karen ', 'Female', 'ACO Groups', TO_DATE('05/12/1998 00:00:00', 'DD/MM/YYYY HH24:MI:SS')
);

/* INSERT QUERY NO: 27 */

INSERT INTO pfcs_detail_patient(NR_SEQUENCIA, NM_USUARIO, DT_ATUALIZACAO, NM_USUARIO_NREC, DT_ATUALIZACAO_NREC, NR_SEQ_DETAIL, ID_PATIENT, NM_PATIENT, DS_GENDER, DS_CLASSIFICATION, DT_BIRTHDATE)
VALUES (
nextval('pfcs_detail_patient_seq'), nm_usuario_p, clock_timestamp(), nm_usuario_p, clock_timestamp(), 13026, 1015766215, 'PRUZZO, Aliane', 'Female', 'ACO Groups', TO_DATE('15/06/1994 00:00:00', 'DD/MM/YYYY HH24:MI:SS')
);

/* INSERT QUERY NO: 28 */

INSERT INTO pfcs_detail_patient(NR_SEQUENCIA, NM_USUARIO, DT_ATUALIZACAO, NM_USUARIO_NREC, DT_ATUALIZACAO_NREC, NR_SEQ_DETAIL, ID_PATIENT, NM_PATIENT, DS_GENDER, DS_CLASSIFICATION, DT_BIRTHDATE)
VALUES (
nextval('pfcs_detail_patient_seq'), nm_usuario_p, clock_timestamp(), nm_usuario_p, clock_timestamp(), 13027, 1015775881, 'BOLENA, Anna', 'Female', 'ACO Groups', TO_DATE('01/02/1986 00:00:00', 'DD/MM/YYYY HH24:MI:SS')
);

/* INSERT QUERY NO: 29 */

INSERT INTO pfcs_detail_patient(NR_SEQUENCIA, NM_USUARIO, DT_ATUALIZACAO, NM_USUARIO_NREC, DT_ATUALIZACAO_NREC, NR_SEQ_DETAIL, ID_PATIENT, NM_PATIENT, DS_GENDER, DS_CLASSIFICATION, DT_BIRTHDATE)
VALUES (
nextval('pfcs_detail_patient_seq'), nm_usuario_p, clock_timestamp(), nm_usuario_p, clock_timestamp(), 13028, 1015803420, 'JÚNIOR, Aristides Cândido', 'Male', 'ACO Groups', TO_DATE('26/05/1991 00:00:00', 'DD/MM/YYYY HH24:MI:SS')
);

/* INSERT QUERY NO: 30 */

INSERT INTO pfcs_detail_patient(NR_SEQUENCIA, NM_USUARIO, DT_ATUALIZACAO, NM_USUARIO_NREC, DT_ATUALIZACAO_NREC, NR_SEQ_DETAIL, ID_PATIENT, NM_PATIENT, DS_GENDER, DS_CLASSIFICATION, DT_BIRTHDATE)
VALUES (
nextval('pfcs_detail_patient_seq'), nm_usuario_p, clock_timestamp(), nm_usuario_p, clock_timestamp(), 13029, 1015839316, 'ANTUNES, Anderson', 'Male', 'ACO Groups', TO_DATE('06/02/1937 00:00:00', 'DD/MM/YYYY HH24:MI:SS')
);

/* INSERT QUERY NO: 31 */

INSERT INTO pfcs_detail_patient(NR_SEQUENCIA, NM_USUARIO, DT_ATUALIZACAO, NM_USUARIO_NREC, DT_ATUALIZACAO_NREC, NR_SEQ_DETAIL, ID_PATIENT, NM_PATIENT, DS_GENDER, DS_CLASSIFICATION, DT_BIRTHDATE)
VALUES (
nextval('pfcs_detail_patient_seq'), nm_usuario_p, clock_timestamp(), nm_usuario_p, clock_timestamp(), 13030, 1020108931, 'KLINGER, Anja', 'Female', 'ACO Groups', TO_DATE('07/10/1998 00:00:00', 'DD/MM/YYYY HH24:MI:SS')
);

/* INSERT QUERY NO: 32 */

INSERT INTO pfcs_detail_patient(NR_SEQUENCIA, NM_USUARIO, DT_ATUALIZACAO, NM_USUARIO_NREC, DT_ATUALIZACAO_NREC, NR_SEQ_DETAIL, ID_PATIENT, NM_PATIENT, DS_GENDER, DS_CLASSIFICATION, DT_BIRTHDATE)
VALUES (
nextval('pfcs_detail_patient_seq'), nm_usuario_p, clock_timestamp(), nm_usuario_p, clock_timestamp(), 13031, 3392914, 'DEICHMANN, Jussara', 'Female', 'ACO Groups', TO_DATE('23/11/1947 00:00:00', 'DD/MM/YYYY HH24:MI:SS')
);

/* INSERT QUERY NO: 33 */

INSERT INTO pfcs_detail_patient(NR_SEQUENCIA, NM_USUARIO, DT_ATUALIZACAO, NM_USUARIO_NREC, DT_ATUALIZACAO_NREC, NR_SEQ_DETAIL, ID_PATIENT, NM_PATIENT, DS_GENDER, DS_CLASSIFICATION, DT_BIRTHDATE)
VALUES (
nextval('pfcs_detail_patient_seq'), nm_usuario_p, clock_timestamp(), nm_usuario_p, clock_timestamp(), 13032, 3352682, 'TORRES, Carlos', 'Male', 'VIP', TO_DATE('04/01/1965 00:00:00', 'DD/MM/YYYY HH24:MI:SS')
);

/* INSERT QUERY NO: 34 */

INSERT INTO pfcs_detail_patient(NR_SEQUENCIA, NM_USUARIO, DT_ATUALIZACAO, NM_USUARIO_NREC, DT_ATUALIZACAO_NREC, NR_SEQ_DETAIL, ID_PATIENT, NM_PATIENT, DS_GENDER, DS_CLASSIFICATION, DT_BIRTHDATE)
VALUES (
nextval('pfcs_detail_patient_seq'), nm_usuario_p, clock_timestamp(), nm_usuario_p, clock_timestamp(), 13033, 3379297, 'LATERZA, Henry', 'Female', 'VIP', TO_DATE('23/10/1956 00:00:00', 'DD/MM/YYYY HH24:MI:SS')
);

/* INSERT QUERY NO: 35 */

INSERT INTO pfcs_detail_patient(NR_SEQUENCIA, NM_USUARIO, DT_ATUALIZACAO, NM_USUARIO_NREC, DT_ATUALIZACAO_NREC, NR_SEQ_DETAIL, ID_PATIENT, NM_PATIENT, DS_GENDER, DS_CLASSIFICATION, DT_BIRTHDATE)
VALUES (
nextval('pfcs_detail_patient_seq'), nm_usuario_p, clock_timestamp(), nm_usuario_p, clock_timestamp(), 13034, 3419214, 'PREREIRA, Guilherme', 'Male', 'VIP', TO_DATE('14/03/1984 00:00:00', 'DD/MM/YYYY HH24:MI:SS')
);

/* INSERT QUERY NO: 36*/

INSERT INTO pfcs_detail_patient(NR_SEQUENCIA, NM_USUARIO, DT_ATUALIZACAO, NM_USUARIO_NREC, DT_ATUALIZACAO_NREC, NR_SEQ_DETAIL, ID_PATIENT, NM_PATIENT, DS_GENDER, DS_CLASSIFICATION, DT_BIRTHDATE)
VALUES (
nextval('pfcs_detail_patient_seq'), nm_usuario_p, clock_timestamp(), nm_usuario_p, clock_timestamp(), 13035, 4770375, 'PHILIPS, Rosa', 'Female', 'ACO Groups', TO_DATE('22/07/2003 00:00:00', 'DD/MM/YYYY HH24:MI:SS')
);

/* INSERT QUERY NO: 37 */

INSERT INTO pfcs_detail_patient(NR_SEQUENCIA, NM_USUARIO, DT_ATUALIZACAO, NM_USUARIO_NREC, DT_ATUALIZACAO_NREC, NR_SEQ_DETAIL, ID_PATIENT, NM_PATIENT, DS_GENDER, DS_CLASSIFICATION, DT_BIRTHDATE)
VALUES (
nextval('pfcs_detail_patient_seq'), nm_usuario_p, clock_timestamp(), nm_usuario_p, clock_timestamp(), 13036, 4836353, 'ESPINDOLA, Laura', 'Female', 'ACO Groups', TO_DATE('03/03/1986 00:00:00', 'DD/MM/YYYY HH24:MI:SS')
);

/* INSERT QUERY NO: 38 */

INSERT INTO pfcs_detail_patient(NR_SEQUENCIA, NM_USUARIO, DT_ATUALIZACAO, NM_USUARIO_NREC, DT_ATUALIZACAO_NREC, NR_SEQ_DETAIL, ID_PATIENT, NM_PATIENT, DS_GENDER, DS_CLASSIFICATION, DT_BIRTHDATE)
VALUES (
nextval('pfcs_detail_patient_seq'), nm_usuario_p, clock_timestamp(), nm_usuario_p, clock_timestamp(), 13037, 4976756, 'SEGUNDO, Fabio Vitorino', 'Male', 'ACO Groups', TO_DATE('11/01/2010 00:00:00', 'DD/MM/YYYY HH24:MI:SS')
);

-------------------------------------------------- pfcs_detail_bed_request --------------------------------------------		
/* INSERT QUERY NO: 26 */

INSERT INTO pfcs_detail_bed_request(NR_SEQUENCIA, NM_USUARIO, DT_ATUALIZACAO, NM_USUARIO_NREC, DT_ATUALIZACAO_NREC, NR_SEQ_DETAIL, DT_TIME_REQUEST, DS_STATUS, DS_TYPE, CD_STATUS, CD_TYPE)
VALUES (
nextval('pfcs_detail_bed_request_seq'), nm_usuario_p, clock_timestamp(), nm_usuario_p, clock_timestamp(), 13025, clock_timestamp(), 'Waiting', 'Clinic', 'A', 'C'
);

/* INSERT QUERY NO: 27 */

INSERT INTO pfcs_detail_bed_request(NR_SEQUENCIA, NM_USUARIO, DT_ATUALIZACAO, NM_USUARIO_NREC, DT_ATUALIZACAO_NREC, NR_SEQ_DETAIL, DT_TIME_REQUEST, DS_STATUS, DS_TYPE, CD_STATUS, CD_TYPE)
VALUES (
nextval('pfcs_detail_bed_request_seq'), nm_usuario_p, clock_timestamp(), nm_usuario_p, clock_timestamp(), 13026, clock_timestamp(), 'Waiting', 'Clinic', 'A', 'C'
);

/* INSERT QUERY NO: 28 */

INSERT INTO pfcs_detail_bed_request(NR_SEQUENCIA, NM_USUARIO, DT_ATUALIZACAO, NM_USUARIO_NREC, DT_ATUALIZACAO_NREC, NR_SEQ_DETAIL, DT_TIME_REQUEST, DS_STATUS, DS_TYPE, CD_STATUS, CD_TYPE)
VALUES (
nextval('pfcs_detail_bed_request_seq'), nm_usuario_p, clock_timestamp(), nm_usuario_p, clock_timestamp(), 13027, clock_timestamp(), 'Waiting', 'Surgical', 'A', 'CG'
);

/* INSERT QUERY NO: 29 */

INSERT INTO pfcs_detail_bed_request(NR_SEQUENCIA, NM_USUARIO, DT_ATUALIZACAO, NM_USUARIO_NREC, DT_ATUALIZACAO_NREC, NR_SEQ_DETAIL, DT_TIME_REQUEST, DS_STATUS, DS_TYPE, CD_STATUS, CD_TYPE)
VALUES (
nextval('pfcs_detail_bed_request_seq'), nm_usuario_p, clock_timestamp(), nm_usuario_p, clock_timestamp(), 13028, clock_timestamp(), 'Under Analysis', 'Clinic', 'L', 'C'
);

/* INSERT QUERY NO: 30 */

INSERT INTO pfcs_detail_bed_request(NR_SEQUENCIA, NM_USUARIO, DT_ATUALIZACAO, NM_USUARIO_NREC, DT_ATUALIZACAO_NREC, NR_SEQ_DETAIL, DT_TIME_REQUEST, DS_STATUS, DS_TYPE, CD_STATUS, CD_TYPE)
VALUES (
nextval('pfcs_detail_bed_request_seq'), nm_usuario_p, clock_timestamp(), nm_usuario_p, clock_timestamp(), 13029, clock_timestamp(), 'Awaiting Analysis', 'Clinic', 'I', 'C'
);

/* INSERT QUERY NO: 31 */

INSERT INTO pfcs_detail_bed_request(NR_SEQUENCIA, NM_USUARIO, DT_ATUALIZACAO, NM_USUARIO_NREC, DT_ATUALIZACAO_NREC, NR_SEQ_DETAIL, DT_TIME_REQUEST, DS_STATUS, DS_TYPE, CD_STATUS, CD_TYPE)
VALUES (
nextval('pfcs_detail_bed_request_seq'), nm_usuario_p, clock_timestamp(), nm_usuario_p, clock_timestamp(), 13030, clock_timestamp(), 'Waiting', 'Clinic', 'A', 'C'
);

/* INSERT QUERY NO: 32 */

INSERT INTO pfcs_detail_bed_request(NR_SEQUENCIA, NM_USUARIO, DT_ATUALIZACAO, NM_USUARIO_NREC, DT_ATUALIZACAO_NREC, NR_SEQ_DETAIL, DT_TIME_REQUEST, DS_STATUS, DS_TYPE, CD_STATUS, CD_TYPE)
VALUES
(
nextval('pfcs_detail_bed_request_seq'), nm_usuario_p, clock_timestamp(), nm_usuario_p, clock_timestamp(), 13031, (clock_timestamp() - (162/24/60)), 'Waiting', 'Clinic', 'A', 'C'
);

/* INSERT QUERY NO: 33 */

INSERT INTO pfcs_detail_bed_request(NR_SEQUENCIA, NM_USUARIO, DT_ATUALIZACAO, NM_USUARIO_NREC, DT_ATUALIZACAO_NREC, NR_SEQ_DETAIL, DT_TIME_REQUEST, DS_STATUS, DS_TYPE, CD_STATUS, CD_TYPE)
VALUES
(
nextval('pfcs_detail_bed_request_seq'), nm_usuario_p, clock_timestamp(), nm_usuario_p, clock_timestamp(), 13032, (clock_timestamp() - (192/24/60)), 'Waiting', 'Obstetrics', 'A', 'O'
);

/* INSERT QUERY NO: 34 */

INSERT INTO pfcs_detail_bed_request(NR_SEQUENCIA, NM_USUARIO, DT_ATUALIZACAO, NM_USUARIO_NREC, DT_ATUALIZACAO_NREC, NR_SEQ_DETAIL, DT_TIME_REQUEST, DS_STATUS, DS_TYPE, CD_STATUS, CD_TYPE)
VALUES
(
nextval('pfcs_detail_bed_request_seq'), nm_usuario_p, clock_timestamp(), nm_usuario_p, clock_timestamp(), 13033, (clock_timestamp() - (300/24/60)), 'Waiting', 'Obstetrics', 'A', 'O'
);

/* INSERT QUERY NO: 35 */

INSERT INTO pfcs_detail_bed_request(NR_SEQUENCIA, NM_USUARIO, DT_ATUALIZACAO, NM_USUARIO_NREC, DT_ATUALIZACAO_NREC, NR_SEQ_DETAIL, DT_TIME_REQUEST, DS_STATUS, DS_TYPE, CD_STATUS, CD_TYPE)
VALUES
(
nextval('pfcs_detail_bed_request_seq'), nm_usuario_p, clock_timestamp(), nm_usuario_p, clock_timestamp(), 13034, (clock_timestamp() - (264/24/60)), 'Waiting', 'Obstetrics', 'A', 'O'
);

/* INSERT QUERY NO: 36 */

INSERT INTO pfcs_detail_bed_request(NR_SEQUENCIA, NM_USUARIO, DT_ATUALIZACAO, NM_USUARIO_NREC, DT_ATUALIZACAO_NREC, NR_SEQ_DETAIL, DT_TIME_REQUEST, DS_STATUS, DS_TYPE, CD_STATUS, CD_TYPE)
VALUES
(
nextval('pfcs_detail_bed_request_seq'), nm_usuario_p, clock_timestamp(), nm_usuario_p, clock_timestamp(), 13035, (clock_timestamp() - (120/24/60)), 'Waiting', 'Clinic', 'A', 'C'
);

/* INSERT QUERY NO: 37 */

INSERT INTO pfcs_detail_bed_request(NR_SEQUENCIA, NM_USUARIO, DT_ATUALIZACAO, NM_USUARIO_NREC, DT_ATUALIZACAO_NREC, NR_SEQ_DETAIL, DT_TIME_REQUEST, DS_STATUS, DS_TYPE, CD_STATUS, CD_TYPE)
VALUES
(
nextval('pfcs_detail_bed_request_seq'), nm_usuario_p, clock_timestamp(), nm_usuario_p, clock_timestamp(), 13036, (clock_timestamp() - (329/24/60)), 'Waiting', 'Surgical', 'A', 'CG'
);

/* INSERT QUERY NO: 38 */

INSERT INTO pfcs_detail_bed_request(NR_SEQUENCIA, NM_USUARIO, DT_ATUALIZACAO, NM_USUARIO_NREC, DT_ATUALIZACAO_NREC, NR_SEQ_DETAIL, DT_TIME_REQUEST, DS_STATUS, DS_TYPE, CD_STATUS, CD_TYPE)
VALUES
(
nextval('pfcs_detail_bed_request_seq'), nm_usuario_p, clock_timestamp(), nm_usuario_p, clock_timestamp(), 13037, (clock_timestamp() - (401/24/60)), 'Waiting', 'Surgical', 'A', 'CG'
);

 := pfcs_pck.pfcs_generate_results(
		vl_indicator_p => 13, nr_seq_indicator_p => nr_seq_indicator_p, nr_seq_operational_level_p => cd_estabelecimento_w, nm_usuario_p => nm_usuario_p, nr_seq_panel_p => pfcs_panel_seq_w);

CALL pfcs_pck.pfcs_update_detail(
		nr_seq_indicator_p => nr_seq_indicator_p,
		nr_seq_panel_p => pfcs_panel_seq_w,
		nr_seq_operational_level_p => cd_estabelecimento_w,
		nm_usuario_p => nm_usuario_p);

CALL pfcs_pck.pfcs_activate_records(
            nr_seq_indicator_p => nr_seq_indicator_p,
            nr_seq_operational_level_p => cd_estabelecimento_w,
            nm_usuario_p => nm_usuario_p);

commit;

end;
$body$
LANGUAGE PLPGSQL
SECURITY DEFINER
;
-- REVOKE ALL ON PROCEDURE pfcs_generate_1_gl (nr_seq_indicator_p bigint) FROM PUBLIC;

